bank_txn_id,txn_date,narration,type,amount,running_balance,beneficiary_name,branch_code
UTR786579303,2026-04-02 14:15:01,CMS/RAZORPAY/pay_3d148704e96342/ORD-2026-1001,CREDIT,10986.92,5010986.92,CORP FIN OPS,HDFC0001234
UTR210053353,2026-04-02 14:30:37,CMS/RAZORPAY/pay_0f64872efcb24f/ORD-2026-1002,CREDIT,6461.69,5017448.61,CORP FIN OPS,HDFC0001234
UTR642621108,2026-04-02 14:45:35,CMS/RAZORPAY/pay_f2a3bd39119d44/ORD-2026-1003,CREDIT,3303.31,5020751.92,CORP FIN OPS,HDFC0001234
UTR732719211,2026-04-02 15:00:48,CMS/RAZORPAY/pay_f3dc480192904d/ORD-2026-1004,CREDIT,11896.83,5032648.75,CORP FIN OPS,HDFC0001234
UTR331191390,2026-04-02 15:15:05,CMS/RAZORPAY/pay_51983d41e8d44f/ORD-2026-1005,CREDIT,5867.14,5038515.89,CORP FIN OPS,HDFC0001234
UTR966647391,2026-04-02 15:30:46,CMS/RAZORPAY/pay_84836637ece545/ORD-2026-1006,CREDIT,6992.65,5045508.54,CORP FIN OPS,HDFC0001234
UTR414797776,2026-04-02 15:45:12,CMS/RAZORPAY/pay_579cc43b1c8f46/ORD-2026-1007,CREDIT,10463.38,5055971.92,CORP FIN OPS,HDFC0001234
UTR410727955,2026-04-02 16:00:54,CMS/RAZORPAY/pay_cd4ef02838b548/ORD-2026-1008,CREDIT,3784.01,5059755.93,CORP FIN OPS,HDFC0001234
UTR782560971,2026-04-02 16:15:23,CMS/RAZORPAY/pay_86189b5a9b7a40/ORD-2026-1009,CREDIT,5518.05,5065273.98,CORP FIN OPS,HDFC0001234
UTR754049436,2026-04-02 16:30:46,CMS/RAZORPAY/pay_a25ba5328c974e/ORD-2026-1010,CREDIT,3954.18,5069228.16,CORP FIN OPS,HDFC0001234
UTR787194506,2026-04-02 16:45:20,CMS/RAZORPAY/pay_45bced9a35ca49/ORD-2026-1011,CREDIT,12421.12,5081649.28,CORP FIN OPS,HDFC0001234
UTR530747414,2026-04-02 17:00:13,CMS/RAZORPAY/pay_70d4f1b4c31f49/ORD-2026-1012,CREDIT,13416.19,5095065.47,CORP FIN OPS,HDFC0001234
UTR524806516,2026-04-02 17:15:09,CMS/RAZORPAY/pay_4a8dc6bac7464a/ORD-2026-1013,CREDIT,4238.31,5099303.78,CORP FIN OPS,HDFC0001234
UTR382116655,2026-04-02 17:30:57,CMS/RAZORPAY/pay_9ebbd711435440/ORD-2026-1014,CREDIT,8749.75,5108053.53,CORP FIN OPS,HDFC0001234
UTR629908599,2026-04-02 17:45:48,CMS/RAZORPAY/pay_fb408433f06e41/ORD-2026-1015,CREDIT,1155.27,5109208.8,CORP FIN OPS,HDFC0001234
UTR950488739,2026-04-02 18:00:38,CMS/RAZORPAY/pay_38f54e8430f148/ORD-2026-1016,CREDIT,1387.61,5110596.41,CORP FIN OPS,HDFC0001234
UTR694021782,2026-04-02 18:15:43,CMS/RAZORPAY/pay_aa025d889f6045/ORD-2026-1017,CREDIT,10692.04,5121288.45,CORP FIN OPS,HDFC0001234
UTR465260635,2026-04-02 18:30:18,CMS/RAZORPAY/pay_cc237bf8eba94a/ORD-2026-1018,CREDIT,6643.53,5127931.98,CORP FIN OPS,HDFC0001234
UTR382811832,2026-04-02 18:45:58,CMS/RAZORPAY/pay_e47af17674fd42/ORD-2026-1019,CREDIT,1994.75,5129926.73,CORP FIN OPS,HDFC0001234
UTR313579170,2026-04-02 19:00:48,CMS/RAZORPAY/pay_6661ea65b24744/ORD-2026-1020,CREDIT,2775.38,5132702.11,CORP FIN OPS,HDFC0001234
UTR624636385,2026-04-02 19:15:07,CMS/RAZORPAY/pay_e1d5903716de4e/ORD-2026-1021,CREDIT,13642.19,5146344.3,CORP FIN OPS,HDFC0001234
UTR709194872,2026-04-02 19:30:05,CMS/RAZORPAY/pay_f805f43e2c4941/ORD-2026-1022,CREDIT,10850.41,5157194.71,CORP FIN OPS,HDFC0001234
UTR237859287,2026-04-02 19:45:35,CMS/RAZORPAY/pay_24506e9baaff4c/ORD-2026-1023,CREDIT,2826.03,5160020.74,CORP FIN OPS,HDFC0001234
UTR327416584,2026-04-02 20:00:19,CMS/RAZORPAY/pay_384c3006e63a48/ORD-2026-1024,CREDIT,6137.05,5166157.79,CORP FIN OPS,HDFC0001234
UTR366186631,2026-04-02 20:15:21,CMS/RAZORPAY/pay_596cee633f3946/ORD-2026-1025,CREDIT,786.0,5166943.79,CORP FIN OPS,HDFC0001234
UTR176228245,2026-04-02 20:30:14,CMS/RAZORPAY/pay_796f3637ebc343/ORD-2026-1026,CREDIT,1442.43,5168386.22,CORP FIN OPS,HDFC0001234
UTR355555531,2026-04-02 20:45:31,CMS/RAZORPAY/pay_c6187fd5d61c42/ORD-2026-1027,CREDIT,3521.32,5171907.54,CORP FIN OPS,HDFC0001234
UTR607526654,2026-04-02 21:00:51,CMS/RAZORPAY/pay_af5995a8f18549/ORD-2026-1028,CREDIT,6251.27,5178158.81,CORP FIN OPS,HDFC0001234
UTR480424119,2026-04-02 21:15:26,CMS/RAZORPAY/pay_1726314591d049/ORD-2026-1029,CREDIT,7100.24,5185259.05,CORP FIN OPS,HDFC0001234
UTR793830224,2026-04-02 21:30:03,CMS/RAZORPAY/pay_a46d6bb8d0614d/ORD-2026-1030,CREDIT,6188.43,5191447.48,CORP FIN OPS,HDFC0001234
UTR304235259,2026-04-02 21:45:08,CMS/RAZORPAY/pay_10c1c590987447/ORD-2026-1031,CREDIT,6461.11,5197908.59,CORP FIN OPS,HDFC0001234
UTR180943908,2026-04-02 22:00:51,CMS/RAZORPAY/pay_655248f3810248/ORD-2026-1032,CREDIT,12683.01,5210591.6,CORP FIN OPS,HDFC0001234
UTR680451872,2026-04-02 22:15:05,CMS/RAZORPAY/pay_e77af7d5f7de4d/ORD-2026-1033,CREDIT,13603.51,5224195.11,CORP FIN OPS,HDFC0001234
UTR616854671,2026-04-02 22:30:57,CMS/RAZORPAY/pay_46c94a1177b844/ORD-2026-1034,CREDIT,1318.35,5225513.46,CORP FIN OPS,HDFC0001234
UTR941889393,2026-04-02 22:45:18,CMS/RAZORPAY/pay_a86b996c75594c/ORD-2026-1035,CREDIT,6477.06,5231990.52,CORP FIN OPS,HDFC0001234
UTR333754555,2026-04-02 23:00:37,CMS/RAZORPAY/pay_8f27d05f53a347/ORD-2026-1036,CREDIT,10904.63,5242895.15,CORP FIN OPS,HDFC0001234
UTR153839920,2026-04-02 23:15:32,CMS/RAZORPAY/pay_e240eaf3a7e74f/ORD-2026-1037,CREDIT,13504.7,5256399.85,CORP FIN OPS,HDFC0001234
UTR645276696,2026-04-02 23:30:54,CMS/RAZORPAY/pay_00bc9ccb34af4d/ORD-2026-1038,CREDIT,3119.07,5259518.92,CORP FIN OPS,HDFC0001234
UTR711684318,2026-04-02 23:45:38,CMS/RAZORPAY/pay_ee1d0d5878944a/ORD-2026-1039,CREDIT,1050.84,5260569.76,CORP FIN OPS,HDFC0001234
UTR706907788,2026-04-03 00:00:13,CMS/RAZORPAY/pay_1ca7c53371144c/ORD-2026-1040,CREDIT,9970.05,5270539.81,CORP FIN OPS,HDFC0001234
UTR240529481,2026-04-03 00:15:20,CMS/RAZORPAY/pay_799f864efd434a/ORD-2026-1041,CREDIT,13641.05,5284180.86,CORP FIN OPS,HDFC0001234
UTR704509817,2026-04-03 00:30:04,CMS/RAZORPAY/pay_16a41f74856248/ORD-2026-1042,CREDIT,8099.93,5292280.79,CORP FIN OPS,HDFC0001234
UTR474745382,2026-04-03 00:45:56,CMS/RAZORPAY/pay_bff1b9e2f6e04b/ORD-2026-1043,CREDIT,3946.73,5296227.52,CORP FIN OPS,HDFC0001234
UTR683275843,2026-04-03 01:00:51,CMS/RAZORPAY/pay_1da2886a3f044a/ORD-2026-1044,CREDIT,9747.07,5305974.59,CORP FIN OPS,HDFC0001234
UTR812308209,2026-04-03 01:15:56,CMS/RAZORPAY/pay_aa9c0d3337474c/ORD-2026-1045,CREDIT,2389.47,5308364.06,CORP FIN OPS,HDFC0001234
UTR266910922,2026-04-03 01:30:38,CMS/RAZORPAY/pay_51b932a03a934d/ORD-2026-1046,CREDIT,3470.26,5311834.32,CORP FIN OPS,HDFC0001234
UTR383450553,2026-04-03 01:45:16,CMS/RAZORPAY/pay_a2fe2b7d832a48/ORD-2026-1047,CREDIT,13305.77,5325140.09,CORP FIN OPS,HDFC0001234
UTR990505735,2026-04-03 02:00:00,CMS/RAZORPAY/pay_380c9549719c4f/ORD-2026-1048,CREDIT,5210.63,5330350.72,CORP FIN OPS,HDFC0001234
UTR574417266,2026-04-03 02:15:35,CMS/RAZORPAY/pay_0f5cb5e6dc7b4e/ORD-2026-1049,CREDIT,625.11,5330975.83,CORP FIN OPS,HDFC0001234
UTR996139578,2026-04-03 02:30:35,CMS/RAZORPAY/pay_60d5e7d319f040/ORD-2026-1050,CREDIT,2584.88,5333560.71,CORP FIN OPS,HDFC0001234
UTR954829815,2026-04-03 02:45:57,CMS/RAZORPAY/pay_5ae9fcea58de4a/ORD-2026-1051,CREDIT,5553.99,5339114.7,CORP FIN OPS,HDFC0001234
UTR937643439,2026-04-03 03:00:39,CMS/RAZORPAY/pay_8e07600065ec48/ORD-2026-1052,CREDIT,11099.16,5350213.86,CORP FIN OPS,HDFC0001234
UTR542697755,2026-04-03 03:15:11,CMS/RAZORPAY/pay_2d6a05b0bc3d46/ORD-2026-1053,CREDIT,10916.33,5361130.19,CORP FIN OPS,HDFC0001234
UTR970535450,2026-04-03 03:30:10,CMS/RAZORPAY/pay_b69bcad106ed49/ORD-2026-1054,CREDIT,11635.69,5372765.88,CORP FIN OPS,HDFC0001234
UTR338836384,2026-04-03 03:45:22,CMS/RAZORPAY/pay_65ad5327816944/ORD-2026-1055,CREDIT,4809.03,5377574.91,CORP FIN OPS,HDFC0001234
UTR307371533,2026-04-03 04:00:21,CMS/RAZORPAY/pay_d72a0546bcfd48/ORD-2026-1056,CREDIT,4432.61,5382007.52,CORP FIN OPS,HDFC0001234
UTR646970178,2026-04-03 04:15:43,CMS/RAZORPAY/pay_e044ad890b2b47/ORD-2026-1057,CREDIT,14379.12,5396386.64,CORP FIN OPS,HDFC0001234
UTR380477683,2026-04-03 04:30:16,CMS/RAZORPAY/pay_6b6deab9cf7441/ORD-2026-1058,CREDIT,1029.84,5397416.48,CORP FIN OPS,HDFC0001234
UTR436808455,2026-04-03 04:45:38,CMS/RAZORPAY/pay_57f01366c9b44b/ORD-2026-1059,CREDIT,14422.81,5411839.29,CORP FIN OPS,HDFC0001234
UTR147659674,2026-04-03 05:00:00,CMS/RAZORPAY/pay_6ee37ee704f94d/ORD-2026-1060,CREDIT,7849.13,5419688.42,CORP FIN OPS,HDFC0001234
UTR896662826,2026-04-03 05:15:27,CMS/RAZORPAY/pay_71b00214d85d4f/ORD-2026-1061,CREDIT,1478.88,5421167.3,CORP FIN OPS,HDFC0001234
UTR233815413,2026-04-03 05:30:19,CMS/RAZORPAY/pay_7f2ec868c38145/ORD-2026-1062,CREDIT,9929.94,5431097.24,CORP FIN OPS,HDFC0001234
UTR695295870,2026-04-03 05:45:26,CMS/RAZORPAY/pay_14722902c8d843/ORD-2026-1063,CREDIT,9902.14,5440999.38,CORP FIN OPS,HDFC0001234
UTR286860433,2026-04-03 06:00:35,CMS/RAZORPAY/pay_42fc4ef5ec3144/ORD-2026-1064,CREDIT,12291.91,5453291.29,CORP FIN OPS,HDFC0001234
UTR943702118,2026-04-03 06:15:28,CMS/RAZORPAY/pay_3339ff77acf445/ORD-2026-1065,CREDIT,6748.21,5460039.5,CORP FIN OPS,HDFC0001234
UTR954725078,2026-04-03 06:30:05,CMS/RAZORPAY/pay_42b73334053c4b/ORD-2026-1066,CREDIT,4505.99,5464545.49,CORP FIN OPS,HDFC0001234
UTR822408848,2026-04-03 06:45:51,CMS/RAZORPAY/pay_08dddfad6d4c45/ORD-2026-1067,CREDIT,3307.43,5467852.92,CORP FIN OPS,HDFC0001234
UTR610173760,2026-04-03 07:00:29,CMS/RAZORPAY/pay_551cce1b254a44/ORD-2026-1068,CREDIT,6355.77,5474208.69,CORP FIN OPS,HDFC0001234
UTR630833445,2026-04-03 07:15:15,CMS/RAZORPAY/pay_b03335279c0b45/ORD-2026-1069,CREDIT,2577.48,5476786.17,CORP FIN OPS,HDFC0001234
UTR334978881,2026-04-03 07:30:33,CMS/RAZORPAY/pay_ff32b036d23446/ORD-2026-1070,CREDIT,7065.2,5483851.37,CORP FIN OPS,HDFC0001234
UTR960514523,2026-04-03 07:45:42,CMS/RAZORPAY/pay_65156bb05ad14f/ORD-2026-1071,CREDIT,8007.85,5491859.22,CORP FIN OPS,HDFC0001234
UTR872314530,2026-04-03 08:00:53,CMS/RAZORPAY/pay_763efc9dbd9b4c/ORD-2026-1072,CREDIT,13327.26,5505186.48,CORP FIN OPS,HDFC0001234
UTR609677794,2026-04-03 08:15:16,CMS/RAZORPAY/pay_6a813abcac8b41/ORD-2026-1073,CREDIT,11131.7,5516318.18,CORP FIN OPS,HDFC0001234
UTR356888294,2026-04-03 08:30:04,CMS/RAZORPAY/pay_6cd7542297cd4b/ORD-2026-1074,CREDIT,10590.42,5526908.6,CORP FIN OPS,HDFC0001234
UTR679984033,2026-04-03 08:45:08,CMS/RAZORPAY/pay_9e869f3dafc241/ORD-2026-1075,CREDIT,2623.63,5529532.23,CORP FIN OPS,HDFC0001234
UTR329730155,2026-04-03 09:00:26,CMS/RAZORPAY/pay_55dca6bbd6114c/ORD-2026-1076,CREDIT,6258.91,5535791.14,CORP FIN OPS,HDFC0001234
UTR322086735,2026-04-03 09:15:24,CMS/RAZORPAY/pay_8e6b7e32b4384f/ORD-2026-1077,CREDIT,13298.73,5549089.87,CORP FIN OPS,HDFC0001234
UTR106330865,2026-04-03 09:30:48,CMS/RAZORPAY/pay_775353cbc3d545/ORD-2026-1078,CREDIT,6009.55,5555099.42,CORP FIN OPS,HDFC0001234
UTR686405096,2026-04-03 09:45:14,CMS/RAZORPAY/pay_720c3c8e441e48/ORD-2026-1079,CREDIT,4352.36,5559451.78,CORP FIN OPS,HDFC0001234
UTR818197581,2026-04-03 10:00:46,CMS/RAZORPAY/pay_456f5f2cbd5d40/ORD-2026-1080,CREDIT,2824.88,5562276.66,CORP FIN OPS,HDFC0001234
UTR523076025,2026-04-03 10:15:05,CMS/RAZORPAY/pay_c25aa91d79d443/ORD-2026-1081,CREDIT,9588.12,5571864.78,CORP FIN OPS,HDFC0001234
UTR379340713,2026-04-03 10:30:20,CMS/RAZORPAY/pay_e8b7f9084a5b45/ORD-2026-1082,CREDIT,3484.84,5575349.62,CORP FIN OPS,HDFC0001234
UTR507083673,2026-04-03 10:45:16,CMS/RAZORPAY/pay_9737a05cc4d544/ORD-2026-1083,CREDIT,12308.71,5587658.33,CORP FIN OPS,HDFC0001234
UTR155926488,2026-04-03 11:00:41,CMS/RAZORPAY/pay_bb4ba729e1ca4f/ORD-2026-1084,CREDIT,1459.69,5589118.02,CORP FIN OPS,HDFC0001234
UTR121882877,2026-04-03 11:15:08,CMS/RAZORPAY/pay_ccc2a4a255154e/ORD-2026-1085,CREDIT,7192.79,5596310.81,CORP FIN OPS,HDFC0001234
UTR375139575,2026-04-03 11:30:38,CMS/RAZORPAY/pay_14900d7061a140/ORD-2026-1086,CREDIT,9085.49,5605396.3,CORP FIN OPS,HDFC0001234
UTR127571992,2026-04-03 11:45:43,CMS/RAZORPAY/pay_f0b05ef2be0847/ORD-2026-1087,CREDIT,13343.85,5618740.15,CORP FIN OPS,HDFC0001234
UTR735760237,2026-04-03 12:00:44,CMS/RAZORPAY/pay_96dcb57fd5c941/ORD-2026-1088,CREDIT,11424.83,5630164.98,CORP FIN OPS,HDFC0001234
UTR472807202,2026-04-03 12:15:42,CMS/RAZORPAY/pay_a438772dd19d4b/ORD-2026-1089,CREDIT,5734.67,5635899.65,CORP FIN OPS,HDFC0001234
UTR551034639,2026-04-03 12:30:06,CMS/RAZORPAY/pay_47a77a759e2f45/ORD-2026-1090,CREDIT,6625.94,5642525.59,CORP FIN OPS,HDFC0001234
UTR264272995,2026-04-03 12:45:11,CMS/RAZORPAY/pay_d4d7470f48064c/ORD-2026-1091,CREDIT,10877.13,5653402.72,CORP FIN OPS,HDFC0001234
UTR619151495,2026-04-03 13:00:27,CMS/RAZORPAY/pay_1ec16c19ecd547/ORD-2026-1092,CREDIT,12178.79,5665581.51,CORP FIN OPS,HDFC0001234
UTR193053577,2026-04-03 13:15:15,CMS/RAZORPAY/pay_e3147077ce1b4c/ORD-2026-1093,CREDIT,11113.29,5676694.8,CORP FIN OPS,HDFC0001234
UTR448981305,2026-04-03 13:30:13,CMS/RAZORPAY/pay_7f9d541cb33647/ORD-2026-1094,CREDIT,5511.74,5682206.54,CORP FIN OPS,HDFC0001234
UTR740116562,2026-04-03 13:45:00,CMS/RAZORPAY/pay_0b520b87744047/ORD-2026-1095,CREDIT,7802.51,5690009.05,CORP FIN OPS,HDFC0001234
UTR536398872,2026-04-03 14:00:35,CMS/RAZORPAY/pay_19dc2c2432c84a/ORD-2026-1096,CREDIT,11222.14,5701231.19,CORP FIN OPS,HDFC0001234
UTR581223755,2026-04-03 14:15:05,CMS/RAZORPAY/pay_45bb93f6d55b4a/ORD-2026-1097,CREDIT,4653.93,5705885.12,CORP FIN OPS,HDFC0001234
UTR812921644,2026-04-03 14:30:35,CMS/RAZORPAY/pay_5d9e47a9ad5e4b/ORD-2026-1098,CREDIT,8004.89,5713890.01,CORP FIN OPS,HDFC0001234
UTR477753674,2026-04-03 14:45:17,CMS/RAZORPAY/pay_8c5bd23fa59e4e/ORD-2026-1099,CREDIT,4829.3,5718719.31,CORP FIN OPS,HDFC0001234
UTR438817025,2026-04-03 15:00:47,CMS/RAZORPAY/pay_702367e698ed46/ORD-2026-1100,CREDIT,8074.86,5726794.17,CORP FIN OPS,HDFC0001234
UTR619904272,2026-04-03 15:15:37,CMS/RAZORPAY/pay_06c3400136ce41/ORD-2026-1101,CREDIT,14314.8,5741108.97,CORP FIN OPS,HDFC0001234
UTR207939087,2026-04-03 15:30:14,CMS/RAZORPAY/pay_538a2d33498740/ORD-2026-1102,CREDIT,5597.48,5746706.45,CORP FIN OPS,HDFC0001234
UTR235917419,2026-04-03 15:45:03,CMS/RAZORPAY/pay_e4bb9721b66240/ORD-2026-1103,CREDIT,8322.56,5755029.01,CORP FIN OPS,HDFC0001234
UTR113169872,2026-04-03 16:00:30,CMS/RAZORPAY/pay_f74c85831b394e/ORD-2026-1104,CREDIT,6724.27,5761753.28,CORP FIN OPS,HDFC0001234
UTR612957813,2026-04-03 16:15:52,CMS/RAZORPAY/pay_fae87467ba3441/ORD-2026-1105,CREDIT,1413.32,5763166.6,CORP FIN OPS,HDFC0001234
UTR837071174,2026-04-03 16:30:09,CMS/RAZORPAY/pay_ea23d494fb3a44/ORD-2026-1106,CREDIT,2600.5,5765767.1,CORP FIN OPS,HDFC0001234
UTR920814900,2026-04-03 16:45:38,CMS/RAZORPAY/pay_e5dd5996b80841/ORD-2026-1107,CREDIT,8928.04,5774695.14,CORP FIN OPS,HDFC0001234
UTR575368059,2026-04-03 17:00:27,CMS/RAZORPAY/pay_af21d1391cc041/ORD-2026-1108,CREDIT,4811.71,5779506.85,CORP FIN OPS,HDFC0001234
UTR918982730,2026-04-03 17:15:13,CMS/RAZORPAY/pay_070763331a1040/ORD-2026-1109,CREDIT,4235.0,5783741.85,CORP FIN OPS,HDFC0001234
UTR692697161,2026-04-03 17:30:10,CMS/RAZORPAY/pay_8fec77bfb3e543/ORD-2026-1110,CREDIT,526.08,5784267.93,CORP FIN OPS,HDFC0001234
UTR412737284,2026-04-03 17:45:14,CMS/RAZORPAY/pay_5dcf3f033e264e/ORD-2026-1111,CREDIT,4567.13,5788835.06,CORP FIN OPS,HDFC0001234
UTR350636897,2026-04-03 18:00:37,CMS/RAZORPAY/pay_aaf4b870108544/ORD-2026-1112,CREDIT,9849.1,5798684.16,CORP FIN OPS,HDFC0001234
UTR341387305,2026-04-03 18:15:52,CMS/RAZORPAY/pay_92604e19a3c247/ORD-2026-1113,CREDIT,2501.96,5801186.12,CORP FIN OPS,HDFC0001234
UTR738923667,2026-04-03 18:30:07,CMS/RAZORPAY/pay_f37ab4fb25384a/ORD-2026-1114,CREDIT,7123.93,5808310.05,CORP FIN OPS,HDFC0001234
UTR392322121,2026-04-03 18:45:28,CMS/RAZORPAY/pay_cd18a87130134c/ORD-2026-1115,CREDIT,1627.08,5809937.13,CORP FIN OPS,HDFC0001234
UTR748232591,2026-04-03 19:00:05,CMS/RAZORPAY/pay_88d06cf96bca48/ORD-2026-1116,CREDIT,3729.26,5813666.39,CORP FIN OPS,HDFC0001234
UTR919382051,2026-04-03 19:15:33,CMS/RAZORPAY/pay_d696fbfe036544/ORD-2026-1117,CREDIT,9712.14,5823378.53,CORP FIN OPS,HDFC0001234
UTR974288855,2026-04-03 19:30:05,CMS/RAZORPAY/pay_3606e440cc594a/ORD-2026-1118,CREDIT,7142.52,5830521.05,CORP FIN OPS,HDFC0001234
UTR212313264,2026-04-03 19:45:26,CMS/RAZORPAY/pay_28e5e5ea164c4d/ORD-2026-1119,CREDIT,10309.09,5840830.14,CORP FIN OPS,HDFC0001234
UTR690661740,2026-04-03 20:00:29,CMS/RAZORPAY/pay_668182203dd748/ORD-2026-1120,CREDIT,1734.93,5842565.07,CORP FIN OPS,HDFC0001234
UTR929517022,2026-04-03 20:15:55,CMS/RAZORPAY/pay_ace8670f36474d/ORD-2026-1121,CREDIT,7773.76,5850338.83,CORP FIN OPS,HDFC0001234
UTR158201193,2026-04-03 20:30:23,CMS/RAZORPAY/pay_17c081f4a63648/ORD-2026-1122,CREDIT,9303.33,5859642.16,CORP FIN OPS,HDFC0001234
UTR155417727,2026-04-03 20:45:35,CMS/RAZORPAY/pay_a66e163eac274f/ORD-2026-1123,CREDIT,2343.06,5861985.22,CORP FIN OPS,HDFC0001234
UTR130998324,2026-04-03 21:00:10,CMS/RAZORPAY/pay_04442b1c693b45/ORD-2026-1124,CREDIT,4887.74,5866872.96,CORP FIN OPS,HDFC0001234
UTR341270488,2026-04-03 21:15:29,CMS/RAZORPAY/pay_a3fa0511b5e744/ORD-2026-1125,CREDIT,13896.49,5880769.45,CORP FIN OPS,HDFC0001234
UTR857429971,2026-04-03 21:30:53,CMS/RAZORPAY/pay_7c647f26717741/ORD-2026-1126,CREDIT,7319.33,5888088.78,CORP FIN OPS,HDFC0001234
UTR255308128,2026-04-03 21:45:12,CMS/RAZORPAY/pay_511c23bf68564c/ORD-2026-1127,CREDIT,13539.83,5901628.61,CORP FIN OPS,HDFC0001234
UTR396618390,2026-04-03 22:00:21,CMS/RAZORPAY/pay_079a962cff6941/ORD-2026-1128,CREDIT,13715.1,5915343.71,CORP FIN OPS,HDFC0001234
UTR420571903,2026-04-03 22:15:55,CMS/RAZORPAY/pay_f879f2a0f9a44f/ORD-2026-1129,CREDIT,2591.98,5917935.69,CORP FIN OPS,HDFC0001234
UTR692616814,2026-04-03 22:30:29,CMS/RAZORPAY/pay_03dca57bf6bf43/ORD-2026-1130,CREDIT,13695.33,5931631.02,CORP FIN OPS,HDFC0001234
UTR511211819,2026-04-03 22:45:02,CMS/RAZORPAY/pay_7b17935ebcba4c/ORD-2026-1131,CREDIT,4992.88,5936623.9,CORP FIN OPS,HDFC0001234
UTR812630453,2026-04-03 23:00:02,CMS/RAZORPAY/pay_2a44a4fda0954f/ORD-2026-1132,CREDIT,2275.57,5938899.47,CORP FIN OPS,HDFC0001234
UTR664735673,2026-04-03 23:15:00,CMS/RAZORPAY/pay_e821e60c30f545/ORD-2026-1133,CREDIT,10716.42,5949615.89,CORP FIN OPS,HDFC0001234
UTR939156387,2026-04-03 23:30:39,CMS/RAZORPAY/pay_c7b6a503452647/ORD-2026-1134,CREDIT,10295.38,5959911.27,CORP FIN OPS,HDFC0001234
UTR508031980,2026-04-03 23:45:45,CMS/RAZORPAY/pay_ae685e90e74b44/ORD-2026-1135,CREDIT,13052.38,5972963.65,CORP FIN OPS,HDFC0001234
UTR173466219,2026-04-04 00:00:43,CMS/RAZORPAY/pay_5e5fcaf4138d40/ORD-2026-1136,CREDIT,13526.53,5986490.18,CORP FIN OPS,HDFC0001234
UTR205702499,2026-04-04 00:15:28,CMS/RAZORPAY/pay_2d829002a1704d/ORD-2026-1137,CREDIT,2843.56,5989333.74,CORP FIN OPS,HDFC0001234
UTR954852540,2026-04-04 00:30:18,CMS/RAZORPAY/pay_9315935c90ec4f/ORD-2026-1138,CREDIT,5563.26,5994897.0,CORP FIN OPS,HDFC0001234
UTR542437192,2026-04-04 00:45:11,CMS/RAZORPAY/pay_e0ef16e117ba48/ORD-2026-1139,CREDIT,1606.22,5996503.22,CORP FIN OPS,HDFC0001234
UTR634366139,2026-04-04 01:00:29,CMS/RAZORPAY/pay_f613c7a34b3344/ORD-2026-1140,CREDIT,9519.53,6006022.75,CORP FIN OPS,HDFC0001234
UTR963968184,2026-04-04 01:15:57,CMS/RAZORPAY/pay_67cfa3b9b8154b/ORD-2026-1141,CREDIT,4560.44,6010583.19,CORP FIN OPS,HDFC0001234
UTR471048258,2026-04-04 01:30:27,CMS/RAZORPAY/pay_b777734360ee4f/ORD-2026-1142,CREDIT,10261.53,6020844.72,CORP FIN OPS,HDFC0001234
UTR513061224,2026-04-04 01:45:06,CMS/RAZORPAY/pay_814c83d9126648/ORD-2026-1143,CREDIT,3846.51,6024691.23,CORP FIN OPS,HDFC0001234
UTR850845198,2026-04-04 02:00:53,CMS/RAZORPAY/pay_5af4c18ca33b4f/ORD-2026-1144,CREDIT,9807.28,6034498.51,CORP FIN OPS,HDFC0001234
UTR836371599,2026-04-04 02:15:58,CMS/RAZORPAY/pay_9526b012f6fb4b/ORD-2026-1145,CREDIT,9073.58,6043572.09,CORP FIN OPS,HDFC0001234
UTR347087743,2026-04-04 02:30:40,CMS/RAZORPAY/pay_2f6a79798a484a/ORD-2026-1146,CREDIT,3180.04,6046752.13,CORP FIN OPS,HDFC0001234
UTR924065468,2026-04-04 02:45:06,CMS/RAZORPAY/pay_271cb24fe04347/ORD-2026-1147,CREDIT,13278.4,6060030.53,CORP FIN OPS,HDFC0001234
UTR135824891,2026-04-04 03:00:08,CMS/RAZORPAY/pay_91fd6499c3974b/ORD-2026-1148,CREDIT,1764.28,6061794.81,CORP FIN OPS,HDFC0001234
UTR288592093,2026-04-04 03:15:50,CMS/RAZORPAY/pay_fcf118780b0c44/ORD-2026-1149,CREDIT,8125.02,6069919.83,CORP FIN OPS,HDFC0001234
UTR392624015,2026-04-04 03:30:58,CMS/RAZORPAY/pay_d3eef54ccc704f/ORD-2026-1150,CREDIT,12163.99,6082083.82,CORP FIN OPS,HDFC0001234
UTR463692735,2026-04-04 03:45:29,CMS/RAZORPAY/pay_f05d004ea2d54c/ORD-2026-1151,CREDIT,14120.65,6096204.47,CORP FIN OPS,HDFC0001234
UTR526717340,2026-04-04 04:00:50,CMS/RAZORPAY/pay_fc5e6613039246/ORD-2026-1152,CREDIT,6074.5,6102278.97,CORP FIN OPS,HDFC0001234
UTR495765839,2026-04-04 04:15:24,CMS/RAZORPAY/pay_52a6c25f70bb48/ORD-2026-1153,CREDIT,12131.82,6114410.79,CORP FIN OPS,HDFC0001234
UTR606244434,2026-04-04 04:30:39,CMS/RAZORPAY/pay_705ca3aaa19d40/ORD-2026-1154,CREDIT,13007.02,6127417.81,CORP FIN OPS,HDFC0001234
UTR167878777,2026-04-04 04:45:58,CMS/RAZORPAY/pay_2389fb3a25b44a/ORD-2026-1155,CREDIT,10413.91,6137831.72,CORP FIN OPS,HDFC0001234
UTR139956218,2026-04-04 05:00:07,CMS/RAZORPAY/pay_63096c3edb3f42/ORD-2026-1156,CREDIT,1864.22,6139695.94,CORP FIN OPS,HDFC0001234
UTR498370582,2026-04-04 05:15:37,CMS/RAZORPAY/pay_f41f7ce561374a/ORD-2026-1157,CREDIT,10997.09,6150693.03,CORP FIN OPS,HDFC0001234
UTR995171130,2026-04-04 05:30:39,CMS/RAZORPAY/pay_624c3f8ebaec47/ORD-2026-1158,CREDIT,6266.23,6156959.26,CORP FIN OPS,HDFC0001234
UTR333291547,2026-04-04 05:45:28,CMS/RAZORPAY/pay_5f578602557a45/ORD-2026-1159,CREDIT,13945.97,6170905.23,CORP FIN OPS,HDFC0001234
UTR792377512,2026-04-04 06:00:25,CMS/RAZORPAY/pay_e25497fca79f49/ORD-2026-1160,CREDIT,4394.07,6175299.3,CORP FIN OPS,HDFC0001234
UTR327746886,2026-04-04 06:15:03,CMS/RAZORPAY/pay_75bf044c5dbd42/ORD-2026-1161,CREDIT,11627.48,6186926.78,CORP FIN OPS,HDFC0001234
UTR320337809,2026-04-04 06:30:53,CMS/RAZORPAY/pay_9b0d27ad2ace46/ORD-2026-1162,CREDIT,11321.14,6198247.92,CORP FIN OPS,HDFC0001234
UTR350180427,2026-04-04 06:45:50,CMS/RAZORPAY/pay_39a256a150454d/ORD-2026-1163,CREDIT,13237.74,6211485.66,CORP FIN OPS,HDFC0001234
UTR239577989,2026-04-04 07:00:07,CMS/RAZORPAY/pay_9ee7032802614d/ORD-2026-1164,CREDIT,9847.32,6221332.98,CORP FIN OPS,HDFC0001234
UTR948239575,2026-04-04 07:15:20,CMS/RAZORPAY/pay_f430e75273ba41/ORD-2026-1165,CREDIT,711.63,6222044.61,CORP FIN OPS,HDFC0001234
UTR552002959,2026-04-04 07:30:47,CMS/RAZORPAY/pay_38792c0016ed4b/ORD-2026-1166,CREDIT,1388.04,6223432.65,CORP FIN OPS,HDFC0001234
UTR217095851,2026-04-04 07:45:32,CMS/RAZORPAY/pay_e5a6f71d7f8149/ORD-2026-1167,CREDIT,3624.85,6227057.5,CORP FIN OPS,HDFC0001234
UTR807491789,2026-04-04 08:00:41,CMS/RAZORPAY/pay_882f740d915140/ORD-2026-1168,CREDIT,14136.69,6241194.19,CORP FIN OPS,HDFC0001234
UTR215923129,2026-04-04 08:15:45,CMS/RAZORPAY/pay_f0f0a551589548/ORD-2026-1169,CREDIT,13367.56,6254561.75,CORP FIN OPS,HDFC0001234
UTR259272239,2026-04-04 08:30:08,CMS/RAZORPAY/pay_987bb26f5a3d49/ORD-2026-1170,CREDIT,4381.82,6258943.57,CORP FIN OPS,HDFC0001234
UTR741444618,2026-04-04 08:45:32,CMS/RAZORPAY/pay_4af6fdc90ef24a/ORD-2026-1171,CREDIT,9059.72,6268003.29,CORP FIN OPS,HDFC0001234
UTR802992685,2026-04-04 09:00:28,CMS/RAZORPAY/pay_1d895162a82247/ORD-2026-1172,CREDIT,13061.61,6281064.9,CORP FIN OPS,HDFC0001234
UTR883415470,2026-04-04 09:15:20,CMS/RAZORPAY/pay_3b1a49ea0aa84f/ORD-2026-1173,CREDIT,6530.24,6287595.14,CORP FIN OPS,HDFC0001234
UTR609241268,2026-04-04 09:30:05,CMS/RAZORPAY/pay_027c273bbc7841/ORD-2026-1174,CREDIT,12264.26,6299859.4,CORP FIN OPS,HDFC0001234
UTR893276164,2026-04-04 09:45:35,CMS/RAZORPAY/pay_b6e1afb37d4b47/ORD-2026-1175,CREDIT,1337.4,6301196.8,CORP FIN OPS,HDFC0001234
UTR479673044,2026-04-04 10:00:55,CMS/RAZORPAY/pay_ff55830f9b1640/ORD-2026-1176,CREDIT,13454.53,6314651.33,CORP FIN OPS,HDFC0001234
UTR477577220,2026-04-04 10:15:36,CMS/RAZORPAY/pay_3a978913937248/ORD-2026-1177,CREDIT,7672.04,6322323.37,CORP FIN OPS,HDFC0001234
UTR216198604,2026-04-04 10:30:23,CMS/RAZORPAY/pay_bc1bf5f025e644/ORD-2026-1178,CREDIT,2114.72,6324438.09,CORP FIN OPS,HDFC0001234
UTR560755939,2026-04-04 10:45:38,CMS/RAZORPAY/pay_ae78f4ba1efa46/ORD-2026-1179,CREDIT,13641.99,6338080.08,CORP FIN OPS,HDFC0001234
UTR854517058,2026-04-04 11:00:22,CMS/RAZORPAY/pay_dd61a42d805e44/ORD-2026-1180,CREDIT,574.64,6338654.72,CORP FIN OPS,HDFC0001234
UTR174716780,2026-04-04 11:15:40,CMS/RAZORPAY/pay_f8b11326a25c4b/ORD-2026-1181,CREDIT,14246.9,6352901.62,CORP FIN OPS,HDFC0001234
UTR503935666,2026-04-04 11:30:29,CMS/RAZORPAY/pay_b5124b7545a24f/ORD-2026-1182,CREDIT,5314.54,6358216.16,CORP FIN OPS,HDFC0001234
UTR934120892,2026-04-04 11:45:56,CMS/RAZORPAY/pay_94671f5ef9b746/ORD-2026-1183,CREDIT,1233.02,6359449.18,CORP FIN OPS,HDFC0001234
UTR187597497,2026-04-04 12:00:42,CMS/RAZORPAY/pay_0b219cb38dd942/ORD-2026-1184,CREDIT,6491.32,6365940.5,CORP FIN OPS,HDFC0001234
UTR910614025,2026-04-04 12:15:22,CMS/RAZORPAY/pay_8d1abe36086c4a/ORD-2026-1185,CREDIT,6574.83,6372515.33,CORP FIN OPS,HDFC0001234
UTR622517939,2026-04-04 12:30:14,CMS/RAZORPAY/pay_7477317139704b/ORD-2026-1186,CREDIT,6084.26,6378599.59,CORP FIN OPS,HDFC0001234
UTR326810757,2026-04-04 12:45:18,CMS/RAZORPAY/pay_1e98acb1aa134a/ORD-2026-1187,CREDIT,5133.68,6383733.27,CORP FIN OPS,HDFC0001234
UTR288650860,2026-04-04 13:00:34,CMS/RAZORPAY/pay_c327c7ef607f4b/ORD-2026-1188,CREDIT,10450.64,6394183.91,CORP FIN OPS,HDFC0001234
UTR177390472,2026-04-04 13:15:55,CMS/RAZORPAY/pay_3c3cd63e525d42/ORD-2026-1189,CREDIT,10993.88,6405177.79,CORP FIN OPS,HDFC0001234
UTR183604337,2026-04-04 13:30:27,CMS/RAZORPAY/pay_6ad46556480948/ORD-2026-1190,CREDIT,8606.28,6413784.07,CORP FIN OPS,HDFC0001234
UTR122394554,2026-04-04 13:45:51,CMS/RAZORPAY/pay_215384ca756647/ORD-2026-1191,CREDIT,13904.33,6427688.4,CORP FIN OPS,HDFC0001234
UTR213669678,2026-04-04 14:00:37,CMS/RAZORPAY/pay_113c43be434347/ORD-2026-1192,CREDIT,6157.69,6433846.09,CORP FIN OPS,HDFC0001234
UTR337911187,2026-04-04 14:15:04,CMS/RAZORPAY/pay_ed4a2e082c8040/ORD-2026-1193,CREDIT,7715.52,6441561.61,CORP FIN OPS,HDFC0001234
UTR933468715,2026-04-04 14:30:46,CMS/RAZORPAY/pay_95e8b6120c2444/ORD-2026-1194,CREDIT,14054.54,6455616.15,CORP FIN OPS,HDFC0001234
UTR374843786,2026-04-04 14:45:38,CMS/RAZORPAY/pay_f2a400d4ca7541/ORD-2026-1195,CREDIT,2652.5,6458268.65,CORP FIN OPS,HDFC0001234
UTR598165815,2026-04-04 15:00:43,CMS/RAZORPAY/pay_5982f9175de441/ORD-2026-1196,CREDIT,13572.2,6471840.85,CORP FIN OPS,HDFC0001234
UTR572191734,2026-04-04 15:15:30,CMS/RAZORPAY/pay_1ce0c00a6ccd49/ORD-2026-1197,CREDIT,6748.9,6478589.75,CORP FIN OPS,HDFC0001234
UTR477895080,2026-04-04 15:30:19,CMS/RAZORPAY/pay_a7cec4be69b345/ORD-2026-1198,CREDIT,7025.46,6485615.21,CORP FIN OPS,HDFC0001234
UTR408246619,2026-04-04 15:45:41,CMS/RAZORPAY/pay_adca57476c0046/ORD-2026-1199,CREDIT,12724.09,6498339.3,CORP FIN OPS,HDFC0001234
UTR512834919,2026-04-04 16:00:37,CMS/RAZORPAY/pay_694a1e99f9ad43/ORD-2026-1200,CREDIT,8336.11,6506675.41,CORP FIN OPS,HDFC0001234
UTR302120588,2026-04-04 16:15:30,CMS/RAZORPAY/pay_ca1bf4ba08e14b/ORD-2026-1201,CREDIT,7586.46,6514261.87,CORP FIN OPS,HDFC0001234
UTR999126903,2026-04-04 16:30:05,CMS/RAZORPAY/pay_effe9967ad6842/ORD-2026-1202,CREDIT,7631.5,6521893.37,CORP FIN OPS,HDFC0001234
UTR570039364,2026-04-04 16:45:33,CMS/RAZORPAY/pay_bd834a9ba2b143/ORD-2026-1203,CREDIT,7889.16,6529782.53,CORP FIN OPS,HDFC0001234
UTR403754671,2026-04-04 17:00:26,CMS/RAZORPAY/pay_6c1eae6af8be4d/ORD-2026-1204,CREDIT,11452.92,6541235.45,CORP FIN OPS,HDFC0001234
UTR170772317,2026-04-04 17:15:35,CMS/RAZORPAY/pay_bfb14b7783174c/ORD-2026-1205,CREDIT,10092.56,6551328.01,CORP FIN OPS,HDFC0001234
UTR804980312,2026-04-04 17:30:05,CMS/RAZORPAY/pay_8fa11d0f3ad04f/ORD-2026-1206,CREDIT,8738.51,6560066.52,CORP FIN OPS,HDFC0001234
UTR804433388,2026-04-04 17:45:08,CMS/RAZORPAY/pay_1b7bf5cbbfd44a/ORD-2026-1207,CREDIT,8912.68,6568979.2,CORP FIN OPS,HDFC0001234
UTR790945624,2026-04-04 18:00:42,CMS/RAZORPAY/pay_e66ca80565304e/ORD-2026-1208,CREDIT,10438.74,6579417.94,CORP FIN OPS,HDFC0001234
UTR554629125,2026-04-04 18:15:23,CMS/RAZORPAY/pay_53b3d90e340449/ORD-2026-1209,CREDIT,4861.07,6584279.01,CORP FIN OPS,HDFC0001234
UTR343248743,2026-04-04 18:30:04,CMS/RAZORPAY/pay_d9b2bcef295e43/ORD-2026-1210,CREDIT,4675.97,6588954.98,CORP FIN OPS,HDFC0001234
UTR996703082,2026-04-04 18:45:42,CMS/RAZORPAY/pay_1487a8fba8da44/ORD-2026-1211,CREDIT,5256.04,6594211.02,CORP FIN OPS,HDFC0001234
UTR274211616,2026-04-04 19:00:49,CMS/RAZORPAY/pay_f9d8c2f964794c/ORD-2026-1212,CREDIT,9333.16,6603544.18,CORP FIN OPS,HDFC0001234
UTR541156077,2026-04-04 19:15:46,CMS/RAZORPAY/pay_0cd4c0c0270a4b/ORD-2026-1213,CREDIT,3851.11,6607395.29,CORP FIN OPS,HDFC0001234
UTR903734960,2026-04-04 19:30:14,CMS/RAZORPAY/pay_e93bd0b98f024f/ORD-2026-1214,CREDIT,8048.63,6615443.92,CORP FIN OPS,HDFC0001234
UTR828326405,2026-04-04 19:45:29,CMS/RAZORPAY/pay_5bf5d9cbcb0643/ORD-2026-1215,CREDIT,11381.75,6626825.67,CORP FIN OPS,HDFC0001234
UTR274008639,2026-04-04 20:00:08,CMS/RAZORPAY/pay_b966c6c0ac9249/ORD-2026-1216,CREDIT,12847.99,6639673.66,CORP FIN OPS,HDFC0001234
UTR498585961,2026-04-04 20:15:45,CMS/RAZORPAY/pay_96ac17e6d90342/ORD-2026-1217,CREDIT,12464.17,6652137.83,CORP FIN OPS,HDFC0001234
UTR272134062,2026-04-04 20:30:57,CMS/RAZORPAY/pay_7ec27f6987244f/ORD-2026-1218,CREDIT,7756.14,6659893.97,CORP FIN OPS,HDFC0001234
UTR584394989,2026-04-04 20:45:26,CMS/RAZORPAY/pay_c703f5c8f6e145/ORD-2026-1219,CREDIT,1242.2,6661136.17,CORP FIN OPS,HDFC0001234
UTR187623171,2026-04-04 21:00:01,CMS/RAZORPAY/pay_4f2a0fcc2f434e/ORD-2026-1220,CREDIT,5000.07,6666136.24,CORP FIN OPS,HDFC0001234
UTR949738493,2026-04-04 21:15:02,CMS/RAZORPAY/pay_a5a56e560b8649/ORD-2026-1221,CREDIT,4549.77,6670686.01,CORP FIN OPS,HDFC0001234
UTR603703167,2026-04-04 21:30:39,CMS/RAZORPAY/pay_b1e5269a33ba42/ORD-2026-1222,CREDIT,562.55,6671248.56,CORP FIN OPS,HDFC0001234
UTR996534803,2026-04-04 21:45:46,CMS/RAZORPAY/pay_f59e2cb6bde24a/ORD-2026-1223,CREDIT,9108.6,6680357.16,CORP FIN OPS,HDFC0001234
UTR355164255,2026-04-04 22:00:03,CMS/RAZORPAY/pay_7d78aa45ed0744/ORD-2026-1224,CREDIT,3863.97,6684221.13,CORP FIN OPS,HDFC0001234
UTR636687537,2026-04-04 22:15:40,CMS/RAZORPAY/pay_72e7dacfd66a4d/ORD-2026-1225,CREDIT,7784.79,6692005.92,CORP FIN OPS,HDFC0001234
UTR560891752,2026-04-04 22:30:39,CMS/RAZORPAY/pay_333e6e75e1524e/ORD-2026-1226,CREDIT,5483.29,6697489.21,CORP FIN OPS,HDFC0001234
UTR191927283,2026-04-04 22:45:33,CMS/RAZORPAY/pay_e80b005e600049/ORD-2026-1227,CREDIT,8191.21,6705680.42,CORP FIN OPS,HDFC0001234
UTR604803700,2026-04-04 23:00:40,CMS/RAZORPAY/pay_343465308e7749/ORD-2026-1228,CREDIT,5965.58,6711646.0,CORP FIN OPS,HDFC0001234
UTR483426624,2026-04-04 23:15:22,CMS/RAZORPAY/pay_5cbd4e3ed00a49/ORD-2026-1229,CREDIT,3902.01,6715548.01,CORP FIN OPS,HDFC0001234
UTR457039137,2026-04-04 23:30:22,CMS/RAZORPAY/pay_90dca17a66794d/ORD-2026-1230,CREDIT,8218.56,6723766.57,CORP FIN OPS,HDFC0001234
UTR846668526,2026-04-04 23:45:40,CMS/RAZORPAY/pay_a1ea6a88a44a41/ORD-2026-1231,CREDIT,3068.86,6726835.43,CORP FIN OPS,HDFC0001234
UTR591429705,2026-04-05 00:00:18,CMS/RAZORPAY/pay_9683be9fc74b49/ORD-2026-1232,CREDIT,3342.29,6730177.72,CORP FIN OPS,HDFC0001234
UTR432941445,2026-04-05 00:15:52,CMS/RAZORPAY/pay_b9dc8320e7a445/ORD-2026-1233,CREDIT,8176.32,6738354.04,CORP FIN OPS,HDFC0001234
UTR305195749,2026-04-05 00:30:55,CMS/RAZORPAY/pay_68d1c095adc84d/ORD-2026-1234,CREDIT,11543.2,6749897.24,CORP FIN OPS,HDFC0001234
UTR495157577,2026-04-05 00:45:56,CMS/RAZORPAY/pay_9538fbb7ea9540/ORD-2026-1235,CREDIT,6151.63,6756048.87,CORP FIN OPS,HDFC0001234
UTR300593456,2026-04-05 01:00:44,CMS/RAZORPAY/pay_76b96eeb5fc449/ORD-2026-1236,CREDIT,7532.04,6763580.91,CORP FIN OPS,HDFC0001234
UTR184747224,2026-04-05 01:15:38,CMS/RAZORPAY/pay_c38a9b8d343146/ORD-2026-1237,CREDIT,14576.6,6778157.51,CORP FIN OPS,HDFC0001234
UTR210163669,2026-04-05 01:30:20,CMS/RAZORPAY/pay_19c38689dbd34a/ORD-2026-1238,CREDIT,9845.36,6788002.87,CORP FIN OPS,HDFC0001234
UTR557538651,2026-04-05 01:45:28,CMS/RAZORPAY/pay_820f82a16d134a/ORD-2026-1239,CREDIT,5465.33,6793468.2,CORP FIN OPS,HDFC0001234
UTR567013808,2026-04-05 02:00:50,CMS/RAZORPAY/pay_8a190f4e48764d/ORD-2026-1240,CREDIT,13908.44,6807376.64,CORP FIN OPS,HDFC0001234
UTR490102359,2026-04-05 02:15:09,CMS/RAZORPAY/pay_41b5ef319bf344/ORD-2026-1241,CREDIT,12503.49,6819880.13,CORP FIN OPS,HDFC0001234
UTR353398109,2026-04-05 02:30:24,CMS/RAZORPAY/pay_b0d751bc1bf248/ORD-2026-1242,CREDIT,13930.56,6833810.69,CORP FIN OPS,HDFC0001234
UTR583100677,2026-04-05 02:45:28,CMS/RAZORPAY/pay_07ab350680e348/ORD-2026-1243,CREDIT,11291.8,6845102.49,CORP FIN OPS,HDFC0001234
UTR437568796,2026-04-05 03:00:07,CMS/RAZORPAY/pay_b6e9f632cab643/ORD-2026-1244,CREDIT,855.08,6845957.57,CORP FIN OPS,HDFC0001234
UTR703091482,2026-04-05 03:15:16,CMS/RAZORPAY/pay_08c7a0de3a7a4c/ORD-2026-1245,CREDIT,11460.0,6857417.57,CORP FIN OPS,HDFC0001234
UTR627422192,2026-04-05 03:30:08,CMS/RAZORPAY/pay_3a4fb1c6c1b74a/ORD-2026-1246,CREDIT,12562.34,6869979.91,CORP FIN OPS,HDFC0001234
UTR194264587,2026-04-05 03:45:22,CMS/RAZORPAY/pay_cee74b1a572845/ORD-2026-1247,CREDIT,10533.73,6880513.64,CORP FIN OPS,HDFC0001234
UTR864299201,2026-04-05 04:00:32,CMS/RAZORPAY/pay_7a5ecb02361140/ORD-2026-1248,CREDIT,3662.96,6884176.6,CORP FIN OPS,HDFC0001234
UTR630452018,2026-04-05 04:15:23,CMS/RAZORPAY/pay_64c22b1646704e/ORD-2026-1249,CREDIT,8331.92,6892508.52,CORP FIN OPS,HDFC0001234
UTR757074545,2026-04-05 04:30:04,CMS/RAZORPAY/pay_1223e1b37ebe49/ORD-2026-1250,CREDIT,4867.09,6897375.61,CORP FIN OPS,HDFC0001234
UTR539625898,2026-04-05 04:45:08,CMS/RAZORPAY/pay_14c9fde51bfa44/ORD-2026-1251,CREDIT,14254.96,6911630.57,CORP FIN OPS,HDFC0001234
UTR655511084,2026-04-05 05:00:56,CMS/RAZORPAY/pay_556c119328b448/ORD-2026-1252,CREDIT,12225.77,6923856.34,CORP FIN OPS,HDFC0001234
UTR159499094,2026-04-05 05:15:33,CMS/RAZORPAY/pay_12dbd883052548/ORD-2026-1253,CREDIT,2654.56,6926510.9,CORP FIN OPS,HDFC0001234
UTR861639583,2026-04-05 05:30:33,CMS/RAZORPAY/pay_f1b3da3df56247/ORD-2026-1254,CREDIT,13158.38,6939669.28,CORP FIN OPS,HDFC0001234
UTR691461470,2026-04-05 05:45:40,CMS/RAZORPAY/pay_e4baadd6cd0c45/ORD-2026-1255,CREDIT,4775.53,6944444.81,CORP FIN OPS,HDFC0001234
UTR281071418,2026-04-05 06:00:42,CMS/RAZORPAY/pay_3caeaf9c8d0649/ORD-2026-1256,CREDIT,9329.45,6953774.26,CORP FIN OPS,HDFC0001234
UTR130465806,2026-04-05 06:15:02,CMS/RAZORPAY/pay_7e7518c4060743/ORD-2026-1257,CREDIT,13917.54,6967691.8,CORP FIN OPS,HDFC0001234
UTR714327645,2026-04-05 06:30:39,CMS/RAZORPAY/pay_60f5ccab79ec4e/ORD-2026-1258,CREDIT,9534.9,6977226.7,CORP FIN OPS,HDFC0001234
UTR789242701,2026-04-05 06:45:15,CMS/RAZORPAY/pay_19126ec6de9649/ORD-2026-1259,CREDIT,11880.82,6989107.52,CORP FIN OPS,HDFC0001234
UTR839393192,2026-04-05 07:00:10,CMS/RAZORPAY/pay_7567115068d540/ORD-2026-1260,CREDIT,6712.04,6995819.56,CORP FIN OPS,HDFC0001234
UTR751396498,2026-04-05 07:15:55,CMS/RAZORPAY/pay_b08f4892e00f4b/ORD-2026-1261,CREDIT,10658.63,7006478.19,CORP FIN OPS,HDFC0001234
UTR497864507,2026-04-05 07:30:20,CMS/RAZORPAY/pay_55e608ca86a94e/ORD-2026-1262,CREDIT,3910.68,7010388.87,CORP FIN OPS,HDFC0001234
UTR251266214,2026-04-05 07:45:03,CMS/RAZORPAY/pay_9f27ea25614047/ORD-2026-1263,CREDIT,4596.96,7014985.83,CORP FIN OPS,HDFC0001234
UTR271476207,2026-04-05 08:00:46,CMS/RAZORPAY/pay_07e44507890644/ORD-2026-1264,CREDIT,4915.56,7019901.39,CORP FIN OPS,HDFC0001234
UTR431292818,2026-04-05 08:15:01,CMS/RAZORPAY/pay_c8d52c09cde047/ORD-2026-1265,CREDIT,1763.1,7021664.49,CORP FIN OPS,HDFC0001234
UTR358480413,2026-04-05 08:30:22,CMS/RAZORPAY/pay_df588df89ee746/ORD-2026-1266,CREDIT,1177.09,7022841.58,CORP FIN OPS,HDFC0001234
UTR802506364,2026-04-05 08:45:18,CMS/RAZORPAY/pay_fd381a1089bc40/ORD-2026-1267,CREDIT,8086.56,7030928.14,CORP FIN OPS,HDFC0001234
UTR383975609,2026-04-05 09:00:23,CMS/RAZORPAY/pay_94c4a0962af54a/ORD-2026-1268,CREDIT,1128.73,7032056.87,CORP FIN OPS,HDFC0001234
UTR489256938,2026-04-05 09:15:24,CMS/RAZORPAY/pay_9df47b3ab3c54c/ORD-2026-1269,CREDIT,7627.36,7039684.23,CORP FIN OPS,HDFC0001234
UTR227572362,2026-04-05 09:30:25,CMS/RAZORPAY/pay_fa98de4c576348/ORD-2026-1270,CREDIT,5771.87,7045456.1,CORP FIN OPS,HDFC0001234
UTR313736772,2026-04-05 09:45:32,CMS/RAZORPAY/pay_7e5e55e2aa0a4e/ORD-2026-1271,CREDIT,1058.13,7046514.23,CORP FIN OPS,HDFC0001234
UTR963251765,2026-04-05 10:00:33,CMS/RAZORPAY/pay_5d09ec568d0a44/ORD-2026-1272,CREDIT,6958.14,7053472.37,CORP FIN OPS,HDFC0001234
UTR758276886,2026-04-05 10:15:25,CMS/RAZORPAY/pay_e91bec2b27a249/ORD-2026-1273,CREDIT,14513.14,7067985.51,CORP FIN OPS,HDFC0001234
UTR989368954,2026-04-05 10:30:45,CMS/RAZORPAY/pay_da27b16aecd74d/ORD-2026-1274,CREDIT,8457.97,7076443.48,CORP FIN OPS,HDFC0001234
UTR823494111,2026-04-05 10:45:26,CMS/RAZORPAY/pay_6adcf59d7e5649/ORD-2026-1275,CREDIT,8752.14,7085195.62,CORP FIN OPS,HDFC0001234
UTR803935444,2026-04-05 11:00:03,CMS/RAZORPAY/pay_6fcbd01517334f/ORD-2026-1276,CREDIT,8749.61,7093945.23,CORP FIN OPS,HDFC0001234
UTR765436255,2026-04-05 11:15:09,CMS/RAZORPAY/pay_f92cc1fb29d549/ORD-2026-1277,CREDIT,12121.12,7106066.35,CORP FIN OPS,HDFC0001234
UTR852178601,2026-04-05 11:30:12,CMS/RAZORPAY/pay_30ffdb63b73c41/ORD-2026-1278,CREDIT,756.31,7106822.66,CORP FIN OPS,HDFC0001234
UTR841419015,2026-04-05 11:45:32,CMS/RAZORPAY/pay_efb65f2a8ee04c/ORD-2026-1279,CREDIT,11460.11,7118282.77,CORP FIN OPS,HDFC0001234
UTR857820386,2026-04-05 12:00:13,CMS/RAZORPAY/pay_e05347ecdc1541/ORD-2026-1280,CREDIT,8429.12,7126711.89,CORP FIN OPS,HDFC0001234
UTR285953213,2026-04-05 12:15:58,CMS/RAZORPAY/pay_85d4a7f0526148/ORD-2026-1281,CREDIT,8036.1,7134747.99,CORP FIN OPS,HDFC0001234
UTR874086851,2026-04-05 12:30:30,CMS/RAZORPAY/pay_3472f2c490d748/ORD-2026-1282,CREDIT,3210.23,7137958.22,CORP FIN OPS,HDFC0001234
UTR341449138,2026-04-05 12:45:45,CMS/RAZORPAY/pay_c8244dafc76f4b/ORD-2026-1283,CREDIT,3422.8,7141381.02,CORP FIN OPS,HDFC0001234
UTR701818966,2026-04-05 13:00:07,CMS/RAZORPAY/pay_c66f7159caa045/ORD-2026-1284,CREDIT,8607.36,7149988.38,CORP FIN OPS,HDFC0001234
UTR470585534,2026-04-05 13:15:02,CMS/RAZORPAY/pay_01579d6f038e4c/ORD-2026-1285,CREDIT,4560.42,7154548.8,CORP FIN OPS,HDFC0001234
UTR902448600,2026-04-05 13:30:13,CMS/RAZORPAY/pay_d417099b8cdb41/ORD-2026-1286,CREDIT,3349.04,7157897.84,CORP FIN OPS,HDFC0001234
UTR247395716,2026-04-05 13:45:39,CMS/RAZORPAY/pay_24f17c8b872543/ORD-2026-1287,CREDIT,10977.59,7168875.43,CORP FIN OPS,HDFC0001234
UTR670201461,2026-04-05 14:00:14,CMS/RAZORPAY/pay_45e154b80b1f4c/ORD-2026-1288,CREDIT,1231.36,7170106.79,CORP FIN OPS,HDFC0001234
UTR207959268,2026-04-05 14:15:35,CMS/RAZORPAY/pay_10b7656b1ef145/ORD-2026-1289,CREDIT,14333.27,7184440.06,CORP FIN OPS,HDFC0001234
UTR610778600,2026-04-05 14:30:41,CMS/RAZORPAY/pay_5c12c2ec848543/ORD-2026-1290,CREDIT,3312.06,7187752.12,CORP FIN OPS,HDFC0001234
UTR163525343,2026-04-05 14:45:41,CMS/RAZORPAY/pay_c39d982bbe0b46/ORD-2026-1291,CREDIT,8616.66,7196368.78,CORP FIN OPS,HDFC0001234
UTR140048684,2026-04-05 15:00:56,CMS/RAZORPAY/pay_85265436a23c42/ORD-2026-1292,CREDIT,12346.84,7208715.62,CORP FIN OPS,HDFC0001234
UTR300050585,2026-04-05 15:15:00,CMS/RAZORPAY/pay_ee8f386ba4c748/ORD-2026-1293,CREDIT,4712.78,7213428.4,CORP FIN OPS,HDFC0001234
UTR788603957,2026-04-05 15:30:56,CMS/RAZORPAY/pay_b0b5eeed791843/ORD-2026-1294,CREDIT,13776.16,7227204.56,CORP FIN OPS,HDFC0001234
UTR968457290,2026-04-05 15:45:21,CMS/RAZORPAY/pay_a2674ff3a09042/ORD-2026-1295,CREDIT,2788.77,7229993.33,CORP FIN OPS,HDFC0001234
UTR299929730,2026-04-05 16:00:47,CMS/RAZORPAY/pay_f4d74cf176a74b/ORD-2026-1296,CREDIT,5260.97,7235254.3,CORP FIN OPS,HDFC0001234
UTR307405357,2026-04-05 16:15:54,CMS/RAZORPAY/pay_caba3c8655f542/ORD-2026-1297,CREDIT,9531.15,7244785.45,CORP FIN OPS,HDFC0001234
UTR193133974,2026-04-05 16:30:42,CMS/RAZORPAY/pay_2f5648d1e22642/ORD-2026-1298,CREDIT,1838.64,7246624.09,CORP FIN OPS,HDFC0001234
UTR366338529,2026-04-05 16:45:16,CMS/RAZORPAY/pay_eab5fab466b04f/ORD-2026-1299,CREDIT,5918.77,7252542.86,CORP FIN OPS,HDFC0001234
UTR876189202,2026-04-05 17:00:16,CMS/RAZORPAY/pay_2ce3719d2fb045/ORD-2026-1300,CREDIT,9742.92,7262285.78,CORP FIN OPS,HDFC0001234
UTR599714064,2026-04-05 17:15:25,CMS/RAZORPAY/pay_93f4df9d24e14b/ORD-2026-1301,CREDIT,10201.5,7272487.28,CORP FIN OPS,HDFC0001234
UTR416794215,2026-04-05 17:30:14,CMS/RAZORPAY/pay_04477237f8464a/ORD-2026-1302,CREDIT,3590.57,7276077.85,CORP FIN OPS,HDFC0001234
UTR902874167,2026-04-05 17:45:44,CMS/RAZORPAY/pay_a89c30d6f7504e/ORD-2026-1303,CREDIT,8264.15,7284342.0,CORP FIN OPS,HDFC0001234
UTR918040539,2026-04-05 18:00:48,CMS/RAZORPAY/pay_befd759cc89541/ORD-2026-1304,CREDIT,8923.62,7293265.62,CORP FIN OPS,HDFC0001234
UTR855663125,2026-04-05 18:15:58,CMS/RAZORPAY/pay_7fd181502dcc46/ORD-2026-1305,CREDIT,8475.59,7301741.21,CORP FIN OPS,HDFC0001234
UTR676234459,2026-04-05 18:30:20,CMS/RAZORPAY/pay_f2ba3fb78d724f/ORD-2026-1306,CREDIT,12585.85,7314327.06,CORP FIN OPS,HDFC0001234
UTR869784803,2026-04-05 18:45:05,CMS/RAZORPAY/pay_2d5b8f15e1b54b/ORD-2026-1307,CREDIT,13214.5,7327541.56,CORP FIN OPS,HDFC0001234
UTR651095672,2026-04-05 19:00:29,CMS/RAZORPAY/pay_10379aae679c4e/ORD-2026-1308,CREDIT,8471.94,7336013.5,CORP FIN OPS,HDFC0001234
UTR525146690,2026-04-05 19:15:47,CMS/RAZORPAY/pay_cfc031b22e6d4c/ORD-2026-1309,CREDIT,3573.21,7339586.71,CORP FIN OPS,HDFC0001234
UTR852032540,2026-04-05 19:30:34,CMS/RAZORPAY/pay_15361b8567b64c/ORD-2026-1310,CREDIT,14562.8,7354149.51,CORP FIN OPS,HDFC0001234
UTR539017530,2026-04-05 19:45:49,CMS/RAZORPAY/pay_3c50a16dc4d349/ORD-2026-1311,CREDIT,9570.78,7363720.29,CORP FIN OPS,HDFC0001234
UTR505333621,2026-04-05 20:00:05,CMS/RAZORPAY/pay_9857f7b7de0947/ORD-2026-1312,CREDIT,10154.16,7373874.45,CORP FIN OPS,HDFC0001234
UTR473415078,2026-04-05 20:15:11,CMS/RAZORPAY/pay_ee31064809594b/ORD-2026-1313,CREDIT,14544.72,7388419.17,CORP FIN OPS,HDFC0001234
UTR339111798,2026-04-05 20:30:48,CMS/RAZORPAY/pay_59ffa9faac2443/ORD-2026-1314,CREDIT,810.08,7389229.25,CORP FIN OPS,HDFC0001234
UTR684593732,2026-04-05 20:45:34,CMS/RAZORPAY/pay_e8b3318ffc3f4d/ORD-2026-1315,CREDIT,5857.92,7395087.17,CORP FIN OPS,HDFC0001234
UTR266560311,2026-04-05 21:00:59,CMS/RAZORPAY/pay_37d5fc6d5f704d/ORD-2026-1316,CREDIT,12879.22,7407966.39,CORP FIN OPS,HDFC0001234
UTR922543647,2026-04-05 21:15:15,CMS/RAZORPAY/pay_a08c59ad499c4e/ORD-2026-1317,CREDIT,3405.86,7411372.25,CORP FIN OPS,HDFC0001234
UTR741866641,2026-04-05 21:30:15,CMS/RAZORPAY/pay_53a9b9383e224b/ORD-2026-1318,CREDIT,10972.63,7422344.88,CORP FIN OPS,HDFC0001234
UTR333291033,2026-04-05 21:45:08,CMS/RAZORPAY/pay_12a1b648ed6840/ORD-2026-1319,CREDIT,7622.26,7429967.14,CORP FIN OPS,HDFC0001234
UTR442420233,2026-04-05 22:00:19,CMS/RAZORPAY/pay_018b928aae5841/ORD-2026-1320,CREDIT,12894.09,7442861.23,CORP FIN OPS,HDFC0001234
UTR395444277,2026-04-05 22:15:35,CMS/RAZORPAY/pay_e485c0264de044/ORD-2026-1321,CREDIT,13917.16,7456778.39,CORP FIN OPS,HDFC0001234
UTR696840109,2026-04-05 22:30:03,CMS/RAZORPAY/pay_1f8e702577c247/ORD-2026-1322,CREDIT,14253.7,7471032.09,CORP FIN OPS,HDFC0001234
UTR547025173,2026-04-05 22:45:09,CMS/RAZORPAY/pay_dc11700b99b44a/ORD-2026-1323,CREDIT,4733.96,7475766.05,CORP FIN OPS,HDFC0001234
UTR341961866,2026-04-05 23:00:09,CMS/RAZORPAY/pay_f6dce08455af4d/ORD-2026-1324,CREDIT,11896.21,7487662.26,CORP FIN OPS,HDFC0001234
UTR547221915,2026-04-05 23:15:15,CMS/RAZORPAY/pay_99038151eb0d4b/ORD-2026-1325,CREDIT,4098.38,7491760.64,CORP FIN OPS,HDFC0001234
UTR582954920,2026-04-05 23:30:34,CMS/RAZORPAY/pay_dea3d73dcb6344/ORD-2026-1326,CREDIT,10746.73,7502507.37,CORP FIN OPS,HDFC0001234
UTR823349713,2026-04-05 23:45:55,CMS/RAZORPAY/pay_044e99d259ff4b/ORD-2026-1327,CREDIT,1518.66,7504026.03,CORP FIN OPS,HDFC0001234
UTR457517705,2026-04-06 00:00:13,CMS/RAZORPAY/pay_00ab77d1683443/ORD-2026-1328,CREDIT,13756.32,7517782.35,CORP FIN OPS,HDFC0001234
UTR360482447,2026-04-06 00:15:58,CMS/RAZORPAY/pay_8c50a472a89544/ORD-2026-1329,CREDIT,3876.6,7521658.95,CORP FIN OPS,HDFC0001234
UTR673002461,2026-04-06 00:30:16,CMS/RAZORPAY/pay_701204fdf4cc48/ORD-2026-1330,CREDIT,5579.98,7527238.93,CORP FIN OPS,HDFC0001234
UTR875685667,2026-04-06 00:45:48,CMS/RAZORPAY/pay_1d4e759e7c204d/ORD-2026-1331,CREDIT,12376.95,7539615.88,CORP FIN OPS,HDFC0001234
UTR149086585,2026-04-06 01:00:09,CMS/RAZORPAY/pay_40a2f03257cc4f/ORD-2026-1332,CREDIT,717.84,7540333.72,CORP FIN OPS,HDFC0001234
UTR454190155,2026-04-06 01:15:36,CMS/RAZORPAY/pay_7c5aa462eb434e/ORD-2026-1333,CREDIT,12286.78,7552620.5,CORP FIN OPS,HDFC0001234
UTR835348453,2026-04-06 01:30:48,CMS/RAZORPAY/pay_cd7955637f1743/ORD-2026-1334,CREDIT,12120.13,7564740.63,CORP FIN OPS,HDFC0001234
UTR953598460,2026-04-06 01:45:08,CMS/RAZORPAY/pay_890e52fc159146/ORD-2026-1335,CREDIT,10686.26,7575426.89,CORP FIN OPS,HDFC0001234
UTR789137659,2026-04-06 02:00:33,CMS/RAZORPAY/pay_a60b8c47d6a24f/ORD-2026-1336,CREDIT,967.06,7576393.95,CORP FIN OPS,HDFC0001234
UTR106854580,2026-04-06 02:15:08,CMS/RAZORPAY/pay_9c1138f6dd7043/ORD-2026-1337,CREDIT,12416.78,7588810.73,CORP FIN OPS,HDFC0001234
UTR109815572,2026-04-06 02:30:29,CMS/RAZORPAY/pay_7c06493b891a47/ORD-2026-1338,CREDIT,5771.9,7594582.63,CORP FIN OPS,HDFC0001234
UTR107099962,2026-04-06 02:45:00,CMS/RAZORPAY/pay_0c9309911ee841/ORD-2026-1339,CREDIT,725.01,7595307.64,CORP FIN OPS,HDFC0001234
UTR973120912,2026-04-06 03:00:51,CMS/RAZORPAY/pay_8596b7c25aef48/ORD-2026-1340,CREDIT,13792.45,7609100.09,CORP FIN OPS,HDFC0001234
UTR358738317,2026-04-06 03:15:33,CMS/RAZORPAY/pay_db1b8914a28f43/ORD-2026-1341,CREDIT,4061.88,7613161.97,CORP FIN OPS,HDFC0001234
UTR184846271,2026-04-06 03:30:29,CMS/RAZORPAY/pay_b6b70ab112a04d/ORD-2026-1342,CREDIT,8487.39,7621649.36,CORP FIN OPS,HDFC0001234
UTR186561759,2026-04-06 03:45:05,CMS/RAZORPAY/pay_358b66fef1a546/ORD-2026-1343,CREDIT,6226.05,7627875.41,CORP FIN OPS,HDFC0001234
UTR783703040,2026-04-06 04:00:44,CMS/RAZORPAY/pay_37fd097b059a4f/ORD-2026-1344,CREDIT,2914.61,7630790.02,CORP FIN OPS,HDFC0001234
UTR455699119,2026-04-06 04:15:57,CMS/RAZORPAY/pay_d2c10b0e6ece45/ORD-2026-1345,CREDIT,7965.77,7638755.79,CORP FIN OPS,HDFC0001234
UTR843338269,2026-04-06 04:30:17,CMS/RAZORPAY/pay_4abc2eea3b0240/ORD-2026-1346,CREDIT,1147.42,7639903.21,CORP FIN OPS,HDFC0001234
UTR705064109,2026-04-06 04:45:11,CMS/RAZORPAY/pay_f2e8ad65a0da4e/ORD-2026-1347,CREDIT,13637.49,7653540.7,CORP FIN OPS,HDFC0001234
UTR907727084,2026-04-06 05:00:59,CMS/RAZORPAY/pay_bf22987d108d4f/ORD-2026-1348,CREDIT,1577.46,7655118.16,CORP FIN OPS,HDFC0001234
UTR996199211,2026-04-06 05:15:43,CMS/RAZORPAY/pay_f867e3fab6e543/ORD-2026-1349,CREDIT,13181.03,7668299.19,CORP FIN OPS,HDFC0001234
UTR250270803,2026-04-06 05:30:32,CMS/RAZORPAY/pay_f0688fefc29945/ORD-2026-1350,CREDIT,11042.23,7679341.42,CORP FIN OPS,HDFC0001234
UTR349262723,2026-04-06 05:45:21,CMS/RAZORPAY/pay_037cedfeacec41/ORD-2026-1351,CREDIT,9056.06,7688397.48,CORP FIN OPS,HDFC0001234
UTR393482659,2026-04-06 06:00:31,CMS/RAZORPAY/pay_5af2cbcc42294b/ORD-2026-1352,CREDIT,3718.14,7692115.62,CORP FIN OPS,HDFC0001234
UTR729078621,2026-04-06 06:15:05,CMS/RAZORPAY/pay_cc7479c7b46f46/ORD-2026-1353,CREDIT,11420.39,7703536.01,CORP FIN OPS,HDFC0001234
UTR188087644,2026-04-06 06:30:24,CMS/RAZORPAY/pay_7e59d5ab149a48/ORD-2026-1354,CREDIT,10563.98,7714099.99,CORP FIN OPS,HDFC0001234
UTR487298927,2026-04-06 06:45:05,CMS/RAZORPAY/pay_5ef94231e3a047/ORD-2026-1355,CREDIT,561.75,7714661.74,CORP FIN OPS,HDFC0001234
UTR389659515,2026-04-06 07:00:08,CMS/RAZORPAY/pay_ebc22bba6bc14b/ORD-2026-1356,CREDIT,1724.13,7716385.87,CORP FIN OPS,HDFC0001234
UTR650229169,2026-04-06 07:15:06,CMS/RAZORPAY/pay_3bf46644296845/ORD-2026-1357,CREDIT,860.01,7717245.88,CORP FIN OPS,HDFC0001234
UTR742144634,2026-04-06 07:30:00,CMS/RAZORPAY/pay_12ee8136a4b34d/ORD-2026-1358,CREDIT,4620.11,7721865.99,CORP FIN OPS,HDFC0001234
UTR700797791,2026-04-06 07:45:33,CMS/RAZORPAY/pay_f3ce0ec2b2b646/ORD-2026-1359,CREDIT,2889.12,7724755.11,CORP FIN OPS,HDFC0001234
UTR423337234,2026-04-06 08:00:09,CMS/RAZORPAY/pay_b08f1c0893ba46/ORD-2026-1360,CREDIT,1383.92,7726139.03,CORP FIN OPS,HDFC0001234
UTR619939412,2026-04-06 08:15:23,CMS/RAZORPAY/pay_1dc2252c6c7e49/ORD-2026-1361,CREDIT,4051.72,7730190.75,CORP FIN OPS,HDFC0001234
UTR737594763,2026-04-06 08:30:06,CMS/RAZORPAY/pay_92ec86d20ee34b/ORD-2026-1362,CREDIT,2406.44,7732597.19,CORP FIN OPS,HDFC0001234
UTR765926290,2026-04-06 08:45:51,CMS/RAZORPAY/pay_b2c24c31a91844/ORD-2026-1363,CREDIT,12695.03,7745292.22,CORP FIN OPS,HDFC0001234
UTR984264226,2026-04-06 09:00:20,CMS/RAZORPAY/pay_0cea8d6a95ef42/ORD-2026-1364,CREDIT,9028.34,7754320.56,CORP FIN OPS,HDFC0001234
UTR527606494,2026-04-06 09:15:47,CMS/RAZORPAY/pay_7c56084331d842/ORD-2026-1365,CREDIT,10327.27,7764647.83,CORP FIN OPS,HDFC0001234
UTR449917685,2026-04-06 09:30:17,CMS/RAZORPAY/pay_db0e9bb771d64b/ORD-2026-1366,CREDIT,12047.97,7776695.8,CORP FIN OPS,HDFC0001234
UTR705429879,2026-04-06 09:45:34,CMS/RAZORPAY/pay_5f7d3ca781be41/ORD-2026-1367,CREDIT,3035.57,7779731.37,CORP FIN OPS,HDFC0001234
UTR860603328,2026-04-06 10:00:51,CMS/RAZORPAY/pay_1f36ad51cbe948/ORD-2026-1368,CREDIT,4612.8,7784344.17,CORP FIN OPS,HDFC0001234
UTR249442440,2026-04-06 10:15:16,CMS/RAZORPAY/pay_b79a39c384d34b/ORD-2026-1369,CREDIT,9813.42,7794157.59,CORP FIN OPS,HDFC0001234
UTR742026586,2026-04-06 10:30:37,CMS/RAZORPAY/pay_a2f1c73a8f3b4a/ORD-2026-1370,CREDIT,6162.72,7800320.31,CORP FIN OPS,HDFC0001234
UTR139476288,2026-04-06 10:45:57,CMS/RAZORPAY/pay_0fe7ef9d7f6043/ORD-2026-1371,CREDIT,11988.54,7812308.85,CORP FIN OPS,HDFC0001234
UTR806094391,2026-04-06 11:00:41,CMS/RAZORPAY/pay_c0734bd03cf848/ORD-2026-1372,CREDIT,9162.37,7821471.22,CORP FIN OPS,HDFC0001234
UTR111325589,2026-04-06 11:15:16,CMS/RAZORPAY/pay_fdb357f282cd42/ORD-2026-1373,CREDIT,3631.25,7825102.47,CORP FIN OPS,HDFC0001234
UTR717654311,2026-04-06 11:30:23,CMS/RAZORPAY/pay_aedddd7741164f/ORD-2026-1374,CREDIT,6025.8,7831128.27,CORP FIN OPS,HDFC0001234
UTR126373949,2026-04-06 11:45:06,CMS/RAZORPAY/pay_69305399040e4a/ORD-2026-1375,CREDIT,4670.87,7835799.14,CORP FIN OPS,HDFC0001234
UTR474015041,2026-04-06 12:00:29,CMS/RAZORPAY/pay_912a022d1b5c4e/ORD-2026-1376,CREDIT,11591.73,7847390.87,CORP FIN OPS,HDFC0001234
UTR204821934,2026-04-06 12:15:46,CMS/RAZORPAY/pay_f37b2ae7809f48/ORD-2026-1377,CREDIT,10352.84,7857743.71,CORP FIN OPS,HDFC0001234
UTR969930526,2026-04-06 12:30:01,CMS/RAZORPAY/pay_cc038b1ad62b44/ORD-2026-1378,CREDIT,12510.72,7870254.43,CORP FIN OPS,HDFC0001234
UTR895094534,2026-04-06 12:45:11,CMS/RAZORPAY/pay_3f3c55d1710345/ORD-2026-1379,CREDIT,8302.04,7878556.47,CORP FIN OPS,HDFC0001234
UTR596126873,2026-04-06 13:00:40,CMS/RAZORPAY/pay_12cbeaf17e354e/ORD-2026-1380,CREDIT,3099.63,7881656.1,CORP FIN OPS,HDFC0001234
UTR759392301,2026-04-06 13:15:37,CMS/RAZORPAY/pay_a19b41a4cd3b4b/ORD-2026-1381,CREDIT,6569.73,7888225.83,CORP FIN OPS,HDFC0001234
UTR398870482,2026-04-06 13:30:36,CMS/RAZORPAY/pay_4721fb4cd11f41/ORD-2026-1382,CREDIT,1928.78,7890154.61,CORP FIN OPS,HDFC0001234
UTR311606895,2026-04-06 13:45:07,CMS/RAZORPAY/pay_3db67beaeeda4d/ORD-2026-1383,CREDIT,4202.55,7894357.16,CORP FIN OPS,HDFC0001234
UTR517298229,2026-04-06 14:00:37,CMS/RAZORPAY/pay_93074d4bd41347/ORD-2026-1384,CREDIT,2105.48,7896462.64,CORP FIN OPS,HDFC0001234
UTR973744799,2026-04-06 14:15:37,CMS/RAZORPAY/pay_4315edb16d4448/ORD-2026-1385,CREDIT,1688.1,7898150.74,CORP FIN OPS,HDFC0001234
UTR427899285,2026-04-06 14:30:11,CMS/RAZORPAY/pay_54898726deef4e/ORD-2026-1386,CREDIT,5773.39,7903924.13,CORP FIN OPS,HDFC0001234
UTR740407346,2026-04-06 14:45:24,CMS/RAZORPAY/pay_b7cb2442bb2c4c/ORD-2026-1387,CREDIT,6477.5,7910401.63,CORP FIN OPS,HDFC0001234
UTR792842747,2026-04-06 15:00:10,CMS/RAZORPAY/pay_d0ddddcc0deb45/ORD-2026-1388,CREDIT,7420.45,7917822.08,CORP FIN OPS,HDFC0001234
UTR584258607,2026-04-06 15:15:55,CMS/RAZORPAY/pay_b74ab8b3f9dd40/ORD-2026-1389,CREDIT,5571.41,7923393.49,CORP FIN OPS,HDFC0001234
UTR975331448,2026-04-06 15:30:35,CMS/RAZORPAY/pay_d7333c5c512c49/ORD-2026-1390,CREDIT,7644.09,7931037.58,CORP FIN OPS,HDFC0001234
UTR546279777,2026-04-06 15:45:31,CMS/RAZORPAY/pay_4db3023a3f4e41/ORD-2026-1391,CREDIT,2856.15,7933893.73,CORP FIN OPS,HDFC0001234
UTR395121074,2026-04-06 16:00:18,CMS/RAZORPAY/pay_ec6401e3584e4e/ORD-2026-1392,CREDIT,2869.67,7936763.4,CORP FIN OPS,HDFC0001234
UTR922399856,2026-04-06 16:15:35,CMS/RAZORPAY/pay_d5bd79b809c34c/ORD-2026-1393,CREDIT,7720.1,7944483.5,CORP FIN OPS,HDFC0001234
UTR983993176,2026-04-06 16:30:52,CMS/RAZORPAY/pay_5142b700416842/ORD-2026-1394,CREDIT,11202.63,7955686.13,CORP FIN OPS,HDFC0001234
UTR556506372,2026-04-06 16:45:47,CMS/RAZORPAY/pay_87aafb63b2c04c/ORD-2026-1395,CREDIT,12240.18,7967926.31,CORP FIN OPS,HDFC0001234
UTR382195698,2026-04-06 17:00:28,CMS/RAZORPAY/pay_6c5d4e15a8944f/ORD-2026-1396,CREDIT,12738.81,7980665.12,CORP FIN OPS,HDFC0001234
UTR892005907,2026-04-06 17:15:39,CMS/RAZORPAY/pay_0226a22b438e4d/ORD-2026-1397,CREDIT,9446.84,7990111.96,CORP FIN OPS,HDFC0001234
UTR321856166,2026-04-06 17:30:36,CMS/RAZORPAY/pay_c2b2b968383a4e/ORD-2026-1398,CREDIT,5454.97,7995566.93,CORP FIN OPS,HDFC0001234
UTR447520416,2026-04-06 17:45:36,CMS/RAZORPAY/pay_c42a0a9a4a1b48/ORD-2026-1399,CREDIT,4273.18,7999840.11,CORP FIN OPS,HDFC0001234
UTR905407446,2026-04-06 18:00:58,CMS/RAZORPAY/pay_df4c1af80afc4e/ORD-2026-1400,CREDIT,1327.57,8001167.68,CORP FIN OPS,HDFC0001234
UTR242475723,2026-04-06 18:15:45,CMS/RAZORPAY/pay_915f3f3e959a48/ORD-2026-1401,CREDIT,5048.38,8006216.06,CORP FIN OPS,HDFC0001234
UTR252655630,2026-04-06 18:30:26,CMS/RAZORPAY/pay_15a02e5b77f24a/ORD-2026-1402,CREDIT,5799.82,8012015.88,CORP FIN OPS,HDFC0001234
UTR925583165,2026-04-06 18:45:25,CMS/RAZORPAY/pay_bce178f5fb0d4e/ORD-2026-1403,CREDIT,7788.15,8019804.03,CORP FIN OPS,HDFC0001234
UTR624033772,2026-04-06 19:00:00,CMS/RAZORPAY/pay_6627f72b7d154a/ORD-2026-1404,CREDIT,12790.02,8032594.05,CORP FIN OPS,HDFC0001234
UTR848708337,2026-04-06 19:15:50,CMS/RAZORPAY/pay_a1600d86c21243/ORD-2026-1405,CREDIT,8054.47,8040648.52,CORP FIN OPS,HDFC0001234
UTR446673808,2026-04-06 19:30:35,CMS/RAZORPAY/pay_dbfe9f0688944c/ORD-2026-1406,CREDIT,8670.47,8049318.99,CORP FIN OPS,HDFC0001234
UTR149330844,2026-04-06 19:45:40,CMS/RAZORPAY/pay_1573c52c94fb45/ORD-2026-1407,CREDIT,11586.35,8060905.34,CORP FIN OPS,HDFC0001234
UTR269633510,2026-04-06 20:00:29,CMS/RAZORPAY/pay_f3ef54c61b7a4e/ORD-2026-1408,CREDIT,497.76,8061403.1,CORP FIN OPS,HDFC0001234
UTR797929178,2026-04-06 20:15:55,CMS/RAZORPAY/pay_17476ec466464a/ORD-2026-1409,CREDIT,13693.54,8075096.64,CORP FIN OPS,HDFC0001234
UTR368853440,2026-04-06 20:30:23,CMS/RAZORPAY/pay_7e2354958d5840/ORD-2026-1410,CREDIT,9896.18,8084992.82,CORP FIN OPS,HDFC0001234
UTR428038048,2026-04-06 20:45:41,CMS/RAZORPAY/pay_3b032cc1cdff46/ORD-2026-1411,CREDIT,1779.38,8086772.2,CORP FIN OPS,HDFC0001234
UTR183686071,2026-04-06 21:00:14,CMS/RAZORPAY/pay_21740ba0747e45/ORD-2026-1412,CREDIT,7842.38,8094614.58,CORP FIN OPS,HDFC0001234
UTR468909933,2026-04-06 21:15:55,CMS/RAZORPAY/pay_96bee71a23df4b/ORD-2026-1413,CREDIT,6467.24,8101081.82,CORP FIN OPS,HDFC0001234
UTR511318205,2026-04-06 21:30:46,CMS/RAZORPAY/pay_be64a7a9ddb34d/ORD-2026-1414,CREDIT,11898.77,8112980.59,CORP FIN OPS,HDFC0001234
UTR421322967,2026-04-06 21:45:49,CMS/RAZORPAY/pay_f8485ca12c1442/ORD-2026-1415,CREDIT,12003.69,8124984.28,CORP FIN OPS,HDFC0001234
UTR669628927,2026-04-06 22:00:39,CMS/RAZORPAY/pay_ab83e71e64f348/ORD-2026-1416,CREDIT,9691.05,8134675.33,CORP FIN OPS,HDFC0001234
UTR774395804,2026-04-06 22:15:39,CMS/RAZORPAY/pay_dc6561d1097f4b/ORD-2026-1417,CREDIT,10208.47,8144883.8,CORP FIN OPS,HDFC0001234
UTR232239057,2026-04-06 22:30:22,CMS/RAZORPAY/pay_853ea28873df49/ORD-2026-1418,CREDIT,14125.69,8159009.49,CORP FIN OPS,HDFC0001234
UTR792156071,2026-04-06 22:45:15,CMS/RAZORPAY/pay_ea12089ae3b843/ORD-2026-1419,CREDIT,8323.07,8167332.56,CORP FIN OPS,HDFC0001234
UTR806957378,2026-04-06 23:00:33,CMS/RAZORPAY/pay_4b774d555f774d/ORD-2026-1420,CREDIT,9080.95,8176413.51,CORP FIN OPS,HDFC0001234
UTR793819512,2026-04-06 23:15:50,CMS/RAZORPAY/pay_c3199d2ac52146/ORD-2026-1421,CREDIT,13200.67,8189614.18,CORP FIN OPS,HDFC0001234
UTR358859561,2026-04-06 23:30:40,CMS/RAZORPAY/pay_003e7e65d27b48/ORD-2026-1422,CREDIT,8896.94,8198511.12,CORP FIN OPS,HDFC0001234
UTR241715543,2026-04-06 23:45:55,CMS/RAZORPAY/pay_c49498b8c64548/ORD-2026-1423,CREDIT,12366.22,8210877.34,CORP FIN OPS,HDFC0001234
UTR285510711,2026-04-07 00:00:49,CMS/RAZORPAY/pay_8c04187913e840/ORD-2026-1424,CREDIT,1521.6,8212398.94,CORP FIN OPS,HDFC0001234
UTR142763764,2026-04-07 00:15:50,CMS/RAZORPAY/pay_30c3b10036914a/ORD-2026-1425,CREDIT,6122.66,8218521.6,CORP FIN OPS,HDFC0001234
UTR923678093,2026-04-07 00:30:27,CMS/RAZORPAY/pay_1fdb2ec1f71f42/ORD-2026-1426,CREDIT,10424.28,8228945.88,CORP FIN OPS,HDFC0001234
UTR761475488,2026-04-07 00:45:05,CMS/RAZORPAY/pay_b881478cb8c748/ORD-2026-1427,CREDIT,4875.8,8233821.68,CORP FIN OPS,HDFC0001234
UTR450845460,2026-04-07 01:00:37,CMS/RAZORPAY/pay_3f0633e0b13042/ORD-2026-1428,CREDIT,9468.41,8243290.09,CORP FIN OPS,HDFC0001234
UTR883786839,2026-04-07 01:15:15,CMS/RAZORPAY/pay_0bd18736c2ae47/ORD-2026-1429,CREDIT,1708.79,8244998.88,CORP FIN OPS,HDFC0001234
UTR753728820,2026-04-07 01:30:19,CMS/RAZORPAY/pay_7d884baa1c2d42/ORD-2026-1430,CREDIT,9918.42,8254917.3,CORP FIN OPS,HDFC0001234
UTR247330045,2026-04-07 01:45:10,CMS/RAZORPAY/pay_cadd3e95d66d4c/ORD-2026-1431,CREDIT,7516.32,8262433.62,CORP FIN OPS,HDFC0001234
UTR983160026,2026-04-07 02:00:23,CMS/RAZORPAY/pay_2684698f94b24f/ORD-2026-1432,CREDIT,2285.25,8264718.87,CORP FIN OPS,HDFC0001234
UTR131521039,2026-04-07 02:15:17,CMS/RAZORPAY/pay_38d7ffeed68d4b/ORD-2026-1433,CREDIT,7904.82,8272623.69,CORP FIN OPS,HDFC0001234
UTR632734398,2026-04-07 02:30:32,CMS/RAZORPAY/pay_d418af8b0c8e42/ORD-2026-1434,CREDIT,5586.76,8278210.45,CORP FIN OPS,HDFC0001234
UTR268910304,2026-04-07 02:45:57,CMS/RAZORPAY/pay_9a29663c74144d/ORD-2026-1435,CREDIT,8613.54,8286823.99,CORP FIN OPS,HDFC0001234
UTR102757916,2026-04-07 03:00:54,CMS/RAZORPAY/pay_5a7300d4ccca41/ORD-2026-1436,CREDIT,12705.37,8299529.36,CORP FIN OPS,HDFC0001234
UTR511221078,2026-04-07 03:15:59,CMS/RAZORPAY/pay_e456512d1c6b48/ORD-2026-1437,CREDIT,14084.53,8313613.89,CORP FIN OPS,HDFC0001234
UTR804056048,2026-04-07 03:30:14,CMS/RAZORPAY/pay_c5974577271d4a/ORD-2026-1438,CREDIT,5044.21,8318658.1,CORP FIN OPS,HDFC0001234
UTR986907524,2026-04-07 03:45:36,CMS/RAZORPAY/pay_582b4956e9b84d/ORD-2026-1439,CREDIT,5766.35,8324424.45,CORP FIN OPS,HDFC0001234
UTR963651372,2026-04-07 04:00:25,CMS/RAZORPAY/pay_83399f4ce6ac49/ORD-2026-1440,CREDIT,1464.04,8325888.49,CORP FIN OPS,HDFC0001234
UTR433609196,2026-04-07 04:15:35,CMS/RAZORPAY/pay_7ecd6d21317642/ORD-2026-1441,CREDIT,6954.72,8332843.21,CORP FIN OPS,HDFC0001234
UTR942358213,2026-04-07 04:30:39,CMS/RAZORPAY/pay_e05c512a40fd46/ORD-2026-1442,CREDIT,3922.66,8336765.87,CORP FIN OPS,HDFC0001234
UTR933101205,2026-04-07 04:45:57,CMS/RAZORPAY/pay_3736a09b764b47/ORD-2026-1443,CREDIT,8226.28,8344992.15,CORP FIN OPS,HDFC0001234
UTR540272920,2026-04-07 05:00:14,CMS/RAZORPAY/pay_c36e5a7c427840/ORD-2026-1444,CREDIT,8155.29,8353147.44,CORP FIN OPS,HDFC0001234
UTR805774632,2026-04-07 05:15:54,CMS/RAZORPAY/pay_d0445c5d3c664b/ORD-2026-1445,CREDIT,10937.83,8364085.27,CORP FIN OPS,HDFC0001234
UTR355730504,2026-04-07 05:30:31,CMS/RAZORPAY/pay_fe0d928d36ce4f/ORD-2026-1446,CREDIT,14096.47,8378181.74,CORP FIN OPS,HDFC0001234
UTR147137549,2026-04-07 05:45:26,CMS/RAZORPAY/pay_7c68f95b2b1845/ORD-2026-1447,CREDIT,10410.65,8388592.39,CORP FIN OPS,HDFC0001234
UTR202625025,2026-04-07 06:00:52,CMS/RAZORPAY/pay_2282df5a79864a/ORD-2026-1448,CREDIT,6071.35,8394663.74,CORP FIN OPS,HDFC0001234
UTR240346956,2026-04-07 06:15:16,CMS/RAZORPAY/pay_301a388dc01c4e/ORD-2026-1449,CREDIT,12535.27,8407199.01,CORP FIN OPS,HDFC0001234
UTR586145040,2026-04-07 06:30:04,CMS/RAZORPAY/pay_6402be3042ed42/ORD-2026-1450,CREDIT,13846.86,8421045.87,CORP FIN OPS,HDFC0001234
UTR213449146,2026-04-07 06:45:29,CMS/RAZORPAY/pay_0763630736884e/ORD-2026-1451,CREDIT,4934.22,8425980.09,CORP FIN OPS,HDFC0001234
UTR927142786,2026-04-07 07:00:19,CMS/RAZORPAY/pay_a9785fbd823c44/ORD-2026-1452,CREDIT,7048.17,8433028.26,CORP FIN OPS,HDFC0001234
UTR836645781,2026-04-07 07:15:44,CMS/RAZORPAY/pay_92450921419f49/ORD-2026-1453,CREDIT,9029.64,8442057.9,CORP FIN OPS,HDFC0001234
UTR863599447,2026-04-07 07:30:25,CMS/RAZORPAY/pay_429ef22f22df4a/ORD-2026-1454,CREDIT,7757.67,8449815.57,CORP FIN OPS,HDFC0001234
UTR534212844,2026-04-07 07:45:35,CMS/RAZORPAY/pay_dec196a865f14b/ORD-2026-1455,CREDIT,11079.35,8460894.92,CORP FIN OPS,HDFC0001234
UTR963177562,2026-04-07 08:00:00,CMS/RAZORPAY/pay_22620ea3e2a64a/ORD-2026-1456,CREDIT,1361.3,8462256.22,CORP FIN OPS,HDFC0001234
UTR530121446,2026-04-07 08:15:40,CMS/RAZORPAY/pay_04e82cefda3448/ORD-2026-1457,CREDIT,13762.2,8476018.42,CORP FIN OPS,HDFC0001234
UTR972680546,2026-04-07 08:30:01,CMS/RAZORPAY/pay_cc13ccf6012b42/ORD-2026-1458,CREDIT,14605.81,8490624.23,CORP FIN OPS,HDFC0001234
UTR238288872,2026-04-07 08:45:57,CMS/RAZORPAY/pay_bfa5e905ada64e/ORD-2026-1459,CREDIT,12483.75,8503107.98,CORP FIN OPS,HDFC0001234
UTR594989531,2026-04-07 09:00:10,CMS/RAZORPAY/pay_8e7970b161cf4d/ORD-2026-1460,CREDIT,13571.87,8516679.85,CORP FIN OPS,HDFC0001234
UTR131656371,2026-04-07 09:15:43,CMS/RAZORPAY/pay_01b2239a22824c/ORD-2026-1461,CREDIT,6528.83,8523208.68,CORP FIN OPS,HDFC0001234
UTR578901124,2026-04-07 09:30:39,CMS/RAZORPAY/pay_b7b4315e1a3841/ORD-2026-1462,CREDIT,9254.38,8532463.06,CORP FIN OPS,HDFC0001234
UTR542373256,2026-04-07 09:45:03,CMS/RAZORPAY/pay_c46a7a873a2f41/ORD-2026-1463,CREDIT,1730.14,8534193.2,CORP FIN OPS,HDFC0001234
UTR790042893,2026-04-07 10:00:51,CMS/RAZORPAY/pay_efbd9d5615fe4e/ORD-2026-1464,CREDIT,8185.18,8542378.38,CORP FIN OPS,HDFC0001234
UTR485593692,2026-04-07 10:15:34,CMS/RAZORPAY/pay_11efa30cbc944c/ORD-2026-1465,CREDIT,11551.6,8553929.98,CORP FIN OPS,HDFC0001234
UTR517021222,2026-04-07 10:30:01,CMS/RAZORPAY/pay_7c94e9a688624c/ORD-2026-1466,CREDIT,5002.81,8558932.79,CORP FIN OPS,HDFC0001234
UTR162911855,2026-04-07 10:45:33,CMS/RAZORPAY/pay_8b69b6e998f44e/ORD-2026-1467,CREDIT,5548.66,8564481.45,CORP FIN OPS,HDFC0001234
UTR805302800,2026-04-07 11:00:34,CMS/RAZORPAY/pay_6beaef0deb5e4e/ORD-2026-1468,CREDIT,12045.0,8576526.45,CORP FIN OPS,HDFC0001234
UTR956191734,2026-04-07 11:15:22,CMS/RAZORPAY/pay_8596b617c2cf41/ORD-2026-1469,CREDIT,13728.66,8590255.11,CORP FIN OPS,HDFC0001234
UTR441454588,2026-04-07 11:30:01,CMS/RAZORPAY/pay_2bad91d0b4314b/ORD-2026-1470,CREDIT,10447.55,8600702.66,CORP FIN OPS,HDFC0001234
UTR704633564,2026-04-07 11:45:34,CMS/RAZORPAY/pay_45058dba8c154a/ORD-2026-1471,CREDIT,4863.71,8605566.37,CORP FIN OPS,HDFC0001234
UTR349777425,2026-04-07 12:00:33,CMS/RAZORPAY/pay_bd284846fc984d/ORD-2026-1472,CREDIT,7255.47,8612821.84,CORP FIN OPS,HDFC0001234
UTR240112087,2026-04-07 12:15:11,CMS/RAZORPAY/pay_2f320fd4a6be4f/ORD-2026-1473,CREDIT,13496.11,8626317.95,CORP FIN OPS,HDFC0001234
UTR729866807,2026-04-07 12:30:54,CMS/RAZORPAY/pay_148f416887f54c/ORD-2026-1474,CREDIT,7939.38,8634257.33,CORP FIN OPS,HDFC0001234
UTR810966933,2026-04-07 12:45:37,CMS/RAZORPAY/pay_4b2a7eb5310a48/ORD-2026-1475,CREDIT,1918.6,8636175.93,CORP FIN OPS,HDFC0001234
UTR269118504,2026-04-07 13:00:50,CMS/RAZORPAY/pay_e2474ad85a4e46/ORD-2026-1476,CREDIT,9538.8,8645714.73,CORP FIN OPS,HDFC0001234
UTR859331874,2026-04-07 13:15:42,CMS/RAZORPAY/pay_6d344cbf9b2d4d/ORD-2026-1477,CREDIT,8826.44,8654541.17,CORP FIN OPS,HDFC0001234
UTR839269574,2026-04-07 13:30:11,CMS/RAZORPAY/pay_e61de36846dd4e/ORD-2026-1478,CREDIT,10806.85,8665348.02,CORP FIN OPS,HDFC0001234
UTR746809909,2026-04-07 13:45:14,CMS/RAZORPAY/pay_bb36d89844a842/ORD-2026-1479,CREDIT,9544.19,8674892.21,CORP FIN OPS,HDFC0001234
UTR900306310,2026-04-07 14:00:15,CMS/RAZORPAY/pay_f457f2d1f0f34c/ORD-2026-1480,CREDIT,5398.27,8680290.48,CORP FIN OPS,HDFC0001234
UTR195268824,2026-04-07 14:15:00,CMS/RAZORPAY/pay_c9d7a9a14f7a4a/ORD-2026-1481,CREDIT,4243.03,8684533.51,CORP FIN OPS,HDFC0001234
UTR375584366,2026-04-07 14:30:46,CMS/RAZORPAY/pay_5e5d45dcb72344/ORD-2026-1482,CREDIT,506.34,8685039.85,CORP FIN OPS,HDFC0001234
UTR278604541,2026-04-07 14:45:31,CMS/RAZORPAY/pay_a0cfa888428044/ORD-2026-1483,CREDIT,12972.13,8698011.98,CORP FIN OPS,HDFC0001234
UTR989924715,2026-04-07 15:00:50,CMS/RAZORPAY/pay_1f33654197a541/ORD-2026-1484,CREDIT,12721.27,8710733.25,CORP FIN OPS,HDFC0001234
UTR958128631,2026-04-07 15:15:18,CMS/RAZORPAY/pay_51b30275058843/ORD-2026-1485,CREDIT,772.46,8711505.71,CORP FIN OPS,HDFC0001234
UTR282649071,2026-04-07 15:30:10,CMS/RAZORPAY/pay_79750ef17fd645/ORD-2026-1486,CREDIT,10851.49,8722357.2,CORP FIN OPS,HDFC0001234
UTR758896006,2026-04-07 15:45:45,CMS/RAZORPAY/pay_b747d0cd6d9d48/ORD-2026-1487,CREDIT,926.99,8723284.19,CORP FIN OPS,HDFC0001234
UTR208724746,2026-04-07 16:00:12,CMS/RAZORPAY/pay_af993fd4636e4f/ORD-2026-1488,CREDIT,6282.71,8729566.9,CORP FIN OPS,HDFC0001234
UTR419331516,2026-04-07 16:15:03,CMS/RAZORPAY/pay_6eb1eb8b667849/ORD-2026-1489,CREDIT,6050.83,8735617.73,CORP FIN OPS,HDFC0001234
UTR104096941,2026-04-07 16:30:05,CMS/RAZORPAY/pay_e6eba08f6da343/ORD-2026-1490,CREDIT,4658.37,8740276.1,CORP FIN OPS,HDFC0001234
UTR322214072,2026-04-07 16:45:18,CMS/RAZORPAY/pay_9f0a2ea9b4b147/ORD-2026-1491,CREDIT,14321.19,8754597.29,CORP FIN OPS,HDFC0001234
UTR526777316,2026-04-07 17:00:31,CMS/RAZORPAY/pay_c22d44d2fdb94d/ORD-2026-1492,CREDIT,13157.7,8767754.99,CORP FIN OPS,HDFC0001234
UTR516104074,2026-04-07 17:15:56,CMS/RAZORPAY/pay_4878a43f0b1648/ORD-2026-1493,CREDIT,5888.63,8773643.62,CORP FIN OPS,HDFC0001234
UTR572167680,2026-04-07 17:30:16,CMS/RAZORPAY/pay_5d4e5f055c2545/ORD-2026-1494,CREDIT,3691.29,8777334.91,CORP FIN OPS,HDFC0001234
UTR907706333,2026-04-07 17:45:05,CMS/RAZORPAY/pay_790fc9d088d248/ORD-2026-1495,CREDIT,9947.61,8787282.52,CORP FIN OPS,HDFC0001234
UTR694425527,2026-04-07 18:00:53,CMS/RAZORPAY/pay_d95d7eda459a48/ORD-2026-1496,CREDIT,5968.77,8793251.29,CORP FIN OPS,HDFC0001234
UTR609838807,2026-04-07 18:15:19,CMS/RAZORPAY/pay_1dc5e874e9f04c/ORD-2026-1497,CREDIT,1606.03,8794857.32,CORP FIN OPS,HDFC0001234
UTR654928450,2026-04-07 18:30:48,CMS/RAZORPAY/pay_59ee8e3330d14f/ORD-2026-1498,CREDIT,6845.62,8801702.94,CORP FIN OPS,HDFC0001234
UTR554595339,2026-04-07 18:45:43,CMS/RAZORPAY/pay_873e05a65c664a/ORD-2026-1499,CREDIT,6652.41,8808355.35,CORP FIN OPS,HDFC0001234
UTR880720904,2026-04-07 19:00:05,CMS/RAZORPAY/pay_6d5d3462c08c46/ORD-2026-1500,CREDIT,5982.83,8814338.18,CORP FIN OPS,HDFC0001234
UTR396568375,2026-04-07 19:15:58,CMS/RAZORPAY/pay_98a845bf31cc43/ORD-2026-1501,CREDIT,12854.55,8827192.73,CORP FIN OPS,HDFC0001234
UTR260677223,2026-04-07 19:30:37,CMS/RAZORPAY/pay_fa4afed5e8ef48/ORD-2026-1502,CREDIT,8737.62,8835930.35,CORP FIN OPS,HDFC0001234
UTR208437656,2026-04-07 19:45:56,CMS/RAZORPAY/pay_95126a17f6784f/ORD-2026-1503,CREDIT,5356.63,8841286.98,CORP FIN OPS,HDFC0001234
UTR621392697,2026-04-07 20:00:02,CMS/RAZORPAY/pay_7395a00fae1549/ORD-2026-1504,CREDIT,2926.17,8844213.15,CORP FIN OPS,HDFC0001234
UTR831017246,2026-04-07 20:15:02,CMS/RAZORPAY/pay_2a1fc78d45934b/ORD-2026-1505,CREDIT,6091.75,8850304.9,CORP FIN OPS,HDFC0001234
UTR900742774,2026-04-07 20:30:58,CMS/RAZORPAY/pay_60d365c679f645/ORD-2026-1506,CREDIT,4290.76,8854595.66,CORP FIN OPS,HDFC0001234
UTR952177409,2026-04-07 20:45:17,CMS/RAZORPAY/pay_1099028c53de4a/ORD-2026-1507,CREDIT,12421.05,8867016.71,CORP FIN OPS,HDFC0001234
UTR898567178,2026-04-07 21:00:49,CMS/RAZORPAY/pay_23edc3705b824e/ORD-2026-1508,CREDIT,12180.04,8879196.75,CORP FIN OPS,HDFC0001234
UTR793159203,2026-04-07 21:15:12,CMS/RAZORPAY/pay_69961a2d8acc44/ORD-2026-1509,CREDIT,6741.93,8885938.68,CORP FIN OPS,HDFC0001234
UTR654589168,2026-04-07 21:30:32,CMS/RAZORPAY/pay_1d6745523bd247/ORD-2026-1510,CREDIT,11693.96,8897632.64,CORP FIN OPS,HDFC0001234
UTR533131502,2026-04-07 21:45:56,CMS/RAZORPAY/pay_4550f8d3138149/ORD-2026-1511,CREDIT,8539.36,8906172.0,CORP FIN OPS,HDFC0001234
UTR161877074,2026-04-07 22:00:29,CMS/RAZORPAY/pay_1d217a276c5a4c/ORD-2026-1512,CREDIT,1204.01,8907376.01,CORP FIN OPS,HDFC0001234
UTR495514868,2026-04-07 22:15:32,CMS/RAZORPAY/pay_79e38f601f444a/ORD-2026-1513,CREDIT,6108.03,8913484.04,CORP FIN OPS,HDFC0001234
UTR499933139,2026-04-07 22:30:38,CMS/RAZORPAY/pay_3aa4f881ddcb4b/ORD-2026-1514,CREDIT,6804.04,8920288.08,CORP FIN OPS,HDFC0001234
UTR469634556,2026-04-07 22:45:47,CMS/RAZORPAY/pay_7e1c6fc8754348/ORD-2026-1515,CREDIT,12251.5,8932539.58,CORP FIN OPS,HDFC0001234
UTR153312407,2026-04-07 23:00:49,CMS/RAZORPAY/pay_498ee00fec1743/ORD-2026-1516,CREDIT,14149.31,8946688.89,CORP FIN OPS,HDFC0001234
UTR321975705,2026-04-07 23:15:26,CMS/RAZORPAY/pay_d4a19a1ea15442/ORD-2026-1517,CREDIT,7755.14,8954444.03,CORP FIN OPS,HDFC0001234
UTR745471251,2026-04-07 23:30:14,CMS/RAZORPAY/pay_9859e4ced8a142/ORD-2026-1518,CREDIT,4061.5,8958505.53,CORP FIN OPS,HDFC0001234
UTR555059083,2026-04-07 23:45:54,CMS/RAZORPAY/pay_fb7db82692f34c/ORD-2026-1519,CREDIT,5425.15,8963930.68,CORP FIN OPS,HDFC0001234
UTR827133833,2026-04-08 00:00:37,CMS/RAZORPAY/pay_b887450de64246/ORD-2026-1520,CREDIT,1936.72,8965867.4,CORP FIN OPS,HDFC0001234
UTR702859986,2026-04-08 00:15:43,CMS/RAZORPAY/pay_1fc0e1429c7740/ORD-2026-1521,CREDIT,2018.73,8967886.13,CORP FIN OPS,HDFC0001234
UTR397302928,2026-04-08 00:30:45,CMS/RAZORPAY/pay_b515337f93ed47/ORD-2026-1522,CREDIT,13969.09,8981855.22,CORP FIN OPS,HDFC0001234
UTR921921869,2026-04-08 00:45:51,CMS/RAZORPAY/pay_babb3a34c51549/ORD-2026-1523,CREDIT,12625.9,8994481.12,CORP FIN OPS,HDFC0001234
UTR250248163,2026-04-08 01:00:41,CMS/RAZORPAY/pay_e511b438f6974c/ORD-2026-1524,CREDIT,7529.91,9002011.03,CORP FIN OPS,HDFC0001234
UTR891060070,2026-04-08 01:15:37,CMS/RAZORPAY/pay_be33f01fa8b041/ORD-2026-1525,CREDIT,10512.9,9012523.93,CORP FIN OPS,HDFC0001234
UTR338760659,2026-04-08 01:30:58,CMS/RAZORPAY/pay_6ec3932134254d/ORD-2026-1526,CREDIT,13806.0,9026329.93,CORP FIN OPS,HDFC0001234
UTR282521788,2026-04-08 01:45:06,CMS/RAZORPAY/pay_c085d43df6a64e/ORD-2026-1527,CREDIT,7153.41,9033483.34,CORP FIN OPS,HDFC0001234
UTR296568144,2026-04-08 02:00:05,CMS/RAZORPAY/pay_004f19dd9c024b/ORD-2026-1528,CREDIT,3634.83,9037118.17,CORP FIN OPS,HDFC0001234
UTR455749066,2026-04-08 02:15:37,CMS/RAZORPAY/pay_07e0269c953d40/ORD-2026-1529,CREDIT,4651.32,9041769.49,CORP FIN OPS,HDFC0001234
UTR781178315,2026-04-08 02:30:30,CMS/RAZORPAY/pay_2a5b5233338448/ORD-2026-1530,CREDIT,13080.52,9054850.01,CORP FIN OPS,HDFC0001234
UTR420357050,2026-04-08 02:45:03,CMS/RAZORPAY/pay_36e31df8452745/ORD-2026-1531,CREDIT,12817.5,9067667.51,CORP FIN OPS,HDFC0001234
UTR711392447,2026-04-08 03:00:09,CMS/RAZORPAY/pay_404e1d80653e44/ORD-2026-1532,CREDIT,4967.5,9072635.01,CORP FIN OPS,HDFC0001234
UTR777566277,2026-04-08 03:15:40,CMS/RAZORPAY/pay_215bad4ed4ab42/ORD-2026-1533,CREDIT,1309.55,9073944.56,CORP FIN OPS,HDFC0001234
UTR930584689,2026-04-08 03:30:48,CMS/RAZORPAY/pay_adc3b654b51041/ORD-2026-1534,CREDIT,2731.29,9076675.85,CORP FIN OPS,HDFC0001234
UTR780202067,2026-04-08 03:45:25,CMS/RAZORPAY/pay_ac1b54cfaaa545/ORD-2026-1535,CREDIT,6562.25,9083238.1,CORP FIN OPS,HDFC0001234
UTR673144707,2026-04-08 04:00:23,CMS/RAZORPAY/pay_e3aa2202cb5748/ORD-2026-1536,CREDIT,13939.08,9097177.18,CORP FIN OPS,HDFC0001234
UTR826652789,2026-04-08 04:15:40,CMS/RAZORPAY/pay_a98687cbd7a147/ORD-2026-1537,CREDIT,10874.41,9108051.59,CORP FIN OPS,HDFC0001234
UTR210282113,2026-04-08 04:30:32,CMS/RAZORPAY/pay_fa997755aeff42/ORD-2026-1538,CREDIT,8822.48,9116874.07,CORP FIN OPS,HDFC0001234
UTR412273967,2026-04-08 04:45:46,CMS/RAZORPAY/pay_46f663efc55f44/ORD-2026-1539,CREDIT,7854.34,9124728.41,CORP FIN OPS,HDFC0001234
UTR837424573,2026-04-08 05:00:57,CMS/RAZORPAY/pay_8f62fd9d879d42/ORD-2026-1540,CREDIT,7428.05,9132156.46,CORP FIN OPS,HDFC0001234
UTR533138485,2026-04-08 05:15:14,CMS/RAZORPAY/pay_734b43aca2714d/ORD-2026-1541,CREDIT,3664.1,9135820.56,CORP FIN OPS,HDFC0001234
UTR733177858,2026-04-08 05:30:23,CMS/RAZORPAY/pay_8fc5b2c521d84c/ORD-2026-1542,CREDIT,10555.96,9146376.52,CORP FIN OPS,HDFC0001234
UTR674165650,2026-04-08 05:45:38,CMS/RAZORPAY/pay_f0b80321b65a40/ORD-2026-1543,CREDIT,14570.68,9160947.2,CORP FIN OPS,HDFC0001234
UTR224328383,2026-04-08 06:00:28,CMS/RAZORPAY/pay_7357f7b3738843/ORD-2026-1544,CREDIT,5871.76,9166818.96,CORP FIN OPS,HDFC0001234
UTR264418972,2026-04-08 06:15:43,CMS/RAZORPAY/pay_622b4d5ef92647/ORD-2026-1545,CREDIT,9412.02,9176230.98,CORP FIN OPS,HDFC0001234
UTR811335671,2026-04-08 06:30:38,CMS/RAZORPAY/pay_594b48f80bfe46/ORD-2026-1546,CREDIT,10408.94,9186639.92,CORP FIN OPS,HDFC0001234
UTR763248135,2026-04-08 06:45:18,CMS/RAZORPAY/pay_d04cc8b7147744/ORD-2026-1547,CREDIT,2102.37,9188742.29,CORP FIN OPS,HDFC0001234
UTR314479266,2026-04-08 07:00:12,CMS/RAZORPAY/pay_d39696fe14664b/ORD-2026-1548,CREDIT,5555.59,9194297.88,CORP FIN OPS,HDFC0001234
UTR688559516,2026-04-08 07:15:58,CMS/RAZORPAY/pay_6177b8e26b7147/ORD-2026-1549,CREDIT,3428.69,9197726.57,CORP FIN OPS,HDFC0001234
UTR113689561,2026-04-08 07:30:58,CMS/RAZORPAY/pay_8b6b1a351f694f/ORD-2026-1550,CREDIT,2051.67,9199778.24,CORP FIN OPS,HDFC0001234
UTR180582403,2026-04-08 07:45:57,CMS/RAZORPAY/pay_3d6a8343501743/ORD-2026-1551,CREDIT,4111.07,9203889.31,CORP FIN OPS,HDFC0001234
UTR598514021,2026-04-08 08:00:06,CMS/RAZORPAY/pay_a5e955233a9b41/ORD-2026-1552,CREDIT,12001.02,9215890.33,CORP FIN OPS,HDFC0001234
UTR826672529,2026-04-08 08:15:47,CMS/RAZORPAY/pay_2104cdf6fa5146/ORD-2026-1553,CREDIT,2129.11,9218019.44,CORP FIN OPS,HDFC0001234
UTR283086166,2026-04-08 08:30:57,CMS/RAZORPAY/pay_1194dce6a85b4b/ORD-2026-1554,CREDIT,6685.27,9224704.71,CORP FIN OPS,HDFC0001234
UTR975061242,2026-04-08 08:45:07,CMS/RAZORPAY/pay_437e799406274b/ORD-2026-1555,CREDIT,6162.32,9230867.03,CORP FIN OPS,HDFC0001234
UTR613511668,2026-04-08 09:00:41,CMS/RAZORPAY/pay_072ee4417c6242/ORD-2026-1556,CREDIT,13033.76,9243900.79,CORP FIN OPS,HDFC0001234
UTR879977998,2026-04-08 09:15:54,CMS/RAZORPAY/pay_af773c8c363043/ORD-2026-1557,CREDIT,2744.89,9246645.68,CORP FIN OPS,HDFC0001234
UTR710898358,2026-04-08 09:30:11,CMS/RAZORPAY/pay_c2e5f24e171542/ORD-2026-1558,CREDIT,9143.2,9255788.88,CORP FIN OPS,HDFC0001234
UTR834937767,2026-04-08 09:45:58,CMS/RAZORPAY/pay_9d9f4796ebd04a/ORD-2026-1559,CREDIT,7398.94,9263187.82,CORP FIN OPS,HDFC0001234
UTR380904676,2026-04-08 10:00:45,CMS/RAZORPAY/pay_23e849f6606e47/ORD-2026-1560,CREDIT,12781.87,9275969.69,CORP FIN OPS,HDFC0001234
UTR706677256,2026-04-08 10:15:55,CMS/RAZORPAY/pay_6bea48821b7f4d/ORD-2026-1561,CREDIT,5277.79,9281247.48,CORP FIN OPS,HDFC0001234
UTR202265468,2026-04-08 10:30:42,CMS/RAZORPAY/pay_f6f37c568e1345/ORD-2026-1562,CREDIT,10775.99,9292023.47,CORP FIN OPS,HDFC0001234
UTR788702788,2026-04-08 10:45:09,CMS/RAZORPAY/pay_511885fb946244/ORD-2026-1563,CREDIT,12367.06,9304390.53,CORP FIN OPS,HDFC0001234
UTR268499484,2026-04-08 11:00:54,CMS/RAZORPAY/pay_d27feab57d9a49/ORD-2026-1564,CREDIT,7508.14,9311898.67,CORP FIN OPS,HDFC0001234
UTR444277942,2026-04-08 11:15:17,CMS/RAZORPAY/pay_9319eafcc4ff48/ORD-2026-1565,CREDIT,1201.06,9313099.73,CORP FIN OPS,HDFC0001234
UTR533015368,2026-04-08 11:30:29,CMS/RAZORPAY/pay_14d082875ff84e/ORD-2026-1566,CREDIT,6776.94,9319876.67,CORP FIN OPS,HDFC0001234
UTR227460504,2026-04-08 11:45:47,CMS/RAZORPAY/pay_aeb0d0d1aa3f49/ORD-2026-1567,CREDIT,9738.52,9329615.19,CORP FIN OPS,HDFC0001234
UTR698214865,2026-04-08 12:00:52,CMS/RAZORPAY/pay_36e993aa1d914c/ORD-2026-1568,CREDIT,1775.09,9331390.28,CORP FIN OPS,HDFC0001234
UTR802867083,2026-04-08 12:15:21,CMS/RAZORPAY/pay_e15d137ed2114c/ORD-2026-1569,CREDIT,5632.33,9337022.61,CORP FIN OPS,HDFC0001234
UTR924007087,2026-04-08 12:30:45,CMS/RAZORPAY/pay_e10e863257fd47/ORD-2026-1570,CREDIT,9792.24,9346814.85,CORP FIN OPS,HDFC0001234
UTR807499502,2026-04-08 12:45:21,CMS/RAZORPAY/pay_cd9b0a831f8541/ORD-2026-1571,CREDIT,5516.19,9352331.04,CORP FIN OPS,HDFC0001234
UTR853869899,2026-04-08 13:00:02,CMS/RAZORPAY/pay_2296af07459946/ORD-2026-1572,CREDIT,13186.01,9365517.05,CORP FIN OPS,HDFC0001234
UTR539386707,2026-04-08 13:15:16,CMS/RAZORPAY/pay_c0b4f35c30b64c/ORD-2026-1573,CREDIT,9136.51,9374653.56,CORP FIN OPS,HDFC0001234
UTR590749409,2026-04-08 13:30:21,CMS/RAZORPAY/pay_86c10bec66e444/ORD-2026-1574,CREDIT,2013.93,9376667.49,CORP FIN OPS,HDFC0001234
UTR732231115,2026-04-08 13:45:49,CMS/RAZORPAY/pay_9df978cd943645/ORD-2026-1575,CREDIT,13113.48,9389780.97,CORP FIN OPS,HDFC0001234
UTR641378026,2026-04-08 14:00:00,CMS/RAZORPAY/pay_1db0edb6a1144b/ORD-2026-1576,CREDIT,7996.98,9397777.95,CORP FIN OPS,HDFC0001234
UTR618544245,2026-04-08 14:15:37,CMS/RAZORPAY/pay_5ebf8c52e21741/ORD-2026-1577,CREDIT,2946.71,9400724.66,CORP FIN OPS,HDFC0001234
UTR744831376,2026-04-08 14:30:56,CMS/RAZORPAY/pay_2235d8f933a344/ORD-2026-1578,CREDIT,5934.18,9406658.84,CORP FIN OPS,HDFC0001234
UTR468141835,2026-04-08 14:45:51,CMS/RAZORPAY/pay_35a83b1dba1645/ORD-2026-1579,CREDIT,2376.45,9409035.29,CORP FIN OPS,HDFC0001234
UTR903617229,2026-04-08 15:00:35,CMS/RAZORPAY/pay_e93eb52119ce48/ORD-2026-1580,CREDIT,12673.92,9421709.21,CORP FIN OPS,HDFC0001234
UTR867064555,2026-04-08 15:15:22,CMS/RAZORPAY/pay_aead6541ca3042/ORD-2026-1581,CREDIT,13530.24,9435239.45,CORP FIN OPS,HDFC0001234
UTR290924932,2026-04-08 15:30:07,CMS/RAZORPAY/pay_f326c4cf7ca347/ORD-2026-1582,CREDIT,11259.11,9446498.56,CORP FIN OPS,HDFC0001234
UTR816354624,2026-04-08 15:45:43,CMS/RAZORPAY/pay_f058c9f1864d41/ORD-2026-1583,CREDIT,11076.38,9457574.94,CORP FIN OPS,HDFC0001234
UTR113712236,2026-04-08 16:00:01,CMS/RAZORPAY/pay_f9e884b1432f4d/ORD-2026-1584,CREDIT,5880.49,9463455.43,CORP FIN OPS,HDFC0001234
UTR386665729,2026-04-08 16:15:43,CMS/RAZORPAY/pay_7b37f49ff1f745/ORD-2026-1585,CREDIT,4035.59,9467491.02,CORP FIN OPS,HDFC0001234
UTR319044298,2026-04-08 16:30:22,CMS/RAZORPAY/pay_0df5d485bcf143/ORD-2026-1586,CREDIT,12013.02,9479504.04,CORP FIN OPS,HDFC0001234
UTR340848222,2026-04-08 16:45:15,CMS/RAZORPAY/pay_05a475fa827542/ORD-2026-1587,CREDIT,7721.73,9487225.77,CORP FIN OPS,HDFC0001234
UTR509721231,2026-04-08 17:00:26,CMS/RAZORPAY/pay_bbd2fab413ef45/ORD-2026-1588,CREDIT,14033.0,9501258.77,CORP FIN OPS,HDFC0001234
UTR898509546,2026-04-08 17:15:39,CMS/RAZORPAY/pay_5a5dc377f7a241/ORD-2026-1589,CREDIT,12789.2,9514047.97,CORP FIN OPS,HDFC0001234
UTR795389979,2026-04-08 17:30:34,CMS/RAZORPAY/pay_5ce02b72d58246/ORD-2026-1590,CREDIT,10943.03,9524991.0,CORP FIN OPS,HDFC0001234
UTR290509600,2026-04-08 17:45:11,CMS/RAZORPAY/pay_c3325ce81a7a44/ORD-2026-1591,CREDIT,14114.73,9539105.73,CORP FIN OPS,HDFC0001234
UTR560106760,2026-04-08 18:00:16,CMS/RAZORPAY/pay_fc71ed7272f744/ORD-2026-1592,CREDIT,2329.65,9541435.38,CORP FIN OPS,HDFC0001234
UTR862023079,2026-04-08 18:15:09,CMS/RAZORPAY/pay_53ec889a796640/ORD-2026-1593,CREDIT,13635.54,9555070.92,CORP FIN OPS,HDFC0001234
UTR810699207,2026-04-08 18:30:50,CMS/RAZORPAY/pay_d3c33729eecb4e/ORD-2026-1594,CREDIT,8596.05,9563666.97,CORP FIN OPS,HDFC0001234
UTR441298507,2026-04-08 18:45:33,CMS/RAZORPAY/pay_604fcab0b97447/ORD-2026-1595,CREDIT,1453.43,9565120.4,CORP FIN OPS,HDFC0001234
UTR676637967,2026-04-08 19:00:05,CMS/RAZORPAY/pay_28aa0b37328944/ORD-2026-1596,CREDIT,5434.97,9570555.37,CORP FIN OPS,HDFC0001234
UTR487403718,2026-04-08 19:15:48,CMS/RAZORPAY/pay_329ed389b6314a/ORD-2026-1597,CREDIT,9241.7,9579797.07,CORP FIN OPS,HDFC0001234
UTR109452902,2026-04-08 19:30:42,CMS/RAZORPAY/pay_41f7e41f5a3b4d/ORD-2026-1598,CREDIT,5386.91,9585183.98,CORP FIN OPS,HDFC0001234
UTR766935087,2026-04-08 19:45:43,CMS/RAZORPAY/pay_f0ec0741eea84d/ORD-2026-1599,CREDIT,13027.2,9598211.18,CORP FIN OPS,HDFC0001234
UTR680075399,2026-04-08 20:00:58,CMS/RAZORPAY/pay_f61accb1a81245/ORD-2026-1600,CREDIT,7805.91,9606017.09,CORP FIN OPS,HDFC0001234
UTR147085363,2026-04-08 20:15:12,CMS/RAZORPAY/pay_ee2a142a90d948/ORD-2026-1601,CREDIT,5023.12,9611040.21,CORP FIN OPS,HDFC0001234
UTR930344435,2026-04-08 20:30:40,CMS/RAZORPAY/pay_db48a6ffd81143/ORD-2026-1602,CREDIT,1415.13,9612455.34,CORP FIN OPS,HDFC0001234
UTR211590567,2026-04-08 20:45:53,CMS/RAZORPAY/pay_d1f12ad700aa4c/ORD-2026-1603,CREDIT,10437.49,9622892.83,CORP FIN OPS,HDFC0001234
UTR836633647,2026-04-08 21:00:29,CMS/RAZORPAY/pay_9ab9e4fffd1344/ORD-2026-1604,CREDIT,10637.48,9633530.31,CORP FIN OPS,HDFC0001234
UTR291117627,2026-04-08 21:15:04,CMS/RAZORPAY/pay_751b7fd872ff46/ORD-2026-1605,CREDIT,8628.4,9642158.71,CORP FIN OPS,HDFC0001234
UTR584392493,2026-04-08 21:30:27,CMS/RAZORPAY/pay_e011f43f442e4c/ORD-2026-1606,CREDIT,4967.78,9647126.49,CORP FIN OPS,HDFC0001234
UTR106333920,2026-04-08 21:45:48,CMS/RAZORPAY/pay_41f726a440fc46/ORD-2026-1607,CREDIT,11049.22,9658175.71,CORP FIN OPS,HDFC0001234
UTR639917068,2026-04-08 22:00:18,CMS/RAZORPAY/pay_8fef006125044c/ORD-2026-1608,CREDIT,11628.85,9669804.56,CORP FIN OPS,HDFC0001234
UTR921706952,2026-04-08 22:15:24,CMS/RAZORPAY/pay_5da8804880094d/ORD-2026-1609,CREDIT,6082.14,9675886.7,CORP FIN OPS,HDFC0001234
UTR336079027,2026-04-08 22:30:25,CMS/RAZORPAY/pay_7005ad57375641/ORD-2026-1610,CREDIT,11768.72,9687655.42,CORP FIN OPS,HDFC0001234
UTR827233573,2026-04-08 22:45:35,CMS/RAZORPAY/pay_b84222ab9b2c4c/ORD-2026-1611,CREDIT,12872.98,9700528.4,CORP FIN OPS,HDFC0001234
UTR714951911,2026-04-08 23:00:34,CMS/RAZORPAY/pay_d9499799a8dd44/ORD-2026-1612,CREDIT,8239.96,9708768.36,CORP FIN OPS,HDFC0001234
UTR896104919,2026-04-08 23:15:26,CMS/RAZORPAY/pay_8fe0d01395d643/ORD-2026-1613,CREDIT,13309.91,9722078.27,CORP FIN OPS,HDFC0001234
UTR337069279,2026-04-08 23:30:07,CMS/RAZORPAY/pay_48201046518344/ORD-2026-1614,CREDIT,3055.83,9725134.1,CORP FIN OPS,HDFC0001234
UTR690197884,2026-04-08 23:45:18,CMS/RAZORPAY/pay_72022215f63241/ORD-2026-1615,CREDIT,9997.79,9735131.89,CORP FIN OPS,HDFC0001234
UTR723409836,2026-04-09 00:00:21,CMS/RAZORPAY/pay_0e1181767bf74b/ORD-2026-1616,CREDIT,5544.5,9740676.39,CORP FIN OPS,HDFC0001234
UTR174956719,2026-04-09 00:15:31,CMS/RAZORPAY/pay_296c8a27456640/ORD-2026-1617,CREDIT,6868.36,9747544.75,CORP FIN OPS,HDFC0001234
UTR707256840,2026-04-09 00:30:27,CMS/RAZORPAY/pay_6f0a0debef7d45/ORD-2026-1618,CREDIT,2875.76,9750420.51,CORP FIN OPS,HDFC0001234
UTR864717990,2026-04-09 00:45:17,CMS/RAZORPAY/pay_92f889d807d947/ORD-2026-1619,CREDIT,12382.32,9762802.83,CORP FIN OPS,HDFC0001234
UTR615346649,2026-04-09 01:00:28,CMS/RAZORPAY/pay_0f24f4bd408e42/ORD-2026-1620,CREDIT,5567.19,9768370.02,CORP FIN OPS,HDFC0001234
UTR288731774,2026-04-09 01:15:53,CMS/RAZORPAY/pay_4e1d67cb45534b/ORD-2026-1621,CREDIT,4461.1,9772831.12,CORP FIN OPS,HDFC0001234
UTR887637532,2026-04-09 01:30:46,CMS/RAZORPAY/pay_fe2491a840a647/ORD-2026-1622,CREDIT,1555.69,9774386.81,CORP FIN OPS,HDFC0001234
UTR972568129,2026-04-09 01:45:49,CMS/RAZORPAY/pay_fef0ca1673d34a/ORD-2026-1623,CREDIT,8841.82,9783228.63,CORP FIN OPS,HDFC0001234
UTR679473892,2026-04-09 02:00:41,CMS/RAZORPAY/pay_2d08e3196c144b/ORD-2026-1624,CREDIT,11463.28,9794691.91,CORP FIN OPS,HDFC0001234
UTR929084214,2026-04-09 02:15:29,CMS/RAZORPAY/pay_6c257fd594844a/ORD-2026-1625,CREDIT,7583.0,9802274.91,CORP FIN OPS,HDFC0001234
UTR111372730,2026-04-09 02:30:43,CMS/RAZORPAY/pay_ed01aa88f4714a/ORD-2026-1626,CREDIT,2836.18,9805111.09,CORP FIN OPS,HDFC0001234
UTR292355674,2026-04-09 02:45:46,CMS/RAZORPAY/pay_1b8e3d37a6e34c/ORD-2026-1627,CREDIT,7333.54,9812444.63,CORP FIN OPS,HDFC0001234
UTR623601769,2026-04-09 03:00:16,CMS/RAZORPAY/pay_a0ff6034dc044b/ORD-2026-1628,CREDIT,5718.58,9818163.21,CORP FIN OPS,HDFC0001234
UTR949824193,2026-04-09 03:15:30,CMS/RAZORPAY/pay_b14922111fc04e/ORD-2026-1629,CREDIT,13483.68,9831646.89,CORP FIN OPS,HDFC0001234
UTR855631043,2026-04-09 03:30:16,CMS/RAZORPAY/pay_658a4b3dcce343/ORD-2026-1630,CREDIT,8680.36,9840327.25,CORP FIN OPS,HDFC0001234
UTR492234424,2026-04-09 03:45:33,CMS/RAZORPAY/pay_c92048d1a65840/ORD-2026-1631,CREDIT,4050.11,9844377.36,CORP FIN OPS,HDFC0001234
UTR977501292,2026-04-09 04:00:50,CMS/RAZORPAY/pay_f4bf50cc7beb4e/ORD-2026-1632,CREDIT,7313.82,9851691.18,CORP FIN OPS,HDFC0001234
UTR346950710,2026-04-09 04:15:32,CMS/RAZORPAY/pay_fd545218642041/ORD-2026-1633,CREDIT,9598.42,9861289.6,CORP FIN OPS,HDFC0001234
UTR488933925,2026-04-09 04:30:42,CMS/RAZORPAY/pay_c93619f7f3824a/ORD-2026-1634,CREDIT,3749.4,9865039.0,CORP FIN OPS,HDFC0001234
UTR825022076,2026-04-09 04:45:30,CMS/RAZORPAY/pay_2b9c629535e34d/ORD-2026-1635,CREDIT,3471.31,9868510.31,CORP FIN OPS,HDFC0001234
UTR146325879,2026-04-09 05:00:37,CMS/RAZORPAY/pay_3ab22d6f2e3a47/ORD-2026-1636,CREDIT,2769.43,9871279.74,CORP FIN OPS,HDFC0001234
UTR278607682,2026-04-09 05:15:33,CMS/RAZORPAY/pay_8de4caadafb54f/ORD-2026-1637,CREDIT,14054.75,9885334.49,CORP FIN OPS,HDFC0001234
UTR981867712,2026-04-09 05:30:13,CMS/RAZORPAY/pay_5385d5fcc24f4a/ORD-2026-1638,CREDIT,6847.93,9892182.42,CORP FIN OPS,HDFC0001234
UTR991596102,2026-04-09 05:45:38,CMS/RAZORPAY/pay_c026c9390df245/ORD-2026-1639,CREDIT,2508.69,9894691.11,CORP FIN OPS,HDFC0001234
UTR384026939,2026-04-09 06:00:43,CMS/RAZORPAY/pay_e27c6957407242/ORD-2026-1640,CREDIT,5339.67,9900030.78,CORP FIN OPS,HDFC0001234
UTR346760672,2026-04-09 06:15:24,CMS/RAZORPAY/pay_8e8e401f0aac4e/ORD-2026-1641,CREDIT,2360.05,9902390.83,CORP FIN OPS,HDFC0001234
UTR641551915,2026-04-09 06:30:52,CMS/RAZORPAY/pay_b8ce2ade2aa541/ORD-2026-1642,CREDIT,2605.66,9904996.49,CORP FIN OPS,HDFC0001234
UTR760080817,2026-04-09 06:45:56,CMS/RAZORPAY/pay_217b7b67254b4d/ORD-2026-1643,CREDIT,11586.05,9916582.54,CORP FIN OPS,HDFC0001234
UTR808017427,2026-04-09 07:00:34,CMS/RAZORPAY/pay_59579f755fc84a/ORD-2026-1644,CREDIT,12204.09,9928786.63,CORP FIN OPS,HDFC0001234
UTR146641502,2026-04-09 07:15:14,CMS/RAZORPAY/pay_2dc993f3d23442/ORD-2026-1645,CREDIT,13774.18,9942560.81,CORP FIN OPS,HDFC0001234
UTR963955258,2026-04-09 07:30:27,CMS/RAZORPAY/pay_36541122ffa944/ORD-2026-1646,CREDIT,2383.69,9944944.5,CORP FIN OPS,HDFC0001234
UTR742411514,2026-04-09 07:45:16,CMS/RAZORPAY/pay_b36141fc9a8e40/ORD-2026-1647,CREDIT,3164.31,9948108.81,CORP FIN OPS,HDFC0001234
UTR658090039,2026-04-09 08:00:24,CMS/RAZORPAY/pay_ce5455e5b5b346/ORD-2026-1648,CREDIT,9755.13,9957863.94,CORP FIN OPS,HDFC0001234
UTR266192234,2026-04-09 08:15:41,CMS/RAZORPAY/pay_9af634004c6741/ORD-2026-1649,CREDIT,8775.75,9966639.69,CORP FIN OPS,HDFC0001234
UTR492607356,2026-04-09 08:30:25,CMS/RAZORPAY/pay_dbed4f92b89243/ORD-2026-1650,CREDIT,11176.94,9977816.63,CORP FIN OPS,HDFC0001234
UTR618045811,2026-04-09 08:45:35,CMS/RAZORPAY/pay_cfff5dd24f2348/ORD-2026-1651,CREDIT,8344.52,9986161.15,CORP FIN OPS,HDFC0001234
UTR931284997,2026-04-09 09:00:47,CMS/RAZORPAY/pay_35e11951b71149/ORD-2026-1652,CREDIT,2442.94,9988604.09,CORP FIN OPS,HDFC0001234
UTR940857164,2026-04-09 09:15:13,CMS/RAZORPAY/pay_677a7a96d8f84f/ORD-2026-1653,CREDIT,7685.22,9996289.31,CORP FIN OPS,HDFC0001234
UTR835045478,2026-04-09 09:30:10,CMS/RAZORPAY/pay_0de44385c7aa4f/ORD-2026-1654,CREDIT,5997.05,10002286.36,CORP FIN OPS,HDFC0001234
UTR744508634,2026-04-09 09:45:05,CMS/RAZORPAY/pay_e6b2f6b995004d/ORD-2026-1655,CREDIT,1395.45,10003681.81,CORP FIN OPS,HDFC0001234
UTR140539484,2026-04-09 10:00:59,CMS/RAZORPAY/pay_52655833f82047/ORD-2026-1656,CREDIT,14425.82,10018107.63,CORP FIN OPS,HDFC0001234
UTR741531280,2026-04-09 10:15:49,CMS/RAZORPAY/pay_4e40fe3366e247/ORD-2026-1657,CREDIT,12100.83,10030208.46,CORP FIN OPS,HDFC0001234
UTR805324063,2026-04-09 10:30:02,CMS/RAZORPAY/pay_405600fd60e94e/ORD-2026-1658,CREDIT,11587.34,10041795.8,CORP FIN OPS,HDFC0001234
UTR760555221,2026-04-09 10:45:02,CMS/RAZORPAY/pay_09f0e13f8ec442/ORD-2026-1659,CREDIT,5581.33,10047377.13,CORP FIN OPS,HDFC0001234
UTR396284956,2026-04-09 11:00:22,CMS/RAZORPAY/pay_b281cd21f52547/ORD-2026-1660,CREDIT,9969.14,10057346.27,CORP FIN OPS,HDFC0001234
UTR116499677,2026-04-09 11:15:58,CMS/RAZORPAY/pay_413334469f5e4b/ORD-2026-1661,CREDIT,1764.74,10059111.01,CORP FIN OPS,HDFC0001234
UTR473764425,2026-04-09 11:30:14,CMS/RAZORPAY/pay_79dd7761410540/ORD-2026-1662,CREDIT,9072.97,10068183.98,CORP FIN OPS,HDFC0001234
UTR380362052,2026-04-09 11:45:32,CMS/RAZORPAY/pay_3af8551f800f4f/ORD-2026-1663,CREDIT,1995.51,10070179.49,CORP FIN OPS,HDFC0001234
UTR225637455,2026-04-09 12:00:52,CMS/RAZORPAY/pay_9aaea708202a4c/ORD-2026-1664,CREDIT,11720.85,10081900.34,CORP FIN OPS,HDFC0001234
UTR504886868,2026-04-09 12:15:49,CMS/RAZORPAY/pay_f46157e4954c44/ORD-2026-1665,CREDIT,3932.41,10085832.75,CORP FIN OPS,HDFC0001234
UTR730100172,2026-04-09 12:30:30,CMS/RAZORPAY/pay_0ff3d713d52a4a/ORD-2026-1666,CREDIT,2134.3,10087967.05,CORP FIN OPS,HDFC0001234
UTR336633719,2026-04-09 12:45:26,CMS/RAZORPAY/pay_e9249cbe87604c/ORD-2026-1667,CREDIT,14015.21,10101982.26,CORP FIN OPS,HDFC0001234
UTR993543297,2026-04-09 13:00:18,CMS/RAZORPAY/pay_166a7c0a109243/ORD-2026-1668,CREDIT,1805.02,10103787.28,CORP FIN OPS,HDFC0001234
UTR291647610,2026-04-09 13:15:20,CMS/RAZORPAY/pay_30fa7f84169a44/ORD-2026-1669,CREDIT,5493.51,10109280.79,CORP FIN OPS,HDFC0001234
UTR304190795,2026-04-09 13:30:47,CMS/RAZORPAY/pay_1228e1a34de84c/ORD-2026-1670,CREDIT,3315.04,10112595.83,CORP FIN OPS,HDFC0001234
UTR317718930,2026-04-09 13:45:22,CMS/RAZORPAY/pay_7bf84ff785ef47/ORD-2026-1671,CREDIT,2696.76,10115292.59,CORP FIN OPS,HDFC0001234
UTR812346179,2026-04-09 14:00:39,CMS/RAZORPAY/pay_84c52049ef9148/ORD-2026-1672,CREDIT,581.97,10115874.56,CORP FIN OPS,HDFC0001234
UTR438676325,2026-04-09 14:15:57,CMS/RAZORPAY/pay_77d41b6c6b284a/ORD-2026-1673,CREDIT,14438.76,10130313.32,CORP FIN OPS,HDFC0001234
UTR920620417,2026-04-09 14:30:14,CMS/RAZORPAY/pay_9c6cd438c62146/ORD-2026-1674,CREDIT,11108.95,10141422.27,CORP FIN OPS,HDFC0001234
UTR554381628,2026-04-09 14:45:34,CMS/RAZORPAY/pay_7685d834b2034b/ORD-2026-1675,CREDIT,949.22,10142371.49,CORP FIN OPS,HDFC0001234
UTR590910502,2026-04-09 15:00:44,CMS/RAZORPAY/pay_b85db640e25040/ORD-2026-1676,CREDIT,7824.84,10150196.33,CORP FIN OPS,HDFC0001234
UTR823812653,2026-04-09 15:15:37,CMS/RAZORPAY/pay_4222738bfa8d48/ORD-2026-1677,CREDIT,1914.56,10152110.89,CORP FIN OPS,HDFC0001234
UTR382232003,2026-04-09 15:30:30,CMS/RAZORPAY/pay_1dc6ad16e67947/ORD-2026-1678,CREDIT,14058.84,10166169.73,CORP FIN OPS,HDFC0001234
UTR555205201,2026-04-09 15:45:44,CMS/RAZORPAY/pay_6d990cdd20094b/ORD-2026-1679,CREDIT,11137.63,10177307.36,CORP FIN OPS,HDFC0001234
UTR293154584,2026-04-09 16:00:43,CMS/RAZORPAY/pay_bb8c54b0c43742/ORD-2026-1680,CREDIT,3724.21,10181031.57,CORP FIN OPS,HDFC0001234
UTR353193872,2026-04-09 16:15:54,CMS/RAZORPAY/pay_25445a61f78d43/ORD-2026-1681,CREDIT,5880.67,10186912.24,CORP FIN OPS,HDFC0001234
UTR965079822,2026-04-09 16:30:11,CMS/RAZORPAY/pay_c3289b1c901e46/ORD-2026-1682,CREDIT,6456.01,10193368.25,CORP FIN OPS,HDFC0001234
UTR873695765,2026-04-09 16:45:19,CMS/RAZORPAY/pay_fa4b5f7b64904b/ORD-2026-1683,CREDIT,4041.44,10197409.69,CORP FIN OPS,HDFC0001234
UTR275387012,2026-04-09 17:00:13,CMS/RAZORPAY/pay_c02b2b52a40a4e/ORD-2026-1684,CREDIT,12010.07,10209419.76,CORP FIN OPS,HDFC0001234
UTR899500884,2026-04-09 17:15:23,CMS/RAZORPAY/pay_cf89298da6e442/ORD-2026-1685,CREDIT,5589.35,10215009.11,CORP FIN OPS,HDFC0001234
UTR230177767,2026-04-09 17:30:38,CMS/RAZORPAY/pay_af80af4feaff40/ORD-2026-1686,CREDIT,3305.0,10218314.11,CORP FIN OPS,HDFC0001234
UTR449063037,2026-04-09 17:45:49,CMS/RAZORPAY/pay_97cbdea7f14743/ORD-2026-1687,CREDIT,10915.79,10229229.9,CORP FIN OPS,HDFC0001234
UTR597950004,2026-04-09 18:00:40,CMS/RAZORPAY/pay_53204784a15142/ORD-2026-1688,CREDIT,11923.7,10241153.6,CORP FIN OPS,HDFC0001234
UTR713791169,2026-04-09 18:15:54,CMS/RAZORPAY/pay_1a2c32039ba748/ORD-2026-1689,CREDIT,13330.36,10254483.96,CORP FIN OPS,HDFC0001234
UTR436598800,2026-04-09 18:30:18,CMS/RAZORPAY/pay_e9d431ae25284a/ORD-2026-1690,CREDIT,10546.37,10265030.33,CORP FIN OPS,HDFC0001234
UTR489945274,2026-04-09 18:45:26,CMS/RAZORPAY/pay_45dc4061ee1840/ORD-2026-1691,CREDIT,2857.06,10267887.39,CORP FIN OPS,HDFC0001234
UTR810841299,2026-04-09 19:00:44,CMS/RAZORPAY/pay_6325ad1c1cbd41/ORD-2026-1692,CREDIT,11102.87,10278990.26,CORP FIN OPS,HDFC0001234
UTR202600029,2026-04-09 19:15:59,CMS/RAZORPAY/pay_6ad2c4fb5f1443/ORD-2026-1693,CREDIT,12928.53,10291918.79,CORP FIN OPS,HDFC0001234
UTR526288946,2026-04-09 19:30:06,CMS/RAZORPAY/pay_d17ea688e25b48/ORD-2026-1694,CREDIT,4203.95,10296122.74,CORP FIN OPS,HDFC0001234
UTR518594177,2026-04-09 19:45:15,CMS/RAZORPAY/pay_9506f55f140842/ORD-2026-1695,CREDIT,10930.9,10307053.64,CORP FIN OPS,HDFC0001234
UTR665585273,2026-04-09 20:00:02,CMS/RAZORPAY/pay_b750d0504ff743/ORD-2026-1696,CREDIT,9882.59,10316936.23,CORP FIN OPS,HDFC0001234
UTR680447823,2026-04-09 20:15:28,CMS/RAZORPAY/pay_7c857cf18a7144/ORD-2026-1697,CREDIT,2401.14,10319337.37,CORP FIN OPS,HDFC0001234
UTR590209766,2026-04-09 20:30:33,CMS/RAZORPAY/pay_1088b4d398a241/ORD-2026-1698,CREDIT,9546.16,10328883.53,CORP FIN OPS,HDFC0001234
UTR343877311,2026-04-09 20:45:28,CMS/RAZORPAY/pay_d54a39bafdf440/ORD-2026-1699,CREDIT,4846.94,10333730.47,CORP FIN OPS,HDFC0001234
UTR111334226,2026-04-09 21:00:33,CMS/RAZORPAY/pay_a751f2563e7549/ORD-2026-1700,CREDIT,12032.19,10345762.66,CORP FIN OPS,HDFC0001234
UTR674558056,2026-04-09 21:15:44,CMS/RAZORPAY/pay_0febb8b7a69d45/ORD-2026-1701,CREDIT,13542.94,10359305.6,CORP FIN OPS,HDFC0001234
UTR562176397,2026-04-09 21:30:14,CMS/RAZORPAY/pay_dbcf61ee48734b/ORD-2026-1702,CREDIT,11768.68,10371074.28,CORP FIN OPS,HDFC0001234
UTR701890658,2026-04-09 21:45:25,CMS/RAZORPAY/pay_d28c757bcecb47/ORD-2026-1703,CREDIT,4026.18,10375100.46,CORP FIN OPS,HDFC0001234
UTR185050803,2026-04-09 22:00:40,CMS/RAZORPAY/pay_e4f7bed549cf44/ORD-2026-1704,CREDIT,3879.88,10378980.34,CORP FIN OPS,HDFC0001234
UTR671170800,2026-04-09 22:15:12,CMS/RAZORPAY/pay_bb78f28ebf2a42/ORD-2026-1705,CREDIT,12571.63,10391551.97,CORP FIN OPS,HDFC0001234
UTR783858343,2026-04-09 22:30:39,CMS/RAZORPAY/pay_02aad8f674524b/ORD-2026-1706,CREDIT,6898.39,10398450.36,CORP FIN OPS,HDFC0001234
UTR263369074,2026-04-09 22:45:34,CMS/RAZORPAY/pay_58520efbccdd4d/ORD-2026-1707,CREDIT,801.52,10399251.88,CORP FIN OPS,HDFC0001234
UTR867935795,2026-04-09 23:00:46,CMS/RAZORPAY/pay_b49ed1ad023741/ORD-2026-1708,CREDIT,604.35,10399856.23,CORP FIN OPS,HDFC0001234
UTR333203933,2026-04-09 23:15:19,CMS/RAZORPAY/pay_a04a311a5df74f/ORD-2026-1709,CREDIT,11612.35,10411468.58,CORP FIN OPS,HDFC0001234
UTR949785821,2026-04-09 23:30:21,CMS/RAZORPAY/pay_ccec3f3483064c/ORD-2026-1710,CREDIT,1623.98,10413092.56,CORP FIN OPS,HDFC0001234
UTR521359675,2026-04-09 23:45:34,CMS/RAZORPAY/pay_7bb6c23dc0a240/ORD-2026-1711,CREDIT,7144.45,10420237.01,CORP FIN OPS,HDFC0001234
UTR230955221,2026-04-10 00:00:49,CMS/RAZORPAY/pay_fbbd2914977740/ORD-2026-1712,CREDIT,14291.67,10434528.68,CORP FIN OPS,HDFC0001234
UTR889546822,2026-04-10 00:15:33,CMS/RAZORPAY/pay_7182c72bb41b46/ORD-2026-1713,CREDIT,9917.4,10444446.08,CORP FIN OPS,HDFC0001234
UTR435124877,2026-04-10 00:30:40,CMS/RAZORPAY/pay_b7d763ef960e45/ORD-2026-1714,CREDIT,10798.44,10455244.52,CORP FIN OPS,HDFC0001234
UTR785605643,2026-04-10 00:45:23,CMS/RAZORPAY/pay_558bd46270714e/ORD-2026-1715,CREDIT,13053.52,10468298.04,CORP FIN OPS,HDFC0001234
UTR566177523,2026-04-10 01:00:10,CMS/RAZORPAY/pay_41ccf2b1ccd14f/ORD-2026-1716,CREDIT,11735.02,10480033.06,CORP FIN OPS,HDFC0001234
UTR109588354,2026-04-10 01:15:37,CMS/RAZORPAY/pay_0f5d6c83b99d45/ORD-2026-1717,CREDIT,11580.48,10491613.54,CORP FIN OPS,HDFC0001234
UTR498786278,2026-04-10 01:30:15,CMS/RAZORPAY/pay_6e7421765ffa4e/ORD-2026-1718,CREDIT,2720.87,10494334.41,CORP FIN OPS,HDFC0001234
UTR915571513,2026-04-10 01:45:03,CMS/RAZORPAY/pay_b24cfadb7c854d/ORD-2026-1719,CREDIT,5521.55,10499855.96,CORP FIN OPS,HDFC0001234
UTR215310912,2026-04-10 02:00:14,CMS/RAZORPAY/pay_6d6e175523cc4a/ORD-2026-1720,CREDIT,4972.54,10504828.5,CORP FIN OPS,HDFC0001234
UTR122927426,2026-04-10 02:15:22,CMS/RAZORPAY/pay_6e87111936ca41/ORD-2026-1721,CREDIT,10744.1,10515572.6,CORP FIN OPS,HDFC0001234
UTR569762050,2026-04-10 02:30:44,CMS/RAZORPAY/pay_8600010000a749/ORD-2026-1722,CREDIT,7426.82,10522999.42,CORP FIN OPS,HDFC0001234
UTR886411102,2026-04-10 02:45:17,CMS/RAZORPAY/pay_3f8de47f6aef44/ORD-2026-1723,CREDIT,12772.39,10535771.81,CORP FIN OPS,HDFC0001234
UTR582522615,2026-04-10 03:00:34,CMS/RAZORPAY/pay_d6220178fbd540/ORD-2026-1724,CREDIT,5685.71,10541457.52,CORP FIN OPS,HDFC0001234
UTR887759003,2026-04-10 03:15:39,CMS/RAZORPAY/pay_ceba61a11d8943/ORD-2026-1725,CREDIT,12619.01,10554076.53,CORP FIN OPS,HDFC0001234
UTR806832877,2026-04-10 03:30:12,CMS/RAZORPAY/pay_337a7f0fc5c246/ORD-2026-1726,CREDIT,7907.87,10561984.4,CORP FIN OPS,HDFC0001234
UTR404007541,2026-04-10 03:45:41,CMS/RAZORPAY/pay_268bd74c4e8043/ORD-2026-1727,CREDIT,5047.35,10567031.75,CORP FIN OPS,HDFC0001234
UTR147005473,2026-04-10 04:00:55,CMS/RAZORPAY/pay_b228fda2b6714f/ORD-2026-1728,CREDIT,930.97,10567962.72,CORP FIN OPS,HDFC0001234
UTR134163406,2026-04-10 04:15:42,CMS/RAZORPAY/pay_bb33fd9867dd41/ORD-2026-1729,CREDIT,7424.25,10575386.97,CORP FIN OPS,HDFC0001234
UTR750637748,2026-04-10 04:30:00,CMS/RAZORPAY/pay_c41bd70ed3bb4e/ORD-2026-1730,CREDIT,13657.94,10589044.91,CORP FIN OPS,HDFC0001234
UTR993436624,2026-04-10 04:45:29,CMS/RAZORPAY/pay_f266fdd3d21b4f/ORD-2026-1731,CREDIT,11828.88,10600873.79,CORP FIN OPS,HDFC0001234
UTR546626348,2026-04-10 05:00:03,CMS/RAZORPAY/pay_b7911481fb584f/ORD-2026-1732,CREDIT,12149.17,10613022.96,CORP FIN OPS,HDFC0001234
UTR175578677,2026-04-10 05:15:13,CMS/RAZORPAY/pay_d9c73620bf6b41/ORD-2026-1733,CREDIT,14088.0,10627110.96,CORP FIN OPS,HDFC0001234
UTR670866707,2026-04-10 05:30:12,CMS/RAZORPAY/pay_203fe9bf97c746/ORD-2026-1734,CREDIT,3222.35,10630333.31,CORP FIN OPS,HDFC0001234
UTR292090149,2026-04-10 05:45:47,CMS/RAZORPAY/pay_5807fb2673e448/ORD-2026-1735,CREDIT,1982.05,10632315.36,CORP FIN OPS,HDFC0001234
UTR814298538,2026-04-10 06:00:56,CMS/RAZORPAY/pay_220d113f2e8743/ORD-2026-1736,CREDIT,1962.06,10634277.42,CORP FIN OPS,HDFC0001234
UTR462401682,2026-04-10 06:15:38,CMS/RAZORPAY/pay_1f6059c338e04a/ORD-2026-1737,CREDIT,6760.29,10641037.71,CORP FIN OPS,HDFC0001234
UTR448594692,2026-04-10 06:30:48,CMS/RAZORPAY/pay_1813e87ceaa44e/ORD-2026-1738,CREDIT,9453.49,10650491.2,CORP FIN OPS,HDFC0001234
UTR685861719,2026-04-10 06:45:49,CMS/RAZORPAY/pay_f14c66bb056b46/ORD-2026-1739,CREDIT,8278.37,10658769.57,CORP FIN OPS,HDFC0001234
UTR526372748,2026-04-10 07:00:46,CMS/RAZORPAY/pay_c0a93aa383874a/ORD-2026-1740,CREDIT,978.95,10659748.52,CORP FIN OPS,HDFC0001234
UTR245047170,2026-04-10 07:15:19,CMS/RAZORPAY/pay_04dbfdc4c94441/ORD-2026-1741,CREDIT,14425.07,10674173.59,CORP FIN OPS,HDFC0001234
UTR982551268,2026-04-10 07:30:32,CMS/RAZORPAY/pay_15c8a2f8bf2b46/ORD-2026-1742,CREDIT,8364.51,10682538.1,CORP FIN OPS,HDFC0001234
UTR481882460,2026-04-10 07:45:16,CMS/RAZORPAY/pay_ad1537625d4349/ORD-2026-1743,CREDIT,5685.29,10688223.39,CORP FIN OPS,HDFC0001234
UTR422447282,2026-04-10 08:00:36,CMS/RAZORPAY/pay_46ec0947b46745/ORD-2026-1744,CREDIT,6148.46,10694371.85,CORP FIN OPS,HDFC0001234
UTR448635435,2026-04-10 08:15:11,CMS/RAZORPAY/pay_2ff5a828fd7149/ORD-2026-1745,CREDIT,7401.12,10701772.97,CORP FIN OPS,HDFC0001234
UTR140127441,2026-04-10 08:30:05,CMS/RAZORPAY/pay_bc53d3ca528649/ORD-2026-1746,CREDIT,11533.01,10713305.98,CORP FIN OPS,HDFC0001234
UTR229429404,2026-04-10 08:45:41,CMS/RAZORPAY/pay_e294c1b44c7e47/ORD-2026-1747,CREDIT,12514.94,10725820.92,CORP FIN OPS,HDFC0001234
UTR510692249,2026-04-10 09:00:19,CMS/RAZORPAY/pay_45781850b7504d/ORD-2026-1748,CREDIT,7912.32,10733733.24,CORP FIN OPS,HDFC0001234
UTR450932787,2026-04-10 09:15:03,CMS/RAZORPAY/pay_4ee13019e2eb4e/ORD-2026-1749,CREDIT,10025.4,10743758.64,CORP FIN OPS,HDFC0001234
UTR717675194,2026-04-10 09:30:14,CMS/RAZORPAY/pay_50b0f3fec69d4a/ORD-2026-1750,CREDIT,6603.46,10750362.1,CORP FIN OPS,HDFC0001234
UTR188632141,2026-04-10 09:45:36,CMS/RAZORPAY/pay_fa702b52228b4c/ORD-2026-1751,CREDIT,11040.22,10761402.32,CORP FIN OPS,HDFC0001234
UTR527915151,2026-04-10 10:00:49,CMS/RAZORPAY/pay_43b54685613940/ORD-2026-1752,CREDIT,10368.51,10771770.83,CORP FIN OPS,HDFC0001234
UTR623836867,2026-04-10 10:15:41,CMS/RAZORPAY/pay_e4c292dc7a7a4c/ORD-2026-1753,CREDIT,8576.98,10780347.81,CORP FIN OPS,HDFC0001234
UTR385891368,2026-04-10 10:30:20,CMS/RAZORPAY/pay_93ced08d4c7f4d/ORD-2026-1754,CREDIT,10182.59,10790530.4,CORP FIN OPS,HDFC0001234
UTR554773258,2026-04-10 10:45:12,CMS/RAZORPAY/pay_29d07462321b40/ORD-2026-1755,CREDIT,5029.16,10795559.56,CORP FIN OPS,HDFC0001234
UTR475505122,2026-04-10 11:00:39,CMS/RAZORPAY/pay_0e1393cfbbcd43/ORD-2026-1756,CREDIT,2552.67,10798112.23,CORP FIN OPS,HDFC0001234
UTR501387022,2026-04-10 11:15:54,CMS/RAZORPAY/pay_9814cc68d70342/ORD-2026-1757,CREDIT,1703.14,10799815.37,CORP FIN OPS,HDFC0001234
UTR993830749,2026-04-10 11:30:21,CMS/RAZORPAY/pay_50c885b983a842/ORD-2026-1758,CREDIT,10310.81,10810126.18,CORP FIN OPS,HDFC0001234
UTR124425601,2026-04-10 11:45:47,CMS/RAZORPAY/pay_22a1ac4a405a4c/ORD-2026-1759,CREDIT,8105.18,10818231.36,CORP FIN OPS,HDFC0001234
UTR377731914,2026-04-10 12:00:39,CMS/RAZORPAY/pay_275d4c1ab9504a/ORD-2026-1760,CREDIT,10822.31,10829053.67,CORP FIN OPS,HDFC0001234
UTR119744516,2026-04-10 12:15:37,CMS/RAZORPAY/pay_6f3871d46ee943/ORD-2026-1761,CREDIT,13315.74,10842369.41,CORP FIN OPS,HDFC0001234
UTR164542674,2026-04-10 12:30:50,CMS/RAZORPAY/pay_23a8dc7b29a049/ORD-2026-1762,CREDIT,10349.49,10852718.9,CORP FIN OPS,HDFC0001234
UTR108948759,2026-04-10 12:45:24,CMS/RAZORPAY/pay_8b45f1b8f4a94e/ORD-2026-1763,CREDIT,9837.63,10862556.53,CORP FIN OPS,HDFC0001234
UTR797299908,2026-04-10 13:00:14,CMS/RAZORPAY/pay_5c8838bf32b34c/ORD-2026-1764,CREDIT,14359.91,10876916.44,CORP FIN OPS,HDFC0001234
UTR438718269,2026-04-10 13:15:55,CMS/RAZORPAY/pay_a842f358a01542/ORD-2026-1765,CREDIT,8941.91,10885858.35,CORP FIN OPS,HDFC0001234
UTR591759000,2026-04-10 13:30:02,CMS/RAZORPAY/pay_b56533492d0b42/ORD-2026-1766,CREDIT,3990.74,10889849.09,CORP FIN OPS,HDFC0001234
UTR522409833,2026-04-10 13:45:22,CMS/RAZORPAY/pay_c65fc926376647/ORD-2026-1767,CREDIT,10176.54,10900025.63,CORP FIN OPS,HDFC0001234
UTR638214657,2026-04-10 14:00:40,CMS/RAZORPAY/pay_e7d79537f70a4a/ORD-2026-1768,CREDIT,4136.37,10904162.0,CORP FIN OPS,HDFC0001234
UTR342217581,2026-04-10 14:15:57,CMS/RAZORPAY/pay_7f61188cac7143/ORD-2026-1769,CREDIT,6050.04,10910212.04,CORP FIN OPS,HDFC0001234
UTR659116527,2026-04-10 14:30:15,CMS/RAZORPAY/pay_7f85ac08814c47/ORD-2026-1770,CREDIT,8599.18,10918811.22,CORP FIN OPS,HDFC0001234
UTR682219061,2026-04-10 14:45:41,CMS/RAZORPAY/pay_315da1ee4c824a/ORD-2026-1771,CREDIT,2450.14,10921261.36,CORP FIN OPS,HDFC0001234
UTR431784498,2026-04-10 15:00:58,CMS/RAZORPAY/pay_65abb78902294e/ORD-2026-1772,CREDIT,14303.05,10935564.41,CORP FIN OPS,HDFC0001234
UTR440908961,2026-04-10 15:15:35,CMS/RAZORPAY/pay_10883865248742/ORD-2026-1773,CREDIT,8033.76,10943598.17,CORP FIN OPS,HDFC0001234
UTR256253951,2026-04-10 15:30:48,CMS/RAZORPAY/pay_43ac5abf213144/ORD-2026-1774,CREDIT,5000.11,10948598.28,CORP FIN OPS,HDFC0001234
UTR900592344,2026-04-10 15:45:49,CMS/RAZORPAY/pay_4500113d8e9645/ORD-2026-1775,CREDIT,3148.93,10951747.21,CORP FIN OPS,HDFC0001234
UTR757110239,2026-04-10 16:00:36,CMS/RAZORPAY/pay_498e908ad66745/ORD-2026-1776,CREDIT,9157.89,10960905.1,CORP FIN OPS,HDFC0001234
UTR485753927,2026-04-10 16:15:44,CMS/RAZORPAY/pay_33fc8d8c452a46/ORD-2026-1777,CREDIT,11528.82,10972433.92,CORP FIN OPS,HDFC0001234
UTR797468922,2026-04-10 16:30:54,CMS/RAZORPAY/pay_1fb8bf4a09a54f/ORD-2026-1778,CREDIT,5973.79,10978407.71,CORP FIN OPS,HDFC0001234
UTR342958848,2026-04-10 16:45:26,CMS/RAZORPAY/pay_d35711db033e4d/ORD-2026-1779,CREDIT,11312.38,10989720.09,CORP FIN OPS,HDFC0001234
UTR820844854,2026-04-10 17:00:04,CMS/RAZORPAY/pay_183f28b0747443/ORD-2026-1780,CREDIT,2995.24,10992715.33,CORP FIN OPS,HDFC0001234
UTR448854016,2026-04-10 17:15:56,CMS/RAZORPAY/pay_4ac8bd7d405247/ORD-2026-1781,CREDIT,3982.12,10996697.45,CORP FIN OPS,HDFC0001234
UTR985116006,2026-04-10 17:30:46,CMS/RAZORPAY/pay_5f2b6967cdfc47/ORD-2026-1782,CREDIT,4918.14,11001615.59,CORP FIN OPS,HDFC0001234
UTR856035092,2026-04-10 17:45:33,CMS/RAZORPAY/pay_e5bae6823d034a/ORD-2026-1783,CREDIT,2035.88,11003651.47,CORP FIN OPS,HDFC0001234
UTR677532596,2026-04-10 18:00:47,CMS/RAZORPAY/pay_560650f103834f/ORD-2026-1784,CREDIT,1043.92,11004695.39,CORP FIN OPS,HDFC0001234
UTR152930584,2026-04-10 18:15:28,CMS/RAZORPAY/pay_a6eaf834ca7043/ORD-2026-1785,CREDIT,6123.57,11010818.96,CORP FIN OPS,HDFC0001234
UTR553615317,2026-04-10 18:30:58,CMS/RAZORPAY/pay_7e5e7201032242/ORD-2026-1786,CREDIT,1260.46,11012079.42,CORP FIN OPS,HDFC0001234
UTR793746209,2026-04-10 18:45:05,CMS/RAZORPAY/pay_8d4f10e3f8774f/ORD-2026-1787,CREDIT,10719.29,11022798.71,CORP FIN OPS,HDFC0001234
UTR847446866,2026-04-10 19:00:26,CMS/RAZORPAY/pay_0df9e852e15f4f/ORD-2026-1788,CREDIT,5067.7,11027866.41,CORP FIN OPS,HDFC0001234
UTR865185345,2026-04-10 19:15:05,CMS/RAZORPAY/pay_3715484390564e/ORD-2026-1789,CREDIT,4028.82,11031895.23,CORP FIN OPS,HDFC0001234
UTR197915848,2026-04-10 19:30:45,CMS/RAZORPAY/pay_07b3c30423f340/ORD-2026-1790,CREDIT,6850.69,11038745.92,CORP FIN OPS,HDFC0001234
UTR512410679,2026-04-10 19:45:35,CMS/RAZORPAY/pay_09c10c69ef8e40/ORD-2026-1791,CREDIT,5876.75,11044622.67,CORP FIN OPS,HDFC0001234
UTR808165309,2026-04-10 20:00:55,CMS/RAZORPAY/pay_6cfe8540759d48/ORD-2026-1792,CREDIT,2535.52,11047158.19,CORP FIN OPS,HDFC0001234
UTR884005207,2026-04-10 20:15:18,CMS/RAZORPAY/pay_15766044fef649/ORD-2026-1793,CREDIT,9357.4,11056515.59,CORP FIN OPS,HDFC0001234
UTR921837488,2026-04-10 20:30:29,CMS/RAZORPAY/pay_d9a8cbefc05748/ORD-2026-1794,CREDIT,7533.51,11064049.1,CORP FIN OPS,HDFC0001234
UTR629855936,2026-04-10 20:45:37,CMS/RAZORPAY/pay_03b9b8617ca745/ORD-2026-1795,CREDIT,9824.84,11073873.94,CORP FIN OPS,HDFC0001234
UTR745551372,2026-04-10 21:00:15,CMS/RAZORPAY/pay_ad860abcbac64f/ORD-2026-1796,CREDIT,12977.75,11086851.69,CORP FIN OPS,HDFC0001234
UTR980598636,2026-04-10 21:15:11,CMS/RAZORPAY/pay_0b8a13b7ce9e4c/ORD-2026-1797,CREDIT,2587.18,11089438.87,CORP FIN OPS,HDFC0001234
UTR134823688,2026-04-10 21:30:58,CMS/RAZORPAY/pay_650cbbfc575d4a/ORD-2026-1798,CREDIT,1729.88,11091168.75,CORP FIN OPS,HDFC0001234
UTR405351281,2026-04-10 21:45:47,CMS/RAZORPAY/pay_48a7c8ebe42d46/ORD-2026-1799,CREDIT,8685.09,11099853.84,CORP FIN OPS,HDFC0001234
UTR446627326,2026-04-10 22:00:52,CMS/RAZORPAY/pay_849e2f5e8e964b/ORD-2026-1800,CREDIT,1446.22,11101300.06,CORP FIN OPS,HDFC0001234
UTR605535739,2026-04-10 22:15:44,CMS/RAZORPAY/pay_9b8815d1feab45/ORD-2026-1801,CREDIT,12655.53,11113955.59,CORP FIN OPS,HDFC0001234
UTR325319746,2026-04-10 22:30:03,CMS/RAZORPAY/pay_069d57e1494b42/ORD-2026-1802,CREDIT,2035.67,11115991.26,CORP FIN OPS,HDFC0001234
UTR839436897,2026-04-10 22:45:38,CMS/RAZORPAY/pay_2b510f39a8ea47/ORD-2026-1803,CREDIT,12491.16,11128482.42,CORP FIN OPS,HDFC0001234
UTR769203305,2026-04-10 23:00:39,CMS/RAZORPAY/pay_d330cd1ca1204d/ORD-2026-1804,CREDIT,8453.87,11136936.29,CORP FIN OPS,HDFC0001234
UTR628822629,2026-04-10 23:15:14,CMS/RAZORPAY/pay_c9a09a9339db4e/ORD-2026-1805,CREDIT,10520.23,11147456.52,CORP FIN OPS,HDFC0001234
UTR599167150,2026-04-10 23:30:47,CMS/RAZORPAY/pay_49aad20b22dc45/ORD-2026-1806,CREDIT,12495.0,11159951.52,CORP FIN OPS,HDFC0001234
UTR475433873,2026-04-10 23:45:40,CMS/RAZORPAY/pay_62083df1ec954e/ORD-2026-1807,CREDIT,3336.57,11163288.09,CORP FIN OPS,HDFC0001234
UTR430468261,2026-04-11 00:00:35,CMS/RAZORPAY/pay_b4da52f787c44b/ORD-2026-1808,CREDIT,5074.25,11168362.34,CORP FIN OPS,HDFC0001234
UTR466534208,2026-04-11 00:15:46,CMS/RAZORPAY/pay_f30ff11ca68948/ORD-2026-1809,CREDIT,8542.87,11176905.21,CORP FIN OPS,HDFC0001234
UTR995313101,2026-04-11 00:30:30,CMS/RAZORPAY/pay_4adf16769a6d49/ORD-2026-1810,CREDIT,13459.05,11190364.26,CORP FIN OPS,HDFC0001234
UTR266844758,2026-04-11 00:45:57,CMS/RAZORPAY/pay_86fc960c4b3d42/ORD-2026-1811,CREDIT,12737.86,11203102.12,CORP FIN OPS,HDFC0001234
UTR544478713,2026-04-11 01:00:53,CMS/RAZORPAY/pay_2c5d50b2d0e64d/ORD-2026-1812,CREDIT,7865.45,11210967.57,CORP FIN OPS,HDFC0001234
UTR323620127,2026-04-11 01:15:04,CMS/RAZORPAY/pay_5b5fc764cb8845/ORD-2026-1813,CREDIT,14215.79,11225183.36,CORP FIN OPS,HDFC0001234
UTR502911719,2026-04-11 01:30:38,CMS/RAZORPAY/pay_fb36918f046f41/ORD-2026-1814,CREDIT,6003.61,11231186.97,CORP FIN OPS,HDFC0001234
UTR437691152,2026-04-11 01:45:17,CMS/RAZORPAY/pay_56c5f6d673624d/ORD-2026-1815,CREDIT,6347.69,11237534.66,CORP FIN OPS,HDFC0001234
UTR990623169,2026-04-11 02:00:33,CMS/RAZORPAY/pay_6e27f49995944a/ORD-2026-1816,CREDIT,4768.37,11242303.03,CORP FIN OPS,HDFC0001234
UTR935146073,2026-04-11 02:15:28,CMS/RAZORPAY/pay_a72b2abfc81144/ORD-2026-1817,CREDIT,7651.97,11249955.0,CORP FIN OPS,HDFC0001234
UTR465196671,2026-04-11 02:30:46,CMS/RAZORPAY/pay_84b9ab20a2e841/ORD-2026-1818,CREDIT,12860.4,11262815.4,CORP FIN OPS,HDFC0001234
UTR205496809,2026-04-11 02:45:46,CMS/RAZORPAY/pay_716352f670ed49/ORD-2026-1819,CREDIT,1005.7,11263821.1,CORP FIN OPS,HDFC0001234
UTR433913647,2026-04-11 03:00:43,CMS/RAZORPAY/pay_d3820fdc22184d/ORD-2026-1820,CREDIT,12495.77,11276316.87,CORP FIN OPS,HDFC0001234
UTR149542207,2026-04-11 03:15:33,CMS/RAZORPAY/pay_f4ab3a212b6b4d/ORD-2026-1821,CREDIT,11335.63,11287652.5,CORP FIN OPS,HDFC0001234
UTR435160886,2026-04-11 03:30:12,CMS/RAZORPAY/pay_2bcea000fad84a/ORD-2026-1822,CREDIT,3214.22,11290866.72,CORP FIN OPS,HDFC0001234
UTR573644294,2026-04-11 03:45:17,CMS/RAZORPAY/pay_80b30011ae1140/ORD-2026-1823,CREDIT,2602.26,11293468.98,CORP FIN OPS,HDFC0001234
UTR768882058,2026-04-11 04:00:13,CMS/RAZORPAY/pay_73eaf4c3479a4b/ORD-2026-1824,CREDIT,8169.22,11301638.2,CORP FIN OPS,HDFC0001234
UTR856294020,2026-04-11 04:15:15,CMS/RAZORPAY/pay_fd862ff415454c/ORD-2026-1825,CREDIT,2913.08,11304551.28,CORP FIN OPS,HDFC0001234
UTR154466824,2026-04-11 04:30:30,CMS/RAZORPAY/pay_3b6ab0b4854845/ORD-2026-1826,CREDIT,13276.84,11317828.12,CORP FIN OPS,HDFC0001234
UTR192470197,2026-04-11 04:45:25,CMS/RAZORPAY/pay_9f05836a41c94f/ORD-2026-1827,CREDIT,3022.2,11320850.32,CORP FIN OPS,HDFC0001234
UTR456838867,2026-04-11 05:00:48,CMS/RAZORPAY/pay_098cbf3dd1f74b/ORD-2026-1828,CREDIT,9986.25,11330836.57,CORP FIN OPS,HDFC0001234
UTR600036589,2026-04-11 05:15:52,CMS/RAZORPAY/pay_5700ccce59da4d/ORD-2026-1829,CREDIT,11847.72,11342684.29,CORP FIN OPS,HDFC0001234
UTR834952627,2026-04-11 05:30:30,CMS/RAZORPAY/pay_6cd2a7ec6f794e/ORD-2026-1830,CREDIT,3768.49,11346452.78,CORP FIN OPS,HDFC0001234
UTR490250763,2026-04-11 05:45:11,CMS/RAZORPAY/pay_309b50af27c84c/ORD-2026-1831,CREDIT,10393.2,11356845.98,CORP FIN OPS,HDFC0001234
UTR132495867,2026-04-11 06:00:30,CMS/RAZORPAY/pay_503475e5d20140/ORD-2026-1832,CREDIT,2086.43,11358932.41,CORP FIN OPS,HDFC0001234
UTR474322976,2026-04-11 06:15:06,CMS/RAZORPAY/pay_2148aadc334a4f/ORD-2026-1833,CREDIT,6231.82,11365164.23,CORP FIN OPS,HDFC0001234
UTR176154050,2026-04-11 06:30:29,CMS/RAZORPAY/pay_0626a190d0e14f/ORD-2026-1834,CREDIT,6162.88,11371327.11,CORP FIN OPS,HDFC0001234
UTR688355778,2026-04-11 06:45:24,CMS/RAZORPAY/pay_2608a755757b4b/ORD-2026-1835,CREDIT,1423.46,11372750.57,CORP FIN OPS,HDFC0001234
UTR942150718,2026-04-11 07:00:36,CMS/RAZORPAY/pay_7309918829e243/ORD-2026-1836,CREDIT,11635.02,11384385.59,CORP FIN OPS,HDFC0001234
UTR811474491,2026-04-11 07:15:47,CMS/RAZORPAY/pay_889f741857bb4a/ORD-2026-1837,CREDIT,13667.18,11398052.77,CORP FIN OPS,HDFC0001234
UTR597044149,2026-04-11 07:30:06,CMS/RAZORPAY/pay_7128d59ac76342/ORD-2026-1838,CREDIT,12126.23,11410179.0,CORP FIN OPS,HDFC0001234
UTR216763663,2026-04-11 07:45:20,CMS/RAZORPAY/pay_c09cf5e8f4f64d/ORD-2026-1839,CREDIT,7486.33,11417665.33,CORP FIN OPS,HDFC0001234
UTR249160711,2026-04-11 08:00:48,CMS/RAZORPAY/pay_0c121a9319334c/ORD-2026-1840,CREDIT,2565.51,11420230.84,CORP FIN OPS,HDFC0001234
UTR518740692,2026-04-11 08:15:12,CMS/RAZORPAY/pay_f48c67370fe746/ORD-2026-1841,CREDIT,3399.91,11423630.75,CORP FIN OPS,HDFC0001234
UTR829670847,2026-04-11 08:30:45,CMS/RAZORPAY/pay_7cd8b69bb6984e/ORD-2026-1842,CREDIT,14399.37,11438030.12,CORP FIN OPS,HDFC0001234
UTR756583196,2026-04-11 08:45:54,CMS/RAZORPAY/pay_f29096fcd8e04f/ORD-2026-1843,CREDIT,2294.11,11440324.23,CORP FIN OPS,HDFC0001234
UTR689360922,2026-04-11 09:00:00,CMS/RAZORPAY/pay_ff229a5af07547/ORD-2026-1844,CREDIT,10446.15,11450770.38,CORP FIN OPS,HDFC0001234
UTR352588284,2026-04-11 09:15:44,CMS/RAZORPAY/pay_50380dd5e3f24b/ORD-2026-1845,CREDIT,8843.62,11459614.0,CORP FIN OPS,HDFC0001234
UTR509702344,2026-04-11 09:30:34,CMS/RAZORPAY/pay_bfad07a70ed64b/ORD-2026-1846,CREDIT,3478.56,11463092.56,CORP FIN OPS,HDFC0001234
UTR696379379,2026-04-11 09:45:53,CMS/RAZORPAY/pay_60d1a47f21e64d/ORD-2026-1847,CREDIT,13576.83,11476669.39,CORP FIN OPS,HDFC0001234
UTR819477978,2026-04-11 10:00:00,CMS/RAZORPAY/pay_1452106c101246/ORD-2026-1848,CREDIT,1503.96,11478173.35,CORP FIN OPS,HDFC0001234
UTR622591579,2026-04-11 10:15:08,CMS/RAZORPAY/pay_9aecb93dcff84c/ORD-2026-1849,CREDIT,1686.85,11479860.2,CORP FIN OPS,HDFC0001234
UTR557096375,2026-04-11 10:30:32,CMS/RAZORPAY/pay_702411cc986c43/ORD-2026-1850,CREDIT,6492.87,11486353.07,CORP FIN OPS,HDFC0001234
UTR299491606,2026-04-11 10:45:38,CMS/RAZORPAY/pay_899d7ab1a8d040/ORD-2026-1851,CREDIT,593.39,11486946.46,CORP FIN OPS,HDFC0001234
UTR638727202,2026-04-11 11:00:59,CMS/RAZORPAY/pay_bc5ed2f1ab0e4f/ORD-2026-1852,CREDIT,8220.71,11495167.17,CORP FIN OPS,HDFC0001234
UTR856861869,2026-04-11 11:15:37,CMS/RAZORPAY/pay_e46d795764a04e/ORD-2026-1853,CREDIT,7305.65,11502472.82,CORP FIN OPS,HDFC0001234
UTR665226339,2026-04-11 11:30:33,CMS/RAZORPAY/pay_d78785ad59414a/ORD-2026-1854,CREDIT,1595.83,11504068.65,CORP FIN OPS,HDFC0001234
UTR896379397,2026-04-11 11:45:43,CMS/RAZORPAY/pay_7f416023387f4a/ORD-2026-1855,CREDIT,9459.82,11513528.47,CORP FIN OPS,HDFC0001234
UTR468879895,2026-04-11 12:00:30,CMS/RAZORPAY/pay_09bb2f36421840/ORD-2026-1856,CREDIT,6916.33,11520444.8,CORP FIN OPS,HDFC0001234
UTR552062605,2026-04-11 12:15:18,CMS/RAZORPAY/pay_183835bdb5ee46/ORD-2026-1857,CREDIT,2859.75,11523304.55,CORP FIN OPS,HDFC0001234
UTR379648695,2026-04-11 12:30:40,CMS/RAZORPAY/pay_d782dbc96bc443/ORD-2026-1858,CREDIT,7187.11,11530491.66,CORP FIN OPS,HDFC0001234
UTR413267622,2026-04-11 12:45:18,CMS/RAZORPAY/pay_5072c041e8374d/ORD-2026-1859,CREDIT,7351.34,11537843.0,CORP FIN OPS,HDFC0001234
UTR941558920,2026-04-11 13:00:08,CMS/RAZORPAY/pay_80249678e2c744/ORD-2026-1860,CREDIT,9206.55,11547049.55,CORP FIN OPS,HDFC0001234
UTR219775258,2026-04-11 13:15:47,CMS/RAZORPAY/pay_9669b66658db49/ORD-2026-1861,CREDIT,2627.95,11549677.5,CORP FIN OPS,HDFC0001234
UTR852451295,2026-04-11 13:30:11,CMS/RAZORPAY/pay_843fa83b53f34c/ORD-2026-1862,CREDIT,11805.54,11561483.04,CORP FIN OPS,HDFC0001234
UTR739460592,2026-04-11 13:45:48,CMS/RAZORPAY/pay_5dfd880614f74b/ORD-2026-1863,CREDIT,14555.18,11576038.22,CORP FIN OPS,HDFC0001234
UTR879535586,2026-04-11 14:00:36,CMS/RAZORPAY/pay_40c39029843a44/ORD-2026-1864,CREDIT,10885.15,11586923.37,CORP FIN OPS,HDFC0001234
UTR911194689,2026-04-11 14:15:03,CMS/RAZORPAY/pay_f0a3855198994d/ORD-2026-1865,CREDIT,2861.06,11589784.43,CORP FIN OPS,HDFC0001234
UTR901173040,2026-04-11 14:30:43,CMS/RAZORPAY/pay_04c3bc7cda4749/ORD-2026-1866,CREDIT,10478.05,11600262.48,CORP FIN OPS,HDFC0001234
UTR566792435,2026-04-11 14:45:18,CMS/RAZORPAY/pay_693a3ee1cfe84e/ORD-2026-1867,CREDIT,13615.64,11613878.12,CORP FIN OPS,HDFC0001234
UTR669355272,2026-04-11 15:00:06,CMS/RAZORPAY/pay_b149cc7c3b784a/ORD-2026-1868,CREDIT,13480.98,11627359.1,CORP FIN OPS,HDFC0001234
UTR800150455,2026-04-11 15:15:17,CMS/RAZORPAY/pay_84df09730d9847/ORD-2026-1869,CREDIT,4269.57,11631628.67,CORP FIN OPS,HDFC0001234
UTR519998159,2026-04-11 15:30:49,CMS/RAZORPAY/pay_2998f94301514e/ORD-2026-1870,CREDIT,10048.84,11641677.51,CORP FIN OPS,HDFC0001234
UTR927315167,2026-04-11 15:45:21,CMS/RAZORPAY/pay_8b46b2d5fed64e/ORD-2026-1871,CREDIT,10083.19,11651760.7,CORP FIN OPS,HDFC0001234
UTR822415501,2026-04-11 16:00:53,CMS/RAZORPAY/pay_25f5e5a9272a47/ORD-2026-1872,CREDIT,1450.24,11653210.94,CORP FIN OPS,HDFC0001234
UTR836049538,2026-04-11 16:15:22,CMS/RAZORPAY/pay_a7ace882f6ed44/ORD-2026-1873,CREDIT,3594.66,11656805.6,CORP FIN OPS,HDFC0001234
UTR125448191,2026-04-11 16:30:03,CMS/RAZORPAY/pay_ee147a23776e4b/ORD-2026-1874,CREDIT,13775.37,11670580.97,CORP FIN OPS,HDFC0001234
UTR860289849,2026-04-11 16:45:05,CMS/RAZORPAY/pay_b3d801c1cb314a/ORD-2026-1875,CREDIT,12613.51,11683194.48,CORP FIN OPS,HDFC0001234
UTR795683597,2026-04-11 17:00:44,CMS/RAZORPAY/pay_b9271d0e58f14a/ORD-2026-1876,CREDIT,3096.95,11686291.43,CORP FIN OPS,HDFC0001234
UTR181297478,2026-04-11 17:15:59,CMS/RAZORPAY/pay_4b2799ae805942/ORD-2026-1877,CREDIT,14578.72,11700870.15,CORP FIN OPS,HDFC0001234
UTR447252539,2026-04-11 17:30:49,CMS/RAZORPAY/pay_5d87512250bb49/ORD-2026-1878,CREDIT,1535.84,11702405.99,CORP FIN OPS,HDFC0001234
UTR164487484,2026-04-11 17:45:11,CMS/RAZORPAY/pay_df2e45e90d3d44/ORD-2026-1879,CREDIT,6725.77,11709131.76,CORP FIN OPS,HDFC0001234
UTR291600816,2026-04-11 18:00:06,CMS/RAZORPAY/pay_201c4d78e6da41/ORD-2026-1880,CREDIT,2525.12,11711656.88,CORP FIN OPS,HDFC0001234
UTR214084752,2026-04-11 18:15:45,CMS/RAZORPAY/pay_e4859b0809dc4f/ORD-2026-1881,CREDIT,4155.02,11715811.9,CORP FIN OPS,HDFC0001234
UTR881195659,2026-04-11 18:30:01,CMS/RAZORPAY/pay_69d9d1e70a5248/ORD-2026-1882,CREDIT,13180.84,11728992.74,CORP FIN OPS,HDFC0001234
UTR140625696,2026-04-11 18:45:17,CMS/RAZORPAY/pay_5a5866b9a3cd48/ORD-2026-1883,CREDIT,2634.63,11731627.37,CORP FIN OPS,HDFC0001234
UTR653388287,2026-04-11 19:00:30,CMS/RAZORPAY/pay_c8acc1c2d98f41/ORD-2026-1884,CREDIT,6661.82,11738289.19,CORP FIN OPS,HDFC0001234
UTR512771985,2026-04-11 19:15:07,CMS/RAZORPAY/pay_8b0d2e401fe442/ORD-2026-1885,CREDIT,8519.13,11746808.32,CORP FIN OPS,HDFC0001234
UTR530156867,2026-04-11 19:30:40,CMS/RAZORPAY/pay_56512c0bac3142/ORD-2026-1886,CREDIT,14603.76,11761412.08,CORP FIN OPS,HDFC0001234
UTR465139645,2026-04-11 19:45:53,CMS/RAZORPAY/pay_638a113080884c/ORD-2026-1887,CREDIT,6995.68,11768407.76,CORP FIN OPS,HDFC0001234
UTR695363509,2026-04-11 20:00:24,CMS/RAZORPAY/pay_e023cc9c147f42/ORD-2026-1888,CREDIT,9842.74,11778250.5,CORP FIN OPS,HDFC0001234
UTR214641286,2026-04-11 20:15:05,CMS/RAZORPAY/pay_c5ce470d983548/ORD-2026-1889,CREDIT,13020.89,11791271.39,CORP FIN OPS,HDFC0001234
UTR138330751,2026-04-11 20:30:46,CMS/RAZORPAY/pay_22110432ff6040/ORD-2026-1890,CREDIT,14594.8,11805866.19,CORP FIN OPS,HDFC0001234
UTR951197200,2026-04-11 20:45:34,CMS/RAZORPAY/pay_86690245be0c47/ORD-2026-1891,CREDIT,14149.82,11820016.01,CORP FIN OPS,HDFC0001234
UTR160188010,2026-04-11 21:00:02,CMS/RAZORPAY/pay_d23d3f1e268f4f/ORD-2026-1892,CREDIT,6229.29,11826245.3,CORP FIN OPS,HDFC0001234
UTR592171427,2026-04-11 21:15:37,CMS/RAZORPAY/pay_241a00109e9645/ORD-2026-1893,CREDIT,3786.76,11830032.06,CORP FIN OPS,HDFC0001234
UTR624946696,2026-04-11 21:30:30,CMS/RAZORPAY/pay_d8156bd63c634d/ORD-2026-1894,CREDIT,13331.86,11843363.92,CORP FIN OPS,HDFC0001234
UTR240163827,2026-04-11 21:45:11,CMS/RAZORPAY/pay_f242cb2e70bc48/ORD-2026-1895,CREDIT,9445.3,11852809.22,CORP FIN OPS,HDFC0001234
UTR283276335,2026-04-11 22:00:52,CMS/RAZORPAY/pay_507ba2573fc24b/ORD-2026-1896,CREDIT,12061.78,11864871.0,CORP FIN OPS,HDFC0001234
UTR761026097,2026-04-11 22:15:51,CMS/RAZORPAY/pay_49dad2ffdf0146/ORD-2026-1897,CREDIT,3357.15,11868228.15,CORP FIN OPS,HDFC0001234
UTR448144622,2026-04-11 22:30:43,CMS/RAZORPAY/pay_bb7a16176b344f/ORD-2026-1898,CREDIT,8642.62,11876870.77,CORP FIN OPS,HDFC0001234
UTR920583443,2026-04-11 22:45:37,CMS/RAZORPAY/pay_f19f87656a404d/ORD-2026-1899,CREDIT,2943.84,11879814.61,CORP FIN OPS,HDFC0001234
UTR913413214,2026-04-11 23:00:10,CMS/RAZORPAY/pay_e7ebd33467cc42/ORD-2026-1900,CREDIT,10346.21,11890160.82,CORP FIN OPS,HDFC0001234
UTR724902501,2026-04-11 23:15:08,CMS/RAZORPAY/pay_006c02966c8d4b/ORD-2026-1901,CREDIT,1903.52,11892064.34,CORP FIN OPS,HDFC0001234
UTR622877347,2026-04-11 23:30:00,CMS/RAZORPAY/pay_c630e571945a45/ORD-2026-1902,CREDIT,590.47,11892654.81,CORP FIN OPS,HDFC0001234
UTR404654428,2026-04-11 23:45:44,CMS/RAZORPAY/pay_d1d3fb9329ff4c/ORD-2026-1903,CREDIT,11919.37,11904574.18,CORP FIN OPS,HDFC0001234
UTR253639423,2026-04-12 00:00:28,CMS/RAZORPAY/pay_80176661c53d40/ORD-2026-1904,CREDIT,6321.65,11910895.83,CORP FIN OPS,HDFC0001234
UTR740242156,2026-04-12 00:15:31,CMS/RAZORPAY/pay_428f1a9b2c1043/ORD-2026-1905,CREDIT,9153.48,11920049.31,CORP FIN OPS,HDFC0001234
UTR549667909,2026-04-12 00:30:35,CMS/RAZORPAY/pay_6233f46624134c/ORD-2026-1906,CREDIT,3824.33,11923873.64,CORP FIN OPS,HDFC0001234
UTR917255218,2026-04-12 00:45:49,CMS/RAZORPAY/pay_683dccf71e424c/ORD-2026-1907,CREDIT,9357.56,11933231.2,CORP FIN OPS,HDFC0001234
UTR220988280,2026-04-12 01:00:54,CMS/RAZORPAY/pay_e476cf21f3bb4a/ORD-2026-1908,CREDIT,14201.07,11947432.27,CORP FIN OPS,HDFC0001234
UTR819560168,2026-04-12 01:15:03,CMS/RAZORPAY/pay_e7cf6c85ce624e/ORD-2026-1909,CREDIT,9618.01,11957050.28,CORP FIN OPS,HDFC0001234
UTR458946122,2026-04-12 01:30:02,CMS/RAZORPAY/pay_1c11908d62624e/ORD-2026-1910,CREDIT,1966.58,11959016.86,CORP FIN OPS,HDFC0001234
UTR943415633,2026-04-12 01:45:31,CMS/RAZORPAY/pay_83c8fcfc98ca4d/ORD-2026-1911,CREDIT,7778.1,11966794.96,CORP FIN OPS,HDFC0001234
UTR736413935,2026-04-12 02:00:12,CMS/RAZORPAY/pay_42515489549545/ORD-2026-1912,CREDIT,11065.3,11977860.26,CORP FIN OPS,HDFC0001234
UTR450181809,2026-04-12 02:15:15,CMS/RAZORPAY/pay_eb37184e8d6340/ORD-2026-1913,CREDIT,10933.08,11988793.34,CORP FIN OPS,HDFC0001234
UTR728238027,2026-04-12 02:30:03,CMS/RAZORPAY/pay_a02c84b86e6446/ORD-2026-1914,CREDIT,13095.57,12001888.91,CORP FIN OPS,HDFC0001234
UTR515892751,2026-04-12 02:45:29,CMS/RAZORPAY/pay_d4eea4c53b0741/ORD-2026-1915,CREDIT,10679.28,12012568.19,CORP FIN OPS,HDFC0001234
UTR236592599,2026-04-12 03:00:44,CMS/RAZORPAY/pay_6ec80b9da32347/ORD-2026-1916,CREDIT,8539.26,12021107.45,CORP FIN OPS,HDFC0001234
UTR599863643,2026-04-12 03:15:26,CMS/RAZORPAY/pay_c455f2cf20564e/ORD-2026-1917,CREDIT,2912.03,12024019.48,CORP FIN OPS,HDFC0001234
UTR947769596,2026-04-12 03:30:35,CMS/RAZORPAY/pay_de10d2deff9b4c/ORD-2026-1918,CREDIT,12593.18,12036612.66,CORP FIN OPS,HDFC0001234
UTR332403478,2026-04-12 03:45:53,CMS/RAZORPAY/pay_f932266a379440/ORD-2026-1919,CREDIT,7039.9,12043652.56,CORP FIN OPS,HDFC0001234
UTR364842906,2026-04-12 04:00:27,CMS/RAZORPAY/pay_fdb0bac8b3904c/ORD-2026-1920,CREDIT,8692.17,12052344.73,CORP FIN OPS,HDFC0001234
UTR147485372,2026-04-12 04:15:30,CMS/RAZORPAY/pay_b3b70c108a5545/ORD-2026-1921,CREDIT,10872.61,12063217.34,CORP FIN OPS,HDFC0001234
UTR523398047,2026-04-12 04:30:51,CMS/RAZORPAY/pay_0e6adbf766924f/ORD-2026-1922,CREDIT,11786.36,12075003.7,CORP FIN OPS,HDFC0001234
UTR189218841,2026-04-12 04:45:44,CMS/RAZORPAY/pay_106bc3bf243443/ORD-2026-1923,CREDIT,10848.68,12085852.38,CORP FIN OPS,HDFC0001234
UTR356691289,2026-04-12 05:00:01,CMS/RAZORPAY/pay_cb6bdbb9361e46/ORD-2026-1924,CREDIT,7280.86,12093133.24,CORP FIN OPS,HDFC0001234
UTR712441715,2026-04-12 05:15:29,CMS/RAZORPAY/pay_085b2a4ab82347/ORD-2026-1925,CREDIT,7054.03,12100187.27,CORP FIN OPS,HDFC0001234
UTR948104335,2026-04-12 05:30:29,CMS/RAZORPAY/pay_e7a4ed2450ad44/ORD-2026-1926,CREDIT,10453.91,12110641.18,CORP FIN OPS,HDFC0001234
UTR841687850,2026-04-12 05:45:02,CMS/RAZORPAY/pay_f7089ac73c384d/ORD-2026-1927,CREDIT,4687.26,12115328.44,CORP FIN OPS,HDFC0001234
UTR953065069,2026-04-12 06:00:05,CMS/RAZORPAY/pay_c6d28b5782734f/ORD-2026-1928,CREDIT,9272.48,12124600.92,CORP FIN OPS,HDFC0001234
UTR824403104,2026-04-12 06:15:07,CMS/RAZORPAY/pay_fa5581d86f2846/ORD-2026-1929,CREDIT,5910.0,12130510.92,CORP FIN OPS,HDFC0001234
UTR493454438,2026-04-12 06:30:35,CMS/RAZORPAY/pay_e801867a86d940/ORD-2026-1930,CREDIT,10467.67,12140978.59,CORP FIN OPS,HDFC0001234
UTR221931627,2026-04-12 06:45:47,CMS/RAZORPAY/pay_ff2329703b384e/ORD-2026-1931,CREDIT,13784.48,12154763.07,CORP FIN OPS,HDFC0001234
UTR444095402,2026-04-12 07:00:32,CMS/RAZORPAY/pay_1fe67fa82cf64b/ORD-2026-1932,CREDIT,10118.71,12164881.78,CORP FIN OPS,HDFC0001234
UTR470684221,2026-04-12 07:15:31,CMS/RAZORPAY/pay_31094f0a1c6b49/ORD-2026-1933,CREDIT,7587.63,12172469.41,CORP FIN OPS,HDFC0001234
UTR828327980,2026-04-12 07:30:39,CMS/RAZORPAY/pay_26391800337143/ORD-2026-1934,CREDIT,5700.33,12178169.74,CORP FIN OPS,HDFC0001234
UTR186082315,2026-04-12 07:45:57,CMS/RAZORPAY/pay_7c7f7bfd6c7e4f/ORD-2026-1935,CREDIT,3019.78,12181189.52,CORP FIN OPS,HDFC0001234
UTR220285474,2026-04-12 08:00:09,CMS/RAZORPAY/pay_56a55cdf98d949/ORD-2026-1936,CREDIT,12876.17,12194065.69,CORP FIN OPS,HDFC0001234
UTR547252828,2026-04-12 08:15:22,CMS/RAZORPAY/pay_08d5d9970f7941/ORD-2026-1937,CREDIT,6436.31,12200502.0,CORP FIN OPS,HDFC0001234
UTR123661636,2026-04-12 08:30:41,CMS/RAZORPAY/pay_287fe333cf3c44/ORD-2026-1938,CREDIT,5243.49,12205745.49,CORP FIN OPS,HDFC0001234
UTR450368842,2026-04-12 08:45:37,CMS/RAZORPAY/pay_39a283417f5b4f/ORD-2026-1939,CREDIT,9915.24,12215660.73,CORP FIN OPS,HDFC0001234
UTR426505925,2026-04-12 09:00:10,CMS/RAZORPAY/pay_0e7e1fc1cfb64d/ORD-2026-1940,CREDIT,11662.49,12227323.22,CORP FIN OPS,HDFC0001234
UTR409394722,2026-04-12 09:15:09,CMS/RAZORPAY/pay_73f141dd137041/ORD-2026-1941,CREDIT,5487.61,12232810.83,CORP FIN OPS,HDFC0001234
UTR272646820,2026-04-12 09:30:11,CMS/RAZORPAY/pay_d64840d4e4b24a/ORD-2026-1942,CREDIT,12371.29,12245182.12,CORP FIN OPS,HDFC0001234
UTR144186034,2026-04-12 09:45:08,CMS/RAZORPAY/pay_445ae4c068384b/ORD-2026-1943,CREDIT,6730.22,12251912.34,CORP FIN OPS,HDFC0001234
UTR859279763,2026-04-12 10:00:42,CMS/RAZORPAY/pay_acba01c09d3641/ORD-2026-1944,CREDIT,4975.43,12256887.77,CORP FIN OPS,HDFC0001234
UTR679677338,2026-04-12 10:15:19,CMS/RAZORPAY/pay_ef270a600b7c4c/ORD-2026-1945,CREDIT,2208.24,12259096.01,CORP FIN OPS,HDFC0001234
UTR591817492,2026-04-12 10:30:00,CMS/RAZORPAY/pay_4b4b4a14ef834c/ORD-2026-1946,CREDIT,14223.4,12273319.41,CORP FIN OPS,HDFC0001234
UTR857472628,2026-04-12 10:45:57,CMS/RAZORPAY/pay_7cc1c2f8dcb04c/ORD-2026-1947,CREDIT,4591.51,12277910.92,CORP FIN OPS,HDFC0001234
UTR574707201,2026-04-12 11:00:07,CMS/RAZORPAY/pay_7ad4c6c4dc5644/ORD-2026-1948,CREDIT,10846.62,12288757.54,CORP FIN OPS,HDFC0001234
UTR225494759,2026-04-12 11:15:25,CMS/RAZORPAY/pay_3383ab1e75fb48/ORD-2026-1949,CREDIT,9230.96,12297988.5,CORP FIN OPS,HDFC0001234
UTR450433330,2026-04-12 11:30:38,CMS/RAZORPAY/pay_2c8ad0cb107c40/ORD-2026-1950,CREDIT,9567.77,12307556.27,CORP FIN OPS,HDFC0001234
UTR923662117,2026-04-12 11:45:01,CMS/RAZORPAY/pay_e68974b206634e/ORD-2026-1951,CREDIT,1671.65,12309227.92,CORP FIN OPS,HDFC0001234
UTR193820269,2026-04-12 12:00:12,CMS/RAZORPAY/pay_af0148d74dde46/ORD-2026-1952,CREDIT,7432.11,12316660.03,CORP FIN OPS,HDFC0001234
UTR258855742,2026-04-12 12:15:23,CMS/RAZORPAY/pay_39a65342e89848/ORD-2026-1953,CREDIT,5954.71,12322614.74,CORP FIN OPS,HDFC0001234
UTR430804119,2026-04-12 12:30:55,CMS/RAZORPAY/pay_213eb914151642/ORD-2026-1954,CREDIT,8431.19,12331045.93,CORP FIN OPS,HDFC0001234
UTR546257594,2026-04-12 12:45:18,CMS/RAZORPAY/pay_f559868c491347/ORD-2026-1955,CREDIT,2807.11,12333853.04,CORP FIN OPS,HDFC0001234
UTR730479792,2026-04-12 13:00:09,CMS/RAZORPAY/pay_c4a90522a2bc4d/ORD-2026-1956,CREDIT,3429.95,12337282.99,CORP FIN OPS,HDFC0001234
UTR734236627,2026-04-12 13:15:05,CMS/RAZORPAY/pay_eb6bbcfd234349/ORD-2026-1957,CREDIT,581.9,12337864.89,CORP FIN OPS,HDFC0001234
UTR596197535,2026-04-12 13:30:11,CMS/RAZORPAY/pay_454081e70bc14f/ORD-2026-1958,CREDIT,12271.51,12350136.4,CORP FIN OPS,HDFC0001234
UTR983473934,2026-04-12 13:45:19,CMS/RAZORPAY/pay_e70ea45a1a8e45/ORD-2026-1959,CREDIT,7483.58,12357619.98,CORP FIN OPS,HDFC0001234
UTR102627099,2026-04-12 14:00:19,CMS/RAZORPAY/pay_306faad183d845/ORD-2026-1960,CREDIT,14023.44,12371643.42,CORP FIN OPS,HDFC0001234
UTR408903747,2026-04-12 14:15:11,CMS/RAZORPAY/pay_08ed6640921647/ORD-2026-1961,CREDIT,7452.22,12379095.64,CORP FIN OPS,HDFC0001234
UTR397659522,2026-04-12 14:30:04,CMS/RAZORPAY/pay_6b22cef205aa42/ORD-2026-1962,CREDIT,8967.18,12388062.82,CORP FIN OPS,HDFC0001234
UTR568224996,2026-04-12 14:45:43,CMS/RAZORPAY/pay_8dc0c049389f40/ORD-2026-1963,CREDIT,7227.89,12395290.71,CORP FIN OPS,HDFC0001234
UTR717684683,2026-04-12 15:00:54,CMS/RAZORPAY/pay_544eedeec0bf4d/ORD-2026-1964,CREDIT,4162.67,12399453.38,CORP FIN OPS,HDFC0001234
UTR844407003,2026-04-12 15:15:10,CMS/RAZORPAY/pay_16c12fb99e044c/ORD-2026-1965,CREDIT,1236.98,12400690.36,CORP FIN OPS,HDFC0001234
UTR482235260,2026-04-12 15:30:18,CMS/RAZORPAY/pay_affdf2eae2114b/ORD-2026-1966,CREDIT,4617.53,12405307.89,CORP FIN OPS,HDFC0001234
UTR774342024,2026-04-12 15:45:38,CMS/RAZORPAY/pay_6397e81b880042/ORD-2026-1967,CREDIT,11143.76,12416451.65,CORP FIN OPS,HDFC0001234
UTR835477875,2026-04-12 16:00:43,CMS/RAZORPAY/pay_0401385f36514e/ORD-2026-1968,CREDIT,10369.89,12426821.54,CORP FIN OPS,HDFC0001234
UTR477559154,2026-04-12 16:15:08,CMS/RAZORPAY/pay_ef7bdc531bc442/ORD-2026-1969,CREDIT,7824.36,12434645.9,CORP FIN OPS,HDFC0001234
UTR275051213,2026-04-12 16:30:13,CMS/RAZORPAY/pay_08344bc31f2f46/ORD-2026-1970,CREDIT,2676.36,12437322.26,CORP FIN OPS,HDFC0001234
UTR699851464,2026-04-12 16:45:26,CMS/RAZORPAY/pay_ddbe7348c07342/ORD-2026-1971,CREDIT,7007.74,12444330.0,CORP FIN OPS,HDFC0001234
UTR614878782,2026-04-12 17:00:44,CMS/RAZORPAY/pay_e8bc73a9ea124d/ORD-2026-1972,CREDIT,5621.37,12449951.37,CORP FIN OPS,HDFC0001234
UTR467268165,2026-04-12 17:15:19,CMS/RAZORPAY/pay_4056fe8e5b4945/ORD-2026-1973,CREDIT,895.37,12450846.74,CORP FIN OPS,HDFC0001234
UTR845439079,2026-04-12 17:30:14,CMS/RAZORPAY/pay_14d02bac92574e/ORD-2026-1974,CREDIT,4840.71,12455687.45,CORP FIN OPS,HDFC0001234
UTR919290447,2026-04-12 17:45:04,CMS/RAZORPAY/pay_8bcc390c651649/ORD-2026-1975,CREDIT,754.46,12456441.91,CORP FIN OPS,HDFC0001234
UTR215768032,2026-04-12 18:00:50,CMS/RAZORPAY/pay_b82b4b18d1f84e/ORD-2026-1976,CREDIT,9829.36,12466271.27,CORP FIN OPS,HDFC0001234
UTR371670077,2026-04-12 18:15:04,CMS/RAZORPAY/pay_a4e9fe310ef546/ORD-2026-1977,CREDIT,4758.83,12471030.1,CORP FIN OPS,HDFC0001234
UTR746169210,2026-04-12 18:30:57,CMS/RAZORPAY/pay_64580d0cdbd24f/ORD-2026-1978,CREDIT,3320.1,12474350.2,CORP FIN OPS,HDFC0001234
UTR901224008,2026-04-12 18:45:22,CMS/RAZORPAY/pay_5b2dcc12220741/ORD-2026-1979,CREDIT,5474.62,12479824.82,CORP FIN OPS,HDFC0001234
UTR642142157,2026-04-12 19:00:06,CMS/RAZORPAY/pay_494dd077bc384c/ORD-2026-1980,CREDIT,12091.74,12491916.56,CORP FIN OPS,HDFC0001234
UTR305672580,2026-04-12 19:15:57,CMS/RAZORPAY/pay_b682012c922b48/ORD-2026-1981,CREDIT,11163.43,12503079.99,CORP FIN OPS,HDFC0001234
UTR329797269,2026-04-12 19:30:23,CMS/RAZORPAY/pay_81005b97080e42/ORD-2026-1982,CREDIT,10372.23,12513452.22,CORP FIN OPS,HDFC0001234
UTR215238810,2026-04-12 19:45:24,CMS/RAZORPAY/pay_148cd0487fa74c/ORD-2026-1983,CREDIT,6492.4,12519944.62,CORP FIN OPS,HDFC0001234
UTR917557160,2026-04-12 20:00:29,CMS/RAZORPAY/pay_af941a390f6643/ORD-2026-1984,CREDIT,2050.03,12521994.65,CORP FIN OPS,HDFC0001234
UTR856699057,2026-04-12 20:15:46,CMS/RAZORPAY/pay_717a0dd9e2424a/ORD-2026-1985,CREDIT,1063.12,12523057.77,CORP FIN OPS,HDFC0001234
UTR404525471,2026-04-12 20:30:38,CMS/RAZORPAY/pay_f2d1aef3d61443/ORD-2026-1986,CREDIT,10910.81,12533968.58,CORP FIN OPS,HDFC0001234
UTR412017904,2026-04-12 20:45:12,CMS/RAZORPAY/pay_3592fa0ccca34a/ORD-2026-1987,CREDIT,12618.24,12546586.82,CORP FIN OPS,HDFC0001234
UTR113728694,2026-04-12 21:00:43,CMS/RAZORPAY/pay_a70c9831059745/ORD-2026-1988,CREDIT,1977.2,12548564.02,CORP FIN OPS,HDFC0001234
UTR191274405,2026-04-12 21:15:09,CMS/RAZORPAY/pay_9debc5823ba54a/ORD-2026-1989,CREDIT,6077.86,12554641.88,CORP FIN OPS,HDFC0001234
UTR169482279,2026-04-12 21:30:21,CMS/RAZORPAY/pay_71d5b370af7f4c/ORD-2026-1990,CREDIT,3323.49,12557965.37,CORP FIN OPS,HDFC0001234
UTR556022667,2026-04-12 21:45:17,CMS/RAZORPAY/pay_66d72b180efd4b/ORD-2026-1991,CREDIT,11316.33,12569281.7,CORP FIN OPS,HDFC0001234
UTR815838988,2026-04-12 22:00:31,CMS/RAZORPAY/pay_8b45977bd2c846/ORD-2026-1992,CREDIT,7728.7,12577010.4,CORP FIN OPS,HDFC0001234
UTR369176186,2026-04-12 22:15:31,CMS/RAZORPAY/pay_47255156af6d4f/ORD-2026-1993,CREDIT,3756.13,12580766.53,CORP FIN OPS,HDFC0001234
UTR156749852,2026-04-12 22:30:31,CMS/RAZORPAY/pay_73cf720ff5fc49/ORD-2026-1994,CREDIT,10088.71,12590855.24,CORP FIN OPS,HDFC0001234
UTR451066210,2026-04-12 22:45:39,CMS/RAZORPAY/pay_f1fb5641c59646/ORD-2026-1995,CREDIT,9311.8,12600167.04,CORP FIN OPS,HDFC0001234
UTR924174273,2026-04-12 23:00:50,CMS/RAZORPAY/pay_930ea014ec364d/ORD-2026-1996,CREDIT,7086.04,12607253.08,CORP FIN OPS,HDFC0001234
UTR642019241,2026-04-12 23:15:21,CMS/RAZORPAY/pay_aec372734ec149/ORD-2026-1997,CREDIT,11948.68,12619201.76,CORP FIN OPS,HDFC0001234
UTR920301073,2026-04-12 23:30:27,CMS/RAZORPAY/pay_f23823864a444f/ORD-2026-1998,CREDIT,12948.84,12632150.6,CORP FIN OPS,HDFC0001234
UTR504088307,2026-04-12 23:45:29,CMS/RAZORPAY/pay_a223e835e72b43/ORD-2026-1999,CREDIT,997.62,12633148.22,CORP FIN OPS,HDFC0001234
UTR936855553,2026-04-13 00:00:10,CMS/RAZORPAY/pay_71702c858f0549/ORD-2026-2000,CREDIT,7446.46,12640594.68,CORP FIN OPS,HDFC0001234
UTR623400737,2026-04-13 00:15:36,CMS/RAZORPAY/pay_9d309af8ce924e/ORD-2026-2001,CREDIT,10045.06,12650639.74,CORP FIN OPS,HDFC0001234
UTR703717150,2026-04-13 00:30:03,CMS/RAZORPAY/pay_128b49ab1af74b/ORD-2026-2002,CREDIT,6029.35,12656669.09,CORP FIN OPS,HDFC0001234
UTR478777212,2026-04-13 00:45:03,CMS/RAZORPAY/pay_ea720e01617249/ORD-2026-2003,CREDIT,886.7,12657555.79,CORP FIN OPS,HDFC0001234
UTR896777778,2026-04-13 01:00:48,CMS/RAZORPAY/pay_f14598f93e954a/ORD-2026-2004,CREDIT,13107.65,12670663.44,CORP FIN OPS,HDFC0001234
UTR470594501,2026-04-13 01:15:22,CMS/RAZORPAY/pay_62149bab52384c/ORD-2026-2005,CREDIT,1287.39,12671950.83,CORP FIN OPS,HDFC0001234
UTR435114318,2026-04-13 01:30:58,CMS/RAZORPAY/pay_f1b185b8eb3f42/ORD-2026-2006,CREDIT,10228.64,12682179.47,CORP FIN OPS,HDFC0001234
UTR121165586,2026-04-13 01:45:29,CMS/RAZORPAY/pay_7a5e23fc433543/ORD-2026-2007,CREDIT,9800.75,12691980.22,CORP FIN OPS,HDFC0001234
UTR552230665,2026-04-13 02:00:44,CMS/RAZORPAY/pay_f4465010d5824c/ORD-2026-2008,CREDIT,7138.12,12699118.34,CORP FIN OPS,HDFC0001234
UTR519082280,2026-04-13 02:15:06,CMS/RAZORPAY/pay_3e4873731e5b4a/ORD-2026-2009,CREDIT,11932.34,12711050.68,CORP FIN OPS,HDFC0001234
UTR460742313,2026-04-13 02:30:32,CMS/RAZORPAY/pay_063b9371674044/ORD-2026-2010,CREDIT,11976.65,12723027.33,CORP FIN OPS,HDFC0001234
UTR490127233,2026-04-13 02:45:12,CMS/RAZORPAY/pay_a573365d47ae40/ORD-2026-2011,CREDIT,7523.94,12730551.27,CORP FIN OPS,HDFC0001234
UTR384708123,2026-04-13 03:00:19,CMS/RAZORPAY/pay_6d90f956c0744c/ORD-2026-2012,CREDIT,14592.59,12745143.86,CORP FIN OPS,HDFC0001234
UTR198738972,2026-04-13 03:15:37,CMS/RAZORPAY/pay_b67a9b45cedd43/ORD-2026-2013,CREDIT,5257.09,12750400.95,CORP FIN OPS,HDFC0001234
UTR325205711,2026-04-13 03:30:41,CMS/RAZORPAY/pay_a47d334acc274e/ORD-2026-2014,CREDIT,12150.53,12762551.48,CORP FIN OPS,HDFC0001234
UTR679764298,2026-04-13 03:45:26,CMS/RAZORPAY/pay_33b0eccf257e4a/ORD-2026-2015,CREDIT,6183.89,12768735.37,CORP FIN OPS,HDFC0001234
UTR687940745,2026-04-13 04:00:40,CMS/RAZORPAY/pay_b36218c1459142/ORD-2026-2016,CREDIT,10445.83,12779181.2,CORP FIN OPS,HDFC0001234
UTR809535264,2026-04-13 04:15:17,CMS/RAZORPAY/pay_939cf6e6ad2842/ORD-2026-2017,CREDIT,13756.36,12792937.56,CORP FIN OPS,HDFC0001234
UTR707862900,2026-04-13 04:30:33,CMS/RAZORPAY/pay_6bf1e05198a146/ORD-2026-2018,CREDIT,3328.94,12796266.5,CORP FIN OPS,HDFC0001234
UTR901476885,2026-04-13 04:45:26,CMS/RAZORPAY/pay_444324f16e194b/ORD-2026-2019,CREDIT,4999.63,12801266.13,CORP FIN OPS,HDFC0001234
UTR542852340,2026-04-13 05:00:41,CMS/RAZORPAY/pay_2fe07ff5d72c40/ORD-2026-2020,CREDIT,2761.72,12804027.85,CORP FIN OPS,HDFC0001234
UTR261020740,2026-04-13 05:15:15,CMS/RAZORPAY/pay_001f9895c53142/ORD-2026-2021,CREDIT,11772.6,12815800.45,CORP FIN OPS,HDFC0001234
UTR568294151,2026-04-13 05:30:41,CMS/RAZORPAY/pay_bb4af4fedfdf42/ORD-2026-2022,CREDIT,13310.29,12829110.74,CORP FIN OPS,HDFC0001234
UTR131290846,2026-04-13 05:45:42,CMS/RAZORPAY/pay_9dbfcf75854c46/ORD-2026-2023,CREDIT,8284.99,12837395.73,CORP FIN OPS,HDFC0001234
UTR121376851,2026-04-13 06:00:55,CMS/RAZORPAY/pay_0b4bb3451a9e41/ORD-2026-2024,CREDIT,13180.74,12850576.47,CORP FIN OPS,HDFC0001234
UTR168270327,2026-04-13 06:15:57,CMS/RAZORPAY/pay_891fcf2fad1943/ORD-2026-2025,CREDIT,5633.63,12856210.1,CORP FIN OPS,HDFC0001234
UTR250925319,2026-04-13 06:30:36,CMS/RAZORPAY/pay_338cd1d60da141/ORD-2026-2026,CREDIT,10886.83,12867096.93,CORP FIN OPS,HDFC0001234
UTR723220947,2026-04-13 06:45:56,CMS/RAZORPAY/pay_65693acbeefa42/ORD-2026-2027,CREDIT,1765.93,12868862.86,CORP FIN OPS,HDFC0001234
UTR727415497,2026-04-13 07:00:51,CMS/RAZORPAY/pay_16dd8536e70f48/ORD-2026-2028,CREDIT,11083.53,12879946.39,CORP FIN OPS,HDFC0001234
UTR214690674,2026-04-13 07:15:17,CMS/RAZORPAY/pay_42cfce5c83d54b/ORD-2026-2029,CREDIT,6710.2,12886656.59,CORP FIN OPS,HDFC0001234
UTR672809021,2026-04-13 07:30:07,CMS/RAZORPAY/pay_b308b84c43b64c/ORD-2026-2030,CREDIT,4969.0,12891625.59,CORP FIN OPS,HDFC0001234
UTR398214359,2026-04-13 07:45:30,CMS/RAZORPAY/pay_3c9ce0715fde41/ORD-2026-2031,CREDIT,10620.53,12902246.12,CORP FIN OPS,HDFC0001234
UTR750488622,2026-04-13 08:00:53,CMS/RAZORPAY/pay_40ccb521708c41/ORD-2026-2032,CREDIT,10957.18,12913203.3,CORP FIN OPS,HDFC0001234
UTR371638319,2026-04-13 08:15:19,CMS/RAZORPAY/pay_bbad4cc0e39a47/ORD-2026-2033,CREDIT,9534.31,12922737.61,CORP FIN OPS,HDFC0001234
UTR353813127,2026-04-13 08:30:24,CMS/RAZORPAY/pay_5692f7b6096e4b/ORD-2026-2034,CREDIT,599.57,12923337.18,CORP FIN OPS,HDFC0001234
UTR983375690,2026-04-13 08:45:13,CMS/RAZORPAY/pay_1bf92efabf0948/ORD-2026-2035,CREDIT,12655.65,12935992.83,CORP FIN OPS,HDFC0001234
UTR972144388,2026-04-13 09:00:50,CMS/RAZORPAY/pay_df98ec972e8945/ORD-2026-2036,CREDIT,967.88,12936960.71,CORP FIN OPS,HDFC0001234
UTR543413836,2026-04-13 09:15:27,CMS/RAZORPAY/pay_352db9aa3ebb45/ORD-2026-2037,CREDIT,12901.21,12949861.92,CORP FIN OPS,HDFC0001234
UTR643672548,2026-04-13 09:30:22,CMS/RAZORPAY/pay_c422d9ed9cef4d/ORD-2026-2038,CREDIT,6446.8,12956308.72,CORP FIN OPS,HDFC0001234
UTR846476162,2026-04-13 09:45:48,CMS/RAZORPAY/pay_75eb7663fd2c43/ORD-2026-2039,CREDIT,1225.8,12957534.52,CORP FIN OPS,HDFC0001234
UTR788374606,2026-04-13 10:00:25,CMS/RAZORPAY/pay_8cd5a02e24bd43/ORD-2026-2040,CREDIT,3320.83,12960855.35,CORP FIN OPS,HDFC0001234
UTR219000878,2026-04-13 10:15:33,CMS/RAZORPAY/pay_b45274ab955141/ORD-2026-2041,CREDIT,10590.7,12971446.05,CORP FIN OPS,HDFC0001234
UTR951093177,2026-04-13 10:30:30,CMS/RAZORPAY/pay_61e5153d6cb448/ORD-2026-2042,CREDIT,12855.11,12984301.16,CORP FIN OPS,HDFC0001234
UTR736750819,2026-04-13 10:45:12,CMS/RAZORPAY/pay_0677c5b732b244/ORD-2026-2043,CREDIT,1683.09,12985984.25,CORP FIN OPS,HDFC0001234
UTR505144293,2026-04-13 11:00:01,CMS/RAZORPAY/pay_2759d0de09ac4e/ORD-2026-2044,CREDIT,13557.44,12999541.69,CORP FIN OPS,HDFC0001234
UTR852973431,2026-04-13 11:15:25,CMS/RAZORPAY/pay_ee7ede0b577a42/ORD-2026-2045,CREDIT,9237.78,13008779.47,CORP FIN OPS,HDFC0001234
UTR495051256,2026-04-13 11:30:07,CMS/RAZORPAY/pay_039b572361ac41/ORD-2026-2046,CREDIT,688.04,13009467.51,CORP FIN OPS,HDFC0001234
UTR587165109,2026-04-13 11:45:07,CMS/RAZORPAY/pay_2dae83cb3eaf47/ORD-2026-2047,CREDIT,3666.4,13013133.91,CORP FIN OPS,HDFC0001234
UTR385833129,2026-04-13 12:00:31,CMS/RAZORPAY/pay_f96a83c4740042/ORD-2026-2048,CREDIT,5897.53,13019031.44,CORP FIN OPS,HDFC0001234
UTR984858711,2026-04-13 12:15:43,CMS/RAZORPAY/pay_42479ef4d82842/ORD-2026-2049,CREDIT,3169.16,13022200.6,CORP FIN OPS,HDFC0001234
UTR130894901,2026-04-13 12:30:15,CMS/RAZORPAY/pay_5e94cbebf5f949/ORD-2026-2050,CREDIT,9233.19,13031433.79,CORP FIN OPS,HDFC0001234
UTR794963903,2026-04-13 12:45:05,CMS/RAZORPAY/pay_454396989aaf43/ORD-2026-2051,CREDIT,634.31,13032068.1,CORP FIN OPS,HDFC0001234
UTR327866978,2026-04-13 13:00:45,CMS/RAZORPAY/pay_e2df06b5a96a4a/ORD-2026-2052,CREDIT,6481.08,13038549.18,CORP FIN OPS,HDFC0001234
UTR163084820,2026-04-13 13:15:21,CMS/RAZORPAY/pay_138d790e10c941/ORD-2026-2053,CREDIT,13670.03,13052219.21,CORP FIN OPS,HDFC0001234
UTR961407774,2026-04-13 13:30:00,CMS/RAZORPAY/pay_05c48c6c27ec48/ORD-2026-2054,CREDIT,4079.42,13056298.63,CORP FIN OPS,HDFC0001234
UTR241989740,2026-04-13 13:45:37,CMS/RAZORPAY/pay_36eaf7687a5342/ORD-2026-2055,CREDIT,3027.72,13059326.35,CORP FIN OPS,HDFC0001234
UTR464188244,2026-04-13 14:00:08,CMS/RAZORPAY/pay_33cb8ecb0c7647/ORD-2026-2056,CREDIT,1757.42,13061083.77,CORP FIN OPS,HDFC0001234
UTR225458204,2026-04-13 14:15:08,CMS/RAZORPAY/pay_83dbd7e045d948/ORD-2026-2057,CREDIT,7555.92,13068639.69,CORP FIN OPS,HDFC0001234
UTR561801350,2026-04-13 14:30:39,CMS/RAZORPAY/pay_b428d3ccdc024c/ORD-2026-2058,CREDIT,12233.36,13080873.05,CORP FIN OPS,HDFC0001234
UTR277150029,2026-04-13 14:45:31,CMS/RAZORPAY/pay_0460c88933964c/ORD-2026-2059,CREDIT,11300.16,13092173.21,CORP FIN OPS,HDFC0001234
UTR957082396,2026-04-13 15:00:03,CMS/RAZORPAY/pay_5131ab8b4ba742/ORD-2026-2060,CREDIT,3162.89,13095336.1,CORP FIN OPS,HDFC0001234
UTR604924443,2026-04-13 15:15:45,CMS/RAZORPAY/pay_3cca1182cb8f42/ORD-2026-2061,CREDIT,7101.78,13102437.88,CORP FIN OPS,HDFC0001234
UTR482810555,2026-04-13 15:30:29,CMS/RAZORPAY/pay_7be26cdc939b4b/ORD-2026-2062,CREDIT,7467.83,13109905.71,CORP FIN OPS,HDFC0001234
UTR318757401,2026-04-13 15:45:53,CMS/RAZORPAY/pay_41ac1d230ef64b/ORD-2026-2063,CREDIT,2870.88,13112776.59,CORP FIN OPS,HDFC0001234
UTR812038659,2026-04-13 16:00:00,CMS/RAZORPAY/pay_59275db4983844/ORD-2026-2064,CREDIT,7935.42,13120712.01,CORP FIN OPS,HDFC0001234
UTR634842369,2026-04-13 16:15:56,CMS/RAZORPAY/pay_0227ce3c87c142/ORD-2026-2065,CREDIT,5141.27,13125853.28,CORP FIN OPS,HDFC0001234
UTR501105178,2026-04-13 16:30:53,CMS/RAZORPAY/pay_f59e494baab341/ORD-2026-2066,CREDIT,5068.79,13130922.07,CORP FIN OPS,HDFC0001234
UTR859894230,2026-04-13 16:45:29,CMS/RAZORPAY/pay_6ebf8f1ead8e44/ORD-2026-2067,CREDIT,9384.35,13140306.42,CORP FIN OPS,HDFC0001234
UTR453719460,2026-04-13 17:00:41,CMS/RAZORPAY/pay_4032d662da9c48/ORD-2026-2068,CREDIT,9299.51,13149605.93,CORP FIN OPS,HDFC0001234
UTR955808162,2026-04-13 17:15:55,CMS/RAZORPAY/pay_cfa7a84c172f4d/ORD-2026-2069,CREDIT,1177.43,13150783.36,CORP FIN OPS,HDFC0001234
UTR898649166,2026-04-13 17:30:35,CMS/RAZORPAY/pay_47ba0518faf04f/ORD-2026-2070,CREDIT,13965.01,13164748.37,CORP FIN OPS,HDFC0001234
UTR291137642,2026-04-13 17:45:05,CMS/RAZORPAY/pay_4e17311c33b94d/ORD-2026-2071,CREDIT,778.6,13165526.97,CORP FIN OPS,HDFC0001234
UTR532069666,2026-04-13 18:00:48,CMS/RAZORPAY/pay_1e56b26e2e154a/ORD-2026-2072,CREDIT,14000.86,13179527.83,CORP FIN OPS,HDFC0001234
UTR960175026,2026-04-13 18:15:47,CMS/RAZORPAY/pay_798850dc3fde47/ORD-2026-2073,CREDIT,11904.39,13191432.22,CORP FIN OPS,HDFC0001234
UTR485520835,2026-04-13 18:30:53,CMS/RAZORPAY/pay_eb821aa6508c41/ORD-2026-2074,CREDIT,5690.58,13197122.8,CORP FIN OPS,HDFC0001234
UTR516707955,2026-04-13 18:45:17,CMS/RAZORPAY/pay_2fd674bf7b9f43/ORD-2026-2075,CREDIT,8459.85,13205582.65,CORP FIN OPS,HDFC0001234
UTR970798567,2026-04-13 19:00:11,CMS/RAZORPAY/pay_e64fc8c5766446/ORD-2026-2076,CREDIT,6634.19,13212216.84,CORP FIN OPS,HDFC0001234
UTR466945733,2026-04-13 19:15:43,CMS/RAZORPAY/pay_e0c950e5f57848/ORD-2026-2077,CREDIT,3662.8,13215879.64,CORP FIN OPS,HDFC0001234
UTR794952969,2026-04-13 19:30:18,CMS/RAZORPAY/pay_a3964c7f15444b/ORD-2026-2078,CREDIT,7117.16,13222996.8,CORP FIN OPS,HDFC0001234
UTR237213199,2026-04-13 19:45:33,CMS/RAZORPAY/pay_2fea7f8551d14b/ORD-2026-2079,CREDIT,6543.94,13229540.74,CORP FIN OPS,HDFC0001234
UTR148420285,2026-04-13 20:00:32,CMS/RAZORPAY/pay_d16c4a8750de4d/ORD-2026-2080,CREDIT,6504.05,13236044.79,CORP FIN OPS,HDFC0001234
UTR710398824,2026-04-13 20:15:16,CMS/RAZORPAY/pay_84679abdc67544/ORD-2026-2081,CREDIT,8778.55,13244823.34,CORP FIN OPS,HDFC0001234
UTR810364316,2026-04-13 20:30:11,CMS/RAZORPAY/pay_b8a87ced36c94e/ORD-2026-2082,CREDIT,11618.74,13256442.08,CORP FIN OPS,HDFC0001234
UTR856320718,2026-04-13 20:45:37,CMS/RAZORPAY/pay_5007baa483d84d/ORD-2026-2083,CREDIT,10739.78,13267181.86,CORP FIN OPS,HDFC0001234
UTR969737332,2026-04-13 21:00:11,CMS/RAZORPAY/pay_3c5f067b1e754c/ORD-2026-2084,CREDIT,1595.64,13268777.5,CORP FIN OPS,HDFC0001234
UTR673781871,2026-04-13 21:15:00,CMS/RAZORPAY/pay_861cfc0266c04d/ORD-2026-2085,CREDIT,6079.59,13274857.09,CORP FIN OPS,HDFC0001234
UTR594096279,2026-04-13 21:30:55,CMS/RAZORPAY/pay_377ba8cba61749/ORD-2026-2086,CREDIT,9800.03,13284657.12,CORP FIN OPS,HDFC0001234
UTR762224719,2026-04-13 21:45:43,CMS/RAZORPAY/pay_27c8a63ecf5345/ORD-2026-2087,CREDIT,14124.16,13298781.28,CORP FIN OPS,HDFC0001234
UTR245077501,2026-04-13 22:00:12,CMS/RAZORPAY/pay_6cabc115ce6a46/ORD-2026-2088,CREDIT,2072.64,13300853.92,CORP FIN OPS,HDFC0001234
UTR324658446,2026-04-13 22:15:41,CMS/RAZORPAY/pay_5271ccc191e74e/ORD-2026-2089,CREDIT,2543.27,13303397.19,CORP FIN OPS,HDFC0001234
UTR678298594,2026-04-13 22:30:19,CMS/RAZORPAY/pay_ea299a9831ab49/ORD-2026-2090,CREDIT,11385.76,13314782.95,CORP FIN OPS,HDFC0001234
UTR225046707,2026-04-13 22:45:47,CMS/RAZORPAY/pay_9d0f53f5ddf246/ORD-2026-2091,CREDIT,10435.44,13325218.39,CORP FIN OPS,HDFC0001234
UTR582664425,2026-04-13 23:00:18,CMS/RAZORPAY/pay_a2a4788289ec47/ORD-2026-2092,CREDIT,8550.09,13333768.48,CORP FIN OPS,HDFC0001234
UTR210234112,2026-04-13 23:15:26,CMS/RAZORPAY/pay_fa0d1773c2e841/ORD-2026-2093,CREDIT,12502.74,13346271.22,CORP FIN OPS,HDFC0001234
UTR621946930,2026-04-13 23:30:14,CMS/RAZORPAY/pay_ab7b337600b64a/ORD-2026-2094,CREDIT,10600.98,13356872.2,CORP FIN OPS,HDFC0001234
UTR439141517,2026-04-13 23:45:17,CMS/RAZORPAY/pay_4b95192b905447/ORD-2026-2095,CREDIT,13129.38,13370001.58,CORP FIN OPS,HDFC0001234
UTR768615479,2026-04-14 00:00:44,CMS/RAZORPAY/pay_5b0f1395861d48/ORD-2026-2096,CREDIT,6664.26,13376665.84,CORP FIN OPS,HDFC0001234
UTR603843081,2026-04-14 00:15:14,CMS/RAZORPAY/pay_370bf70d5c9340/ORD-2026-2097,CREDIT,7675.21,13384341.05,CORP FIN OPS,HDFC0001234
UTR603012918,2026-04-14 00:30:46,CMS/RAZORPAY/pay_d2a90140615042/ORD-2026-2098,CREDIT,10559.86,13394900.91,CORP FIN OPS,HDFC0001234
UTR486821471,2026-04-14 00:45:51,CMS/RAZORPAY/pay_381a532e95a043/ORD-2026-2099,CREDIT,14234.6,13409135.51,CORP FIN OPS,HDFC0001234
UTR841630844,2026-04-14 01:00:42,CMS/RAZORPAY/pay_ad5f94bdeefc45/ORD-2026-2100,CREDIT,7324.85,13416460.36,CORP FIN OPS,HDFC0001234
UTR628480415,2026-04-14 01:15:50,CMS/RAZORPAY/pay_0d7b7b83372c46/ORD-2026-2101,CREDIT,6377.61,13422837.97,CORP FIN OPS,HDFC0001234
UTR697892214,2026-04-14 01:30:01,CMS/RAZORPAY/pay_6723810371bb42/ORD-2026-2102,CREDIT,5567.83,13428405.8,CORP FIN OPS,HDFC0001234
UTR287598577,2026-04-14 01:45:51,CMS/RAZORPAY/pay_2a0acd50279444/ORD-2026-2103,CREDIT,1389.57,13429795.37,CORP FIN OPS,HDFC0001234
UTR229587788,2026-04-14 02:00:16,CMS/RAZORPAY/pay_14e7927e6c5e47/ORD-2026-2104,CREDIT,14556.28,13444351.65,CORP FIN OPS,HDFC0001234
UTR698098197,2026-04-14 02:15:54,CMS/RAZORPAY/pay_b0f658d1166546/ORD-2026-2105,CREDIT,10259.0,13454610.65,CORP FIN OPS,HDFC0001234
UTR858496505,2026-04-14 02:30:59,CMS/RAZORPAY/pay_aa553e0e45624e/ORD-2026-2106,CREDIT,13885.26,13468495.91,CORP FIN OPS,HDFC0001234
UTR754612980,2026-04-14 02:45:52,CMS/RAZORPAY/pay_76fb73214dba4f/ORD-2026-2107,CREDIT,8451.58,13476947.49,CORP FIN OPS,HDFC0001234
UTR226765260,2026-04-14 03:00:10,CMS/RAZORPAY/pay_fb6d16b0d8e04e/ORD-2026-2108,CREDIT,10800.02,13487747.51,CORP FIN OPS,HDFC0001234
UTR206616380,2026-04-14 03:15:23,CMS/RAZORPAY/pay_22c7e87a60b548/ORD-2026-2109,CREDIT,5225.5,13492973.01,CORP FIN OPS,HDFC0001234
UTR546407987,2026-04-14 03:30:15,CMS/RAZORPAY/pay_c55f3d19342f4e/ORD-2026-2110,CREDIT,12307.31,13505280.32,CORP FIN OPS,HDFC0001234
UTR283890958,2026-04-14 03:45:17,CMS/RAZORPAY/pay_b1140bac49164d/ORD-2026-2111,CREDIT,5761.08,13511041.4,CORP FIN OPS,HDFC0001234
UTR363551307,2026-04-14 04:00:26,CMS/RAZORPAY/pay_d4536daa51aa43/ORD-2026-2112,CREDIT,11633.45,13522674.85,CORP FIN OPS,HDFC0001234
UTR539492534,2026-04-14 04:15:54,CMS/RAZORPAY/pay_b852d6dec02248/ORD-2026-2113,CREDIT,7795.82,13530470.67,CORP FIN OPS,HDFC0001234
UTR926944269,2026-04-14 04:30:45,CMS/RAZORPAY/pay_f3d6fe1a4e2645/ORD-2026-2114,CREDIT,11902.88,13542373.55,CORP FIN OPS,HDFC0001234
UTR531269332,2026-04-14 04:45:03,CMS/RAZORPAY/pay_faa8c145f9594c/ORD-2026-2115,CREDIT,6055.98,13548429.53,CORP FIN OPS,HDFC0001234
UTR716926164,2026-04-14 05:00:40,CMS/RAZORPAY/pay_319b63bb95d145/ORD-2026-2116,CREDIT,14363.51,13562793.04,CORP FIN OPS,HDFC0001234
UTR831079302,2026-04-14 05:15:47,CMS/RAZORPAY/pay_f6baa4bc882c4e/ORD-2026-2117,CREDIT,4929.44,13567722.48,CORP FIN OPS,HDFC0001234
UTR755413145,2026-04-14 05:30:25,CMS/RAZORPAY/pay_b2b10a13a0ea40/ORD-2026-2118,CREDIT,6805.26,13574527.74,CORP FIN OPS,HDFC0001234
UTR763773729,2026-04-14 05:45:44,CMS/RAZORPAY/pay_a5eba9cfb3e249/ORD-2026-2119,CREDIT,5376.19,13579903.93,CORP FIN OPS,HDFC0001234
UTR677064820,2026-04-14 06:00:46,CMS/RAZORPAY/pay_79d0c701987144/ORD-2026-2120,CREDIT,10665.96,13590569.89,CORP FIN OPS,HDFC0001234
UTR199664255,2026-04-14 06:15:21,CMS/RAZORPAY/pay_0eaed7975d6749/ORD-2026-2121,CREDIT,11206.31,13601776.2,CORP FIN OPS,HDFC0001234
UTR955341340,2026-04-14 06:30:53,CMS/RAZORPAY/pay_c2c17af167e44c/ORD-2026-2122,CREDIT,11448.57,13613224.77,CORP FIN OPS,HDFC0001234
UTR164366244,2026-04-14 06:45:40,CMS/RAZORPAY/pay_d75a2737165348/ORD-2026-2123,CREDIT,7673.28,13620898.05,CORP FIN OPS,HDFC0001234
UTR233949085,2026-04-14 07:00:19,CMS/RAZORPAY/pay_a4008ee198c64e/ORD-2026-2124,CREDIT,8592.62,13629490.67,CORP FIN OPS,HDFC0001234
UTR353507570,2026-04-14 07:15:19,CMS/RAZORPAY/pay_23067d5fa66f47/ORD-2026-2125,CREDIT,4516.59,13634007.26,CORP FIN OPS,HDFC0001234
UTR891897827,2026-04-14 07:30:20,CMS/RAZORPAY/pay_24f4624403cd43/ORD-2026-2126,CREDIT,7800.02,13641807.28,CORP FIN OPS,HDFC0001234
UTR257360353,2026-04-14 07:45:53,CMS/RAZORPAY/pay_3e965b29961445/ORD-2026-2127,CREDIT,6321.96,13648129.24,CORP FIN OPS,HDFC0001234
UTR239654428,2026-04-14 08:00:13,CMS/RAZORPAY/pay_529e956dd1434e/ORD-2026-2128,CREDIT,6804.9,13654934.14,CORP FIN OPS,HDFC0001234
UTR731617307,2026-04-14 08:15:55,CMS/RAZORPAY/pay_fed03de39bcf4f/ORD-2026-2129,CREDIT,4221.53,13659155.67,CORP FIN OPS,HDFC0001234
UTR572532253,2026-04-14 08:30:46,CMS/RAZORPAY/pay_31210db0664b46/ORD-2026-2130,CREDIT,14267.6,13673423.27,CORP FIN OPS,HDFC0001234
UTR620511813,2026-04-14 08:45:08,CMS/RAZORPAY/pay_baba6193b6ac40/ORD-2026-2131,CREDIT,14193.4,13687616.67,CORP FIN OPS,HDFC0001234
UTR328323191,2026-04-14 09:00:30,CMS/RAZORPAY/pay_dc3b640fe89643/ORD-2026-2132,CREDIT,949.85,13688566.52,CORP FIN OPS,HDFC0001234
UTR227524085,2026-04-14 09:15:07,CMS/RAZORPAY/pay_a2f344ff611049/ORD-2026-2133,CREDIT,2199.4,13690765.92,CORP FIN OPS,HDFC0001234
UTR226424741,2026-04-14 09:30:23,CMS/RAZORPAY/pay_9076a2ab1b874b/ORD-2026-2134,CREDIT,4781.69,13695547.61,CORP FIN OPS,HDFC0001234
UTR252621455,2026-04-14 09:45:03,CMS/RAZORPAY/pay_30ddf215484747/ORD-2026-2135,CREDIT,13751.52,13709299.13,CORP FIN OPS,HDFC0001234
UTR979528847,2026-04-14 10:00:00,CMS/RAZORPAY/pay_9a3a28ee9d4c44/ORD-2026-2136,CREDIT,2220.08,13711519.21,CORP FIN OPS,HDFC0001234
UTR715317515,2026-04-14 10:15:28,CMS/RAZORPAY/pay_fc6ee89cb6fa42/ORD-2026-2137,CREDIT,13234.3,13724753.51,CORP FIN OPS,HDFC0001234
UTR242603228,2026-04-14 10:30:40,CMS/RAZORPAY/pay_3e59ae3565ea48/ORD-2026-2138,CREDIT,7014.04,13731767.55,CORP FIN OPS,HDFC0001234
UTR881538189,2026-04-14 10:45:51,CMS/RAZORPAY/pay_6987d800224b46/ORD-2026-2139,CREDIT,9333.58,13741101.13,CORP FIN OPS,HDFC0001234
UTR524554436,2026-04-14 11:00:02,CMS/RAZORPAY/pay_9831a7f3106e43/ORD-2026-2140,CREDIT,14052.5,13755153.63,CORP FIN OPS,HDFC0001234
UTR195058246,2026-04-14 11:15:01,CMS/RAZORPAY/pay_90355abd545c45/ORD-2026-2141,CREDIT,8586.38,13763740.01,CORP FIN OPS,HDFC0001234
UTR791397593,2026-04-14 11:30:12,CMS/RAZORPAY/pay_3b200b1a879447/ORD-2026-2142,CREDIT,14011.28,13777751.29,CORP FIN OPS,HDFC0001234
UTR712295241,2026-04-14 11:45:32,CMS/RAZORPAY/pay_66fac399a8b54a/ORD-2026-2143,CREDIT,13185.82,13790937.11,CORP FIN OPS,HDFC0001234
UTR120372732,2026-04-14 12:00:15,CMS/RAZORPAY/pay_5d5580aa5c9c44/ORD-2026-2144,CREDIT,12234.79,13803171.9,CORP FIN OPS,HDFC0001234
UTR531427170,2026-04-14 12:15:31,CMS/RAZORPAY/pay_f48d3f29a1b046/ORD-2026-2145,CREDIT,12691.87,13815863.77,CORP FIN OPS,HDFC0001234
UTR545534593,2026-04-14 12:30:55,CMS/RAZORPAY/pay_c22a4261a2014a/ORD-2026-2146,CREDIT,7962.13,13823825.9,CORP FIN OPS,HDFC0001234
UTR206658672,2026-04-14 12:45:09,CMS/RAZORPAY/pay_624182f9b0ac46/ORD-2026-2147,CREDIT,3074.4,13826900.3,CORP FIN OPS,HDFC0001234
UTR537309736,2026-04-14 13:00:39,CMS/RAZORPAY/pay_5209b77ae47043/ORD-2026-2148,CREDIT,14095.59,13840995.89,CORP FIN OPS,HDFC0001234
UTR420001194,2026-04-14 13:15:06,CMS/RAZORPAY/pay_c37e89d94cb444/ORD-2026-2149,CREDIT,5019.28,13846015.17,CORP FIN OPS,HDFC0001234
UTR988780552,2026-04-14 13:30:03,CMS/RAZORPAY/pay_7d3e1f48349349/ORD-2026-2150,CREDIT,3356.0,13849371.17,CORP FIN OPS,HDFC0001234
UTR641618196,2026-04-14 13:45:07,CMS/RAZORPAY/pay_2675dbe540fe43/ORD-2026-2151,CREDIT,4300.72,13853671.89,CORP FIN OPS,HDFC0001234
UTR170285223,2026-04-14 14:00:01,CMS/RAZORPAY/pay_f48279f27f254c/ORD-2026-2152,CREDIT,6257.42,13859929.31,CORP FIN OPS,HDFC0001234
UTR729398143,2026-04-14 14:15:15,CMS/RAZORPAY/pay_34c74999bc8c4b/ORD-2026-2153,CREDIT,11290.3,13871219.61,CORP FIN OPS,HDFC0001234
UTR578869802,2026-04-14 14:30:54,CMS/RAZORPAY/pay_cdb91a6017a04d/ORD-2026-2154,CREDIT,9489.72,13880709.33,CORP FIN OPS,HDFC0001234
UTR280590847,2026-04-14 14:45:27,CMS/RAZORPAY/pay_7d3d6a88f82a47/ORD-2026-2155,CREDIT,14098.84,13894808.17,CORP FIN OPS,HDFC0001234
UTR598916337,2026-04-14 15:00:10,CMS/RAZORPAY/pay_ecc3739f115c4a/ORD-2026-2156,CREDIT,495.88,13895304.05,CORP FIN OPS,HDFC0001234
UTR830142077,2026-04-14 15:15:22,CMS/RAZORPAY/pay_265b518ced0347/ORD-2026-2157,CREDIT,12415.27,13907719.32,CORP FIN OPS,HDFC0001234
UTR273319432,2026-04-14 15:30:19,CMS/RAZORPAY/pay_5c4a96bf288145/ORD-2026-2158,CREDIT,1758.37,13909477.69,CORP FIN OPS,HDFC0001234
UTR400066062,2026-04-14 15:45:13,CMS/RAZORPAY/pay_a3326add2e7940/ORD-2026-2159,CREDIT,9130.76,13918608.45,CORP FIN OPS,HDFC0001234
UTR908199028,2026-04-14 16:00:17,CMS/RAZORPAY/pay_64f3fbf6df2f4e/ORD-2026-2160,CREDIT,3970.0,13922578.45,CORP FIN OPS,HDFC0001234
UTR743722897,2026-04-14 16:15:58,CMS/RAZORPAY/pay_42a4627f898440/ORD-2026-2161,CREDIT,10283.21,13932861.66,CORP FIN OPS,HDFC0001234
UTR110284954,2026-04-14 16:30:35,CMS/RAZORPAY/pay_26b3856235db4a/ORD-2026-2162,CREDIT,13163.23,13946024.89,CORP FIN OPS,HDFC0001234
UTR945362558,2026-04-14 16:45:34,CMS/RAZORPAY/pay_cef777bfbb1648/ORD-2026-2163,CREDIT,926.36,13946951.25,CORP FIN OPS,HDFC0001234
UTR972717220,2026-04-14 17:00:52,CMS/RAZORPAY/pay_55bb47b42fcd4e/ORD-2026-2164,CREDIT,9001.44,13955952.69,CORP FIN OPS,HDFC0001234
UTR109053121,2026-04-14 17:15:29,CMS/RAZORPAY/pay_0482ab4616ff47/ORD-2026-2165,CREDIT,5733.39,13961686.08,CORP FIN OPS,HDFC0001234
UTR897945277,2026-04-14 17:30:48,CMS/RAZORPAY/pay_850bd3aecd5e4c/ORD-2026-2166,CREDIT,4468.44,13966154.52,CORP FIN OPS,HDFC0001234
UTR758679095,2026-04-14 17:45:14,CMS/RAZORPAY/pay_fcb3137dd8a44a/ORD-2026-2167,CREDIT,3804.78,13969959.3,CORP FIN OPS,HDFC0001234
UTR629180636,2026-04-14 18:00:12,CMS/RAZORPAY/pay_b9c82b9719ea45/ORD-2026-2168,CREDIT,14423.2,13984382.5,CORP FIN OPS,HDFC0001234
UTR630440618,2026-04-14 18:15:12,CMS/RAZORPAY/pay_3fba106982064f/ORD-2026-2169,CREDIT,9830.07,13994212.57,CORP FIN OPS,HDFC0001234
UTR900982881,2026-04-14 18:30:08,CMS/RAZORPAY/pay_d503252d76fe4b/ORD-2026-2170,CREDIT,4163.91,13998376.48,CORP FIN OPS,HDFC0001234
UTR394557421,2026-04-14 18:45:01,CMS/RAZORPAY/pay_2c272bf6ed5543/ORD-2026-2171,CREDIT,14532.04,14012908.52,CORP FIN OPS,HDFC0001234
UTR701419950,2026-04-14 19:00:00,CMS/RAZORPAY/pay_f8f3660420b544/ORD-2026-2172,CREDIT,13766.66,14026675.18,CORP FIN OPS,HDFC0001234
UTR536879666,2026-04-14 19:15:43,CMS/RAZORPAY/pay_134f2a6044ec40/ORD-2026-2173,CREDIT,7826.11,14034501.29,CORP FIN OPS,HDFC0001234
UTR146669835,2026-04-14 19:30:17,CMS/RAZORPAY/pay_857c7c3608884a/ORD-2026-2174,CREDIT,13490.61,14047991.9,CORP FIN OPS,HDFC0001234
UTR520755279,2026-04-14 19:45:05,CMS/RAZORPAY/pay_a317e419db404f/ORD-2026-2175,CREDIT,12948.46,14060940.36,CORP FIN OPS,HDFC0001234
UTR840397560,2026-04-14 20:00:04,CMS/RAZORPAY/pay_b0ef53e5bd2d40/ORD-2026-2176,CREDIT,13470.83,14074411.19,CORP FIN OPS,HDFC0001234
UTR167478361,2026-04-14 20:15:01,CMS/RAZORPAY/pay_859aa65a4bc046/ORD-2026-2177,CREDIT,7283.47,14081694.66,CORP FIN OPS,HDFC0001234
UTR458954609,2026-04-14 20:30:06,CMS/RAZORPAY/pay_ba48492b6a5d42/ORD-2026-2178,CREDIT,7193.0,14088887.66,CORP FIN OPS,HDFC0001234
UTR354201569,2026-04-14 20:45:49,CMS/RAZORPAY/pay_00a57d7eed1046/ORD-2026-2179,CREDIT,8982.38,14097870.04,CORP FIN OPS,HDFC0001234
UTR721626156,2026-04-14 21:00:05,CMS/RAZORPAY/pay_d3c45dc007f243/ORD-2026-2180,CREDIT,14285.34,14112155.38,CORP FIN OPS,HDFC0001234
UTR844493568,2026-04-14 21:15:50,CMS/RAZORPAY/pay_350091e5091d43/ORD-2026-2181,CREDIT,2293.82,14114449.2,CORP FIN OPS,HDFC0001234
UTR772361249,2026-04-14 21:30:04,CMS/RAZORPAY/pay_f8156f6cc9894c/ORD-2026-2182,CREDIT,1929.85,14116379.05,CORP FIN OPS,HDFC0001234
UTR509584709,2026-04-14 21:45:06,CMS/RAZORPAY/pay_9446adf51cd640/ORD-2026-2183,CREDIT,9227.84,14125606.89,CORP FIN OPS,HDFC0001234
UTR770023660,2026-04-14 22:00:29,CMS/RAZORPAY/pay_771e5c02bb7a4e/ORD-2026-2184,CREDIT,5923.66,14131530.55,CORP FIN OPS,HDFC0001234
UTR464660414,2026-04-14 22:15:29,CMS/RAZORPAY/pay_9293a5baef5740/ORD-2026-2185,CREDIT,7810.8,14139341.35,CORP FIN OPS,HDFC0001234
UTR739064402,2026-04-14 22:30:37,CMS/RAZORPAY/pay_aac8c617946849/ORD-2026-2186,CREDIT,11664.6,14151005.95,CORP FIN OPS,HDFC0001234
UTR646425072,2026-04-14 22:45:26,CMS/RAZORPAY/pay_ae15be82c0e84d/ORD-2026-2187,CREDIT,7303.75,14158309.7,CORP FIN OPS,HDFC0001234
UTR955799705,2026-04-14 23:00:03,CMS/RAZORPAY/pay_42aeb3ece4a245/ORD-2026-2188,CREDIT,2295.87,14160605.57,CORP FIN OPS,HDFC0001234
UTR434135828,2026-04-14 23:15:30,CMS/RAZORPAY/pay_ac0e9879285648/ORD-2026-2189,CREDIT,4858.35,14165463.92,CORP FIN OPS,HDFC0001234
UTR108677810,2026-04-14 23:30:15,CMS/RAZORPAY/pay_575b2569393246/ORD-2026-2190,CREDIT,7667.73,14173131.65,CORP FIN OPS,HDFC0001234
UTR315147688,2026-04-14 23:45:21,CMS/RAZORPAY/pay_c5d75fe3be104a/ORD-2026-2191,CREDIT,3169.07,14176300.72,CORP FIN OPS,HDFC0001234
UTR601869492,2026-04-15 00:00:36,CMS/RAZORPAY/pay_455dc7e50a0143/ORD-2026-2192,CREDIT,14123.08,14190423.8,CORP FIN OPS,HDFC0001234
UTR212579573,2026-04-15 00:15:56,CMS/RAZORPAY/pay_712a0599e22848/ORD-2026-2193,CREDIT,11661.41,14202085.21,CORP FIN OPS,HDFC0001234
UTR103969701,2026-04-15 00:30:14,CMS/RAZORPAY/pay_eaefd9e9e9334f/ORD-2026-2194,CREDIT,7093.33,14209178.54,CORP FIN OPS,HDFC0001234
UTR925007816,2026-04-15 00:45:24,CMS/RAZORPAY/pay_a3de63a8dba940/ORD-2026-2195,CREDIT,3395.03,14212573.57,CORP FIN OPS,HDFC0001234
UTR179168231,2026-04-15 01:00:35,CMS/RAZORPAY/pay_d1b549c8d09042/ORD-2026-2196,CREDIT,2119.03,14214692.6,CORP FIN OPS,HDFC0001234
UTR728875974,2026-04-15 01:15:01,CMS/RAZORPAY/pay_eb23720b77814f/ORD-2026-2197,CREDIT,3307.33,14217999.93,CORP FIN OPS,HDFC0001234
UTR381319126,2026-04-15 01:30:54,CMS/RAZORPAY/pay_f2ce5ced46164d/ORD-2026-2198,CREDIT,8338.76,14226338.69,CORP FIN OPS,HDFC0001234
UTR381093372,2026-04-15 01:45:01,CMS/RAZORPAY/pay_a93f9b1a061e45/ORD-2026-2199,CREDIT,12259.64,14238598.33,CORP FIN OPS,HDFC0001234
UTR219152069,2026-04-15 02:00:19,CMS/RAZORPAY/pay_85e057abfaec45/ORD-2026-2200,CREDIT,6947.04,14245545.37,CORP FIN OPS,HDFC0001234
UTR665783275,2026-04-15 02:15:56,CMS/RAZORPAY/pay_5b4299bf6e6d46/ORD-2026-2201,CREDIT,10553.58,14256098.95,CORP FIN OPS,HDFC0001234
UTR303625615,2026-04-15 02:30:24,CMS/RAZORPAY/pay_137f4c488aa542/ORD-2026-2202,CREDIT,10318.73,14266417.68,CORP FIN OPS,HDFC0001234
UTR783053289,2026-04-15 02:45:48,CMS/RAZORPAY/pay_c26620c1329e4b/ORD-2026-2203,CREDIT,9209.8,14275627.48,CORP FIN OPS,HDFC0001234
UTR259522516,2026-04-15 03:00:03,CMS/RAZORPAY/pay_83507fbd0f9b48/ORD-2026-2204,CREDIT,9399.96,14285027.44,CORP FIN OPS,HDFC0001234
UTR625049703,2026-04-15 03:15:05,CMS/RAZORPAY/pay_38320911cb7a49/ORD-2026-2205,CREDIT,11597.34,14296624.78,CORP FIN OPS,HDFC0001234
UTR906710856,2026-04-15 03:30:33,CMS/RAZORPAY/pay_a3b39fe205b14f/ORD-2026-2206,CREDIT,7061.2,14303685.98,CORP FIN OPS,HDFC0001234
UTR845724084,2026-04-15 03:45:45,CMS/RAZORPAY/pay_939e45aaa60f46/ORD-2026-2207,CREDIT,14019.54,14317705.52,CORP FIN OPS,HDFC0001234
UTR785160666,2026-04-15 04:00:13,CMS/RAZORPAY/pay_50955f33cb1d44/ORD-2026-2208,CREDIT,3596.21,14321301.73,CORP FIN OPS,HDFC0001234
UTR428563967,2026-04-15 04:15:56,CMS/RAZORPAY/pay_832229435fa74a/ORD-2026-2209,CREDIT,5826.87,14327128.6,CORP FIN OPS,HDFC0001234
UTR191009197,2026-04-15 04:30:18,CMS/RAZORPAY/pay_8ae8aee4b9404b/ORD-2026-2210,CREDIT,6781.42,14333910.02,CORP FIN OPS,HDFC0001234
UTR599561727,2026-04-15 04:45:28,CMS/RAZORPAY/pay_f320ecc8c4594c/ORD-2026-2211,CREDIT,7107.69,14341017.71,CORP FIN OPS,HDFC0001234
UTR510567661,2026-04-15 05:00:11,CMS/RAZORPAY/pay_eb7509f376fe46/ORD-2026-2212,CREDIT,6741.53,14347759.24,CORP FIN OPS,HDFC0001234
UTR188496207,2026-04-15 05:15:32,CMS/RAZORPAY/pay_ad8f94efd3bb4f/ORD-2026-2213,CREDIT,8227.58,14355986.82,CORP FIN OPS,HDFC0001234
UTR176610062,2026-04-15 05:30:34,CMS/RAZORPAY/pay_18c4017ad32b41/ORD-2026-2214,CREDIT,3324.1,14359310.92,CORP FIN OPS,HDFC0001234
UTR425038380,2026-04-15 05:45:45,CMS/RAZORPAY/pay_fe7626e688d946/ORD-2026-2215,CREDIT,9039.99,14368350.91,CORP FIN OPS,HDFC0001234
UTR380392053,2026-04-15 06:00:49,CMS/RAZORPAY/pay_a5b74fb9f1c649/ORD-2026-2216,CREDIT,4728.1,14373079.01,CORP FIN OPS,HDFC0001234
UTR913688073,2026-04-15 06:15:30,CMS/RAZORPAY/pay_0d46faf25aa34d/ORD-2026-2217,CREDIT,9748.69,14382827.7,CORP FIN OPS,HDFC0001234
UTR876675996,2026-04-15 06:30:14,CMS/RAZORPAY/pay_342f1610547e4d/ORD-2026-2218,CREDIT,7791.15,14390618.85,CORP FIN OPS,HDFC0001234
UTR192208503,2026-04-15 06:45:27,CMS/RAZORPAY/pay_58b546bc5f2e40/ORD-2026-2219,CREDIT,11391.56,14402010.41,CORP FIN OPS,HDFC0001234
UTR699627706,2026-04-15 07:00:23,CMS/RAZORPAY/pay_bb252bdf943045/ORD-2026-2220,CREDIT,2455.43,14404465.84,CORP FIN OPS,HDFC0001234
UTR970161858,2026-04-15 07:15:14,CMS/RAZORPAY/pay_913ae608b8eb46/ORD-2026-2221,CREDIT,6422.41,14410888.25,CORP FIN OPS,HDFC0001234
UTR450125214,2026-04-15 07:30:36,CMS/RAZORPAY/pay_b6b67c4fcd3d47/ORD-2026-2222,CREDIT,11607.14,14422495.39,CORP FIN OPS,HDFC0001234
UTR710090318,2026-04-15 07:45:24,CMS/RAZORPAY/pay_e04caf4799d845/ORD-2026-2223,CREDIT,3379.29,14425874.68,CORP FIN OPS,HDFC0001234
UTR302227118,2026-04-15 08:00:06,CMS/RAZORPAY/pay_a7dfa97e1c044d/ORD-2026-2224,CREDIT,5143.88,14431018.56,CORP FIN OPS,HDFC0001234
UTR212005417,2026-04-15 08:15:52,CMS/RAZORPAY/pay_32751bf0b6f049/ORD-2026-2225,CREDIT,10243.27,14441261.83,CORP FIN OPS,HDFC0001234
UTR174615426,2026-04-15 08:30:18,CMS/RAZORPAY/pay_bc8123ae73604a/ORD-2026-2226,CREDIT,3403.18,14444665.01,CORP FIN OPS,HDFC0001234
UTR588191420,2026-04-15 08:45:23,CMS/RAZORPAY/pay_c69e0966eec245/ORD-2026-2227,CREDIT,7829.47,14452494.48,CORP FIN OPS,HDFC0001234
UTR268615534,2026-04-15 09:00:08,CMS/RAZORPAY/pay_3f095d946d484f/ORD-2026-2228,CREDIT,8083.2,14460577.68,CORP FIN OPS,HDFC0001234
UTR321705882,2026-04-15 09:15:19,CMS/RAZORPAY/pay_c5f6f05c56e348/ORD-2026-2229,CREDIT,6607.21,14467184.89,CORP FIN OPS,HDFC0001234
UTR433196834,2026-04-15 09:30:45,CMS/RAZORPAY/pay_edd08748e95843/ORD-2026-2230,CREDIT,10183.97,14477368.86,CORP FIN OPS,HDFC0001234
UTR253214356,2026-04-15 09:45:04,CMS/RAZORPAY/pay_d4fe56c7a37b42/ORD-2026-2231,CREDIT,12162.48,14489531.34,CORP FIN OPS,HDFC0001234
UTR711205057,2026-04-15 10:00:29,CMS/RAZORPAY/pay_8db4a798a9b243/ORD-2026-2232,CREDIT,7038.95,14496570.29,CORP FIN OPS,HDFC0001234
UTR793958412,2026-04-15 10:15:22,CMS/RAZORPAY/pay_45bfed16a1e145/ORD-2026-2233,CREDIT,10403.14,14506973.43,CORP FIN OPS,HDFC0001234
UTR969714515,2026-04-15 10:30:15,CMS/RAZORPAY/pay_3f1edf5208c949/ORD-2026-2234,CREDIT,3030.63,14510004.06,CORP FIN OPS,HDFC0001234
UTR807681800,2026-04-15 10:45:36,CMS/RAZORPAY/pay_07589c5308cd4b/ORD-2026-2235,CREDIT,1840.76,14511844.82,CORP FIN OPS,HDFC0001234
UTR774399203,2026-04-15 11:00:58,CMS/RAZORPAY/pay_50904f6a9f2f41/ORD-2026-2236,CREDIT,1433.15,14513277.97,CORP FIN OPS,HDFC0001234
UTR918041802,2026-04-15 11:15:23,CMS/RAZORPAY/pay_7ff861dbfb4f48/ORD-2026-2237,CREDIT,1571.76,14514849.73,CORP FIN OPS,HDFC0001234
UTR450053941,2026-04-15 11:30:28,CMS/RAZORPAY/pay_bad44e73f74c45/ORD-2026-2238,CREDIT,2821.97,14517671.7,CORP FIN OPS,HDFC0001234
UTR128688105,2026-04-15 11:45:40,CMS/RAZORPAY/pay_78d46e4ed19a4a/ORD-2026-2239,CREDIT,10320.59,14527992.29,CORP FIN OPS,HDFC0001234
UTR528790025,2026-04-15 12:00:02,CMS/RAZORPAY/pay_12cf768f9d4948/ORD-2026-2240,CREDIT,640.22,14528632.51,CORP FIN OPS,HDFC0001234
UTR903884763,2026-04-15 12:15:31,CMS/RAZORPAY/pay_887b9f0fc5004c/ORD-2026-2241,CREDIT,7020.01,14535652.52,CORP FIN OPS,HDFC0001234
UTR866202339,2026-04-15 12:30:08,CMS/RAZORPAY/pay_5b131e848c634d/ORD-2026-2242,CREDIT,7153.51,14542806.03,CORP FIN OPS,HDFC0001234
UTR119398359,2026-04-15 12:45:11,CMS/RAZORPAY/pay_8cdc330a1c8846/ORD-2026-2243,CREDIT,4652.65,14547458.68,CORP FIN OPS,HDFC0001234
UTR183306581,2026-04-15 13:00:43,CMS/RAZORPAY/pay_0334186fd3c949/ORD-2026-2244,CREDIT,4356.86,14551815.54,CORP FIN OPS,HDFC0001234
UTR867094342,2026-04-15 13:15:57,CMS/RAZORPAY/pay_903ff6356a0744/ORD-2026-2245,CREDIT,10045.34,14561860.88,CORP FIN OPS,HDFC0001234
UTR998186261,2026-04-15 13:30:24,CMS/RAZORPAY/pay_57f87a6625f04f/ORD-2026-2246,CREDIT,10261.99,14572122.87,CORP FIN OPS,HDFC0001234
UTR152253317,2026-04-15 13:45:49,CMS/RAZORPAY/pay_262b6bfeeaa142/ORD-2026-2247,CREDIT,3344.37,14575467.24,CORP FIN OPS,HDFC0001234
UTR117221150,2026-04-15 14:00:01,CMS/RAZORPAY/pay_a59e8878072b41/ORD-2026-2248,CREDIT,14494.38,14589961.62,CORP FIN OPS,HDFC0001234
UTR167829864,2026-04-15 14:15:51,CMS/RAZORPAY/pay_6fb626bc73504a/ORD-2026-2249,CREDIT,12315.41,14602277.03,CORP FIN OPS,HDFC0001234
UTR546333010,2026-04-15 14:30:52,CMS/RAZORPAY/pay_49a83dda599248/ORD-2026-2250,CREDIT,5119.8,14607396.83,CORP FIN OPS,HDFC0001234
UTR681648793,2026-04-15 14:45:27,CMS/RAZORPAY/pay_8e287fa8156141/ORD-2026-2251,CREDIT,2198.52,14609595.35,CORP FIN OPS,HDFC0001234
UTR286424733,2026-04-15 15:00:25,CMS/RAZORPAY/pay_9249f10ab22a43/ORD-2026-2252,CREDIT,9747.3,14619342.65,CORP FIN OPS,HDFC0001234
UTR336326489,2026-04-15 15:15:42,CMS/RAZORPAY/pay_b475b70e721541/ORD-2026-2253,CREDIT,12028.01,14631370.66,CORP FIN OPS,HDFC0001234
UTR334677931,2026-04-15 15:30:19,CMS/RAZORPAY/pay_97bdabeab7c446/ORD-2026-2254,CREDIT,11354.94,14642725.6,CORP FIN OPS,HDFC0001234
UTR949608711,2026-04-15 15:45:06,CMS/RAZORPAY/pay_68c128a1cfe345/ORD-2026-2255,CREDIT,8981.0,14651706.6,CORP FIN OPS,HDFC0001234
UTR242734041,2026-04-15 16:00:40,CMS/RAZORPAY/pay_f5a387cf21f844/ORD-2026-2256,CREDIT,11272.43,14662979.03,CORP FIN OPS,HDFC0001234
UTR459816489,2026-04-15 16:15:38,CMS/RAZORPAY/pay_1126c387214347/ORD-2026-2257,CREDIT,13401.58,14676380.61,CORP FIN OPS,HDFC0001234
UTR896516636,2026-04-15 16:30:37,CMS/RAZORPAY/pay_54c60d5c04954e/ORD-2026-2258,CREDIT,10464.2,14686844.81,CORP FIN OPS,HDFC0001234
UTR914906726,2026-04-15 16:45:19,CMS/RAZORPAY/pay_be193a50b62347/ORD-2026-2259,CREDIT,3835.05,14690679.86,CORP FIN OPS,HDFC0001234
UTR164341850,2026-04-15 17:00:31,CMS/RAZORPAY/pay_2913798d9a7441/ORD-2026-2260,CREDIT,4687.61,14695367.47,CORP FIN OPS,HDFC0001234
UTR140702031,2026-04-15 17:15:38,CMS/RAZORPAY/pay_1ce5341084dd4b/ORD-2026-2261,CREDIT,14483.91,14709851.38,CORP FIN OPS,HDFC0001234
UTR440954543,2026-04-15 17:30:33,CMS/RAZORPAY/pay_799c5bcf489746/ORD-2026-2262,CREDIT,11698.06,14721549.44,CORP FIN OPS,HDFC0001234
UTR345897637,2026-04-15 17:45:15,CMS/RAZORPAY/pay_79f9296e6b6942/ORD-2026-2263,CREDIT,3402.12,14724951.56,CORP FIN OPS,HDFC0001234
UTR847622862,2026-04-15 18:00:55,CMS/RAZORPAY/pay_caaec24d487845/ORD-2026-2264,CREDIT,5889.21,14730840.77,CORP FIN OPS,HDFC0001234
UTR106488260,2026-04-15 18:15:55,CMS/RAZORPAY/pay_eca6651986e744/ORD-2026-2265,CREDIT,7448.77,14738289.54,CORP FIN OPS,HDFC0001234
UTR251968832,2026-04-15 18:30:05,CMS/RAZORPAY/pay_2573132004484c/ORD-2026-2266,CREDIT,2947.06,14741236.6,CORP FIN OPS,HDFC0001234
UTR183928507,2026-04-15 18:45:46,CMS/RAZORPAY/pay_22d57bc3a26448/ORD-2026-2267,CREDIT,7100.95,14748337.55,CORP FIN OPS,HDFC0001234
UTR555284547,2026-04-15 19:00:15,CMS/RAZORPAY/pay_82d704b680d74f/ORD-2026-2268,CREDIT,4779.44,14753116.99,CORP FIN OPS,HDFC0001234
UTR938902595,2026-04-15 19:15:05,CMS/RAZORPAY/pay_e74b7fac1e9245/ORD-2026-2269,CREDIT,13952.46,14767069.45,CORP FIN OPS,HDFC0001234
UTR605424753,2026-04-15 19:30:27,CMS/RAZORPAY/pay_fd58208188ab4f/ORD-2026-2270,CREDIT,7642.03,14774711.48,CORP FIN OPS,HDFC0001234
UTR121271982,2026-04-15 19:45:27,CMS/RAZORPAY/pay_66a541aa656e46/ORD-2026-2271,CREDIT,12579.56,14787291.04,CORP FIN OPS,HDFC0001234
UTR693620463,2026-04-15 20:00:24,CMS/RAZORPAY/pay_6c20f8570aba40/ORD-2026-2272,CREDIT,7052.48,14794343.52,CORP FIN OPS,HDFC0001234
UTR750714773,2026-04-15 20:15:04,CMS/RAZORPAY/pay_e8f12a724a3a44/ORD-2026-2273,CREDIT,5206.06,14799549.58,CORP FIN OPS,HDFC0001234
UTR303609169,2026-04-15 20:30:00,CMS/RAZORPAY/pay_903cdae8cd2749/ORD-2026-2274,CREDIT,12687.34,14812236.92,CORP FIN OPS,HDFC0001234
UTR546483500,2026-04-15 20:45:47,CMS/RAZORPAY/pay_4e2dac1047cc4d/ORD-2026-2275,CREDIT,5771.11,14818008.03,CORP FIN OPS,HDFC0001234
UTR731691986,2026-04-15 21:00:26,CMS/RAZORPAY/pay_710cbf2ac4cd41/ORD-2026-2276,CREDIT,13017.84,14831025.87,CORP FIN OPS,HDFC0001234
UTR919212243,2026-04-15 21:15:16,CMS/RAZORPAY/pay_f58ae69087eb4e/ORD-2026-2277,CREDIT,11407.69,14842433.56,CORP FIN OPS,HDFC0001234
UTR781804304,2026-04-15 21:30:03,CMS/RAZORPAY/pay_66c459f0a63b4c/ORD-2026-2278,CREDIT,9703.6,14852137.16,CORP FIN OPS,HDFC0001234
UTR612953915,2026-04-15 21:45:58,CMS/RAZORPAY/pay_cc56f19d99714c/ORD-2026-2279,CREDIT,12000.27,14864137.43,CORP FIN OPS,HDFC0001234
UTR258789539,2026-04-15 22:00:29,CMS/RAZORPAY/pay_14c20e3fa58b4d/ORD-2026-2280,CREDIT,13856.92,14877994.35,CORP FIN OPS,HDFC0001234
UTR720989768,2026-04-15 22:15:07,CMS/RAZORPAY/pay_17092b7de30f42/ORD-2026-2281,CREDIT,11403.48,14889397.83,CORP FIN OPS,HDFC0001234
UTR186273351,2026-04-15 22:30:10,CMS/RAZORPAY/pay_beb938b6b95a4d/ORD-2026-2282,CREDIT,12235.63,14901633.46,CORP FIN OPS,HDFC0001234
UTR672520551,2026-04-15 22:45:37,CMS/RAZORPAY/pay_ffd56342233c42/ORD-2026-2283,CREDIT,4848.5,14906481.96,CORP FIN OPS,HDFC0001234
UTR714837122,2026-04-15 23:00:17,CMS/RAZORPAY/pay_ca869d5f2cfe4a/ORD-2026-2284,CREDIT,11088.58,14917570.54,CORP FIN OPS,HDFC0001234
UTR280816719,2026-04-15 23:15:00,CMS/RAZORPAY/pay_20d32ac6136f49/ORD-2026-2285,CREDIT,1859.67,14919430.21,CORP FIN OPS,HDFC0001234
UTR409602992,2026-04-15 23:30:10,CMS/RAZORPAY/pay_1b960b9a8acc48/ORD-2026-2286,CREDIT,2985.65,14922415.86,CORP FIN OPS,HDFC0001234
UTR622344543,2026-04-15 23:45:07,CMS/RAZORPAY/pay_cc483d320e374c/ORD-2026-2287,CREDIT,6868.57,14929284.43,CORP FIN OPS,HDFC0001234
UTR905215891,2026-04-16 00:00:16,CMS/RAZORPAY/pay_a2805771543a4a/ORD-2026-2288,CREDIT,14404.57,14943689.0,CORP FIN OPS,HDFC0001234
UTR770467435,2026-04-16 00:15:55,CMS/RAZORPAY/pay_80060843ea1d43/ORD-2026-2289,CREDIT,9498.7,14953187.7,CORP FIN OPS,HDFC0001234
UTR233875825,2026-04-16 00:30:21,CMS/RAZORPAY/pay_4ade682340e849/ORD-2026-2290,CREDIT,908.22,14954095.92,CORP FIN OPS,HDFC0001234
UTR916616735,2026-04-16 00:45:00,CMS/RAZORPAY/pay_a3a4fe3504ce4a/ORD-2026-2291,CREDIT,1352.62,14955448.54,CORP FIN OPS,HDFC0001234
UTR144946135,2026-04-16 01:00:13,CMS/RAZORPAY/pay_9e3cfd158d0d47/ORD-2026-2292,CREDIT,7883.3,14963331.84,CORP FIN OPS,HDFC0001234
UTR917508336,2026-04-16 01:15:30,CMS/RAZORPAY/pay_b0b9dcdd6b1545/ORD-2026-2293,CREDIT,11204.41,14974536.25,CORP FIN OPS,HDFC0001234
UTR468376600,2026-04-16 01:30:23,CMS/RAZORPAY/pay_ddafa21ca8bc4c/ORD-2026-2294,CREDIT,9904.25,14984440.5,CORP FIN OPS,HDFC0001234
UTR482283477,2026-04-16 01:45:00,CMS/RAZORPAY/pay_b4439cde22ef40/ORD-2026-2295,CREDIT,6957.17,14991397.67,CORP FIN OPS,HDFC0001234
UTR127574144,2026-04-16 02:00:55,CMS/RAZORPAY/pay_1a8362d934434d/ORD-2026-2296,CREDIT,8000.75,14999398.42,CORP FIN OPS,HDFC0001234
UTR836785419,2026-04-16 02:15:32,CMS/RAZORPAY/pay_4f66e039d7314d/ORD-2026-2297,CREDIT,6337.16,15005735.58,CORP FIN OPS,HDFC0001234
UTR972543056,2026-04-16 02:30:40,CMS/RAZORPAY/pay_a5160389f3264a/ORD-2026-2298,CREDIT,5587.92,15011323.5,CORP FIN OPS,HDFC0001234
UTR577070108,2026-04-16 02:45:31,CMS/RAZORPAY/pay_95e49b72d35d48/ORD-2026-2299,CREDIT,6153.66,15017477.16,CORP FIN OPS,HDFC0001234
UTR611232011,2026-04-16 03:00:46,CMS/RAZORPAY/pay_0d5b0f4bb07a47/ORD-2026-2300,CREDIT,5936.95,15023414.11,CORP FIN OPS,HDFC0001234
UTR658404186,2026-04-16 03:15:08,CMS/RAZORPAY/pay_dee2a429a7f64a/ORD-2026-2301,CREDIT,7537.72,15030951.83,CORP FIN OPS,HDFC0001234
UTR601225954,2026-04-16 03:30:07,CMS/RAZORPAY/pay_c7cafd03b11040/ORD-2026-2302,CREDIT,7314.64,15038266.47,CORP FIN OPS,HDFC0001234
UTR283001054,2026-04-16 03:45:06,CMS/RAZORPAY/pay_246964ebd52249/ORD-2026-2303,CREDIT,6645.33,15044911.8,CORP FIN OPS,HDFC0001234
UTR511769051,2026-04-16 04:00:46,CMS/RAZORPAY/pay_e4684334d9eb42/ORD-2026-2304,CREDIT,4135.65,15049047.45,CORP FIN OPS,HDFC0001234
UTR245767354,2026-04-16 04:15:05,CMS/RAZORPAY/pay_aa6e1546e46f4f/ORD-2026-2305,CREDIT,11751.3,15060798.75,CORP FIN OPS,HDFC0001234
UTR744974623,2026-04-16 04:30:41,CMS/RAZORPAY/pay_57d5391e1b024c/ORD-2026-2306,CREDIT,5347.51,15066146.26,CORP FIN OPS,HDFC0001234
UTR703335469,2026-04-16 04:45:51,CMS/RAZORPAY/pay_a6dc37e2fcac44/ORD-2026-2307,CREDIT,3792.17,15069938.43,CORP FIN OPS,HDFC0001234
UTR219596078,2026-04-16 05:00:21,CMS/RAZORPAY/pay_0d9374639e7342/ORD-2026-2308,CREDIT,10973.2,15080911.63,CORP FIN OPS,HDFC0001234
UTR236813458,2026-04-16 05:15:36,CMS/RAZORPAY/pay_cededd2a65344e/ORD-2026-2309,CREDIT,10921.33,15091832.96,CORP FIN OPS,HDFC0001234
UTR303858121,2026-04-16 05:30:27,CMS/RAZORPAY/pay_afa8ff3ece4d44/ORD-2026-2310,CREDIT,5013.63,15096846.59,CORP FIN OPS,HDFC0001234
UTR812688382,2026-04-16 05:45:25,CMS/RAZORPAY/pay_9344c5f1be8a41/ORD-2026-2311,CREDIT,618.29,15097464.88,CORP FIN OPS,HDFC0001234
UTR418711858,2026-04-16 06:00:43,CMS/RAZORPAY/pay_bbee9419adbf48/ORD-2026-2312,CREDIT,6941.11,15104405.99,CORP FIN OPS,HDFC0001234
UTR960380468,2026-04-16 06:15:38,CMS/RAZORPAY/pay_1237cfb4112946/ORD-2026-2313,CREDIT,5020.67,15109426.66,CORP FIN OPS,HDFC0001234
UTR858622505,2026-04-16 06:30:40,CMS/RAZORPAY/pay_6ca5c414af704a/ORD-2026-2314,CREDIT,12220.59,15121647.25,CORP FIN OPS,HDFC0001234
UTR504487813,2026-04-16 06:45:51,CMS/RAZORPAY/pay_c7548b6736da4d/ORD-2026-2315,CREDIT,5204.8,15126852.05,CORP FIN OPS,HDFC0001234
UTR889979323,2026-04-16 07:00:59,CMS/RAZORPAY/pay_8f54f6374b574f/ORD-2026-2316,CREDIT,12740.8,15139592.85,CORP FIN OPS,HDFC0001234
UTR421158083,2026-04-16 07:15:35,CMS/RAZORPAY/pay_ac9524d3baca4b/ORD-2026-2317,CREDIT,6042.1,15145634.95,CORP FIN OPS,HDFC0001234
UTR473991966,2026-04-16 07:30:25,CMS/RAZORPAY/pay_40d381dc8f9645/ORD-2026-2318,CREDIT,1505.06,15147140.01,CORP FIN OPS,HDFC0001234
UTR309478626,2026-04-16 07:45:06,CMS/RAZORPAY/pay_00b8cc1c44a249/ORD-2026-2319,CREDIT,2341.47,15149481.48,CORP FIN OPS,HDFC0001234
UTR802907889,2026-04-16 08:00:08,CMS/RAZORPAY/pay_fc84862651904e/ORD-2026-2320,CREDIT,6744.29,15156225.77,CORP FIN OPS,HDFC0001234
UTR963673300,2026-04-16 08:15:41,CMS/RAZORPAY/pay_6b93f47ff27549/ORD-2026-2321,CREDIT,617.49,15156843.26,CORP FIN OPS,HDFC0001234
UTR258490157,2026-04-16 08:30:27,CMS/RAZORPAY/pay_549298f189284d/ORD-2026-2322,CREDIT,10107.65,15166950.91,CORP FIN OPS,HDFC0001234
UTR608820219,2026-04-16 08:45:07,CMS/RAZORPAY/pay_b18e3557dfad4e/ORD-2026-2323,CREDIT,14366.76,15181317.67,CORP FIN OPS,HDFC0001234
UTR259524021,2026-04-16 09:00:15,CMS/RAZORPAY/pay_04630470a0c44b/ORD-2026-2324,CREDIT,969.47,15182287.14,CORP FIN OPS,HDFC0001234
UTR838717308,2026-04-16 09:15:47,CMS/RAZORPAY/pay_db0edb44e2f64b/ORD-2026-2325,CREDIT,5802.64,15188089.78,CORP FIN OPS,HDFC0001234
UTR395510969,2026-04-16 09:30:23,CMS/RAZORPAY/pay_7a92350e01b74b/ORD-2026-2326,CREDIT,652.48,15188742.26,CORP FIN OPS,HDFC0001234
UTR788708018,2026-04-16 09:45:37,CMS/RAZORPAY/pay_c71c7cc068be4e/ORD-2026-2327,CREDIT,8600.37,15197342.63,CORP FIN OPS,HDFC0001234
UTR201525763,2026-04-16 10:00:30,CMS/RAZORPAY/pay_5ccb0d8899cc41/ORD-2026-2328,CREDIT,14645.35,15211987.98,CORP FIN OPS,HDFC0001234
UTR206774236,2026-04-16 10:15:45,CMS/RAZORPAY/pay_05f852a8c32d45/ORD-2026-2329,CREDIT,13355.95,15225343.93,CORP FIN OPS,HDFC0001234
UTR852415900,2026-04-16 10:30:25,CMS/RAZORPAY/pay_58bee0b1d48442/ORD-2026-2330,CREDIT,8360.78,15233704.71,CORP FIN OPS,HDFC0001234
UTR657165824,2026-04-16 10:45:48,CMS/RAZORPAY/pay_4e96863b43954b/ORD-2026-2331,CREDIT,11148.85,15244853.56,CORP FIN OPS,HDFC0001234
UTR105716605,2026-04-16 11:00:51,CMS/RAZORPAY/pay_6b6f98668fc347/ORD-2026-2332,CREDIT,4937.93,15249791.49,CORP FIN OPS,HDFC0001234
UTR800767402,2026-04-16 11:15:35,CMS/RAZORPAY/pay_a08ee2273fb948/ORD-2026-2333,CREDIT,4123.37,15253914.86,CORP FIN OPS,HDFC0001234
UTR490369190,2026-04-16 11:30:42,CMS/RAZORPAY/pay_30eb5eccd1ea45/ORD-2026-2334,CREDIT,489.42,15254404.28,CORP FIN OPS,HDFC0001234
UTR940527063,2026-04-16 11:45:34,CMS/RAZORPAY/pay_21df3dd4ea8947/ORD-2026-2335,CREDIT,6787.28,15261191.56,CORP FIN OPS,HDFC0001234
UTR478082887,2026-04-16 12:00:06,CMS/RAZORPAY/pay_4cd712b118a44a/ORD-2026-2336,CREDIT,9869.4,15271060.96,CORP FIN OPS,HDFC0001234
UTR252114137,2026-04-16 12:15:08,CMS/RAZORPAY/pay_ec54045102bc4a/ORD-2026-2337,CREDIT,9013.24,15280074.2,CORP FIN OPS,HDFC0001234
UTR237967359,2026-04-16 12:30:04,CMS/RAZORPAY/pay_eb7b1d6c6bec45/ORD-2026-2338,CREDIT,8272.84,15288347.04,CORP FIN OPS,HDFC0001234
UTR275362844,2026-04-16 12:45:29,CMS/RAZORPAY/pay_6611ed2abd5945/ORD-2026-2339,CREDIT,1666.89,15290013.93,CORP FIN OPS,HDFC0001234
UTR845730200,2026-04-16 13:00:13,CMS/RAZORPAY/pay_f14967ce496148/ORD-2026-2340,CREDIT,1487.15,15291501.08,CORP FIN OPS,HDFC0001234
UTR306832116,2026-04-16 13:15:42,CMS/RAZORPAY/pay_ea7ade22efcc46/ORD-2026-2341,CREDIT,9659.22,15301160.3,CORP FIN OPS,HDFC0001234
UTR982151713,2026-04-16 13:30:50,CMS/RAZORPAY/pay_15a3329f2e4841/ORD-2026-2342,CREDIT,6627.41,15307787.71,CORP FIN OPS,HDFC0001234
UTR390044760,2026-04-16 13:45:34,CMS/RAZORPAY/pay_03859c472e6447/ORD-2026-2343,CREDIT,2045.42,15309833.13,CORP FIN OPS,HDFC0001234
UTR787385349,2026-04-16 14:00:23,CMS/RAZORPAY/pay_1646893c58314d/ORD-2026-2344,CREDIT,13361.12,15323194.25,CORP FIN OPS,HDFC0001234
UTR110590679,2026-04-16 14:15:24,CMS/RAZORPAY/pay_56b648874d4541/ORD-2026-2345,CREDIT,14355.56,15337549.81,CORP FIN OPS,HDFC0001234
UTR232610867,2026-04-16 14:30:46,CMS/RAZORPAY/pay_467c011a6f974c/ORD-2026-2346,CREDIT,12883.52,15350433.33,CORP FIN OPS,HDFC0001234
UTR852108407,2026-04-16 14:45:17,CMS/RAZORPAY/pay_a566fc158fed4a/ORD-2026-2347,CREDIT,9088.59,15359521.92,CORP FIN OPS,HDFC0001234
UTR907317394,2026-04-16 15:00:11,CMS/RAZORPAY/pay_c6832606035143/ORD-2026-2348,CREDIT,5375.09,15364897.01,CORP FIN OPS,HDFC0001234
UTR532343498,2026-04-16 15:15:37,CMS/RAZORPAY/pay_33991e4dc46041/ORD-2026-2349,CREDIT,2294.34,15367191.35,CORP FIN OPS,HDFC0001234
UTR266957491,2026-04-16 15:30:24,CMS/RAZORPAY/pay_ec482a614e8e42/ORD-2026-2350,CREDIT,8523.61,15375714.96,CORP FIN OPS,HDFC0001234
UTR497446283,2026-04-16 15:45:38,CMS/RAZORPAY/pay_ae0cdb918dba45/ORD-2026-2351,CREDIT,6409.61,15382124.57,CORP FIN OPS,HDFC0001234
UTR480106125,2026-04-16 16:00:32,CMS/RAZORPAY/pay_3aaf836271c748/ORD-2026-2352,CREDIT,4548.94,15386673.51,CORP FIN OPS,HDFC0001234
UTR974050809,2026-04-16 16:15:40,CMS/RAZORPAY/pay_6578e73ada564b/ORD-2026-2353,CREDIT,12634.48,15399307.99,CORP FIN OPS,HDFC0001234
UTR196787722,2026-04-16 16:30:04,CMS/RAZORPAY/pay_6362ad2e88a74a/ORD-2026-2354,CREDIT,10822.73,15410130.72,CORP FIN OPS,HDFC0001234
UTR190822582,2026-04-16 16:45:59,CMS/RAZORPAY/pay_1958a39b58d84c/ORD-2026-2355,CREDIT,7465.87,15417596.59,CORP FIN OPS,HDFC0001234
UTR884687698,2026-04-16 17:00:31,CMS/RAZORPAY/pay_622a086a8b0d4b/ORD-2026-2356,CREDIT,7779.64,15425376.23,CORP FIN OPS,HDFC0001234
UTR114925291,2026-04-16 17:15:00,CMS/RAZORPAY/pay_60667770335241/ORD-2026-2357,CREDIT,10599.13,15435975.36,CORP FIN OPS,HDFC0001234
UTR893477119,2026-04-16 17:30:38,CMS/RAZORPAY/pay_e473d9893c5a40/ORD-2026-2358,CREDIT,6840.12,15442815.48,CORP FIN OPS,HDFC0001234
UTR341665544,2026-04-16 17:45:23,CMS/RAZORPAY/pay_81e5278fbace47/ORD-2026-2359,CREDIT,12372.38,15455187.86,CORP FIN OPS,HDFC0001234
UTR507049911,2026-04-16 18:00:07,CMS/RAZORPAY/pay_13aadee7b5a546/ORD-2026-2360,CREDIT,5272.95,15460460.81,CORP FIN OPS,HDFC0001234
UTR411454646,2026-04-16 18:15:18,CMS/RAZORPAY/pay_3190fbd1852d49/ORD-2026-2361,CREDIT,4236.49,15464697.3,CORP FIN OPS,HDFC0001234
UTR522647841,2026-04-16 18:30:59,CMS/RAZORPAY/pay_d4d510172b5846/ORD-2026-2362,CREDIT,13699.01,15478396.31,CORP FIN OPS,HDFC0001234
UTR624272120,2026-04-16 18:45:22,CMS/RAZORPAY/pay_c703451066754b/ORD-2026-2363,CREDIT,571.6,15478967.91,CORP FIN OPS,HDFC0001234
UTR215066535,2026-04-16 19:00:22,CMS/RAZORPAY/pay_8c14932d63224e/ORD-2026-2364,CREDIT,13091.42,15492059.33,CORP FIN OPS,HDFC0001234
UTR208810611,2026-04-16 19:15:31,CMS/RAZORPAY/pay_e58bad1cc33042/ORD-2026-2365,CREDIT,3284.99,15495344.32,CORP FIN OPS,HDFC0001234
UTR623354821,2026-04-16 19:30:09,CMS/RAZORPAY/pay_e0060d560b5241/ORD-2026-2366,CREDIT,11381.88,15506726.2,CORP FIN OPS,HDFC0001234
UTR501911728,2026-04-16 19:45:27,CMS/RAZORPAY/pay_d1322a62657246/ORD-2026-2367,CREDIT,13119.69,15519845.89,CORP FIN OPS,HDFC0001234
UTR570913175,2026-04-16 20:00:10,CMS/RAZORPAY/pay_444a10be06fb43/ORD-2026-2368,CREDIT,2468.52,15522314.41,CORP FIN OPS,HDFC0001234
UTR861518573,2026-04-16 20:15:12,CMS/RAZORPAY/pay_e107d9596f1243/ORD-2026-2369,CREDIT,4521.76,15526836.17,CORP FIN OPS,HDFC0001234
UTR455637797,2026-04-16 20:30:10,CMS/RAZORPAY/pay_77d4b804a8a543/ORD-2026-2370,CREDIT,9920.19,15536756.36,CORP FIN OPS,HDFC0001234
UTR625132584,2026-04-16 20:45:51,CMS/RAZORPAY/pay_cc5200c3eb1841/ORD-2026-2371,CREDIT,10140.09,15546896.45,CORP FIN OPS,HDFC0001234
UTR937881000,2026-04-16 21:00:32,CMS/RAZORPAY/pay_5da6e32dc9964a/ORD-2026-2372,CREDIT,10766.68,15557663.13,CORP FIN OPS,HDFC0001234
UTR215834822,2026-04-16 21:15:08,CMS/RAZORPAY/pay_ac042d389e5544/ORD-2026-2373,CREDIT,2690.33,15560353.46,CORP FIN OPS,HDFC0001234
UTR353945243,2026-04-16 21:30:43,CMS/RAZORPAY/pay_29fc24ee143e46/ORD-2026-2374,CREDIT,12236.85,15572590.31,CORP FIN OPS,HDFC0001234
UTR566356688,2026-04-16 21:45:18,CMS/RAZORPAY/pay_4b887b489a8f47/ORD-2026-2375,CREDIT,4483.87,15577074.18,CORP FIN OPS,HDFC0001234
UTR263741036,2026-04-16 22:00:17,CMS/RAZORPAY/pay_86fd374fe5cb47/ORD-2026-2376,CREDIT,11343.38,15588417.56,CORP FIN OPS,HDFC0001234
UTR981122649,2026-04-16 22:15:12,CMS/RAZORPAY/pay_72e71f95736e4b/ORD-2026-2377,CREDIT,7197.48,15595615.04,CORP FIN OPS,HDFC0001234
UTR756164110,2026-04-16 22:30:54,CMS/RAZORPAY/pay_f9dd317b4fef4a/ORD-2026-2378,CREDIT,8858.23,15604473.27,CORP FIN OPS,HDFC0001234
UTR530874516,2026-04-16 22:45:17,CMS/RAZORPAY/pay_386a9975335c40/ORD-2026-2379,CREDIT,14510.06,15618983.33,CORP FIN OPS,HDFC0001234
UTR314365568,2026-04-16 23:00:55,CMS/RAZORPAY/pay_3908bd02cf334f/ORD-2026-2380,CREDIT,1209.61,15620192.94,CORP FIN OPS,HDFC0001234
UTR780011404,2026-04-16 23:15:21,CMS/RAZORPAY/pay_f33782fe6e1249/ORD-2026-2381,CREDIT,6520.5,15626713.44,CORP FIN OPS,HDFC0001234
UTR155464661,2026-04-16 23:30:17,CMS/RAZORPAY/pay_3f71f28b5ccc43/ORD-2026-2382,CREDIT,5635.63,15632349.07,CORP FIN OPS,HDFC0001234
UTR443426534,2026-04-16 23:45:11,CMS/RAZORPAY/pay_abd0d703736747/ORD-2026-2383,CREDIT,1067.1,15633416.17,CORP FIN OPS,HDFC0001234
UTR327609166,2026-04-17 00:00:17,CMS/RAZORPAY/pay_de2275058cab49/ORD-2026-2384,CREDIT,13350.31,15646766.48,CORP FIN OPS,HDFC0001234
UTR627514698,2026-04-17 00:15:19,CMS/RAZORPAY/pay_1b7d39fb91be48/ORD-2026-2385,CREDIT,2067.2,15648833.68,CORP FIN OPS,HDFC0001234
UTR239917245,2026-04-17 00:30:47,CMS/RAZORPAY/pay_f3ea462df2b044/ORD-2026-2386,CREDIT,11956.52,15660790.2,CORP FIN OPS,HDFC0001234
UTR798198840,2026-04-17 00:45:37,CMS/RAZORPAY/pay_6c7446c05c1d4f/ORD-2026-2387,CREDIT,5925.5,15666715.7,CORP FIN OPS,HDFC0001234
UTR746215549,2026-04-17 01:00:02,CMS/RAZORPAY/pay_5cc8f93146804c/ORD-2026-2388,CREDIT,8792.62,15675508.32,CORP FIN OPS,HDFC0001234
UTR205911113,2026-04-17 01:15:34,CMS/RAZORPAY/pay_945fcf83585a46/ORD-2026-2389,CREDIT,9252.03,15684760.35,CORP FIN OPS,HDFC0001234
UTR917104656,2026-04-17 01:30:46,CMS/RAZORPAY/pay_0e7644eb696740/ORD-2026-2390,CREDIT,2663.87,15687424.22,CORP FIN OPS,HDFC0001234
UTR864078040,2026-04-17 01:45:22,CMS/RAZORPAY/pay_2c1e172411fd4b/ORD-2026-2391,CREDIT,13158.21,15700582.43,CORP FIN OPS,HDFC0001234
UTR568286479,2026-04-17 02:00:30,CMS/RAZORPAY/pay_00d5ac2c78eb4f/ORD-2026-2392,CREDIT,6420.38,15707002.81,CORP FIN OPS,HDFC0001234
UTR394364860,2026-04-17 02:15:02,CMS/RAZORPAY/pay_2028e7200fff4a/ORD-2026-2393,CREDIT,14020.27,15721023.08,CORP FIN OPS,HDFC0001234
UTR974598695,2026-04-17 02:30:31,CMS/RAZORPAY/pay_063bbae4d3c34a/ORD-2026-2394,CREDIT,10181.97,15731205.05,CORP FIN OPS,HDFC0001234
UTR906087827,2026-04-17 02:45:35,CMS/RAZORPAY/pay_89aa0a863d0349/ORD-2026-2395,CREDIT,11522.4,15742727.45,CORP FIN OPS,HDFC0001234
UTR297639735,2026-04-17 03:00:10,CMS/RAZORPAY/pay_0053405e903245/ORD-2026-2396,CREDIT,8585.02,15751312.47,CORP FIN OPS,HDFC0001234
UTR859945091,2026-04-17 03:15:54,CMS/RAZORPAY/pay_208d4f05d74443/ORD-2026-2397,CREDIT,3607.68,15754920.15,CORP FIN OPS,HDFC0001234
UTR340442416,2026-04-17 03:30:34,CMS/RAZORPAY/pay_3b59aa28017d41/ORD-2026-2398,CREDIT,3860.83,15758780.98,CORP FIN OPS,HDFC0001234
UTR398238769,2026-04-17 03:45:55,CMS/RAZORPAY/pay_d6685c42f7804e/ORD-2026-2399,CREDIT,11681.66,15770462.64,CORP FIN OPS,HDFC0001234
UTR101503196,2026-04-17 04:00:38,CMS/RAZORPAY/pay_9566fc76ad0747/ORD-2026-2400,CREDIT,14252.68,15784715.32,CORP FIN OPS,HDFC0001234
UTR383508835,2026-04-17 04:15:57,CMS/RAZORPAY/pay_2ae8fdadf69942/ORD-2026-2401,CREDIT,9145.44,15793860.76,CORP FIN OPS,HDFC0001234
UTR111175709,2026-04-17 04:30:46,CMS/RAZORPAY/pay_bd3440dba1e947/ORD-2026-2402,CREDIT,14153.69,15808014.45,CORP FIN OPS,HDFC0001234
UTR935570846,2026-04-17 04:45:46,CMS/RAZORPAY/pay_090af3e5dc6640/ORD-2026-2403,CREDIT,11046.66,15819061.11,CORP FIN OPS,HDFC0001234
UTR772408958,2026-04-17 05:00:14,CMS/RAZORPAY/pay_b3a1a190fd1446/ORD-2026-2404,CREDIT,5079.04,15824140.15,CORP FIN OPS,HDFC0001234
UTR908417746,2026-04-17 05:15:09,CMS/RAZORPAY/pay_30f605008eb84e/ORD-2026-2405,CREDIT,6803.37,15830943.52,CORP FIN OPS,HDFC0001234
UTR614329730,2026-04-17 05:30:31,CMS/RAZORPAY/pay_0fc47b2a5ee14a/ORD-2026-2406,CREDIT,3058.03,15834001.55,CORP FIN OPS,HDFC0001234
UTR626690096,2026-04-17 05:45:18,CMS/RAZORPAY/pay_3b67eb175e3d4e/ORD-2026-2407,CREDIT,786.19,15834787.74,CORP FIN OPS,HDFC0001234
UTR301700275,2026-04-17 06:00:09,CMS/RAZORPAY/pay_61e284ef8fb845/ORD-2026-2408,CREDIT,1508.26,15836296.0,CORP FIN OPS,HDFC0001234
UTR207625222,2026-04-17 06:15:48,CMS/RAZORPAY/pay_52792cd5b8564c/ORD-2026-2409,CREDIT,11927.59,15848223.59,CORP FIN OPS,HDFC0001234
UTR218149731,2026-04-17 06:30:48,CMS/RAZORPAY/pay_5bc2ca07deec4c/ORD-2026-2410,CREDIT,12246.5,15860470.09,CORP FIN OPS,HDFC0001234
UTR189760032,2026-04-17 06:45:40,CMS/RAZORPAY/pay_6af80bd124d845/ORD-2026-2411,CREDIT,8977.75,15869447.84,CORP FIN OPS,HDFC0001234
UTR978595000,2026-04-17 07:00:05,CMS/RAZORPAY/pay_d3a89b4fb0a242/ORD-2026-2412,CREDIT,3352.63,15872800.47,CORP FIN OPS,HDFC0001234
UTR430052121,2026-04-17 07:15:09,CMS/RAZORPAY/pay_f563db21539c4b/ORD-2026-2413,CREDIT,3940.0,15876740.47,CORP FIN OPS,HDFC0001234
UTR683699916,2026-04-17 07:30:01,CMS/RAZORPAY/pay_9821e9a311cd4b/ORD-2026-2414,CREDIT,12167.32,15888907.79,CORP FIN OPS,HDFC0001234
UTR649264485,2026-04-17 07:45:09,CMS/RAZORPAY/pay_63338e89248e43/ORD-2026-2415,CREDIT,505.34,15889413.13,CORP FIN OPS,HDFC0001234
UTR513801909,2026-04-17 08:00:41,CMS/RAZORPAY/pay_7dc0389b14944e/ORD-2026-2416,CREDIT,4549.31,15893962.44,CORP FIN OPS,HDFC0001234
UTR220697890,2026-04-17 08:15:10,CMS/RAZORPAY/pay_f7c49e8cb45642/ORD-2026-2417,CREDIT,14515.3,15908477.74,CORP FIN OPS,HDFC0001234
UTR181915702,2026-04-17 08:30:23,CMS/RAZORPAY/pay_ab36a92274b74d/ORD-2026-2418,CREDIT,13560.37,15922038.11,CORP FIN OPS,HDFC0001234
UTR291198819,2026-04-17 08:45:33,CMS/RAZORPAY/pay_30c4ac216c574f/ORD-2026-2419,CREDIT,5228.86,15927266.97,CORP FIN OPS,HDFC0001234
UTR816479341,2026-04-17 09:00:52,CMS/RAZORPAY/pay_7dd72a8dd35b4b/ORD-2026-2420,CREDIT,4551.57,15931818.54,CORP FIN OPS,HDFC0001234
UTR384972125,2026-04-17 09:15:50,CMS/RAZORPAY/pay_5f57a416821e4e/ORD-2026-2421,CREDIT,519.05,15932337.59,CORP FIN OPS,HDFC0001234
UTR258677766,2026-04-17 09:30:28,CMS/RAZORPAY/pay_6f9fc3f7938f41/ORD-2026-2422,CREDIT,10700.84,15943038.43,CORP FIN OPS,HDFC0001234
UTR558974328,2026-04-17 09:45:05,CMS/RAZORPAY/pay_af37f2393ac04c/ORD-2026-2423,CREDIT,5061.92,15948100.35,CORP FIN OPS,HDFC0001234
UTR478610768,2026-04-17 10:00:27,CMS/RAZORPAY/pay_a5adbef296574f/ORD-2026-2424,CREDIT,7302.19,15955402.54,CORP FIN OPS,HDFC0001234
UTR458055473,2026-04-17 10:15:58,CMS/RAZORPAY/pay_7d3b5ca983a34d/ORD-2026-2425,CREDIT,3969.72,15959372.26,CORP FIN OPS,HDFC0001234
UTR673131867,2026-04-17 10:30:34,CMS/RAZORPAY/pay_4f42b9e5b84542/ORD-2026-2426,CREDIT,8079.79,15967452.05,CORP FIN OPS,HDFC0001234
UTR867640638,2026-04-17 10:45:33,CMS/RAZORPAY/pay_b097bcfeeb1440/ORD-2026-2427,CREDIT,8669.67,15976121.72,CORP FIN OPS,HDFC0001234
UTR488382549,2026-04-17 11:00:13,CMS/RAZORPAY/pay_6bb64ed3f4d841/ORD-2026-2428,CREDIT,14559.72,15990681.44,CORP FIN OPS,HDFC0001234
UTR243444042,2026-04-17 11:15:03,CMS/RAZORPAY/pay_a5e0312ac3ad43/ORD-2026-2429,CREDIT,13391.08,16004072.52,CORP FIN OPS,HDFC0001234
UTR254769407,2026-04-17 11:30:15,CMS/RAZORPAY/pay_7ec8a58b54de44/ORD-2026-2430,CREDIT,3471.78,16007544.3,CORP FIN OPS,HDFC0001234
UTR225880985,2026-04-17 11:45:46,CMS/RAZORPAY/pay_666b73cef06c43/ORD-2026-2431,CREDIT,861.21,16008405.51,CORP FIN OPS,HDFC0001234
UTR213827188,2026-04-17 12:00:30,CMS/RAZORPAY/pay_1013bf67bc5842/ORD-2026-2432,CREDIT,12344.47,16020749.98,CORP FIN OPS,HDFC0001234
UTR251695555,2026-04-17 12:15:15,CMS/RAZORPAY/pay_95fd55bd5a0641/ORD-2026-2433,CREDIT,1579.28,16022329.26,CORP FIN OPS,HDFC0001234
UTR604406044,2026-04-17 12:30:33,CMS/RAZORPAY/pay_03ffae5af0da4e/ORD-2026-2434,CREDIT,10378.34,16032707.6,CORP FIN OPS,HDFC0001234
UTR462212833,2026-04-17 12:45:50,CMS/RAZORPAY/pay_2c0700aa03eb43/ORD-2026-2435,CREDIT,9617.81,16042325.41,CORP FIN OPS,HDFC0001234
UTR164425366,2026-04-17 13:00:38,CMS/RAZORPAY/pay_881097dc070d4a/ORD-2026-2436,CREDIT,11122.59,16053448.0,CORP FIN OPS,HDFC0001234
UTR994083442,2026-04-17 13:15:43,CMS/RAZORPAY/pay_fa98be53033246/ORD-2026-2437,CREDIT,13913.22,16067361.22,CORP FIN OPS,HDFC0001234
UTR377083754,2026-04-17 13:30:14,CMS/RAZORPAY/pay_8f5ff52c98cd4e/ORD-2026-2438,CREDIT,6486.45,16073847.67,CORP FIN OPS,HDFC0001234
UTR234360915,2026-04-17 13:45:39,CMS/RAZORPAY/pay_a239166e984e4a/ORD-2026-2439,CREDIT,1280.99,16075128.66,CORP FIN OPS,HDFC0001234
UTR749703359,2026-04-17 14:00:52,CMS/RAZORPAY/pay_d2e41c4500e544/ORD-2026-2440,CREDIT,10291.45,16085420.11,CORP FIN OPS,HDFC0001234
UTR534972678,2026-04-17 14:15:10,CMS/RAZORPAY/pay_66d1ae8a94af4a/ORD-2026-2441,CREDIT,1262.24,16086682.35,CORP FIN OPS,HDFC0001234
UTR389823921,2026-04-17 14:30:06,CMS/RAZORPAY/pay_e4df2036377246/ORD-2026-2442,CREDIT,1589.8,16088272.15,CORP FIN OPS,HDFC0001234
UTR274762655,2026-04-17 14:45:04,CMS/RAZORPAY/pay_a339f54e64c040/ORD-2026-2443,CREDIT,3488.38,16091760.53,CORP FIN OPS,HDFC0001234
UTR316601552,2026-04-17 15:00:15,CMS/RAZORPAY/pay_0d9cdc0151834c/ORD-2026-2444,CREDIT,4299.03,16096059.56,CORP FIN OPS,HDFC0001234
UTR151592119,2026-04-17 15:15:19,CMS/RAZORPAY/pay_cad7ebedd73444/ORD-2026-2445,CREDIT,608.24,16096667.8,CORP FIN OPS,HDFC0001234
UTR437662209,2026-04-17 15:30:46,CMS/RAZORPAY/pay_30fbe208387c49/ORD-2026-2446,CREDIT,5526.08,16102193.88,CORP FIN OPS,HDFC0001234
UTR455750197,2026-04-17 15:45:57,CMS/RAZORPAY/pay_78888d46754648/ORD-2026-2447,CREDIT,10985.52,16113179.4,CORP FIN OPS,HDFC0001234
UTR730474896,2026-04-17 16:00:30,CMS/RAZORPAY/pay_a456061e45434d/ORD-2026-2448,CREDIT,8789.74,16121969.14,CORP FIN OPS,HDFC0001234
UTR832693486,2026-04-17 16:15:05,CMS/RAZORPAY/pay_190d7d0bb04d4a/ORD-2026-2449,CREDIT,13020.74,16134989.88,CORP FIN OPS,HDFC0001234
UTR331549411,2026-04-17 16:30:10,CMS/RAZORPAY/pay_2f80d252e35841/ORD-2026-2450,CREDIT,14552.79,16149542.67,CORP FIN OPS,HDFC0001234
UTR661875225,2026-04-17 16:45:50,CMS/RAZORPAY/pay_7db3dee3a92b45/ORD-2026-2451,CREDIT,2345.66,16151888.33,CORP FIN OPS,HDFC0001234
UTR562676904,2026-04-17 17:00:57,CMS/RAZORPAY/pay_570a37928d2d41/ORD-2026-2452,CREDIT,10579.35,16162467.68,CORP FIN OPS,HDFC0001234
UTR755398297,2026-04-17 17:15:09,CMS/RAZORPAY/pay_81e36e815ce14f/ORD-2026-2453,CREDIT,8514.27,16170981.95,CORP FIN OPS,HDFC0001234
UTR432368523,2026-04-17 17:30:31,CMS/RAZORPAY/pay_ca5123b9b6b942/ORD-2026-2454,CREDIT,1820.65,16172802.6,CORP FIN OPS,HDFC0001234
UTR400773683,2026-04-17 17:45:05,CMS/RAZORPAY/pay_1b7603c0d3ea42/ORD-2026-2455,CREDIT,1495.3,16174297.9,CORP FIN OPS,HDFC0001234
UTR919422169,2026-04-17 18:00:41,CMS/RAZORPAY/pay_da4d8bf09b404f/ORD-2026-2456,CREDIT,13572.28,16187870.18,CORP FIN OPS,HDFC0001234
UTR490275201,2026-04-17 18:15:26,CMS/RAZORPAY/pay_5fc43d83ebac4a/ORD-2026-2457,CREDIT,12621.44,16200491.62,CORP FIN OPS,HDFC0001234
UTR770693402,2026-04-17 18:30:05,CMS/RAZORPAY/pay_15762aa067bd4b/ORD-2026-2458,CREDIT,10146.66,16210638.28,CORP FIN OPS,HDFC0001234
UTR832888487,2026-04-17 18:45:39,CMS/RAZORPAY/pay_c3614a3c8a1244/ORD-2026-2459,CREDIT,14326.48,16224964.76,CORP FIN OPS,HDFC0001234
UTR851345788,2026-04-17 19:00:09,CMS/RAZORPAY/pay_fd8225008a704c/ORD-2026-2460,CREDIT,12565.65,16237530.41,CORP FIN OPS,HDFC0001234
UTR528724081,2026-04-17 19:15:14,CMS/RAZORPAY/pay_a8b339bdde6343/ORD-2026-2461,CREDIT,5984.59,16243515.0,CORP FIN OPS,HDFC0001234
UTR600232257,2026-04-17 19:30:41,CMS/RAZORPAY/pay_29809786c8094e/ORD-2026-2462,CREDIT,8064.27,16251579.27,CORP FIN OPS,HDFC0001234
UTR885740776,2026-04-17 19:45:58,CMS/RAZORPAY/pay_b98893aa38d046/ORD-2026-2463,CREDIT,14073.29,16265652.56,CORP FIN OPS,HDFC0001234
UTR452961097,2026-04-17 20:00:20,CMS/RAZORPAY/pay_db2f34db77bd40/ORD-2026-2464,CREDIT,5336.17,16270988.73,CORP FIN OPS,HDFC0001234
UTR611336760,2026-04-17 20:15:17,CMS/RAZORPAY/pay_3a1203c0c75d46/ORD-2026-2465,CREDIT,6924.03,16277912.76,CORP FIN OPS,HDFC0001234
UTR329211822,2026-04-17 20:30:02,CMS/RAZORPAY/pay_d36c85b68fd541/ORD-2026-2466,CREDIT,14473.43,16292386.19,CORP FIN OPS,HDFC0001234
UTR561826808,2026-04-17 20:45:13,CMS/RAZORPAY/pay_192dc5f534ee42/ORD-2026-2467,CREDIT,1253.82,16293640.01,CORP FIN OPS,HDFC0001234
UTR370659482,2026-04-17 21:00:09,CMS/RAZORPAY/pay_e489aab5c71545/ORD-2026-2468,CREDIT,1468.75,16295108.76,CORP FIN OPS,HDFC0001234
UTR864726126,2026-04-17 21:15:55,CMS/RAZORPAY/pay_61b3c00f3e7448/ORD-2026-2469,CREDIT,6430.54,16301539.3,CORP FIN OPS,HDFC0001234
UTR157705340,2026-04-17 21:30:57,CMS/RAZORPAY/pay_57c84aeaaa414b/ORD-2026-2470,CREDIT,13253.46,16314792.76,CORP FIN OPS,HDFC0001234
UTR475032525,2026-04-17 21:45:30,CMS/RAZORPAY/pay_61cadeef47824a/ORD-2026-2471,CREDIT,7220.23,16322012.99,CORP FIN OPS,HDFC0001234
UTR843997253,2026-04-17 22:00:52,CMS/RAZORPAY/pay_122378966fd547/ORD-2026-2472,CREDIT,628.81,16322641.8,CORP FIN OPS,HDFC0001234
UTR721148221,2026-04-17 22:15:42,CMS/RAZORPAY/pay_0e56803ae39f44/ORD-2026-2473,CREDIT,14453.0,16337094.8,CORP FIN OPS,HDFC0001234
UTR592481419,2026-04-17 22:30:55,CMS/RAZORPAY/pay_d5cd33536f1943/ORD-2026-2474,CREDIT,4967.83,16342062.63,CORP FIN OPS,HDFC0001234
UTR103948031,2026-04-17 22:45:53,CMS/RAZORPAY/pay_8072b928ee1343/ORD-2026-2475,CREDIT,12625.21,16354687.84,CORP FIN OPS,HDFC0001234
UTR334744410,2026-04-17 23:00:44,CMS/RAZORPAY/pay_0ee0a5fffa2040/ORD-2026-2476,CREDIT,8219.57,16362907.41,CORP FIN OPS,HDFC0001234
UTR473754019,2026-04-17 23:15:43,CMS/RAZORPAY/pay_b7c8ca458cd645/ORD-2026-2477,CREDIT,8654.94,16371562.35,CORP FIN OPS,HDFC0001234
UTR429601610,2026-04-17 23:30:44,CMS/RAZORPAY/pay_dab268ae6e6941/ORD-2026-2478,CREDIT,7554.78,16379117.13,CORP FIN OPS,HDFC0001234
UTR478183919,2026-04-17 23:45:33,CMS/RAZORPAY/pay_54640a52260640/ORD-2026-2479,CREDIT,14278.89,16393396.02,CORP FIN OPS,HDFC0001234
UTR500636145,2026-04-18 00:00:38,CMS/RAZORPAY/pay_ecfe1636afe441/ORD-2026-2480,CREDIT,2791.07,16396187.09,CORP FIN OPS,HDFC0001234
UTR808246120,2026-04-18 00:15:40,CMS/RAZORPAY/pay_bb6f135aeba547/ORD-2026-2481,CREDIT,4498.37,16400685.46,CORP FIN OPS,HDFC0001234
UTR797529095,2026-04-18 00:30:39,CMS/RAZORPAY/pay_82ccd49f05de4d/ORD-2026-2482,CREDIT,13690.3,16414375.76,CORP FIN OPS,HDFC0001234
UTR769827731,2026-04-18 00:45:40,CMS/RAZORPAY/pay_b93f52b147c946/ORD-2026-2483,CREDIT,6775.73,16421151.49,CORP FIN OPS,HDFC0001234
UTR551659683,2026-04-18 01:00:49,CMS/RAZORPAY/pay_d1e555eccc3040/ORD-2026-2484,CREDIT,6924.76,16428076.25,CORP FIN OPS,HDFC0001234
UTR604201501,2026-04-18 01:15:22,CMS/RAZORPAY/pay_03f0ad53a6d64d/ORD-2026-2485,CREDIT,14187.51,16442263.76,CORP FIN OPS,HDFC0001234
UTR942495598,2026-04-18 01:30:00,CMS/RAZORPAY/pay_16899d5521ce43/ORD-2026-2486,CREDIT,13791.1,16456054.86,CORP FIN OPS,HDFC0001234
UTR807254247,2026-04-18 01:45:53,CMS/RAZORPAY/pay_8591fc44be2846/ORD-2026-2487,CREDIT,13268.06,16469322.92,CORP FIN OPS,HDFC0001234
UTR545126826,2026-04-18 02:00:00,CMS/RAZORPAY/pay_057a3575b0a04a/ORD-2026-2488,CREDIT,859.8,16470182.72,CORP FIN OPS,HDFC0001234
UTR459800080,2026-04-18 02:15:27,CMS/RAZORPAY/pay_62a3faf1ffa44c/ORD-2026-2489,CREDIT,3912.0,16474094.72,CORP FIN OPS,HDFC0001234
UTR522321705,2026-04-18 02:30:51,CMS/RAZORPAY/pay_e4cd32be8b204c/ORD-2026-2490,CREDIT,13682.43,16487777.15,CORP FIN OPS,HDFC0001234
UTR881805071,2026-04-18 02:45:57,CMS/RAZORPAY/pay_cd5eb185684a40/ORD-2026-2491,CREDIT,4992.14,16492769.29,CORP FIN OPS,HDFC0001234
UTR862383390,2026-04-18 03:00:07,CMS/RAZORPAY/pay_401808a0e6e549/ORD-2026-2492,CREDIT,9428.02,16502197.31,CORP FIN OPS,HDFC0001234
UTR270782032,2026-04-18 03:15:05,CMS/RAZORPAY/pay_99b9f28551294a/ORD-2026-2493,CREDIT,1808.63,16504005.94,CORP FIN OPS,HDFC0001234
UTR737038349,2026-04-18 03:30:39,CMS/RAZORPAY/pay_3a62bb2be3db4b/ORD-2026-2494,CREDIT,10505.91,16514511.85,CORP FIN OPS,HDFC0001234
UTR897081101,2026-04-18 03:45:40,CMS/RAZORPAY/pay_78fa73e1532641/ORD-2026-2495,CREDIT,9428.87,16523940.72,CORP FIN OPS,HDFC0001234
UTR338107857,2026-04-18 04:00:34,CMS/RAZORPAY/pay_82cf78c2a95741/ORD-2026-2496,CREDIT,12387.22,16536327.94,CORP FIN OPS,HDFC0001234
UTR395241238,2026-04-18 04:15:59,CMS/RAZORPAY/pay_242c9c98ba3f48/ORD-2026-2497,CREDIT,2523.67,16538851.61,CORP FIN OPS,HDFC0001234
UTR219111815,2026-04-18 04:30:59,CMS/RAZORPAY/pay_022977473eeb4e/ORD-2026-2498,CREDIT,8924.75,16547776.36,CORP FIN OPS,HDFC0001234
UTR293947512,2026-04-18 04:45:04,CMS/RAZORPAY/pay_2853585560ee4c/ORD-2026-2499,CREDIT,7485.62,16555261.98,CORP FIN OPS,HDFC0001234
UTR627246915,2026-04-18 05:00:26,CMS/RAZORPAY/pay_a9781ee1889a44/ORD-2026-2500,CREDIT,1529.87,16556791.85,CORP FIN OPS,HDFC0001234
UTR502926308,2026-04-18 05:15:58,CMS/RAZORPAY/pay_15a6082d518f41/ORD-2026-2501,CREDIT,6871.66,16563663.51,CORP FIN OPS,HDFC0001234
UTR291853043,2026-04-18 05:30:07,CMS/RAZORPAY/pay_e5db7a691a434e/ORD-2026-2502,CREDIT,14305.02,16577968.53,CORP FIN OPS,HDFC0001234
UTR105384337,2026-04-18 05:45:47,CMS/RAZORPAY/pay_5001db91d62243/ORD-2026-2503,CREDIT,4091.36,16582059.89,CORP FIN OPS,HDFC0001234
UTR675476417,2026-04-18 06:00:33,CMS/RAZORPAY/pay_10e640331e8f4c/ORD-2026-2504,CREDIT,7733.38,16589793.27,CORP FIN OPS,HDFC0001234
UTR332956649,2026-04-18 06:15:20,CMS/RAZORPAY/pay_77a23405fd044d/ORD-2026-2505,CREDIT,2449.98,16592243.25,CORP FIN OPS,HDFC0001234
UTR235914506,2026-04-18 06:30:30,CMS/RAZORPAY/pay_57a0a5cd1eb442/ORD-2026-2506,CREDIT,3308.96,16595552.21,CORP FIN OPS,HDFC0001234
UTR799998639,2026-04-18 06:45:47,CMS/RAZORPAY/pay_1c7d0f7b871146/ORD-2026-2507,CREDIT,11942.03,16607494.24,CORP FIN OPS,HDFC0001234
UTR368535479,2026-04-18 07:00:43,CMS/RAZORPAY/pay_fa4ef0bc9cd94f/ORD-2026-2508,CREDIT,12466.21,16619960.45,CORP FIN OPS,HDFC0001234
UTR951641794,2026-04-18 07:15:50,CMS/RAZORPAY/pay_4fdf9e1e18ee4f/ORD-2026-2509,CREDIT,3402.33,16623362.78,CORP FIN OPS,HDFC0001234
UTR902170256,2026-04-18 07:30:39,CMS/RAZORPAY/pay_bbb919c2683c40/ORD-2026-2510,CREDIT,2011.01,16625373.79,CORP FIN OPS,HDFC0001234
UTR478940142,2026-04-18 07:45:52,CMS/RAZORPAY/pay_98a8f6f17b7a46/ORD-2026-2511,CREDIT,1398.06,16626771.85,CORP FIN OPS,HDFC0001234
UTR540028278,2026-04-18 08:00:52,CMS/RAZORPAY/pay_d7cdc90c17544a/ORD-2026-2512,CREDIT,12908.17,16639680.02,CORP FIN OPS,HDFC0001234
UTR223104450,2026-04-18 08:15:27,CMS/RAZORPAY/pay_855670b9680045/ORD-2026-2513,CREDIT,11685.56,16651365.58,CORP FIN OPS,HDFC0001234
UTR805399640,2026-04-18 08:30:09,CMS/RAZORPAY/pay_8cf611d02ff746/ORD-2026-2514,CREDIT,11524.41,16662889.99,CORP FIN OPS,HDFC0001234
UTR111704885,2026-04-18 08:45:29,CMS/RAZORPAY/pay_2f848451e0a244/ORD-2026-2515,CREDIT,8522.31,16671412.3,CORP FIN OPS,HDFC0001234
UTR514025061,2026-04-18 09:00:13,CMS/RAZORPAY/pay_1086d0daccc14b/ORD-2026-2516,CREDIT,7953.07,16679365.37,CORP FIN OPS,HDFC0001234
UTR752732351,2026-04-18 09:15:36,CMS/RAZORPAY/pay_3701cb030f5248/ORD-2026-2517,CREDIT,13126.36,16692491.73,CORP FIN OPS,HDFC0001234
UTR441217210,2026-04-18 09:30:12,CMS/RAZORPAY/pay_12eb9de189544e/ORD-2026-2518,CREDIT,1191.28,16693683.01,CORP FIN OPS,HDFC0001234
UTR394651349,2026-04-18 09:45:07,CMS/RAZORPAY/pay_58a2aeda1aaa4c/ORD-2026-2519,CREDIT,2245.07,16695928.08,CORP FIN OPS,HDFC0001234
UTR511090135,2026-04-18 10:00:01,CMS/RAZORPAY/pay_40d6aad8e1a344/ORD-2026-2520,CREDIT,4523.7,16700451.78,CORP FIN OPS,HDFC0001234
UTR532514798,2026-04-18 10:15:57,CMS/RAZORPAY/pay_f2297ba4dfde4b/ORD-2026-2521,CREDIT,8040.91,16708492.69,CORP FIN OPS,HDFC0001234
UTR117472245,2026-04-18 10:30:30,CMS/RAZORPAY/pay_23bcd81ba38347/ORD-2026-2522,CREDIT,1834.9,16710327.59,CORP FIN OPS,HDFC0001234
UTR440579806,2026-04-18 10:45:05,CMS/RAZORPAY/pay_115d605f2d924a/ORD-2026-2523,CREDIT,8366.31,16718693.9,CORP FIN OPS,HDFC0001234
UTR522332178,2026-04-18 11:00:29,CMS/RAZORPAY/pay_77c3ea781a8542/ORD-2026-2524,CREDIT,7472.76,16726166.66,CORP FIN OPS,HDFC0001234
UTR340533586,2026-04-18 11:15:52,CMS/RAZORPAY/pay_fc093e4f2a0648/ORD-2026-2525,CREDIT,635.39,16726802.05,CORP FIN OPS,HDFC0001234
UTR343032073,2026-04-18 11:30:12,CMS/RAZORPAY/pay_884de15341e04c/ORD-2026-2526,CREDIT,10739.97,16737542.02,CORP FIN OPS,HDFC0001234
UTR156361762,2026-04-18 11:45:07,CMS/RAZORPAY/pay_d97e01d24d4040/ORD-2026-2527,CREDIT,1167.82,16738709.84,CORP FIN OPS,HDFC0001234
UTR838650189,2026-04-18 12:00:17,CMS/RAZORPAY/pay_129437920e804f/ORD-2026-2528,CREDIT,10379.76,16749089.6,CORP FIN OPS,HDFC0001234
UTR235601470,2026-04-18 12:15:48,CMS/RAZORPAY/pay_5391ce6e093142/ORD-2026-2529,CREDIT,8758.2,16757847.8,CORP FIN OPS,HDFC0001234
UTR231397339,2026-04-18 12:30:30,CMS/RAZORPAY/pay_8fa98346880346/ORD-2026-2530,CREDIT,9850.31,16767698.11,CORP FIN OPS,HDFC0001234
UTR618301959,2026-04-18 12:45:16,CMS/RAZORPAY/pay_99240c909f9546/ORD-2026-2531,CREDIT,11335.93,16779034.04,CORP FIN OPS,HDFC0001234
UTR360249521,2026-04-18 13:00:04,CMS/RAZORPAY/pay_ea5ec05e45ac40/ORD-2026-2532,CREDIT,1552.08,16780586.12,CORP FIN OPS,HDFC0001234
UTR819942770,2026-04-18 13:15:52,CMS/RAZORPAY/pay_c331c58db0b241/ORD-2026-2533,CREDIT,5939.8,16786525.92,CORP FIN OPS,HDFC0001234
UTR974020920,2026-04-18 13:30:45,CMS/RAZORPAY/pay_ec6aa570876e44/ORD-2026-2534,CREDIT,6916.15,16793442.07,CORP FIN OPS,HDFC0001234
UTR239651408,2026-04-18 13:45:24,CMS/RAZORPAY/pay_e2a5b6c448fc40/ORD-2026-2535,CREDIT,14292.97,16807735.04,CORP FIN OPS,HDFC0001234
UTR301813509,2026-04-18 14:00:17,CMS/RAZORPAY/pay_46a2d27756d647/ORD-2026-2536,CREDIT,6478.27,16814213.31,CORP FIN OPS,HDFC0001234
UTR258151146,2026-04-18 14:15:56,CMS/RAZORPAY/pay_d7d897386b784d/ORD-2026-2537,CREDIT,2005.54,16816218.85,CORP FIN OPS,HDFC0001234
UTR594830511,2026-04-18 14:30:01,CMS/RAZORPAY/pay_f892fb16847848/ORD-2026-2538,CREDIT,7230.72,16823449.57,CORP FIN OPS,HDFC0001234
UTR227051781,2026-04-18 14:45:22,CMS/RAZORPAY/pay_f294caa432ae4b/ORD-2026-2539,CREDIT,6596.92,16830046.49,CORP FIN OPS,HDFC0001234
UTR645382272,2026-04-18 15:00:28,CMS/RAZORPAY/pay_42ff4b0392ae4a/ORD-2026-2540,CREDIT,4347.46,16834393.95,CORP FIN OPS,HDFC0001234
UTR885980740,2026-04-18 15:15:12,CMS/RAZORPAY/pay_0ba62175853d49/ORD-2026-2541,CREDIT,4650.68,16839044.63,CORP FIN OPS,HDFC0001234
UTR668613679,2026-04-18 15:30:33,CMS/RAZORPAY/pay_8c4a43fc9d434b/ORD-2026-2542,CREDIT,6626.54,16845671.17,CORP FIN OPS,HDFC0001234
UTR219274240,2026-04-18 15:45:03,CMS/RAZORPAY/pay_724d04772b444c/ORD-2026-2543,CREDIT,13160.26,16858831.43,CORP FIN OPS,HDFC0001234
UTR208482276,2026-04-18 16:00:56,CMS/RAZORPAY/pay_7c9e0233fd0648/ORD-2026-2544,CREDIT,9269.17,16868100.6,CORP FIN OPS,HDFC0001234
UTR336103257,2026-04-18 16:15:13,CMS/RAZORPAY/pay_961224a3413849/ORD-2026-2545,CREDIT,2909.59,16871010.19,CORP FIN OPS,HDFC0001234
UTR857904261,2026-04-18 16:30:00,CMS/RAZORPAY/pay_76032a7d550647/ORD-2026-2546,CREDIT,1822.47,16872832.66,CORP FIN OPS,HDFC0001234
UTR893592650,2026-04-18 16:45:15,CMS/RAZORPAY/pay_a08ae341d53945/ORD-2026-2547,CREDIT,2898.31,16875730.97,CORP FIN OPS,HDFC0001234
UTR588784803,2026-04-18 17:00:42,CMS/RAZORPAY/pay_230b7a2f27084a/ORD-2026-2548,CREDIT,7207.51,16882938.48,CORP FIN OPS,HDFC0001234
UTR383287655,2026-04-18 17:15:10,CMS/RAZORPAY/pay_eecdc1046bf94f/ORD-2026-2549,CREDIT,10104.22,16893042.7,CORP FIN OPS,HDFC0001234
UTR608771260,2026-04-18 17:30:31,CMS/RAZORPAY/pay_794f99b2504141/ORD-2026-2550,CREDIT,12851.06,16905893.76,CORP FIN OPS,HDFC0001234
UTR118673248,2026-04-18 17:45:33,CMS/RAZORPAY/pay_0cae02938fb04c/ORD-2026-2551,CREDIT,7611.65,16913505.41,CORP FIN OPS,HDFC0001234
UTR963173126,2026-04-18 18:00:31,CMS/RAZORPAY/pay_0cf3c8c0da4f46/ORD-2026-2552,CREDIT,10891.56,16924396.97,CORP FIN OPS,HDFC0001234
UTR372233117,2026-04-18 18:15:00,CMS/RAZORPAY/pay_2320b4f99cb44a/ORD-2026-2553,CREDIT,12207.31,16936604.28,CORP FIN OPS,HDFC0001234
UTR656016860,2026-04-18 18:30:07,CMS/RAZORPAY/pay_f3c32463512e4b/ORD-2026-2554,CREDIT,4309.92,16940914.2,CORP FIN OPS,HDFC0001234
UTR258806824,2026-04-18 18:45:54,CMS/RAZORPAY/pay_b383055b11b246/ORD-2026-2555,CREDIT,3606.54,16944520.74,CORP FIN OPS,HDFC0001234
UTR362387930,2026-04-18 19:00:23,CMS/RAZORPAY/pay_22bf4aee0a414c/ORD-2026-2556,CREDIT,3409.06,16947929.8,CORP FIN OPS,HDFC0001234
UTR215890734,2026-04-18 19:15:43,CMS/RAZORPAY/pay_3dfc818668fd41/ORD-2026-2557,CREDIT,8203.01,16956132.81,CORP FIN OPS,HDFC0001234
UTR829141955,2026-04-18 19:30:25,CMS/RAZORPAY/pay_3400a4c89f3242/ORD-2026-2558,CREDIT,8829.24,16964962.05,CORP FIN OPS,HDFC0001234
UTR722251460,2026-04-18 19:45:07,CMS/RAZORPAY/pay_6b6850fbbad842/ORD-2026-2559,CREDIT,6625.03,16971587.08,CORP FIN OPS,HDFC0001234
UTR409676308,2026-04-18 20:00:00,CMS/RAZORPAY/pay_a5289bd9925147/ORD-2026-2560,CREDIT,7551.91,16979138.99,CORP FIN OPS,HDFC0001234
UTR661766871,2026-04-18 20:15:35,CMS/RAZORPAY/pay_f52dbd949ae145/ORD-2026-2561,CREDIT,9893.51,16989032.5,CORP FIN OPS,HDFC0001234
UTR958762678,2026-04-18 20:30:29,CMS/RAZORPAY/pay_c834433148984a/ORD-2026-2562,CREDIT,1068.0,16990100.5,CORP FIN OPS,HDFC0001234
UTR624379478,2026-04-18 20:45:27,CMS/RAZORPAY/pay_ab3b700a1aca48/ORD-2026-2563,CREDIT,5475.37,16995575.87,CORP FIN OPS,HDFC0001234
UTR476043961,2026-04-18 21:00:42,CMS/RAZORPAY/pay_4cae76ac8d9c4c/ORD-2026-2564,CREDIT,14058.8,17009634.67,CORP FIN OPS,HDFC0001234
UTR253163103,2026-04-18 21:15:37,CMS/RAZORPAY/pay_0e7209a258ee49/ORD-2026-2565,CREDIT,13488.74,17023123.41,CORP FIN OPS,HDFC0001234
UTR480783468,2026-04-18 21:30:40,CMS/RAZORPAY/pay_469b845d55db47/ORD-2026-2566,CREDIT,5956.52,17029079.93,CORP FIN OPS,HDFC0001234
UTR741065526,2026-04-18 21:45:36,CMS/RAZORPAY/pay_d976d953868b4a/ORD-2026-2567,CREDIT,6658.4,17035738.33,CORP FIN OPS,HDFC0001234
UTR924269032,2026-04-18 22:00:08,CMS/RAZORPAY/pay_4ba22190989d44/ORD-2026-2568,CREDIT,6382.27,17042120.6,CORP FIN OPS,HDFC0001234
UTR419260106,2026-04-18 22:15:34,CMS/RAZORPAY/pay_dfa3647afa5f45/ORD-2026-2569,CREDIT,3084.35,17045204.95,CORP FIN OPS,HDFC0001234
UTR574487943,2026-04-18 22:30:59,CMS/RAZORPAY/pay_cbb1599e220243/ORD-2026-2570,CREDIT,10188.6,17055393.55,CORP FIN OPS,HDFC0001234
UTR600956992,2026-04-18 22:45:26,CMS/RAZORPAY/pay_3d22d83d804f45/ORD-2026-2571,CREDIT,7018.97,17062412.52,CORP FIN OPS,HDFC0001234
UTR250952631,2026-04-18 23:00:37,CMS/RAZORPAY/pay_24ca91a9b52443/ORD-2026-2572,CREDIT,7739.92,17070152.44,CORP FIN OPS,HDFC0001234
UTR707281100,2026-04-18 23:15:48,CMS/RAZORPAY/pay_34196388e3604e/ORD-2026-2573,CREDIT,12453.07,17082605.51,CORP FIN OPS,HDFC0001234
UTR596936109,2026-04-18 23:30:53,CMS/RAZORPAY/pay_051aee166e914f/ORD-2026-2574,CREDIT,1257.62,17083863.13,CORP FIN OPS,HDFC0001234
UTR458075133,2026-04-18 23:45:52,CMS/RAZORPAY/pay_e0703e99bf6148/ORD-2026-2575,CREDIT,4602.13,17088465.26,CORP FIN OPS,HDFC0001234
UTR165353048,2026-04-19 00:00:47,CMS/RAZORPAY/pay_f1874c22db554c/ORD-2026-2576,CREDIT,8765.09,17097230.35,CORP FIN OPS,HDFC0001234
UTR853307914,2026-04-19 00:15:09,CMS/RAZORPAY/pay_0e4bd1365cc842/ORD-2026-2577,CREDIT,8445.58,17105675.93,CORP FIN OPS,HDFC0001234
UTR825506692,2026-04-19 00:30:40,CMS/RAZORPAY/pay_615aaa39414342/ORD-2026-2578,CREDIT,4889.73,17110565.66,CORP FIN OPS,HDFC0001234
UTR315499853,2026-04-19 00:45:04,CMS/RAZORPAY/pay_5401f0d83cfb4c/ORD-2026-2579,CREDIT,488.71,17111054.37,CORP FIN OPS,HDFC0001234
UTR319358643,2026-04-19 01:00:30,CMS/RAZORPAY/pay_3df23217a4b042/ORD-2026-2580,CREDIT,837.28,17111891.65,CORP FIN OPS,HDFC0001234
UTR230794015,2026-04-19 01:15:30,CMS/RAZORPAY/pay_5e60d0a278d44b/ORD-2026-2581,CREDIT,14401.02,17126292.67,CORP FIN OPS,HDFC0001234
UTR757946096,2026-04-19 01:30:54,CMS/RAZORPAY/pay_704eae2fa13142/ORD-2026-2582,CREDIT,9806.28,17136098.95,CORP FIN OPS,HDFC0001234
UTR123254968,2026-04-19 01:45:52,CMS/RAZORPAY/pay_bb9f1deb30e043/ORD-2026-2583,CREDIT,11030.08,17147129.03,CORP FIN OPS,HDFC0001234
UTR851220552,2026-04-19 02:00:30,CMS/RAZORPAY/pay_854f84956d4e49/ORD-2026-2584,CREDIT,4594.47,17151723.5,CORP FIN OPS,HDFC0001234
UTR816937050,2026-04-19 02:15:24,CMS/RAZORPAY/pay_be172fb258e44b/ORD-2026-2585,CREDIT,10365.42,17162088.92,CORP FIN OPS,HDFC0001234
UTR556160915,2026-04-19 02:30:18,CMS/RAZORPAY/pay_1b2f122a652148/ORD-2026-2586,CREDIT,6959.48,17169048.4,CORP FIN OPS,HDFC0001234
UTR136596922,2026-04-19 02:45:02,CMS/RAZORPAY/pay_9c672b22ef5c4f/ORD-2026-2587,CREDIT,13345.02,17182393.42,CORP FIN OPS,HDFC0001234
UTR876385418,2026-04-19 03:00:17,CMS/RAZORPAY/pay_baeef513806246/ORD-2026-2588,CREDIT,617.32,17183010.74,CORP FIN OPS,HDFC0001234
UTR640312926,2026-04-19 03:15:57,CMS/RAZORPAY/pay_bda4209010b941/ORD-2026-2589,CREDIT,10486.78,17193497.52,CORP FIN OPS,HDFC0001234
UTR804287932,2026-04-19 03:30:41,CMS/RAZORPAY/pay_0b71608e92a74f/ORD-2026-2590,CREDIT,10670.62,17204168.14,CORP FIN OPS,HDFC0001234
UTR944709329,2026-04-19 03:45:50,CMS/RAZORPAY/pay_01979c1e23f74a/ORD-2026-2591,CREDIT,11285.04,17215453.18,CORP FIN OPS,HDFC0001234
UTR792707365,2026-04-19 04:00:24,CMS/RAZORPAY/pay_d28d56624e4a42/ORD-2026-2592,CREDIT,14115.86,17229569.04,CORP FIN OPS,HDFC0001234
UTR644365864,2026-04-19 04:15:44,CMS/RAZORPAY/pay_68d6b3931e8245/ORD-2026-2593,CREDIT,5076.41,17234645.45,CORP FIN OPS,HDFC0001234
UTR533548878,2026-04-19 04:30:02,CMS/RAZORPAY/pay_ada3f102a8cc45/ORD-2026-2594,CREDIT,906.17,17235551.62,CORP FIN OPS,HDFC0001234
UTR214053320,2026-04-19 04:45:59,CMS/RAZORPAY/pay_264844058cf842/ORD-2026-2595,CREDIT,10105.91,17245657.53,CORP FIN OPS,HDFC0001234
UTR886673778,2026-04-19 05:00:57,CMS/RAZORPAY/pay_49154949f86346/ORD-2026-2596,CREDIT,12957.75,17258615.28,CORP FIN OPS,HDFC0001234
UTR368954985,2026-04-19 05:15:02,CMS/RAZORPAY/pay_bb9e4cdf1a0842/ORD-2026-2597,CREDIT,12477.06,17271092.34,CORP FIN OPS,HDFC0001234
UTR751260172,2026-04-19 05:30:59,CMS/RAZORPAY/pay_879adc32cf6040/ORD-2026-2598,CREDIT,2952.6,17274044.94,CORP FIN OPS,HDFC0001234
UTR243040275,2026-04-19 05:45:16,CMS/RAZORPAY/pay_4e9aa83d95554d/ORD-2026-2599,CREDIT,7441.13,17281486.07,CORP FIN OPS,HDFC0001234
UTR274042365,2026-04-19 06:00:52,CMS/RAZORPAY/pay_3f894bb6fc0540/ORD-2026-2600,CREDIT,7971.02,17289457.09,CORP FIN OPS,HDFC0001234
UTR775507797,2026-04-19 06:15:13,CMS/RAZORPAY/pay_2a3889b5cacc40/ORD-2026-2601,CREDIT,958.79,17290415.88,CORP FIN OPS,HDFC0001234
UTR538116049,2026-04-19 06:30:21,CMS/RAZORPAY/pay_1df7e9150ba24e/ORD-2026-2602,CREDIT,3111.7,17293527.58,CORP FIN OPS,HDFC0001234
UTR322774349,2026-04-19 06:45:32,CMS/RAZORPAY/pay_e458781ad6164a/ORD-2026-2603,CREDIT,5473.25,17299000.83,CORP FIN OPS,HDFC0001234
UTR771594051,2026-04-19 07:00:55,CMS/RAZORPAY/pay_7bf47ea5b5b34f/ORD-2026-2604,CREDIT,1491.53,17300492.36,CORP FIN OPS,HDFC0001234
UTR420218787,2026-04-19 07:15:07,CMS/RAZORPAY/pay_92ebfffc281043/ORD-2026-2605,CREDIT,7548.87,17308041.23,CORP FIN OPS,HDFC0001234
UTR124204804,2026-04-19 07:30:59,CMS/RAZORPAY/pay_f36e2a94b30e45/ORD-2026-2606,CREDIT,12212.96,17320254.19,CORP FIN OPS,HDFC0001234
UTR269504123,2026-04-19 07:45:34,CMS/RAZORPAY/pay_fd6dd178a73e4b/ORD-2026-2607,CREDIT,8633.98,17328888.17,CORP FIN OPS,HDFC0001234
UTR528658847,2026-04-19 08:00:34,CMS/RAZORPAY/pay_c554217dd8ec47/ORD-2026-2608,CREDIT,10363.52,17339251.69,CORP FIN OPS,HDFC0001234
UTR382451081,2026-04-19 08:15:02,CMS/RAZORPAY/pay_358c0cba208043/ORD-2026-2609,CREDIT,5274.18,17344525.87,CORP FIN OPS,HDFC0001234
UTR921128941,2026-04-19 08:30:08,CMS/RAZORPAY/pay_6c578e00042645/ORD-2026-2610,CREDIT,3379.69,17347905.56,CORP FIN OPS,HDFC0001234
UTR629950772,2026-04-19 08:45:51,CMS/RAZORPAY/pay_22ba61f3de964a/ORD-2026-2611,CREDIT,13909.76,17361815.32,CORP FIN OPS,HDFC0001234
UTR742256122,2026-04-19 09:00:56,CMS/RAZORPAY/pay_204ccb33634a45/ORD-2026-2612,CREDIT,8295.18,17370110.5,CORP FIN OPS,HDFC0001234
UTR211734883,2026-04-19 09:15:31,CMS/RAZORPAY/pay_45dec94d3fa642/ORD-2026-2613,CREDIT,7674.75,17377785.25,CORP FIN OPS,HDFC0001234
UTR939174153,2026-04-19 09:30:59,CMS/RAZORPAY/pay_a273bccc46d54e/ORD-2026-2614,CREDIT,1271.93,17379057.18,CORP FIN OPS,HDFC0001234
UTR507365179,2026-04-19 09:45:35,CMS/RAZORPAY/pay_297cb8f1ef4f44/ORD-2026-2615,CREDIT,7314.71,17386371.89,CORP FIN OPS,HDFC0001234
UTR561406882,2026-04-19 10:00:35,CMS/RAZORPAY/pay_737992378b494e/ORD-2026-2616,CREDIT,2438.73,17388810.62,CORP FIN OPS,HDFC0001234
UTR494824181,2026-04-19 10:15:21,CMS/RAZORPAY/pay_aaa1b1e906df4b/ORD-2026-2617,CREDIT,6668.43,17395479.05,CORP FIN OPS,HDFC0001234
UTR732023202,2026-04-19 10:30:14,CMS/RAZORPAY/pay_6a87953dc8364a/ORD-2026-2618,CREDIT,6336.3,17401815.35,CORP FIN OPS,HDFC0001234
UTR960890866,2026-04-19 10:45:55,CMS/RAZORPAY/pay_4c48d55bf7b747/ORD-2026-2619,CREDIT,10679.36,17412494.71,CORP FIN OPS,HDFC0001234
UTR570895797,2026-04-19 11:00:02,CMS/RAZORPAY/pay_f722cad96a9e48/ORD-2026-2620,CREDIT,4935.53,17417430.24,CORP FIN OPS,HDFC0001234
UTR527154520,2026-04-19 11:15:42,CMS/RAZORPAY/pay_f6cc63c0bcf842/ORD-2026-2621,CREDIT,2220.78,17419651.02,CORP FIN OPS,HDFC0001234
UTR683735661,2026-04-19 11:30:45,CMS/RAZORPAY/pay_b1c1a85944ec43/ORD-2026-2622,CREDIT,10897.28,17430548.3,CORP FIN OPS,HDFC0001234
UTR425041955,2026-04-19 11:45:18,CMS/RAZORPAY/pay_f1abda326e5440/ORD-2026-2623,CREDIT,12790.92,17443339.22,CORP FIN OPS,HDFC0001234
UTR681344415,2026-04-19 12:00:03,CMS/RAZORPAY/pay_f455b96d605743/ORD-2026-2624,CREDIT,5395.8,17448735.02,CORP FIN OPS,HDFC0001234
UTR184230838,2026-04-19 12:15:53,CMS/RAZORPAY/pay_b29b24e8306a40/ORD-2026-2625,CREDIT,14305.35,17463040.37,CORP FIN OPS,HDFC0001234
UTR326312174,2026-04-19 12:30:23,CMS/RAZORPAY/pay_bf8f693839d94b/ORD-2026-2626,CREDIT,10751.35,17473791.72,CORP FIN OPS,HDFC0001234
UTR797833491,2026-04-19 12:45:07,CMS/RAZORPAY/pay_16c84f2365c34f/ORD-2026-2627,CREDIT,789.62,17474581.34,CORP FIN OPS,HDFC0001234
UTR512506547,2026-04-19 13:00:03,CMS/RAZORPAY/pay_ac9ba26cbce342/ORD-2026-2628,CREDIT,4439.53,17479020.87,CORP FIN OPS,HDFC0001234
UTR510800934,2026-04-19 13:15:28,CMS/RAZORPAY/pay_a314eea41b1243/ORD-2026-2629,CREDIT,1117.03,17480137.9,CORP FIN OPS,HDFC0001234
UTR562873958,2026-04-19 13:30:42,CMS/RAZORPAY/pay_45c4637bb5bd46/ORD-2026-2630,CREDIT,4808.43,17484946.33,CORP FIN OPS,HDFC0001234
UTR910114659,2026-04-19 13:45:51,CMS/RAZORPAY/pay_51544f7ae3074c/ORD-2026-2631,CREDIT,11153.54,17496099.87,CORP FIN OPS,HDFC0001234
UTR990389081,2026-04-19 14:00:55,CMS/RAZORPAY/pay_f906063a0cff45/ORD-2026-2632,CREDIT,6541.35,17502641.22,CORP FIN OPS,HDFC0001234
UTR874486781,2026-04-19 14:15:29,CMS/RAZORPAY/pay_4727b2df38c24e/ORD-2026-2633,CREDIT,6488.78,17509130.0,CORP FIN OPS,HDFC0001234
UTR509408129,2026-04-19 14:30:47,CMS/RAZORPAY/pay_411b19608e264a/ORD-2026-2634,CREDIT,14541.42,17523671.42,CORP FIN OPS,HDFC0001234
UTR832934806,2026-04-19 14:45:15,CMS/RAZORPAY/pay_a9bbbcd39ffa4a/ORD-2026-2635,CREDIT,11408.67,17535080.09,CORP FIN OPS,HDFC0001234
UTR141453097,2026-04-19 15:00:17,CMS/RAZORPAY/pay_d1304829f2084e/ORD-2026-2636,CREDIT,9821.44,17544901.53,CORP FIN OPS,HDFC0001234
UTR809503340,2026-04-19 15:15:54,CMS/RAZORPAY/pay_3382b74df10442/ORD-2026-2637,CREDIT,3019.39,17547920.92,CORP FIN OPS,HDFC0001234
UTR600835600,2026-04-19 15:30:22,CMS/RAZORPAY/pay_0cb7bc51561d4c/ORD-2026-2638,CREDIT,7286.88,17555207.8,CORP FIN OPS,HDFC0001234
UTR185412831,2026-04-19 15:45:35,CMS/RAZORPAY/pay_89ed717c8fcc46/ORD-2026-2639,CREDIT,4934.12,17560141.92,CORP FIN OPS,HDFC0001234
UTR922461359,2026-04-19 16:00:55,CMS/RAZORPAY/pay_0a5271a7726946/ORD-2026-2640,CREDIT,7495.3,17567637.22,CORP FIN OPS,HDFC0001234
UTR763518015,2026-04-19 16:15:14,CMS/RAZORPAY/pay_0753341311b14a/ORD-2026-2641,CREDIT,2108.52,17569745.74,CORP FIN OPS,HDFC0001234
UTR572778060,2026-04-19 16:30:35,CMS/RAZORPAY/pay_50afd118a80845/ORD-2026-2642,CREDIT,10644.41,17580390.15,CORP FIN OPS,HDFC0001234
UTR117306759,2026-04-19 16:45:45,CMS/RAZORPAY/pay_4caf6526866842/ORD-2026-2643,CREDIT,1121.53,17581511.68,CORP FIN OPS,HDFC0001234
UTR644320464,2026-04-19 17:00:07,CMS/RAZORPAY/pay_b0f262f58e304d/ORD-2026-2644,CREDIT,7723.34,17589235.02,CORP FIN OPS,HDFC0001234
UTR498744078,2026-04-19 17:15:04,CMS/RAZORPAY/pay_88646043008f48/ORD-2026-2645,CREDIT,9575.9,17598810.92,CORP FIN OPS,HDFC0001234
UTR751725570,2026-04-19 17:30:26,CMS/RAZORPAY/pay_8d1c748ac9154e/ORD-2026-2646,CREDIT,13193.31,17612004.23,CORP FIN OPS,HDFC0001234
UTR133455009,2026-04-19 17:45:02,CMS/RAZORPAY/pay_335213242a2541/ORD-2026-2647,CREDIT,4606.32,17616610.55,CORP FIN OPS,HDFC0001234
UTR753949729,2026-04-19 18:00:32,CMS/RAZORPAY/pay_f075a7ba083241/ORD-2026-2648,CREDIT,10621.91,17627232.46,CORP FIN OPS,HDFC0001234
UTR330713535,2026-04-19 18:15:53,CMS/RAZORPAY/pay_9d7b6a8a0c0747/ORD-2026-2649,CREDIT,8737.75,17635970.21,CORP FIN OPS,HDFC0001234
UTR797086164,2026-04-19 18:30:04,CMS/RAZORPAY/pay_c0f4270d094949/ORD-2026-2650,CREDIT,14060.22,17650030.43,CORP FIN OPS,HDFC0001234
UTR716799441,2026-04-19 18:45:34,CMS/RAZORPAY/pay_801e859cc0eb47/ORD-2026-2651,CREDIT,10866.52,17660896.95,CORP FIN OPS,HDFC0001234
UTR807808200,2026-04-19 19:00:20,CMS/RAZORPAY/pay_6a4f423cbcf140/ORD-2026-2652,CREDIT,4299.24,17665196.19,CORP FIN OPS,HDFC0001234
UTR957926104,2026-04-19 19:15:29,CMS/RAZORPAY/pay_45e8e8d1cd4c4c/ORD-2026-2653,CREDIT,4945.31,17670141.5,CORP FIN OPS,HDFC0001234
UTR886836215,2026-04-19 19:30:23,CMS/RAZORPAY/pay_9ec6d897898945/ORD-2026-2654,CREDIT,1616.44,17671757.94,CORP FIN OPS,HDFC0001234
UTR749848507,2026-04-19 19:45:50,CMS/RAZORPAY/pay_01c34e3a5f6e46/ORD-2026-2655,CREDIT,6418.2,17678176.14,CORP FIN OPS,HDFC0001234
UTR537675889,2026-04-19 20:00:16,CMS/RAZORPAY/pay_703d4379ad5c4c/ORD-2026-2656,CREDIT,11755.77,17689931.91,CORP FIN OPS,HDFC0001234
UTR538626530,2026-04-19 20:15:32,CMS/RAZORPAY/pay_ae3209c1f2ce4a/ORD-2026-2657,CREDIT,14408.82,17704340.73,CORP FIN OPS,HDFC0001234
UTR293183018,2026-04-19 20:30:00,CMS/RAZORPAY/pay_43e66b83c8bf49/ORD-2026-2658,CREDIT,2849.32,17707190.05,CORP FIN OPS,HDFC0001234
UTR863840464,2026-04-19 20:45:47,CMS/RAZORPAY/pay_657669eb906543/ORD-2026-2659,CREDIT,1918.07,17709108.12,CORP FIN OPS,HDFC0001234
UTR279245771,2026-04-19 21:00:08,CMS/RAZORPAY/pay_1f249b46634a46/ORD-2026-2660,CREDIT,7778.01,17716886.13,CORP FIN OPS,HDFC0001234
UTR531985132,2026-04-19 21:15:18,CMS/RAZORPAY/pay_7bd09a5d16d246/ORD-2026-2661,CREDIT,2173.4,17719059.53,CORP FIN OPS,HDFC0001234
UTR215719072,2026-04-19 21:30:04,CMS/RAZORPAY/pay_1d17bf32fc6b4a/ORD-2026-2662,CREDIT,10947.25,17730006.78,CORP FIN OPS,HDFC0001234
UTR895317860,2026-04-19 21:45:18,CMS/RAZORPAY/pay_32f38a4309dc4e/ORD-2026-2663,CREDIT,11215.0,17741221.78,CORP FIN OPS,HDFC0001234
UTR922438684,2026-04-19 22:00:09,CMS/RAZORPAY/pay_6bcd44730d5049/ORD-2026-2664,CREDIT,13167.92,17754389.7,CORP FIN OPS,HDFC0001234
UTR507350359,2026-04-19 22:15:11,CMS/RAZORPAY/pay_eb5b1c79437843/ORD-2026-2665,CREDIT,7689.81,17762079.51,CORP FIN OPS,HDFC0001234
UTR629669831,2026-04-19 22:30:36,CMS/RAZORPAY/pay_3dd63001f7a14f/ORD-2026-2666,CREDIT,7817.38,17769896.89,CORP FIN OPS,HDFC0001234
UTR558154399,2026-04-19 22:45:24,CMS/RAZORPAY/pay_3e6272a3fdca42/ORD-2026-2667,CREDIT,4998.57,17774895.46,CORP FIN OPS,HDFC0001234
UTR888798386,2026-04-19 23:00:33,CMS/RAZORPAY/pay_5c7e0d2599f747/ORD-2026-2668,CREDIT,4427.71,17779323.17,CORP FIN OPS,HDFC0001234
UTR277803636,2026-04-19 23:15:18,CMS/RAZORPAY/pay_2da9eab526cf4a/ORD-2026-2669,CREDIT,4365.28,17783688.45,CORP FIN OPS,HDFC0001234
UTR378559780,2026-04-19 23:30:59,CMS/RAZORPAY/pay_66111ce74f6540/ORD-2026-2670,CREDIT,3768.2,17787456.65,CORP FIN OPS,HDFC0001234
UTR692880978,2026-04-19 23:45:38,CMS/RAZORPAY/pay_ef51bcc71c0044/ORD-2026-2671,CREDIT,13266.2,17800722.85,CORP FIN OPS,HDFC0001234
UTR107156607,2026-04-20 00:00:53,CMS/RAZORPAY/pay_4963e172599441/ORD-2026-2672,CREDIT,12131.54,17812854.39,CORP FIN OPS,HDFC0001234
UTR713283921,2026-04-20 00:15:46,CMS/RAZORPAY/pay_2b7b0ee7fed241/ORD-2026-2673,CREDIT,6785.94,17819640.33,CORP FIN OPS,HDFC0001234
UTR217698079,2026-04-20 00:30:28,CMS/RAZORPAY/pay_939e6ddfdc484f/ORD-2026-2674,CREDIT,13072.78,17832713.11,CORP FIN OPS,HDFC0001234
UTR246907242,2026-04-20 00:45:42,CMS/RAZORPAY/pay_cf8fbc7b5c9e4a/ORD-2026-2675,CREDIT,2137.06,17834850.17,CORP FIN OPS,HDFC0001234
UTR338845034,2026-04-20 01:00:20,CMS/RAZORPAY/pay_87f30f754ffb45/ORD-2026-2676,CREDIT,2707.11,17837557.28,CORP FIN OPS,HDFC0001234
UTR889760460,2026-04-20 01:15:45,CMS/RAZORPAY/pay_98725e808cb849/ORD-2026-2677,CREDIT,10227.88,17847785.16,CORP FIN OPS,HDFC0001234
UTR857099319,2026-04-20 01:30:53,CMS/RAZORPAY/pay_ea48dcfc72434b/ORD-2026-2678,CREDIT,8390.66,17856175.82,CORP FIN OPS,HDFC0001234
UTR364047863,2026-04-20 01:45:24,CMS/RAZORPAY/pay_f658cc0479c049/ORD-2026-2679,CREDIT,12835.43,17869011.25,CORP FIN OPS,HDFC0001234
UTR604782577,2026-04-20 02:00:52,CMS/RAZORPAY/pay_57867ac9142f44/ORD-2026-2680,CREDIT,3137.19,17872148.44,CORP FIN OPS,HDFC0001234
UTR781582020,2026-04-20 02:15:33,CMS/RAZORPAY/pay_1ad11d84d7aa40/ORD-2026-2681,CREDIT,12623.65,17884772.09,CORP FIN OPS,HDFC0001234
UTR626875613,2026-04-20 02:30:11,CMS/RAZORPAY/pay_ff81e048098044/ORD-2026-2682,CREDIT,1037.69,17885809.78,CORP FIN OPS,HDFC0001234
UTR726956729,2026-04-20 02:45:22,CMS/RAZORPAY/pay_039072b821814d/ORD-2026-2683,CREDIT,7343.87,17893153.65,CORP FIN OPS,HDFC0001234
UTR817233555,2026-04-20 03:00:31,CMS/RAZORPAY/pay_a0136d50e7c747/ORD-2026-2684,CREDIT,11768.37,17904922.02,CORP FIN OPS,HDFC0001234
UTR616425853,2026-04-20 03:15:14,CMS/RAZORPAY/pay_61d895c08e1e40/ORD-2026-2685,CREDIT,2079.07,17907001.09,CORP FIN OPS,HDFC0001234
UTR811266117,2026-04-20 03:30:07,CMS/RAZORPAY/pay_6894e81b8a3446/ORD-2026-2686,CREDIT,2982.72,17909983.81,CORP FIN OPS,HDFC0001234
UTR848364317,2026-04-20 03:45:45,CMS/RAZORPAY/pay_2c6425ce32af44/ORD-2026-2687,CREDIT,2301.21,17912285.02,CORP FIN OPS,HDFC0001234
UTR837898928,2026-04-20 04:00:18,CMS/RAZORPAY/pay_b7fec87e6ae549/ORD-2026-2688,CREDIT,4281.41,17916566.43,CORP FIN OPS,HDFC0001234
UTR928712497,2026-04-20 04:15:43,CMS/RAZORPAY/pay_db053a22c9d444/ORD-2026-2689,CREDIT,4984.98,17921551.41,CORP FIN OPS,HDFC0001234
UTR379923825,2026-04-20 04:30:17,CMS/RAZORPAY/pay_1cfed3f0eff445/ORD-2026-2690,CREDIT,7361.89,17928913.3,CORP FIN OPS,HDFC0001234
UTR148993264,2026-04-20 04:45:26,CMS/RAZORPAY/pay_36d79696bba74b/ORD-2026-2691,CREDIT,3621.47,17932534.77,CORP FIN OPS,HDFC0001234
UTR771396272,2026-04-20 05:00:39,CMS/RAZORPAY/pay_9d4d6e39531742/ORD-2026-2692,CREDIT,9135.1,17941669.87,CORP FIN OPS,HDFC0001234
UTR875487184,2026-04-20 05:15:51,CMS/RAZORPAY/pay_436ea300e6f94f/ORD-2026-2693,CREDIT,5856.68,17947526.55,CORP FIN OPS,HDFC0001234
UTR693665621,2026-04-20 05:30:41,CMS/RAZORPAY/pay_85241451f92a43/ORD-2026-2694,CREDIT,1184.98,17948711.53,CORP FIN OPS,HDFC0001234
UTR268569854,2026-04-20 05:45:55,CMS/RAZORPAY/pay_9f83aeeb006242/ORD-2026-2695,CREDIT,10650.96,17959362.49,CORP FIN OPS,HDFC0001234
UTR331514949,2026-04-20 06:00:02,CMS/RAZORPAY/pay_0082c689967147/ORD-2026-2696,CREDIT,12458.37,17971820.86,CORP FIN OPS,HDFC0001234
UTR949698571,2026-04-20 06:15:02,CMS/RAZORPAY/pay_e5bc95ba518f43/ORD-2026-2697,CREDIT,2710.21,17974531.07,CORP FIN OPS,HDFC0001234
UTR929370675,2026-04-20 06:30:17,CMS/RAZORPAY/pay_479f1050955344/ORD-2026-2698,CREDIT,11105.34,17985636.41,CORP FIN OPS,HDFC0001234
UTR978638515,2026-04-20 06:45:04,CMS/RAZORPAY/pay_c2e2b497f00b41/ORD-2026-2699,CREDIT,1534.32,17987170.73,CORP FIN OPS,HDFC0001234
UTR991475779,2026-04-20 07:00:47,CMS/RAZORPAY/pay_0d722470794742/ORD-2026-2700,CREDIT,8815.76,17995986.49,CORP FIN OPS,HDFC0001234
UTR942642258,2026-04-20 07:15:32,CMS/RAZORPAY/pay_be774449667b4b/ORD-2026-2701,CREDIT,11014.29,18007000.78,CORP FIN OPS,HDFC0001234
UTR207029747,2026-04-20 07:30:36,CMS/RAZORPAY/pay_5fbebb367dce41/ORD-2026-2702,CREDIT,7162.19,18014162.97,CORP FIN OPS,HDFC0001234
UTR536294281,2026-04-20 07:45:18,CMS/RAZORPAY/pay_5ca99dc42d0941/ORD-2026-2703,CREDIT,13338.75,18027501.72,CORP FIN OPS,HDFC0001234
UTR118481810,2026-04-20 08:00:46,CMS/RAZORPAY/pay_11a30fcd6c004f/ORD-2026-2704,CREDIT,6061.35,18033563.07,CORP FIN OPS,HDFC0001234
UTR585621597,2026-04-20 08:15:01,CMS/RAZORPAY/pay_61dd6933515a49/ORD-2026-2705,CREDIT,6113.78,18039676.85,CORP FIN OPS,HDFC0001234
UTR704681222,2026-04-20 08:30:41,CMS/RAZORPAY/pay_dc6b010a3b8f4c/ORD-2026-2706,CREDIT,4885.75,18044562.6,CORP FIN OPS,HDFC0001234
UTR281736941,2026-04-20 08:45:37,CMS/RAZORPAY/pay_44c85238edd746/ORD-2026-2707,CREDIT,4027.21,18048589.81,CORP FIN OPS,HDFC0001234
UTR608432490,2026-04-20 09:00:49,CMS/RAZORPAY/pay_68bf4624b92b4b/ORD-2026-2708,CREDIT,7473.91,18056063.72,CORP FIN OPS,HDFC0001234
UTR995847952,2026-04-20 09:15:20,CMS/RAZORPAY/pay_4fb5cce989434e/ORD-2026-2709,CREDIT,10242.89,18066306.61,CORP FIN OPS,HDFC0001234
UTR324652751,2026-04-20 09:30:34,CMS/RAZORPAY/pay_ca9657efd12d44/ORD-2026-2710,CREDIT,7564.48,18073871.09,CORP FIN OPS,HDFC0001234
UTR618613367,2026-04-20 09:45:58,CMS/RAZORPAY/pay_62266a2e82634e/ORD-2026-2711,CREDIT,1975.4,18075846.49,CORP FIN OPS,HDFC0001234
UTR114629222,2026-04-20 10:00:47,CMS/RAZORPAY/pay_34a96934386241/ORD-2026-2712,CREDIT,2208.06,18078054.55,CORP FIN OPS,HDFC0001234
UTR555462192,2026-04-20 10:15:10,CMS/RAZORPAY/pay_8d2ff2fdd82042/ORD-2026-2713,CREDIT,9353.31,18087407.86,CORP FIN OPS,HDFC0001234
UTR687428098,2026-04-20 10:30:25,CMS/RAZORPAY/pay_0243ea1f72394e/ORD-2026-2714,CREDIT,619.28,18088027.14,CORP FIN OPS,HDFC0001234
UTR826583015,2026-04-20 10:45:20,CMS/RAZORPAY/pay_a01c1dfd92464f/ORD-2026-2715,CREDIT,9196.67,18097223.81,CORP FIN OPS,HDFC0001234
UTR251953364,2026-04-20 11:00:43,CMS/RAZORPAY/pay_f953cd83d56e41/ORD-2026-2716,CREDIT,3382.94,18100606.75,CORP FIN OPS,HDFC0001234
UTR606924290,2026-04-20 11:15:13,CMS/RAZORPAY/pay_670caa47024d47/ORD-2026-2717,CREDIT,13742.77,18114349.52,CORP FIN OPS,HDFC0001234
UTR990570076,2026-04-20 11:30:00,CMS/RAZORPAY/pay_658f7ab451c94a/ORD-2026-2718,CREDIT,4985.97,18119335.49,CORP FIN OPS,HDFC0001234
UTR106015564,2026-04-20 11:45:12,CMS/RAZORPAY/pay_62b040f0a7ef4d/ORD-2026-2719,CREDIT,3309.39,18122644.88,CORP FIN OPS,HDFC0001234
UTR201698998,2026-04-20 12:00:39,CMS/RAZORPAY/pay_c8b8bea7ac7949/ORD-2026-2720,CREDIT,7123.87,18129768.75,CORP FIN OPS,HDFC0001234
UTR700389279,2026-04-20 12:15:40,CMS/RAZORPAY/pay_e33e31e7aea644/ORD-2026-2721,CREDIT,688.24,18130456.99,CORP FIN OPS,HDFC0001234
UTR557591883,2026-04-20 12:30:39,CMS/RAZORPAY/pay_c165686cf54c40/ORD-2026-2722,CREDIT,11347.07,18141804.06,CORP FIN OPS,HDFC0001234
UTR807990536,2026-04-20 12:45:37,CMS/RAZORPAY/pay_e65ac8b9920d42/ORD-2026-2723,CREDIT,2646.16,18144450.22,CORP FIN OPS,HDFC0001234
UTR705225064,2026-04-20 13:00:08,CMS/RAZORPAY/pay_7e73e099a4ec43/ORD-2026-2724,CREDIT,11770.32,18156220.54,CORP FIN OPS,HDFC0001234
UTR735837671,2026-04-20 13:15:55,CMS/RAZORPAY/pay_574b550d7cb14b/ORD-2026-2725,CREDIT,9207.8,18165428.34,CORP FIN OPS,HDFC0001234
UTR941131677,2026-04-20 13:30:05,CMS/RAZORPAY/pay_2e9a9bd27f6d4d/ORD-2026-2726,CREDIT,13648.54,18179076.88,CORP FIN OPS,HDFC0001234
UTR100265072,2026-04-20 13:45:57,CMS/RAZORPAY/pay_a113a737e16a4c/ORD-2026-2727,CREDIT,14219.04,18193295.92,CORP FIN OPS,HDFC0001234
UTR606472290,2026-04-20 14:00:32,CMS/RAZORPAY/pay_0c3420e4ecb745/ORD-2026-2728,CREDIT,11248.24,18204544.16,CORP FIN OPS,HDFC0001234
UTR930989868,2026-04-20 14:15:45,CMS/RAZORPAY/pay_79967f35c37049/ORD-2026-2729,CREDIT,7205.76,18211749.92,CORP FIN OPS,HDFC0001234
UTR183966244,2026-04-20 14:30:40,CMS/RAZORPAY/pay_1d1bc0bfb1174b/ORD-2026-2730,CREDIT,12290.21,18224040.13,CORP FIN OPS,HDFC0001234
UTR626233893,2026-04-20 14:45:07,CMS/RAZORPAY/pay_f10c716b8b7d40/ORD-2026-2731,CREDIT,8386.91,18232427.04,CORP FIN OPS,HDFC0001234
UTR127160892,2026-04-20 15:00:49,CMS/RAZORPAY/pay_617768c3535843/ORD-2026-2732,CREDIT,9974.48,18242401.52,CORP FIN OPS,HDFC0001234
UTR305067526,2026-04-20 15:15:23,CMS/RAZORPAY/pay_7957efa2ea644b/ORD-2026-2733,CREDIT,3022.53,18245424.05,CORP FIN OPS,HDFC0001234
UTR664790986,2026-04-20 15:30:37,CMS/RAZORPAY/pay_a51abfa68a4643/ORD-2026-2734,CREDIT,4882.66,18250306.71,CORP FIN OPS,HDFC0001234
UTR113952742,2026-04-20 15:45:41,CMS/RAZORPAY/pay_e5a30a1f2e2146/ORD-2026-2735,CREDIT,4380.91,18254687.62,CORP FIN OPS,HDFC0001234
UTR846786447,2026-04-20 16:00:40,CMS/RAZORPAY/pay_23cee874c99b4b/ORD-2026-2736,CREDIT,1298.4,18255986.02,CORP FIN OPS,HDFC0001234
UTR778862622,2026-04-20 16:15:31,CMS/RAZORPAY/pay_c19dfdce365d45/ORD-2026-2737,CREDIT,2948.42,18258934.44,CORP FIN OPS,HDFC0001234
UTR130963459,2026-04-20 16:30:47,CMS/RAZORPAY/pay_46784caa3ea149/ORD-2026-2738,CREDIT,2992.83,18261927.27,CORP FIN OPS,HDFC0001234
UTR228233515,2026-04-20 16:45:28,CMS/RAZORPAY/pay_768fc7efdaab40/ORD-2026-2739,CREDIT,9513.48,18271440.75,CORP FIN OPS,HDFC0001234
UTR684205193,2026-04-20 17:00:41,CMS/RAZORPAY/pay_e74e9f690bc146/ORD-2026-2740,CREDIT,9181.14,18280621.89,CORP FIN OPS,HDFC0001234
UTR439818115,2026-04-20 17:15:46,CMS/RAZORPAY/pay_03f1ce266a454e/ORD-2026-2741,CREDIT,13857.42,18294479.31,CORP FIN OPS,HDFC0001234
UTR999491426,2026-04-20 17:30:04,CMS/RAZORPAY/pay_7e9a5bc91c2d42/ORD-2026-2742,CREDIT,3219.81,18297699.12,CORP FIN OPS,HDFC0001234
UTR190160709,2026-04-20 17:45:02,CMS/RAZORPAY/pay_d5500b8ccbe248/ORD-2026-2743,CREDIT,4389.04,18302088.16,CORP FIN OPS,HDFC0001234
UTR285723207,2026-04-20 18:00:19,CMS/RAZORPAY/pay_d4306d91f80342/ORD-2026-2744,CREDIT,4364.09,18306452.25,CORP FIN OPS,HDFC0001234
UTR710071396,2026-04-20 18:15:36,CMS/RAZORPAY/pay_eaf224e4b44b41/ORD-2026-2745,CREDIT,13658.82,18320111.07,CORP FIN OPS,HDFC0001234
UTR192790248,2026-04-20 18:30:37,CMS/RAZORPAY/pay_106214f4af074e/ORD-2026-2746,CREDIT,9359.83,18329470.9,CORP FIN OPS,HDFC0001234
UTR333566606,2026-04-20 18:45:05,CMS/RAZORPAY/pay_4579f378710041/ORD-2026-2747,CREDIT,12907.4,18342378.3,CORP FIN OPS,HDFC0001234
UTR305177088,2026-04-20 19:00:03,CMS/RAZORPAY/pay_026616aeade64c/ORD-2026-2748,CREDIT,5858.4,18348236.7,CORP FIN OPS,HDFC0001234
UTR706707033,2026-04-20 19:15:14,CMS/RAZORPAY/pay_ed65b2ed14d842/ORD-2026-2749,CREDIT,12313.86,18360550.56,CORP FIN OPS,HDFC0001234
UTR416681193,2026-04-20 19:30:28,CMS/RAZORPAY/pay_6c20377dccef45/ORD-2026-2750,CREDIT,4233.57,18364784.13,CORP FIN OPS,HDFC0001234
UTR474584710,2026-04-20 19:45:53,CMS/RAZORPAY/pay_6addfb90bb2d4b/ORD-2026-2751,CREDIT,9422.14,18374206.27,CORP FIN OPS,HDFC0001234
UTR267186137,2026-04-20 20:00:27,CMS/RAZORPAY/pay_72d737ec76a04f/ORD-2026-2752,CREDIT,5399.84,18379606.11,CORP FIN OPS,HDFC0001234
UTR640913819,2026-04-20 20:15:32,CMS/RAZORPAY/pay_1c7a152beb514d/ORD-2026-2753,CREDIT,11437.97,18391044.08,CORP FIN OPS,HDFC0001234
UTR133767082,2026-04-20 20:30:33,CMS/RAZORPAY/pay_52d96c0f509c4f/ORD-2026-2754,CREDIT,9808.73,18400852.81,CORP FIN OPS,HDFC0001234
UTR730093997,2026-04-20 20:45:36,CMS/RAZORPAY/pay_86f0882cff3d43/ORD-2026-2755,CREDIT,5838.58,18406691.39,CORP FIN OPS,HDFC0001234
UTR775890502,2026-04-20 21:00:10,CMS/RAZORPAY/pay_0515abcf43c24e/ORD-2026-2756,CREDIT,6454.4,18413145.79,CORP FIN OPS,HDFC0001234
UTR207597190,2026-04-20 21:15:19,CMS/RAZORPAY/pay_4bf48b3cfa224d/ORD-2026-2757,CREDIT,2792.31,18415938.1,CORP FIN OPS,HDFC0001234
UTR571382013,2026-04-20 21:30:37,CMS/RAZORPAY/pay_6db7632a14764e/ORD-2026-2758,CREDIT,8642.6,18424580.7,CORP FIN OPS,HDFC0001234
UTR995604200,2026-04-20 21:45:46,CMS/RAZORPAY/pay_c81614b36e6c41/ORD-2026-2759,CREDIT,5772.1,18430352.8,CORP FIN OPS,HDFC0001234
UTR422308625,2026-04-20 22:00:59,CMS/RAZORPAY/pay_6d7ad392cd834b/ORD-2026-2760,CREDIT,12910.71,18443263.51,CORP FIN OPS,HDFC0001234
UTR931153961,2026-04-20 22:15:25,CMS/RAZORPAY/pay_cb3492644ae643/ORD-2026-2761,CREDIT,8884.85,18452148.36,CORP FIN OPS,HDFC0001234
UTR422748286,2026-04-20 22:30:48,CMS/RAZORPAY/pay_1d230c8b0fb54d/ORD-2026-2762,CREDIT,2463.91,18454612.27,CORP FIN OPS,HDFC0001234
UTR922296311,2026-04-20 22:45:29,CMS/RAZORPAY/pay_fe364b1caed741/ORD-2026-2763,CREDIT,6094.6,18460706.87,CORP FIN OPS,HDFC0001234
UTR315184874,2026-04-20 23:00:19,CMS/RAZORPAY/pay_9913259df28d42/ORD-2026-2764,CREDIT,1626.13,18462333.0,CORP FIN OPS,HDFC0001234
UTR877533383,2026-04-20 23:15:43,CMS/RAZORPAY/pay_02f116677bd240/ORD-2026-2765,CREDIT,8350.71,18470683.71,CORP FIN OPS,HDFC0001234
UTR470131551,2026-04-20 23:30:30,CMS/RAZORPAY/pay_4acaac7a784545/ORD-2026-2766,CREDIT,8272.57,18478956.28,CORP FIN OPS,HDFC0001234
UTR607134650,2026-04-20 23:45:53,CMS/RAZORPAY/pay_7cf43e187b6c44/ORD-2026-2767,CREDIT,7050.12,18486006.4,CORP FIN OPS,HDFC0001234
UTR441832901,2026-04-21 00:00:49,CMS/RAZORPAY/pay_69bc40bd70a84f/ORD-2026-2768,CREDIT,5119.39,18491125.79,CORP FIN OPS,HDFC0001234
UTR555902658,2026-04-21 00:15:34,CMS/RAZORPAY/pay_e6d4d0626dec4d/ORD-2026-2769,CREDIT,1502.7,18492628.49,CORP FIN OPS,HDFC0001234
UTR729673300,2026-04-21 00:30:14,CMS/RAZORPAY/pay_2d6a66d7feab4a/ORD-2026-2770,CREDIT,13026.18,18505654.67,CORP FIN OPS,HDFC0001234
UTR464912176,2026-04-21 00:45:39,CMS/RAZORPAY/pay_a0e1c40e98da43/ORD-2026-2771,CREDIT,8971.13,18514625.8,CORP FIN OPS,HDFC0001234
UTR248262160,2026-04-21 01:00:12,CMS/RAZORPAY/pay_3003ab7c5bb04e/ORD-2026-2772,CREDIT,1114.65,18515740.45,CORP FIN OPS,HDFC0001234
UTR512388297,2026-04-21 01:15:09,CMS/RAZORPAY/pay_d788a5e3c13b41/ORD-2026-2773,CREDIT,4522.66,18520263.11,CORP FIN OPS,HDFC0001234
UTR552836541,2026-04-21 01:30:25,CMS/RAZORPAY/pay_431d7480c8f542/ORD-2026-2774,CREDIT,10148.63,18530411.74,CORP FIN OPS,HDFC0001234
UTR886699135,2026-04-21 01:45:41,CMS/RAZORPAY/pay_2abba7be293449/ORD-2026-2775,CREDIT,12698.82,18543110.56,CORP FIN OPS,HDFC0001234
UTR717060322,2026-04-21 02:00:43,CMS/RAZORPAY/pay_35b607ae29eb46/ORD-2026-2776,CREDIT,6925.64,18550036.2,CORP FIN OPS,HDFC0001234
UTR928241129,2026-04-21 02:15:19,CMS/RAZORPAY/pay_b1e88be668f243/ORD-2026-2777,CREDIT,6505.01,18556541.21,CORP FIN OPS,HDFC0001234
UTR639084522,2026-04-21 02:30:45,CMS/RAZORPAY/pay_e48053dd52cb4c/ORD-2026-2778,CREDIT,5231.96,18561773.17,CORP FIN OPS,HDFC0001234
UTR292027518,2026-04-21 02:45:34,CMS/RAZORPAY/pay_97a4bebf6d9449/ORD-2026-2779,CREDIT,11242.62,18573015.79,CORP FIN OPS,HDFC0001234
UTR859741828,2026-04-21 03:00:32,CMS/RAZORPAY/pay_62315e9b94f044/ORD-2026-2780,CREDIT,11996.16,18585011.95,CORP FIN OPS,HDFC0001234
UTR402488060,2026-04-21 03:15:07,CMS/RAZORPAY/pay_ae71640fad4e4a/ORD-2026-2781,CREDIT,12775.71,18597787.66,CORP FIN OPS,HDFC0001234
UTR743523776,2026-04-21 03:30:27,CMS/RAZORPAY/pay_c7f6f7b9139a42/ORD-2026-2782,CREDIT,5265.93,18603053.59,CORP FIN OPS,HDFC0001234
UTR291907920,2026-04-21 03:45:26,CMS/RAZORPAY/pay_e96a456aba9b4e/ORD-2026-2783,CREDIT,736.24,18603789.83,CORP FIN OPS,HDFC0001234
UTR739712731,2026-04-21 04:00:22,CMS/RAZORPAY/pay_82b2d595a2074b/ORD-2026-2784,CREDIT,10850.36,18614640.19,CORP FIN OPS,HDFC0001234
UTR288155696,2026-04-21 04:15:34,CMS/RAZORPAY/pay_1dbee6fc46da4b/ORD-2026-2785,CREDIT,1827.13,18616467.32,CORP FIN OPS,HDFC0001234
UTR394952837,2026-04-21 04:30:44,CMS/RAZORPAY/pay_123f08efe0d848/ORD-2026-2786,CREDIT,9226.98,18625694.3,CORP FIN OPS,HDFC0001234
UTR182180063,2026-04-21 04:45:02,CMS/RAZORPAY/pay_0718699a3b864f/ORD-2026-2787,CREDIT,2565.86,18628260.16,CORP FIN OPS,HDFC0001234
UTR878891323,2026-04-21 05:00:21,CMS/RAZORPAY/pay_8d0bdcd43d6143/ORD-2026-2788,CREDIT,13618.72,18641878.88,CORP FIN OPS,HDFC0001234
UTR297493711,2026-04-21 05:15:41,CMS/RAZORPAY/pay_c9372fcde23648/ORD-2026-2789,CREDIT,11002.98,18652881.86,CORP FIN OPS,HDFC0001234
UTR712993971,2026-04-21 05:30:39,CMS/RAZORPAY/pay_61ceada6003e4c/ORD-2026-2790,CREDIT,7765.87,18660647.73,CORP FIN OPS,HDFC0001234
UTR501833262,2026-04-21 05:45:13,CMS/RAZORPAY/pay_6947b858bc7640/ORD-2026-2791,CREDIT,11258.31,18671906.04,CORP FIN OPS,HDFC0001234
UTR935702900,2026-04-21 06:00:32,CMS/RAZORPAY/pay_6fbb1b8915ed4d/ORD-2026-2792,CREDIT,9994.3,18681900.34,CORP FIN OPS,HDFC0001234
UTR392787282,2026-04-21 06:15:26,CMS/RAZORPAY/pay_5a5396092ff543/ORD-2026-2793,CREDIT,3420.8,18685321.14,CORP FIN OPS,HDFC0001234
UTR386746273,2026-04-21 06:30:38,CMS/RAZORPAY/pay_a79350e7de0b46/ORD-2026-2794,CREDIT,11676.52,18696997.66,CORP FIN OPS,HDFC0001234
UTR119405653,2026-04-21 06:45:04,CMS/RAZORPAY/pay_b8da03d08c5242/ORD-2026-2795,CREDIT,9144.09,18706141.75,CORP FIN OPS,HDFC0001234
UTR739124162,2026-04-21 07:00:24,CMS/RAZORPAY/pay_2f6edbb783814f/ORD-2026-2796,CREDIT,7221.69,18713363.44,CORP FIN OPS,HDFC0001234
UTR471907995,2026-04-21 07:15:09,CMS/RAZORPAY/pay_102dd36d22aa46/ORD-2026-2797,CREDIT,7028.37,18720391.81,CORP FIN OPS,HDFC0001234
UTR282550509,2026-04-21 07:30:16,CMS/RAZORPAY/pay_46794b961cdd4b/ORD-2026-2798,CREDIT,6192.92,18726584.73,CORP FIN OPS,HDFC0001234
UTR470762184,2026-04-21 07:45:13,CMS/RAZORPAY/pay_0305dcb1a38748/ORD-2026-2799,CREDIT,11078.39,18737663.12,CORP FIN OPS,HDFC0001234
UTR906227124,2026-04-21 08:00:43,CMS/RAZORPAY/pay_d96333ff6f9047/ORD-2026-2800,CREDIT,7105.27,18744768.39,CORP FIN OPS,HDFC0001234
UTR770299588,2026-04-21 08:15:27,CMS/RAZORPAY/pay_d0ee52055ae344/ORD-2026-2801,CREDIT,6369.26,18751137.65,CORP FIN OPS,HDFC0001234
UTR626946182,2026-04-21 08:30:58,CMS/RAZORPAY/pay_93444e01e78346/ORD-2026-2802,CREDIT,8099.33,18759236.98,CORP FIN OPS,HDFC0001234
UTR524933004,2026-04-21 08:45:07,CMS/RAZORPAY/pay_2816a1951f6140/ORD-2026-2803,CREDIT,8568.69,18767805.67,CORP FIN OPS,HDFC0001234
UTR888621182,2026-04-21 09:00:35,CMS/RAZORPAY/pay_a164e437e97740/ORD-2026-2804,CREDIT,6271.89,18774077.56,CORP FIN OPS,HDFC0001234
UTR927317727,2026-04-21 09:15:06,CMS/RAZORPAY/pay_05b01c1865d847/ORD-2026-2805,CREDIT,9892.3,18783969.86,CORP FIN OPS,HDFC0001234
UTR521092945,2026-04-21 09:30:31,CMS/RAZORPAY/pay_66023359de814d/ORD-2026-2806,CREDIT,11203.22,18795173.08,CORP FIN OPS,HDFC0001234
UTR290725138,2026-04-21 09:45:18,CMS/RAZORPAY/pay_b1a7235c85574f/ORD-2026-2807,CREDIT,535.45,18795708.53,CORP FIN OPS,HDFC0001234
UTR833743378,2026-04-21 10:00:24,CMS/RAZORPAY/pay_cd3b21ae49e843/ORD-2026-2808,CREDIT,8701.95,18804410.48,CORP FIN OPS,HDFC0001234
UTR783347422,2026-04-21 10:15:39,CMS/RAZORPAY/pay_2899b225134a44/ORD-2026-2809,CREDIT,3662.27,18808072.75,CORP FIN OPS,HDFC0001234
UTR886137921,2026-04-21 10:30:01,CMS/RAZORPAY/pay_e1e5786ac9ed4c/ORD-2026-2810,CREDIT,5089.76,18813162.51,CORP FIN OPS,HDFC0001234
UTR606713306,2026-04-21 10:45:23,CMS/RAZORPAY/pay_2b13ef69d4da41/ORD-2026-2811,CREDIT,809.85,18813972.36,CORP FIN OPS,HDFC0001234
UTR307266073,2026-04-21 11:00:23,CMS/RAZORPAY/pay_2214802c85024f/ORD-2026-2812,CREDIT,10725.14,18824697.5,CORP FIN OPS,HDFC0001234
UTR865355140,2026-04-21 11:15:08,CMS/RAZORPAY/pay_d2b30242401f46/ORD-2026-2813,CREDIT,4636.19,18829333.69,CORP FIN OPS,HDFC0001234
UTR593054651,2026-04-21 11:30:38,CMS/RAZORPAY/pay_c3a885a054be42/ORD-2026-2814,CREDIT,6769.35,18836103.04,CORP FIN OPS,HDFC0001234
UTR219354239,2026-04-21 11:45:15,CMS/RAZORPAY/pay_487433b36f1b43/ORD-2026-2815,CREDIT,7032.11,18843135.15,CORP FIN OPS,HDFC0001234
UTR832317261,2026-04-21 12:00:55,CMS/RAZORPAY/pay_6e701e7821564f/ORD-2026-2816,CREDIT,7846.97,18850982.12,CORP FIN OPS,HDFC0001234
UTR547846556,2026-04-21 12:15:34,CMS/RAZORPAY/pay_24a984c30e594f/ORD-2026-2817,CREDIT,2201.05,18853183.17,CORP FIN OPS,HDFC0001234
UTR616263188,2026-04-21 12:30:18,CMS/RAZORPAY/pay_46444a386bb744/ORD-2026-2818,CREDIT,11979.55,18865162.72,CORP FIN OPS,HDFC0001234
UTR649283044,2026-04-21 12:45:27,CMS/RAZORPAY/pay_8b44b809218b41/ORD-2026-2819,CREDIT,11636.39,18876799.11,CORP FIN OPS,HDFC0001234
UTR722568368,2026-04-21 13:00:46,CMS/RAZORPAY/pay_02beebab41294b/ORD-2026-2820,CREDIT,2880.21,18879679.32,CORP FIN OPS,HDFC0001234
UTR360992998,2026-04-21 13:15:13,CMS/RAZORPAY/pay_89a8b471f35949/ORD-2026-2821,CREDIT,4233.04,18883912.36,CORP FIN OPS,HDFC0001234
UTR592033623,2026-04-21 13:30:48,CMS/RAZORPAY/pay_ac70d54fd16444/ORD-2026-2822,CREDIT,3953.02,18887865.38,CORP FIN OPS,HDFC0001234
UTR577462993,2026-04-21 13:45:44,CMS/RAZORPAY/pay_e3c851cbc6234c/ORD-2026-2823,CREDIT,4139.81,18892005.19,CORP FIN OPS,HDFC0001234
UTR250346387,2026-04-21 14:00:18,CMS/RAZORPAY/pay_0f03f237f15d48/ORD-2026-2824,CREDIT,855.47,18892860.66,CORP FIN OPS,HDFC0001234
UTR412693268,2026-04-21 14:15:10,CMS/RAZORPAY/pay_9e468246480d4b/ORD-2026-2825,CREDIT,8524.73,18901385.39,CORP FIN OPS,HDFC0001234
UTR822927518,2026-04-21 14:30:47,CMS/RAZORPAY/pay_96033e36dc7d4e/ORD-2026-2826,CREDIT,11888.04,18913273.43,CORP FIN OPS,HDFC0001234
UTR512560249,2026-04-21 14:45:14,CMS/RAZORPAY/pay_81902863b64d40/ORD-2026-2827,CREDIT,884.69,18914158.12,CORP FIN OPS,HDFC0001234
UTR727317312,2026-04-21 15:00:16,CMS/RAZORPAY/pay_a29d3bcfc8d54c/ORD-2026-2828,CREDIT,5643.93,18919802.05,CORP FIN OPS,HDFC0001234
UTR612147289,2026-04-21 15:15:41,CMS/RAZORPAY/pay_6a35adc999474a/ORD-2026-2829,CREDIT,2695.07,18922497.12,CORP FIN OPS,HDFC0001234
UTR505851578,2026-04-21 15:30:41,CMS/RAZORPAY/pay_707ed217574143/ORD-2026-2830,CREDIT,2882.57,18925379.69,CORP FIN OPS,HDFC0001234
UTR507884854,2026-04-21 15:45:42,CMS/RAZORPAY/pay_00cc318bad9b46/ORD-2026-2831,CREDIT,13894.9,18939274.59,CORP FIN OPS,HDFC0001234
UTR340851021,2026-04-21 16:00:38,CMS/RAZORPAY/pay_d040da68b67b4a/ORD-2026-2832,CREDIT,11503.18,18950777.77,CORP FIN OPS,HDFC0001234
UTR635571949,2026-04-21 16:15:36,CMS/RAZORPAY/pay_ee275e8036d144/ORD-2026-2833,CREDIT,13410.07,18964187.84,CORP FIN OPS,HDFC0001234
UTR662767769,2026-04-21 16:30:12,CMS/RAZORPAY/pay_1e0470bfb3604d/ORD-2026-2834,CREDIT,5635.41,18969823.25,CORP FIN OPS,HDFC0001234
UTR453814126,2026-04-21 16:45:17,CMS/RAZORPAY/pay_f13ddfe032174a/ORD-2026-2835,CREDIT,8321.49,18978144.74,CORP FIN OPS,HDFC0001234
UTR185305878,2026-04-21 17:00:28,CMS/RAZORPAY/pay_c888ca86b06243/ORD-2026-2836,CREDIT,8511.46,18986656.2,CORP FIN OPS,HDFC0001234
UTR893963123,2026-04-21 17:15:59,CMS/RAZORPAY/pay_c909f07e79d440/ORD-2026-2837,CREDIT,9702.2,18996358.4,CORP FIN OPS,HDFC0001234
UTR589697192,2026-04-21 17:30:38,CMS/RAZORPAY/pay_0009c57f7a5d48/ORD-2026-2838,CREDIT,4250.83,19000609.23,CORP FIN OPS,HDFC0001234
UTR887414873,2026-04-21 17:45:57,CMS/RAZORPAY/pay_cdef568b64754a/ORD-2026-2839,CREDIT,13274.59,19013883.82,CORP FIN OPS,HDFC0001234
UTR344368872,2026-04-21 18:00:48,CMS/RAZORPAY/pay_fbe17faf34c34f/ORD-2026-2840,CREDIT,8717.71,19022601.53,CORP FIN OPS,HDFC0001234
UTR939035379,2026-04-21 18:15:20,CMS/RAZORPAY/pay_b0be04baa2da40/ORD-2026-2841,CREDIT,11673.09,19034274.62,CORP FIN OPS,HDFC0001234
UTR574484446,2026-04-21 18:30:30,CMS/RAZORPAY/pay_4e5e4d95a20c4a/ORD-2026-2842,CREDIT,3282.89,19037557.51,CORP FIN OPS,HDFC0001234
UTR623159945,2026-04-21 18:45:00,CMS/RAZORPAY/pay_f3bbcfb80f0f4d/ORD-2026-2843,CREDIT,8723.98,19046281.49,CORP FIN OPS,HDFC0001234
UTR309163581,2026-04-21 19:00:00,CMS/RAZORPAY/pay_896a80c7563f42/ORD-2026-2844,CREDIT,4052.39,19050333.88,CORP FIN OPS,HDFC0001234
UTR777668740,2026-04-21 19:15:32,CMS/RAZORPAY/pay_c0b98bb01c114e/ORD-2026-2845,CREDIT,7330.38,19057664.26,CORP FIN OPS,HDFC0001234
UTR671434688,2026-04-21 19:30:17,CMS/RAZORPAY/pay_1a47fe3b0ea74c/ORD-2026-2846,CREDIT,10084.97,19067749.23,CORP FIN OPS,HDFC0001234
UTR219690062,2026-04-21 19:45:00,CMS/RAZORPAY/pay_0ca263253b4b4b/ORD-2026-2847,CREDIT,5007.48,19072756.71,CORP FIN OPS,HDFC0001234
UTR291979848,2026-04-21 20:00:48,CMS/RAZORPAY/pay_ce0b45551acc42/ORD-2026-2848,CREDIT,6604.59,19079361.3,CORP FIN OPS,HDFC0001234
UTR784921630,2026-04-21 20:15:49,CMS/RAZORPAY/pay_d12e6391f9da4e/ORD-2026-2849,CREDIT,2027.31,19081388.61,CORP FIN OPS,HDFC0001234
UTR427903381,2026-04-21 20:30:30,CMS/RAZORPAY/pay_499355529b2145/ORD-2026-2850,CREDIT,1945.28,19083333.89,CORP FIN OPS,HDFC0001234
UTR821433431,2026-04-21 20:45:10,CMS/RAZORPAY/pay_0c5fb86f8f8e48/ORD-2026-2851,CREDIT,3205.14,19086539.03,CORP FIN OPS,HDFC0001234
UTR268719906,2026-04-21 21:00:30,CMS/RAZORPAY/pay_b70f0b7ec3c742/ORD-2026-2852,CREDIT,9740.19,19096279.22,CORP FIN OPS,HDFC0001234
UTR382238853,2026-04-21 21:15:59,CMS/RAZORPAY/pay_931d9a1339944e/ORD-2026-2853,CREDIT,12610.63,19108889.85,CORP FIN OPS,HDFC0001234
UTR458331444,2026-04-21 21:30:20,CMS/RAZORPAY/pay_7c39d094511e43/ORD-2026-2854,CREDIT,6855.06,19115744.91,CORP FIN OPS,HDFC0001234
UTR547883100,2026-04-21 21:45:48,CMS/RAZORPAY/pay_4ec17a56672940/ORD-2026-2855,CREDIT,13796.35,19129541.26,CORP FIN OPS,HDFC0001234
UTR964760270,2026-04-21 22:00:49,CMS/RAZORPAY/pay_05887224849346/ORD-2026-2856,CREDIT,4370.38,19133911.64,CORP FIN OPS,HDFC0001234
UTR374802025,2026-04-21 22:15:01,CMS/RAZORPAY/pay_603f92ba730a45/ORD-2026-2857,CREDIT,5044.82,19138956.46,CORP FIN OPS,HDFC0001234
UTR893513422,2026-04-21 22:30:39,CMS/RAZORPAY/pay_f3f1f7c460b24a/ORD-2026-2858,CREDIT,7608.78,19146565.24,CORP FIN OPS,HDFC0001234
UTR272247459,2026-04-21 22:45:30,CMS/RAZORPAY/pay_a8997cfa422345/ORD-2026-2859,CREDIT,13817.69,19160382.93,CORP FIN OPS,HDFC0001234
UTR518826971,2026-04-21 23:00:15,CMS/RAZORPAY/pay_b179ca5ef6bd4b/ORD-2026-2860,CREDIT,4454.41,19164837.34,CORP FIN OPS,HDFC0001234
UTR786796049,2026-04-21 23:15:34,CMS/RAZORPAY/pay_3db20405dbee46/ORD-2026-2861,CREDIT,5718.78,19170556.12,CORP FIN OPS,HDFC0001234
UTR905119762,2026-04-21 23:30:20,CMS/RAZORPAY/pay_b16e660d1b904f/ORD-2026-2862,CREDIT,14322.9,19184879.02,CORP FIN OPS,HDFC0001234
UTR716422428,2026-04-21 23:45:05,CMS/RAZORPAY/pay_564b677bb3304c/ORD-2026-2863,CREDIT,6693.01,19191572.03,CORP FIN OPS,HDFC0001234
UTR809411332,2026-04-22 00:00:33,CMS/RAZORPAY/pay_6b343906c1ff40/ORD-2026-2864,CREDIT,12059.51,19203631.54,CORP FIN OPS,HDFC0001234
UTR173018636,2026-04-22 00:15:57,CMS/RAZORPAY/pay_f6b738602a9847/ORD-2026-2865,CREDIT,11427.98,19215059.52,CORP FIN OPS,HDFC0001234
UTR344471988,2026-04-22 00:30:23,CMS/RAZORPAY/pay_d97db6bbf17f4f/ORD-2026-2866,CREDIT,5202.93,19220262.45,CORP FIN OPS,HDFC0001234
UTR124844575,2026-04-22 00:45:41,CMS/RAZORPAY/pay_851bf1dba7b641/ORD-2026-2867,CREDIT,6303.92,19226566.37,CORP FIN OPS,HDFC0001234
UTR993003636,2026-04-22 01:00:58,CMS/RAZORPAY/pay_6585fef7663547/ORD-2026-2868,CREDIT,14499.36,19241065.73,CORP FIN OPS,HDFC0001234
UTR134449945,2026-04-22 01:15:31,CMS/RAZORPAY/pay_6ee6d60ffa6c4f/ORD-2026-2869,CREDIT,4489.85,19245555.58,CORP FIN OPS,HDFC0001234
UTR181123954,2026-04-22 01:30:35,CMS/RAZORPAY/pay_b755386fe92748/ORD-2026-2870,CREDIT,11539.61,19257095.19,CORP FIN OPS,HDFC0001234
UTR194199647,2026-04-22 01:45:39,CMS/RAZORPAY/pay_d196c72faa6e47/ORD-2026-2871,CREDIT,9693.23,19266788.42,CORP FIN OPS,HDFC0001234
UTR562725525,2026-04-22 02:00:28,CMS/RAZORPAY/pay_13cd6e9487b14e/ORD-2026-2872,CREDIT,13079.53,19279867.95,CORP FIN OPS,HDFC0001234
UTR295070777,2026-04-22 02:15:33,CMS/RAZORPAY/pay_7973f06e18d445/ORD-2026-2873,CREDIT,11547.05,19291415.0,CORP FIN OPS,HDFC0001234
UTR415480159,2026-04-22 02:30:39,CMS/RAZORPAY/pay_852fade9bbeb42/ORD-2026-2874,CREDIT,12214.02,19303629.02,CORP FIN OPS,HDFC0001234
UTR558648441,2026-04-22 02:45:54,CMS/RAZORPAY/pay_bff63a72343540/ORD-2026-2875,CREDIT,3643.82,19307272.84,CORP FIN OPS,HDFC0001234
UTR814469817,2026-04-22 03:00:59,CMS/RAZORPAY/pay_b11310372c2e4f/ORD-2026-2876,CREDIT,5509.2,19312782.04,CORP FIN OPS,HDFC0001234
UTR321345622,2026-04-22 03:15:06,CMS/RAZORPAY/pay_3bed94fcfe574b/ORD-2026-2877,CREDIT,859.48,19313641.52,CORP FIN OPS,HDFC0001234
UTR174374750,2026-04-22 03:30:59,CMS/RAZORPAY/pay_1d2ac10259d348/ORD-2026-2878,CREDIT,3745.97,19317387.49,CORP FIN OPS,HDFC0001234
UTR555571081,2026-04-22 03:45:59,CMS/RAZORPAY/pay_65fd1083473c45/ORD-2026-2879,CREDIT,13511.65,19330899.14,CORP FIN OPS,HDFC0001234
UTR572060870,2026-04-22 04:00:53,CMS/RAZORPAY/pay_2b4bb4e03d214c/ORD-2026-2880,CREDIT,13909.99,19344809.13,CORP FIN OPS,HDFC0001234
UTR323965736,2026-04-22 04:15:03,CMS/RAZORPAY/pay_ff06580bbc3749/ORD-2026-2881,CREDIT,6814.08,19351623.21,CORP FIN OPS,HDFC0001234
UTR508564010,2026-04-22 04:30:05,CMS/RAZORPAY/pay_2f3f686734ec42/ORD-2026-2882,CREDIT,14210.56,19365833.77,CORP FIN OPS,HDFC0001234
UTR230678411,2026-04-22 04:45:07,CMS/RAZORPAY/pay_690639fd861842/ORD-2026-2883,CREDIT,13806.39,19379640.16,CORP FIN OPS,HDFC0001234
UTR325837388,2026-04-22 05:00:51,CMS/RAZORPAY/pay_93ca3601bf3143/ORD-2026-2884,CREDIT,7664.94,19387305.1,CORP FIN OPS,HDFC0001234
UTR590650359,2026-04-22 05:15:00,CMS/RAZORPAY/pay_a10b9d3406d147/ORD-2026-2885,CREDIT,5868.57,19393173.67,CORP FIN OPS,HDFC0001234
UTR486968435,2026-04-22 05:30:27,CMS/RAZORPAY/pay_35464f2f681f41/ORD-2026-2886,CREDIT,13880.64,19407054.31,CORP FIN OPS,HDFC0001234
UTR791040857,2026-04-22 05:45:56,CMS/RAZORPAY/pay_11751bdbe05a49/ORD-2026-2887,CREDIT,7161.65,19414215.96,CORP FIN OPS,HDFC0001234
UTR447109525,2026-04-22 06:00:09,CMS/RAZORPAY/pay_9d5806d4ff1249/ORD-2026-2888,CREDIT,12485.73,19426701.69,CORP FIN OPS,HDFC0001234
UTR656866156,2026-04-22 06:15:44,CMS/RAZORPAY/pay_0223a10fb4fa4e/ORD-2026-2889,CREDIT,7139.71,19433841.4,CORP FIN OPS,HDFC0001234
UTR325298519,2026-04-22 06:30:39,CMS/RAZORPAY/pay_34526796f8e840/ORD-2026-2890,CREDIT,6361.94,19440203.34,CORP FIN OPS,HDFC0001234
UTR656842161,2026-04-22 06:45:51,CMS/RAZORPAY/pay_59bd95fee8a84c/ORD-2026-2891,CREDIT,11960.55,19452163.89,CORP FIN OPS,HDFC0001234
UTR274347449,2026-04-22 07:00:31,CMS/RAZORPAY/pay_c462477503a545/ORD-2026-2892,CREDIT,3377.48,19455541.37,CORP FIN OPS,HDFC0001234
UTR384736299,2026-04-22 07:15:50,CMS/RAZORPAY/pay_3eb3f01cc4d349/ORD-2026-2893,CREDIT,853.9,19456395.27,CORP FIN OPS,HDFC0001234
UTR254984763,2026-04-22 07:30:02,CMS/RAZORPAY/pay_a2f4d2d72a1e47/ORD-2026-2894,CREDIT,8125.98,19464521.25,CORP FIN OPS,HDFC0001234
UTR116040051,2026-04-22 07:45:05,CMS/RAZORPAY/pay_bc22bcd38e1349/ORD-2026-2895,CREDIT,6432.81,19470954.06,CORP FIN OPS,HDFC0001234
UTR545685360,2026-04-22 08:00:08,CMS/RAZORPAY/pay_fa0e711a3be449/ORD-2026-2896,CREDIT,12620.24,19483574.3,CORP FIN OPS,HDFC0001234
UTR375803064,2026-04-22 08:15:42,CMS/RAZORPAY/pay_615e113eedb14e/ORD-2026-2897,CREDIT,8133.21,19491707.51,CORP FIN OPS,HDFC0001234
UTR992375398,2026-04-22 08:30:14,CMS/RAZORPAY/pay_9375c462da114c/ORD-2026-2898,CREDIT,7775.7,19499483.21,CORP FIN OPS,HDFC0001234
UTR897989079,2026-04-22 08:45:45,CMS/RAZORPAY/pay_f9a836d637904a/ORD-2026-2899,CREDIT,6205.67,19505688.88,CORP FIN OPS,HDFC0001234
UTR298241468,2026-04-22 09:00:45,CMS/RAZORPAY/pay_e3ba6fdd37d342/ORD-2026-2900,CREDIT,14277.28,19519966.16,CORP FIN OPS,HDFC0001234
UTR386394724,2026-04-22 09:15:27,CMS/RAZORPAY/pay_92fb958259ff49/ORD-2026-2901,CREDIT,5794.14,19525760.3,CORP FIN OPS,HDFC0001234
UTR136749147,2026-04-22 09:30:40,CMS/RAZORPAY/pay_e35af47d9f9d4e/ORD-2026-2902,CREDIT,1168.03,19526928.33,CORP FIN OPS,HDFC0001234
UTR781429478,2026-04-22 09:45:53,CMS/RAZORPAY/pay_23ae003fb70847/ORD-2026-2903,CREDIT,11740.43,19538668.76,CORP FIN OPS,HDFC0001234
UTR714273453,2026-04-22 10:00:30,CMS/RAZORPAY/pay_b219a13616fb48/ORD-2026-2904,CREDIT,12631.07,19551299.83,CORP FIN OPS,HDFC0001234
UTR535570732,2026-04-22 10:15:13,CMS/RAZORPAY/pay_4c5d5ea3acb440/ORD-2026-2905,CREDIT,6904.42,19558204.25,CORP FIN OPS,HDFC0001234
UTR899895171,2026-04-22 10:30:49,CMS/RAZORPAY/pay_1e638081fc124a/ORD-2026-2906,CREDIT,7772.26,19565976.51,CORP FIN OPS,HDFC0001234
UTR466127696,2026-04-22 10:45:49,CMS/RAZORPAY/pay_a2bb5f2d2fee4c/ORD-2026-2907,CREDIT,8259.43,19574235.94,CORP FIN OPS,HDFC0001234
UTR382247375,2026-04-22 11:00:50,CMS/RAZORPAY/pay_3221eddc58de44/ORD-2026-2908,CREDIT,5661.78,19579897.72,CORP FIN OPS,HDFC0001234
UTR343873669,2026-04-22 11:15:53,CMS/RAZORPAY/pay_cbad3f2bf22246/ORD-2026-2909,CREDIT,2061.66,19581959.38,CORP FIN OPS,HDFC0001234
UTR568327642,2026-04-22 11:30:55,CMS/RAZORPAY/pay_ff406d966a2346/ORD-2026-2910,CREDIT,14245.05,19596204.43,CORP FIN OPS,HDFC0001234
UTR648579657,2026-04-22 11:45:53,CMS/RAZORPAY/pay_069bde5cb3404d/ORD-2026-2911,CREDIT,10123.63,19606328.06,CORP FIN OPS,HDFC0001234
UTR480036422,2026-04-22 12:00:55,CMS/RAZORPAY/pay_32afbb70330940/ORD-2026-2912,CREDIT,7999.79,19614327.85,CORP FIN OPS,HDFC0001234
UTR347415399,2026-04-22 12:15:10,CMS/RAZORPAY/pay_fa809a20f54149/ORD-2026-2913,CREDIT,1905.93,19616233.78,CORP FIN OPS,HDFC0001234
UTR763770302,2026-04-22 12:30:09,CMS/RAZORPAY/pay_a9258032187540/ORD-2026-2914,CREDIT,8145.04,19624378.82,CORP FIN OPS,HDFC0001234
UTR530433938,2026-04-22 12:45:57,CMS/RAZORPAY/pay_435faf014a0249/ORD-2026-2915,CREDIT,7875.0,19632253.82,CORP FIN OPS,HDFC0001234
UTR246157602,2026-04-22 13:00:04,CMS/RAZORPAY/pay_e62966dcab3a45/ORD-2026-2916,CREDIT,4046.46,19636300.28,CORP FIN OPS,HDFC0001234
UTR171741852,2026-04-22 13:15:48,CMS/RAZORPAY/pay_28e17ddb05a345/ORD-2026-2917,CREDIT,6298.22,19642598.5,CORP FIN OPS,HDFC0001234
UTR966497057,2026-04-22 13:30:50,CMS/RAZORPAY/pay_5a866e1dabb84f/ORD-2026-2918,CREDIT,2745.56,19645344.06,CORP FIN OPS,HDFC0001234
UTR366903551,2026-04-22 13:45:14,CMS/RAZORPAY/pay_eb1230a4b49741/ORD-2026-2919,CREDIT,14127.22,19659471.28,CORP FIN OPS,HDFC0001234
UTR894198488,2026-04-22 14:00:28,CMS/RAZORPAY/pay_53a9c705992b48/ORD-2026-2920,CREDIT,2504.39,19661975.67,CORP FIN OPS,HDFC0001234
UTR225941338,2026-04-22 14:15:06,CMS/RAZORPAY/pay_7acc5a5ed9aa46/ORD-2026-2921,CREDIT,11413.18,19673388.85,CORP FIN OPS,HDFC0001234
UTR420857909,2026-04-22 14:30:34,CMS/RAZORPAY/pay_a985e32d76fb45/ORD-2026-2922,CREDIT,11006.2,19684395.05,CORP FIN OPS,HDFC0001234
UTR909870047,2026-04-22 14:45:02,CMS/RAZORPAY/pay_6374267dbe6b4f/ORD-2026-2923,CREDIT,5889.41,19690284.46,CORP FIN OPS,HDFC0001234
UTR557317997,2026-04-22 15:00:44,CMS/RAZORPAY/pay_f07ba92c6fd943/ORD-2026-2924,CREDIT,12741.86,19703026.32,CORP FIN OPS,HDFC0001234
UTR210649279,2026-04-22 15:15:46,CMS/RAZORPAY/pay_a7c2b37010f440/ORD-2026-2925,CREDIT,9029.83,19712056.15,CORP FIN OPS,HDFC0001234
UTR998409575,2026-04-22 15:30:26,CMS/RAZORPAY/pay_0c40e56a1d6643/ORD-2026-2926,CREDIT,1290.27,19713346.42,CORP FIN OPS,HDFC0001234
UTR370229471,2026-04-22 15:45:42,CMS/RAZORPAY/pay_3a471ea76c6d49/ORD-2026-2927,CREDIT,12328.31,19725674.73,CORP FIN OPS,HDFC0001234
UTR865680590,2026-04-22 16:00:15,CMS/RAZORPAY/pay_ee2e3432631f47/ORD-2026-2928,CREDIT,8781.61,19734456.34,CORP FIN OPS,HDFC0001234
UTR385351360,2026-04-22 16:15:49,CMS/RAZORPAY/pay_3dc672c53a514f/ORD-2026-2929,CREDIT,12186.23,19746642.57,CORP FIN OPS,HDFC0001234
UTR707329936,2026-04-22 16:30:38,CMS/RAZORPAY/pay_852529babfe04d/ORD-2026-2930,CREDIT,7835.63,19754478.2,CORP FIN OPS,HDFC0001234
UTR733876003,2026-04-22 16:45:36,CMS/RAZORPAY/pay_27f2e29b2b6445/ORD-2026-2931,CREDIT,1831.98,19756310.18,CORP FIN OPS,HDFC0001234
UTR861610753,2026-04-22 17:00:52,CMS/RAZORPAY/pay_184341bca9424c/ORD-2026-2932,CREDIT,6062.76,19762372.94,CORP FIN OPS,HDFC0001234
UTR572709559,2026-04-22 17:15:36,CMS/RAZORPAY/pay_aa52061cc8704d/ORD-2026-2933,CREDIT,12712.2,19775085.14,CORP FIN OPS,HDFC0001234
UTR934974681,2026-04-22 17:30:42,CMS/RAZORPAY/pay_79132b6c83f24e/ORD-2026-2934,CREDIT,13344.64,19788429.78,CORP FIN OPS,HDFC0001234
UTR777017062,2026-04-22 17:45:18,CMS/RAZORPAY/pay_3747737aeaad40/ORD-2026-2935,CREDIT,13522.86,19801952.64,CORP FIN OPS,HDFC0001234
UTR372208827,2026-04-22 18:00:22,CMS/RAZORPAY/pay_3d6e9f1a836047/ORD-2026-2936,CREDIT,5477.11,19807429.75,CORP FIN OPS,HDFC0001234
UTR151323907,2026-04-22 18:15:44,CMS/RAZORPAY/pay_5df583f972d54a/ORD-2026-2937,CREDIT,14518.24,19821947.99,CORP FIN OPS,HDFC0001234
UTR927649755,2026-04-22 18:30:25,CMS/RAZORPAY/pay_ca29667866a54a/ORD-2026-2938,CREDIT,11153.55,19833101.54,CORP FIN OPS,HDFC0001234
UTR761857388,2026-04-22 18:45:53,CMS/RAZORPAY/pay_b6f42c842eb44c/ORD-2026-2939,CREDIT,4818.16,19837919.7,CORP FIN OPS,HDFC0001234
UTR767652370,2026-04-22 19:00:40,CMS/RAZORPAY/pay_9b6da51a255c44/ORD-2026-2940,CREDIT,3124.27,19841043.97,CORP FIN OPS,HDFC0001234
UTR859560763,2026-04-22 19:15:22,CMS/RAZORPAY/pay_fb2edb737a8b43/ORD-2026-2941,CREDIT,5259.4,19846303.37,CORP FIN OPS,HDFC0001234
UTR280971874,2026-04-22 19:30:07,CMS/RAZORPAY/pay_7c6fdf24c5be45/ORD-2026-2942,CREDIT,3175.2,19849478.57,CORP FIN OPS,HDFC0001234
UTR701816496,2026-04-22 19:45:34,CMS/RAZORPAY/pay_3f5b9e0b6cd942/ORD-2026-2943,CREDIT,3006.99,19852485.56,CORP FIN OPS,HDFC0001234
UTR864145083,2026-04-22 20:00:54,CMS/RAZORPAY/pay_c03b7876f2ce4e/ORD-2026-2944,CREDIT,4216.94,19856702.5,CORP FIN OPS,HDFC0001234
UTR242842323,2026-04-22 20:15:06,CMS/RAZORPAY/pay_f34a332a9e4e4e/ORD-2026-2945,CREDIT,12451.68,19869154.18,CORP FIN OPS,HDFC0001234
UTR188274038,2026-04-22 20:30:28,CMS/RAZORPAY/pay_ca471dba428f45/ORD-2026-2946,CREDIT,12184.44,19881338.62,CORP FIN OPS,HDFC0001234
UTR393977947,2026-04-22 20:45:31,CMS/RAZORPAY/pay_fb5f47a1b71d48/ORD-2026-2947,CREDIT,3666.17,19885004.79,CORP FIN OPS,HDFC0001234
UTR971368687,2026-04-22 21:00:00,CMS/RAZORPAY/pay_1082a9f03e8943/ORD-2026-2948,CREDIT,4690.14,19889694.93,CORP FIN OPS,HDFC0001234
UTR571318858,2026-04-22 21:15:35,CMS/RAZORPAY/pay_b940c2ce31fd41/ORD-2026-2949,CREDIT,8292.35,19897987.28,CORP FIN OPS,HDFC0001234
UTR656811785,2026-04-22 21:30:40,CMS/RAZORPAY/pay_f576c48bbd5b49/ORD-2026-2950,CREDIT,8635.4,19906622.68,CORP FIN OPS,HDFC0001234
UTR955554613,2026-04-22 21:45:27,CMS/RAZORPAY/pay_26601c2324f24f/ORD-2026-2951,CREDIT,5729.81,19912352.49,CORP FIN OPS,HDFC0001234
UTR182721548,2026-04-22 22:00:55,CMS/RAZORPAY/pay_1ff2d3cf4d044b/ORD-2026-2952,CREDIT,12203.04,19924555.53,CORP FIN OPS,HDFC0001234
UTR203746446,2026-04-22 22:15:34,CMS/RAZORPAY/pay_cd218ed636a04e/ORD-2026-2953,CREDIT,4926.46,19929481.99,CORP FIN OPS,HDFC0001234
UTR853921898,2026-04-22 22:30:17,CMS/RAZORPAY/pay_0fa7f262af3d4a/ORD-2026-2954,CREDIT,8618.44,19938100.43,CORP FIN OPS,HDFC0001234
UTR633792439,2026-04-22 22:45:04,CMS/RAZORPAY/pay_d775ba7b97aa46/ORD-2026-2955,CREDIT,13982.9,19952083.33,CORP FIN OPS,HDFC0001234
UTR700217426,2026-04-22 23:00:57,CMS/RAZORPAY/pay_f93c7b8c28254b/ORD-2026-2956,CREDIT,5409.5,19957492.83,CORP FIN OPS,HDFC0001234
UTR170236410,2026-04-22 23:15:16,CMS/RAZORPAY/pay_b8be3fd093194c/ORD-2026-2957,CREDIT,13900.61,19971393.44,CORP FIN OPS,HDFC0001234
UTR562600220,2026-04-22 23:30:13,CMS/RAZORPAY/pay_fe3dc8c4a35b45/ORD-2026-2958,CREDIT,9857.84,19981251.28,CORP FIN OPS,HDFC0001234
UTR427127331,2026-04-22 23:45:36,CMS/RAZORPAY/pay_9aa360500fbc49/ORD-2026-2959,CREDIT,11792.02,19993043.3,CORP FIN OPS,HDFC0001234
UTR679404629,2026-04-23 00:00:39,CMS/RAZORPAY/pay_e2461909047a44/ORD-2026-2960,CREDIT,1238.16,19994281.46,CORP FIN OPS,HDFC0001234
UTR176250049,2026-04-23 00:15:33,CMS/RAZORPAY/pay_a5d7fc284b4844/ORD-2026-2961,CREDIT,6345.44,20000626.9,CORP FIN OPS,HDFC0001234
UTR745883049,2026-04-23 00:30:01,CMS/RAZORPAY/pay_3f7157631a3544/ORD-2026-2962,CREDIT,9682.37,20010309.27,CORP FIN OPS,HDFC0001234
UTR195676548,2026-04-23 00:45:25,CMS/RAZORPAY/pay_8d54a783d04f41/ORD-2026-2963,CREDIT,8614.82,20018924.09,CORP FIN OPS,HDFC0001234
UTR609391242,2026-04-23 01:00:11,CMS/RAZORPAY/pay_56d0e5e55dc943/ORD-2026-2964,CREDIT,1845.42,20020769.51,CORP FIN OPS,HDFC0001234
UTR370598115,2026-04-23 01:15:05,CMS/RAZORPAY/pay_6faa2e70ef6d4a/ORD-2026-2965,CREDIT,3101.26,20023870.77,CORP FIN OPS,HDFC0001234
UTR794952841,2026-04-23 01:30:21,CMS/RAZORPAY/pay_d2f5fd15f7f84c/ORD-2026-2966,CREDIT,6883.67,20030754.44,CORP FIN OPS,HDFC0001234
UTR750858728,2026-04-23 01:45:35,CMS/RAZORPAY/pay_14b1c2e012614b/ORD-2026-2967,CREDIT,1325.58,20032080.02,CORP FIN OPS,HDFC0001234
UTR668139316,2026-04-23 02:00:00,CMS/RAZORPAY/pay_5cc223ec4a954a/ORD-2026-2968,CREDIT,5115.82,20037195.84,CORP FIN OPS,HDFC0001234
UTR502477106,2026-04-23 02:15:11,CMS/RAZORPAY/pay_5d36150d12244f/ORD-2026-2969,CREDIT,3156.69,20040352.53,CORP FIN OPS,HDFC0001234
UTR470707181,2026-04-23 02:30:55,CMS/RAZORPAY/pay_0733c2cd32c142/ORD-2026-2970,CREDIT,10160.55,20050513.08,CORP FIN OPS,HDFC0001234
UTR289975300,2026-04-23 02:45:45,CMS/RAZORPAY/pay_5c81c5865cc04d/ORD-2026-2971,CREDIT,12465.32,20062978.4,CORP FIN OPS,HDFC0001234
UTR979389668,2026-04-23 03:00:01,CMS/RAZORPAY/pay_d02960189cb24c/ORD-2026-2972,CREDIT,9295.53,20072273.93,CORP FIN OPS,HDFC0001234
UTR412921596,2026-04-23 03:15:22,CMS/RAZORPAY/pay_82df9da9dde84c/ORD-2026-2973,CREDIT,10158.43,20082432.36,CORP FIN OPS,HDFC0001234
UTR748006811,2026-04-23 03:30:58,CMS/RAZORPAY/pay_4abc14d61f1140/ORD-2026-2974,CREDIT,5265.0,20087697.36,CORP FIN OPS,HDFC0001234
UTR517520043,2026-04-23 03:45:07,CMS/RAZORPAY/pay_f7ffb2ecad5146/ORD-2026-2975,CREDIT,9955.59,20097652.95,CORP FIN OPS,HDFC0001234
UTR251807098,2026-04-23 04:00:12,CMS/RAZORPAY/pay_cf4ad21b648042/ORD-2026-2976,CREDIT,11730.25,20109383.2,CORP FIN OPS,HDFC0001234
UTR615850694,2026-04-23 04:15:54,CMS/RAZORPAY/pay_ad51315d20e746/ORD-2026-2977,CREDIT,7848.06,20117231.26,CORP FIN OPS,HDFC0001234
UTR853987850,2026-04-23 04:30:48,CMS/RAZORPAY/pay_6aa5aa67f6d34b/ORD-2026-2978,CREDIT,8223.76,20125455.02,CORP FIN OPS,HDFC0001234
UTR580933864,2026-04-23 04:45:40,CMS/RAZORPAY/pay_11fc6f6b551348/ORD-2026-2979,CREDIT,6523.95,20131978.97,CORP FIN OPS,HDFC0001234
UTR125591724,2026-04-23 05:00:06,CMS/RAZORPAY/pay_380b187ae1a34c/ORD-2026-2980,CREDIT,5040.14,20137019.11,CORP FIN OPS,HDFC0001234
UTR634309614,2026-04-23 05:15:44,CMS/RAZORPAY/pay_4825f2a4e4104a/ORD-2026-2981,CREDIT,1268.52,20138287.63,CORP FIN OPS,HDFC0001234
UTR730790953,2026-04-23 05:30:20,CMS/RAZORPAY/pay_694ea158442646/ORD-2026-2982,CREDIT,10954.46,20149242.09,CORP FIN OPS,HDFC0001234
UTR425285707,2026-04-23 05:45:12,CMS/RAZORPAY/pay_ad171fe481a94f/ORD-2026-2983,CREDIT,5468.43,20154710.52,CORP FIN OPS,HDFC0001234
UTR565793566,2026-04-23 06:00:23,CMS/RAZORPAY/pay_2b96b70ec12045/ORD-2026-2984,CREDIT,10131.54,20164842.06,CORP FIN OPS,HDFC0001234
UTR299399647,2026-04-23 06:15:20,CMS/RAZORPAY/pay_96f4da2b2c4e43/ORD-2026-2985,CREDIT,1521.2,20166363.26,CORP FIN OPS,HDFC0001234
UTR787646966,2026-04-23 06:30:02,CMS/RAZORPAY/pay_4ca9d081eb0348/ORD-2026-2986,CREDIT,13542.91,20179906.17,CORP FIN OPS,HDFC0001234
UTR411859380,2026-04-23 06:45:57,CMS/RAZORPAY/pay_a5e6d21e621e4e/ORD-2026-2987,CREDIT,3891.56,20183797.73,CORP FIN OPS,HDFC0001234
UTR499199790,2026-04-23 07:00:02,CMS/RAZORPAY/pay_c2ef8b750c3145/ORD-2026-2988,CREDIT,2695.81,20186493.54,CORP FIN OPS,HDFC0001234
UTR554021632,2026-04-23 07:15:56,CMS/RAZORPAY/pay_bd4faee4827047/ORD-2026-2989,CREDIT,9738.01,20196231.55,CORP FIN OPS,HDFC0001234
UTR546555658,2026-04-23 07:30:24,CMS/RAZORPAY/pay_a50279d3406243/ORD-2026-2990,CREDIT,4425.29,20200656.84,CORP FIN OPS,HDFC0001234
UTR111198809,2026-04-23 07:45:02,CMS/RAZORPAY/pay_27a18259c42348/ORD-2026-2991,CREDIT,10342.06,20210998.9,CORP FIN OPS,HDFC0001234
UTR339417144,2026-04-23 08:00:40,CMS/RAZORPAY/pay_09163018d08049/ORD-2026-2992,CREDIT,2107.58,20213106.48,CORP FIN OPS,HDFC0001234
UTR676534618,2026-04-23 08:15:47,CMS/RAZORPAY/pay_2083d48dce4f4e/ORD-2026-2993,CREDIT,4119.67,20217226.15,CORP FIN OPS,HDFC0001234
UTR405699476,2026-04-23 08:30:48,CMS/RAZORPAY/pay_398ab53e6c8b4e/ORD-2026-2994,CREDIT,2178.65,20219404.8,CORP FIN OPS,HDFC0001234
UTR634688227,2026-04-23 08:45:33,CMS/RAZORPAY/pay_8ea3157e93be4c/ORD-2026-2995,CREDIT,14583.12,20233987.92,CORP FIN OPS,HDFC0001234
UTR345505787,2026-04-23 09:00:53,CMS/RAZORPAY/pay_4c9e21f246b94a/ORD-2026-2996,CREDIT,5982.33,20239970.25,CORP FIN OPS,HDFC0001234
UTR760695708,2026-04-23 09:15:47,CMS/RAZORPAY/pay_9679c838d6c249/ORD-2026-2997,CREDIT,2509.35,20242479.6,CORP FIN OPS,HDFC0001234
UTR302904371,2026-04-23 09:30:20,CMS/RAZORPAY/pay_92c8b03bb98641/ORD-2026-2998,CREDIT,1107.72,20243587.32,CORP FIN OPS,HDFC0001234
UTR369296768,2026-04-23 09:45:29,CMS/RAZORPAY/pay_c9a09dd8fa7f43/ORD-2026-2999,CREDIT,3328.95,20246916.27,CORP FIN OPS,HDFC0001234
UTR413323876,2026-04-23 10:00:14,CMS/RAZORPAY/pay_dd2e11c23dfa49/ORD-2026-3000,CREDIT,3092.72,20250008.99,CORP FIN OPS,HDFC0001234
UTR571234785,2026-04-23 10:15:55,CMS/RAZORPAY/pay_dc25602f23fd4e/ORD-2026-3001,CREDIT,6725.15,20256734.14,CORP FIN OPS,HDFC0001234
UTR697916497,2026-04-23 10:30:35,CMS/RAZORPAY/pay_e28d5bb360394a/ORD-2026-3002,CREDIT,14138.82,20270872.96,CORP FIN OPS,HDFC0001234
UTR540152727,2026-04-23 10:45:39,CMS/RAZORPAY/pay_5b54f7cb3c0641/ORD-2026-3003,CREDIT,10688.65,20281561.61,CORP FIN OPS,HDFC0001234
UTR211446453,2026-04-23 11:00:24,CMS/RAZORPAY/pay_fefc93fa64f944/ORD-2026-3004,CREDIT,536.63,20282098.24,CORP FIN OPS,HDFC0001234
UTR228464715,2026-04-23 11:15:02,CMS/RAZORPAY/pay_1fd4c812c3434a/ORD-2026-3005,CREDIT,8468.08,20290566.32,CORP FIN OPS,HDFC0001234
UTR611560925,2026-04-23 11:30:18,CMS/RAZORPAY/pay_e246e0a2d66740/ORD-2026-3006,CREDIT,10194.92,20300761.24,CORP FIN OPS,HDFC0001234
UTR626737297,2026-04-23 11:45:40,CMS/RAZORPAY/pay_57bd7c458c7649/ORD-2026-3007,CREDIT,6929.77,20307691.01,CORP FIN OPS,HDFC0001234
UTR486692169,2026-04-23 12:00:18,CMS/RAZORPAY/pay_5d615b898dd741/ORD-2026-3008,CREDIT,9508.03,20317199.04,CORP FIN OPS,HDFC0001234
UTR495220843,2026-04-23 12:15:27,CMS/RAZORPAY/pay_eff50e8bd8c24e/ORD-2026-3009,CREDIT,11891.61,20329090.65,CORP FIN OPS,HDFC0001234
UTR863093090,2026-04-23 12:30:08,CMS/RAZORPAY/pay_42b72c3be1aa42/ORD-2026-3010,CREDIT,12382.66,20341473.31,CORP FIN OPS,HDFC0001234
UTR548529473,2026-04-23 12:45:46,CMS/RAZORPAY/pay_7c2f79d69eab4f/ORD-2026-3011,CREDIT,6891.94,20348365.25,CORP FIN OPS,HDFC0001234
UTR450051628,2026-04-23 13:00:08,CMS/RAZORPAY/pay_fc189bc14a1648/ORD-2026-3012,CREDIT,10728.64,20359093.89,CORP FIN OPS,HDFC0001234
UTR305047185,2026-04-23 13:15:42,CMS/RAZORPAY/pay_a5ea7083385045/ORD-2026-3013,CREDIT,11589.69,20370683.58,CORP FIN OPS,HDFC0001234
UTR920313601,2026-04-23 13:30:23,CMS/RAZORPAY/pay_6219b87d04dd4f/ORD-2026-3014,CREDIT,9605.82,20380289.4,CORP FIN OPS,HDFC0001234
UTR216662246,2026-04-23 13:45:19,CMS/RAZORPAY/pay_0977afdea29d40/ORD-2026-3015,CREDIT,13296.42,20393585.82,CORP FIN OPS,HDFC0001234
UTR462584525,2026-04-23 14:00:24,CMS/RAZORPAY/pay_0d35f241df0a40/ORD-2026-3016,CREDIT,13755.78,20407341.6,CORP FIN OPS,HDFC0001234
UTR321677524,2026-04-23 14:15:36,CMS/RAZORPAY/pay_8097f01754814d/ORD-2026-3017,CREDIT,9931.36,20417272.96,CORP FIN OPS,HDFC0001234
UTR925965196,2026-04-23 14:30:25,CMS/RAZORPAY/pay_0b02108e6f9f47/ORD-2026-3018,CREDIT,8629.91,20425902.87,CORP FIN OPS,HDFC0001234
UTR603133694,2026-04-23 14:45:08,CMS/RAZORPAY/pay_6b4427237df34a/ORD-2026-3019,CREDIT,11285.22,20437188.09,CORP FIN OPS,HDFC0001234
UTR919686587,2026-04-23 15:00:43,CMS/RAZORPAY/pay_705a47db5fbc47/ORD-2026-3020,CREDIT,1862.42,20439050.51,CORP FIN OPS,HDFC0001234
UTR156642791,2026-04-23 15:15:20,CMS/RAZORPAY/pay_50144c607b254b/ORD-2026-3021,CREDIT,13677.08,20452727.59,CORP FIN OPS,HDFC0001234
UTR328719736,2026-04-23 15:30:23,CMS/RAZORPAY/pay_1d7089502c9f47/ORD-2026-3022,CREDIT,9311.79,20462039.38,CORP FIN OPS,HDFC0001234
UTR463591283,2026-04-23 15:45:19,CMS/RAZORPAY/pay_6234a9f0c06948/ORD-2026-3023,CREDIT,1925.21,20463964.59,CORP FIN OPS,HDFC0001234
UTR227174482,2026-04-23 16:00:10,CMS/RAZORPAY/pay_30a9969c627a45/ORD-2026-3024,CREDIT,8440.13,20472404.72,CORP FIN OPS,HDFC0001234
UTR367780255,2026-04-23 16:15:42,CMS/RAZORPAY/pay_630c04d8dc404c/ORD-2026-3025,CREDIT,13873.01,20486277.73,CORP FIN OPS,HDFC0001234
UTR245598039,2026-04-23 16:30:30,CMS/RAZORPAY/pay_d43712ccd98c4c/ORD-2026-3026,CREDIT,5859.24,20492136.97,CORP FIN OPS,HDFC0001234
UTR978268954,2026-04-23 16:45:37,CMS/RAZORPAY/pay_70e0bafe2ccf4c/ORD-2026-3027,CREDIT,8585.2,20500722.17,CORP FIN OPS,HDFC0001234
UTR708578617,2026-04-23 17:00:05,CMS/RAZORPAY/pay_197ad90e62c048/ORD-2026-3028,CREDIT,13038.97,20513761.14,CORP FIN OPS,HDFC0001234
UTR422234793,2026-04-23 17:15:58,CMS/RAZORPAY/pay_e32a5ae5b82c45/ORD-2026-3029,CREDIT,2604.6,20516365.74,CORP FIN OPS,HDFC0001234
UTR863868715,2026-04-23 17:30:22,CMS/RAZORPAY/pay_fb2ccce35fc740/ORD-2026-3030,CREDIT,9022.69,20525388.43,CORP FIN OPS,HDFC0001234
UTR733854211,2026-04-23 17:45:10,CMS/RAZORPAY/pay_83ab13d3fb0246/ORD-2026-3031,CREDIT,5658.86,20531047.29,CORP FIN OPS,HDFC0001234
UTR658809180,2026-04-23 18:00:31,CMS/RAZORPAY/pay_276a604b65ff41/ORD-2026-3032,CREDIT,4998.42,20536045.71,CORP FIN OPS,HDFC0001234
UTR852172135,2026-04-23 18:15:28,CMS/RAZORPAY/pay_49aecf55f9f647/ORD-2026-3033,CREDIT,14591.55,20550637.26,CORP FIN OPS,HDFC0001234
UTR915791527,2026-04-23 18:30:42,CMS/RAZORPAY/pay_826a4f91cb834d/ORD-2026-3034,CREDIT,1624.28,20552261.54,CORP FIN OPS,HDFC0001234
UTR111465285,2026-04-23 18:45:19,CMS/RAZORPAY/pay_1b218b56e36a47/ORD-2026-3035,CREDIT,5877.67,20558139.21,CORP FIN OPS,HDFC0001234
UTR846560110,2026-04-23 19:00:24,CMS/RAZORPAY/pay_54e248e6ab6c46/ORD-2026-3036,CREDIT,5240.06,20563379.27,CORP FIN OPS,HDFC0001234
UTR467357881,2026-04-23 19:15:46,CMS/RAZORPAY/pay_3629496d94d141/ORD-2026-3037,CREDIT,4191.72,20567570.99,CORP FIN OPS,HDFC0001234
UTR189449266,2026-04-23 19:30:58,CMS/RAZORPAY/pay_d5310bfe50a243/ORD-2026-3038,CREDIT,9999.52,20577570.51,CORP FIN OPS,HDFC0001234
UTR238003554,2026-04-23 19:45:15,CMS/RAZORPAY/pay_1a6ee92c3be54d/ORD-2026-3039,CREDIT,1541.75,20579112.26,CORP FIN OPS,HDFC0001234
UTR960557964,2026-04-23 20:00:55,CMS/RAZORPAY/pay_5f3a9e468bd546/ORD-2026-3040,CREDIT,1555.86,20580668.12,CORP FIN OPS,HDFC0001234
UTR762993351,2026-04-23 20:15:09,CMS/RAZORPAY/pay_23b2ddf0cf5f47/ORD-2026-3041,CREDIT,8738.73,20589406.85,CORP FIN OPS,HDFC0001234
UTR213637038,2026-04-23 20:30:03,CMS/RAZORPAY/pay_1d62da2d1fd44a/ORD-2026-3042,CREDIT,10457.38,20599864.23,CORP FIN OPS,HDFC0001234
UTR871219787,2026-04-23 20:45:00,CMS/RAZORPAY/pay_593974b171de47/ORD-2026-3043,CREDIT,6618.1,20606482.33,CORP FIN OPS,HDFC0001234
UTR185267939,2026-04-23 21:00:20,CMS/RAZORPAY/pay_7d933ad0180343/ORD-2026-3044,CREDIT,9343.22,20615825.55,CORP FIN OPS,HDFC0001234
UTR631824733,2026-04-23 21:15:18,CMS/RAZORPAY/pay_855103e91daf49/ORD-2026-3045,CREDIT,10845.55,20626671.1,CORP FIN OPS,HDFC0001234
UTR106778955,2026-04-23 21:30:11,CMS/RAZORPAY/pay_2a051e220e3e41/ORD-2026-3046,CREDIT,14280.59,20640951.69,CORP FIN OPS,HDFC0001234
UTR303308276,2026-04-23 21:45:44,CMS/RAZORPAY/pay_674bf242e83445/ORD-2026-3047,CREDIT,11271.72,20652223.41,CORP FIN OPS,HDFC0001234
UTR344507704,2026-04-23 22:00:40,CMS/RAZORPAY/pay_836b22e0efd04b/ORD-2026-3048,CREDIT,12324.7,20664548.11,CORP FIN OPS,HDFC0001234
UTR787833622,2026-04-23 22:15:27,CMS/RAZORPAY/pay_0a09a2043d3942/ORD-2026-3049,CREDIT,4041.09,20668589.2,CORP FIN OPS,HDFC0001234
UTR107498009,2026-04-23 22:30:48,CMS/RAZORPAY/pay_f532fa03667e4a/ORD-2026-3050,CREDIT,2771.34,20671360.54,CORP FIN OPS,HDFC0001234
UTR886960612,2026-04-23 22:45:39,CMS/RAZORPAY/pay_5cade4a1f3d24d/ORD-2026-3051,CREDIT,11186.54,20682547.08,CORP FIN OPS,HDFC0001234
UTR868916948,2026-04-23 23:00:00,CMS/RAZORPAY/pay_febda8de630a4b/ORD-2026-3052,CREDIT,14322.74,20696869.82,CORP FIN OPS,HDFC0001234
UTR488135963,2026-04-23 23:15:36,CMS/RAZORPAY/pay_67d65310a78c4d/ORD-2026-3053,CREDIT,4203.73,20701073.55,CORP FIN OPS,HDFC0001234
UTR970767436,2026-04-23 23:30:23,CMS/RAZORPAY/pay_fc55ae774ddb4a/ORD-2026-3054,CREDIT,7562.79,20708636.34,CORP FIN OPS,HDFC0001234
UTR899904758,2026-04-23 23:45:37,CMS/RAZORPAY/pay_bc534e6729454a/ORD-2026-3055,CREDIT,2902.86,20711539.2,CORP FIN OPS,HDFC0001234
UTR595682408,2026-04-24 00:00:29,CMS/RAZORPAY/pay_569dc52bde0c44/ORD-2026-3056,CREDIT,12786.82,20724326.02,CORP FIN OPS,HDFC0001234
UTR892270274,2026-04-24 00:15:26,CMS/RAZORPAY/pay_59c4d00c2c9948/ORD-2026-3057,CREDIT,13932.93,20738258.95,CORP FIN OPS,HDFC0001234
UTR778812108,2026-04-24 00:30:23,CMS/RAZORPAY/pay_29ffe0addf7048/ORD-2026-3058,CREDIT,685.7,20738944.65,CORP FIN OPS,HDFC0001234
UTR297471450,2026-04-24 00:45:01,CMS/RAZORPAY/pay_ad221f7173884c/ORD-2026-3059,CREDIT,6028.04,20744972.69,CORP FIN OPS,HDFC0001234
UTR123279441,2026-04-24 01:00:25,CMS/RAZORPAY/pay_01e90ee119c24f/ORD-2026-3060,CREDIT,2729.62,20747702.31,CORP FIN OPS,HDFC0001234
UTR751573378,2026-04-24 01:15:27,CMS/RAZORPAY/pay_29def7e56f5c40/ORD-2026-3061,CREDIT,6648.37,20754350.68,CORP FIN OPS,HDFC0001234
UTR213828988,2026-04-24 01:30:20,CMS/RAZORPAY/pay_8bd2510c484944/ORD-2026-3062,CREDIT,10483.94,20764834.62,CORP FIN OPS,HDFC0001234
UTR630677125,2026-04-24 01:45:31,CMS/RAZORPAY/pay_8c6833d54be449/ORD-2026-3063,CREDIT,671.79,20765506.41,CORP FIN OPS,HDFC0001234
UTR776950239,2026-04-24 02:00:39,CMS/RAZORPAY/pay_81d726bf366648/ORD-2026-3064,CREDIT,6561.86,20772068.27,CORP FIN OPS,HDFC0001234
UTR402684735,2026-04-24 02:15:23,CMS/RAZORPAY/pay_a18708ca9b6941/ORD-2026-3065,CREDIT,11915.3,20783983.57,CORP FIN OPS,HDFC0001234
UTR608441503,2026-04-24 02:30:01,CMS/RAZORPAY/pay_16132d3427954b/ORD-2026-3066,CREDIT,6817.84,20790801.41,CORP FIN OPS,HDFC0001234
UTR450255245,2026-04-24 02:45:40,CMS/RAZORPAY/pay_2ec23f10a2ae43/ORD-2026-3067,CREDIT,13453.04,20804254.45,CORP FIN OPS,HDFC0001234
UTR719785036,2026-04-24 03:00:12,CMS/RAZORPAY/pay_a35aaebd2f824b/ORD-2026-3068,CREDIT,13256.49,20817510.94,CORP FIN OPS,HDFC0001234
UTR345808173,2026-04-24 03:15:31,CMS/RAZORPAY/pay_7629fa6665f448/ORD-2026-3069,CREDIT,8463.26,20825974.2,CORP FIN OPS,HDFC0001234
UTR202631097,2026-04-24 03:30:48,CMS/RAZORPAY/pay_6df5cb7f8e9d46/ORD-2026-3070,CREDIT,2588.59,20828562.79,CORP FIN OPS,HDFC0001234
UTR596808815,2026-04-24 03:45:28,CMS/RAZORPAY/pay_aec3780c6dfa45/ORD-2026-3071,CREDIT,6003.74,20834566.53,CORP FIN OPS,HDFC0001234
UTR490608439,2026-04-24 04:00:30,CMS/RAZORPAY/pay_b6f61d7608ae44/ORD-2026-3072,CREDIT,3979.31,20838545.84,CORP FIN OPS,HDFC0001234
UTR766420568,2026-04-24 04:15:35,CMS/RAZORPAY/pay_6d57be184ada44/ORD-2026-3073,CREDIT,2556.94,20841102.78,CORP FIN OPS,HDFC0001234
UTR437335622,2026-04-24 04:30:12,CMS/RAZORPAY/pay_babdd06f4fb845/ORD-2026-3074,CREDIT,14047.49,20855150.27,CORP FIN OPS,HDFC0001234
UTR889731609,2026-04-24 04:45:51,CMS/RAZORPAY/pay_18207ec29ef442/ORD-2026-3075,CREDIT,7625.55,20862775.82,CORP FIN OPS,HDFC0001234
UTR978950598,2026-04-24 05:00:19,CMS/RAZORPAY/pay_79aaaa06f0ff4c/ORD-2026-3076,CREDIT,4183.21,20866959.03,CORP FIN OPS,HDFC0001234
UTR799687716,2026-04-24 05:15:05,CMS/RAZORPAY/pay_ac277364979a4e/ORD-2026-3077,CREDIT,5707.22,20872666.25,CORP FIN OPS,HDFC0001234
UTR696210575,2026-04-24 05:30:28,CMS/RAZORPAY/pay_cd7d73c66e3347/ORD-2026-3078,CREDIT,11226.35,20883892.6,CORP FIN OPS,HDFC0001234
UTR312365395,2026-04-24 05:45:18,CMS/RAZORPAY/pay_4abd911f7ec144/ORD-2026-3079,CREDIT,2794.53,20886687.13,CORP FIN OPS,HDFC0001234
UTR450617550,2026-04-24 06:00:23,CMS/RAZORPAY/pay_5c75fd4dc42e49/ORD-2026-3080,CREDIT,2495.11,20889182.24,CORP FIN OPS,HDFC0001234
UTR566282719,2026-04-24 06:15:11,CMS/RAZORPAY/pay_f6d62fb1bf1b43/ORD-2026-3081,CREDIT,5112.28,20894294.52,CORP FIN OPS,HDFC0001234
UTR707326507,2026-04-24 06:30:56,CMS/RAZORPAY/pay_088268688c484c/ORD-2026-3082,CREDIT,7732.86,20902027.38,CORP FIN OPS,HDFC0001234
UTR172901335,2026-04-24 06:45:06,CMS/RAZORPAY/pay_a26f3eda928346/ORD-2026-3083,CREDIT,7889.62,20909917.0,CORP FIN OPS,HDFC0001234
UTR483412842,2026-04-24 07:00:26,CMS/RAZORPAY/pay_78e829d16f9148/ORD-2026-3084,CREDIT,5352.43,20915269.43,CORP FIN OPS,HDFC0001234
UTR166733536,2026-04-24 07:15:41,CMS/RAZORPAY/pay_dc1d5a5b939643/ORD-2026-3085,CREDIT,11669.03,20926938.46,CORP FIN OPS,HDFC0001234
UTR581571218,2026-04-24 07:30:48,CMS/RAZORPAY/pay_bca530bb8aef43/ORD-2026-3086,CREDIT,13391.96,20940330.42,CORP FIN OPS,HDFC0001234
UTR792304249,2026-04-24 07:45:03,CMS/RAZORPAY/pay_b714d320fd0f45/ORD-2026-3087,CREDIT,9590.29,20949920.71,CORP FIN OPS,HDFC0001234
UTR335150429,2026-04-24 08:00:55,CMS/RAZORPAY/pay_ddbd04dd87cf4c/ORD-2026-3088,CREDIT,2437.34,20952358.05,CORP FIN OPS,HDFC0001234
UTR781107293,2026-04-24 08:15:01,CMS/RAZORPAY/pay_0070dd22ae074d/ORD-2026-3089,CREDIT,7712.18,20960070.23,CORP FIN OPS,HDFC0001234
UTR867448567,2026-04-24 08:30:35,CMS/RAZORPAY/pay_99fd22b1247040/ORD-2026-3090,CREDIT,1450.38,20961520.61,CORP FIN OPS,HDFC0001234
UTR346430177,2026-04-24 08:45:00,CMS/RAZORPAY/pay_09b0c04f41fd43/ORD-2026-3091,CREDIT,5434.67,20966955.28,CORP FIN OPS,HDFC0001234
UTR990171357,2026-04-24 09:00:13,CMS/RAZORPAY/pay_db60a189c93b41/ORD-2026-3092,CREDIT,2643.81,20969599.09,CORP FIN OPS,HDFC0001234
UTR402169366,2026-04-24 09:15:23,CMS/RAZORPAY/pay_083f6152969347/ORD-2026-3093,CREDIT,7721.12,20977320.21,CORP FIN OPS,HDFC0001234
UTR375176652,2026-04-24 09:30:20,CMS/RAZORPAY/pay_efd488cbe57044/ORD-2026-3094,CREDIT,13200.89,20990521.1,CORP FIN OPS,HDFC0001234
UTR584955248,2026-04-24 09:45:28,CMS/RAZORPAY/pay_63bce2e021814e/ORD-2026-3095,CREDIT,9030.55,20999551.65,CORP FIN OPS,HDFC0001234
UTR221003717,2026-04-24 10:00:24,CMS/RAZORPAY/pay_a08755238f6543/ORD-2026-3096,CREDIT,11880.08,21011431.73,CORP FIN OPS,HDFC0001234
UTR889954575,2026-04-24 10:15:43,CMS/RAZORPAY/pay_df41712a3a3e4e/ORD-2026-3097,CREDIT,3522.82,21014954.55,CORP FIN OPS,HDFC0001234
UTR795602258,2026-04-24 10:30:56,CMS/RAZORPAY/pay_f8a0ea51da4145/ORD-2026-3098,CREDIT,13009.09,21027963.64,CORP FIN OPS,HDFC0001234
UTR432754275,2026-04-24 10:45:13,CMS/RAZORPAY/pay_59615fd7ff1849/ORD-2026-3099,CREDIT,12233.33,21040196.97,CORP FIN OPS,HDFC0001234
UTR873031951,2026-04-24 11:00:46,CMS/RAZORPAY/pay_c9c3eb8687f545/ORD-2026-3100,CREDIT,5122.88,21045319.85,CORP FIN OPS,HDFC0001234
UTR627939807,2026-04-24 11:15:35,CMS/RAZORPAY/pay_2d609c6d26ba46/ORD-2026-3101,CREDIT,8936.74,21054256.59,CORP FIN OPS,HDFC0001234
UTR100290700,2026-04-24 11:30:39,CMS/RAZORPAY/pay_73098fd3053e4c/ORD-2026-3102,CREDIT,1196.49,21055453.08,CORP FIN OPS,HDFC0001234
UTR509547590,2026-04-24 11:45:03,CMS/RAZORPAY/pay_7aef8c21d70c42/ORD-2026-3103,CREDIT,5698.98,21061152.06,CORP FIN OPS,HDFC0001234
UTR500313464,2026-04-24 12:00:17,CMS/RAZORPAY/pay_93df5ef90bc042/ORD-2026-3104,CREDIT,6398.9,21067550.96,CORP FIN OPS,HDFC0001234
UTR228931181,2026-04-24 12:15:16,CMS/RAZORPAY/pay_43025144ba4d4d/ORD-2026-3105,CREDIT,6957.29,21074508.25,CORP FIN OPS,HDFC0001234
UTR832107902,2026-04-24 12:30:56,CMS/RAZORPAY/pay_d04717da675f45/ORD-2026-3106,CREDIT,13669.72,21088177.97,CORP FIN OPS,HDFC0001234
UTR192444088,2026-04-24 12:45:55,CMS/RAZORPAY/pay_153c99b41e7a40/ORD-2026-3107,CREDIT,13038.24,21101216.21,CORP FIN OPS,HDFC0001234
UTR704764304,2026-04-24 13:00:04,CMS/RAZORPAY/pay_f610198d134f4d/ORD-2026-3108,CREDIT,10843.69,21112059.9,CORP FIN OPS,HDFC0001234
UTR828017647,2026-04-24 13:15:01,CMS/RAZORPAY/pay_6b05122d77524b/ORD-2026-3109,CREDIT,1014.32,21113074.22,CORP FIN OPS,HDFC0001234
UTR114247551,2026-04-24 13:30:42,CMS/RAZORPAY/pay_17154ca88df54e/ORD-2026-3110,CREDIT,1380.29,21114454.51,CORP FIN OPS,HDFC0001234
UTR614506141,2026-04-24 13:45:01,CMS/RAZORPAY/pay_2a4f88b21ded42/ORD-2026-3111,CREDIT,9991.52,21124446.03,CORP FIN OPS,HDFC0001234
UTR970110910,2026-04-24 14:00:41,CMS/RAZORPAY/pay_622567ac9b8e40/ORD-2026-3112,CREDIT,1112.89,21125558.92,CORP FIN OPS,HDFC0001234
UTR348593653,2026-04-24 14:15:18,CMS/RAZORPAY/pay_5b7d382530654d/ORD-2026-3113,CREDIT,5642.13,21131201.05,CORP FIN OPS,HDFC0001234
UTR500792887,2026-04-24 14:30:35,CMS/RAZORPAY/pay_6f77b8c5ecd041/ORD-2026-3114,CREDIT,8144.27,21139345.32,CORP FIN OPS,HDFC0001234
UTR537014695,2026-04-24 14:45:25,CMS/RAZORPAY/pay_e4cd1b95c36040/ORD-2026-3115,CREDIT,5756.46,21145101.78,CORP FIN OPS,HDFC0001234
UTR822260967,2026-04-24 15:00:43,CMS/RAZORPAY/pay_e33fb16152d84c/ORD-2026-3116,CREDIT,8165.52,21153267.3,CORP FIN OPS,HDFC0001234
UTR371871756,2026-04-24 15:15:59,CMS/RAZORPAY/pay_9fa17fa16b0641/ORD-2026-3117,CREDIT,5566.17,21158833.47,CORP FIN OPS,HDFC0001234
UTR830507008,2026-04-24 15:30:21,CMS/RAZORPAY/pay_8a96e642578d4b/ORD-2026-3118,CREDIT,7657.05,21166490.52,CORP FIN OPS,HDFC0001234
UTR779353705,2026-04-24 15:45:08,CMS/RAZORPAY/pay_7174b973dcca48/ORD-2026-3119,CREDIT,14323.65,21180814.17,CORP FIN OPS,HDFC0001234
UTR984165585,2026-04-24 16:00:56,CMS/RAZORPAY/pay_16956611cdaf41/ORD-2026-3120,CREDIT,2072.17,21182886.34,CORP FIN OPS,HDFC0001234
UTR211470844,2026-04-24 16:15:16,CMS/RAZORPAY/pay_2b847c755e9a4e/ORD-2026-3121,CREDIT,13718.74,21196605.08,CORP FIN OPS,HDFC0001234
UTR862091444,2026-04-24 16:30:07,CMS/RAZORPAY/pay_e6d0842934a44d/ORD-2026-3122,CREDIT,5096.39,21201701.47,CORP FIN OPS,HDFC0001234
UTR979782070,2026-04-24 16:45:14,CMS/RAZORPAY/pay_db5399f5c14040/ORD-2026-3123,CREDIT,8657.52,21210358.99,CORP FIN OPS,HDFC0001234
UTR214274720,2026-04-24 17:00:41,CMS/RAZORPAY/pay_67ae2e0a2b6f49/ORD-2026-3124,CREDIT,6910.94,21217269.93,CORP FIN OPS,HDFC0001234
UTR952115057,2026-04-24 17:15:31,CMS/RAZORPAY/pay_11267c0312a540/ORD-2026-3125,CREDIT,2531.97,21219801.9,CORP FIN OPS,HDFC0001234
UTR536067895,2026-04-24 17:30:34,CMS/RAZORPAY/pay_954ef34049624d/ORD-2026-3126,CREDIT,9524.39,21229326.29,CORP FIN OPS,HDFC0001234
UTR417595733,2026-04-24 17:45:13,CMS/RAZORPAY/pay_8a1b411a769947/ORD-2026-3127,CREDIT,3117.5,21232443.79,CORP FIN OPS,HDFC0001234
UTR227724737,2026-04-24 18:00:22,CMS/RAZORPAY/pay_0f79657de3ca41/ORD-2026-3128,CREDIT,9854.79,21242298.58,CORP FIN OPS,HDFC0001234
UTR468475537,2026-04-24 18:15:23,CMS/RAZORPAY/pay_2b26867588944d/ORD-2026-3129,CREDIT,3439.37,21245737.95,CORP FIN OPS,HDFC0001234
UTR613720486,2026-04-24 18:30:43,CMS/RAZORPAY/pay_f2cb5140b6664f/ORD-2026-3130,CREDIT,7444.4,21253182.35,CORP FIN OPS,HDFC0001234
UTR133329291,2026-04-24 18:45:30,CMS/RAZORPAY/pay_6491a6aa7ca440/ORD-2026-3131,CREDIT,12680.55,21265862.9,CORP FIN OPS,HDFC0001234
UTR553872456,2026-04-24 19:00:31,CMS/RAZORPAY/pay_ba79b978aa0145/ORD-2026-3132,CREDIT,14570.09,21280432.99,CORP FIN OPS,HDFC0001234
UTR193231525,2026-04-24 19:15:16,CMS/RAZORPAY/pay_6555228ec8b04c/ORD-2026-3133,CREDIT,8186.3,21288619.29,CORP FIN OPS,HDFC0001234
UTR868378762,2026-04-24 19:30:29,CMS/RAZORPAY/pay_2303cfd43b2a4c/ORD-2026-3134,CREDIT,5866.05,21294485.34,CORP FIN OPS,HDFC0001234
UTR603885031,2026-04-24 19:45:20,CMS/RAZORPAY/pay_5455631f33cd47/ORD-2026-3135,CREDIT,4874.48,21299359.82,CORP FIN OPS,HDFC0001234
UTR201955830,2026-04-24 20:00:43,CMS/RAZORPAY/pay_865ff23fc41842/ORD-2026-3136,CREDIT,2305.84,21301665.66,CORP FIN OPS,HDFC0001234
UTR639096367,2026-04-24 20:15:17,CMS/RAZORPAY/pay_cf7d5a16357a44/ORD-2026-3137,CREDIT,10358.04,21312023.7,CORP FIN OPS,HDFC0001234
UTR152307202,2026-04-24 20:30:07,CMS/RAZORPAY/pay_5203bfb4ffbb47/ORD-2026-3138,CREDIT,10373.41,21322397.11,CORP FIN OPS,HDFC0001234
UTR274747388,2026-04-24 20:45:18,CMS/RAZORPAY/pay_a551cd20bfbc43/ORD-2026-3139,CREDIT,8998.74,21331395.85,CORP FIN OPS,HDFC0001234
UTR999123955,2026-04-24 21:00:12,CMS/RAZORPAY/pay_5229001cf13543/ORD-2026-3140,CREDIT,7314.33,21338710.18,CORP FIN OPS,HDFC0001234
UTR899433831,2026-04-24 21:15:02,CMS/RAZORPAY/pay_3350c72e29f946/ORD-2026-3141,CREDIT,4767.77,21343477.95,CORP FIN OPS,HDFC0001234
UTR629731650,2026-04-24 21:30:28,CMS/RAZORPAY/pay_a76f62b58c4043/ORD-2026-3142,CREDIT,11933.63,21355411.58,CORP FIN OPS,HDFC0001234
UTR241732851,2026-04-24 21:45:28,CMS/RAZORPAY/pay_2a88227d6c6142/ORD-2026-3143,CREDIT,7512.53,21362924.11,CORP FIN OPS,HDFC0001234
UTR844975061,2026-04-24 22:00:34,CMS/RAZORPAY/pay_726c7a2c3dff4a/ORD-2026-3144,CREDIT,1993.57,21364917.68,CORP FIN OPS,HDFC0001234
UTR698376516,2026-04-24 22:15:04,CMS/RAZORPAY/pay_7e943a32d3144f/ORD-2026-3145,CREDIT,1410.94,21366328.62,CORP FIN OPS,HDFC0001234
UTR530921552,2026-04-24 22:30:07,CMS/RAZORPAY/pay_d6fae235fe0340/ORD-2026-3146,CREDIT,829.53,21367158.15,CORP FIN OPS,HDFC0001234
UTR311008573,2026-04-24 22:45:42,CMS/RAZORPAY/pay_29a0491f106643/ORD-2026-3147,CREDIT,14596.74,21381754.89,CORP FIN OPS,HDFC0001234
UTR171746227,2026-04-24 23:00:26,CMS/RAZORPAY/pay_9f173476ff8b4a/ORD-2026-3148,CREDIT,2128.37,21383883.26,CORP FIN OPS,HDFC0001234
UTR422490952,2026-04-24 23:15:44,CMS/RAZORPAY/pay_6be9521090fa4d/ORD-2026-3149,CREDIT,6019.78,21389903.04,CORP FIN OPS,HDFC0001234
UTR113062527,2026-04-24 23:30:33,CMS/RAZORPAY/pay_bad7f43fb4bd44/ORD-2026-3150,CREDIT,9916.04,21399819.08,CORP FIN OPS,HDFC0001234
UTR971300408,2026-04-24 23:45:58,CMS/RAZORPAY/pay_b08cb4fc0d734f/ORD-2026-3151,CREDIT,3938.11,21403757.19,CORP FIN OPS,HDFC0001234
UTR609769187,2026-04-25 00:00:30,CMS/RAZORPAY/pay_71f353d9d5c341/ORD-2026-3152,CREDIT,3519.7,21407276.89,CORP FIN OPS,HDFC0001234
UTR773268117,2026-04-25 00:15:09,CMS/RAZORPAY/pay_e2d15144856c47/ORD-2026-3153,CREDIT,9932.62,21417209.51,CORP FIN OPS,HDFC0001234
UTR651242503,2026-04-25 00:30:36,CMS/RAZORPAY/pay_dacb22dfdcb34c/ORD-2026-3154,CREDIT,2820.45,21420029.96,CORP FIN OPS,HDFC0001234
UTR341959177,2026-04-25 00:45:03,CMS/RAZORPAY/pay_0fae7d9476fe44/ORD-2026-3155,CREDIT,11140.12,21431170.08,CORP FIN OPS,HDFC0001234
UTR129705325,2026-04-25 01:00:46,CMS/RAZORPAY/pay_84d4176666c94a/ORD-2026-3156,CREDIT,13665.99,21444836.07,CORP FIN OPS,HDFC0001234
UTR341292392,2026-04-25 01:15:39,CMS/RAZORPAY/pay_9f2c5b287e0446/ORD-2026-3157,CREDIT,13929.44,21458765.51,CORP FIN OPS,HDFC0001234
UTR911136966,2026-04-25 01:30:38,CMS/RAZORPAY/pay_02c4ce9cdd7f4f/ORD-2026-3158,CREDIT,7868.08,21466633.59,CORP FIN OPS,HDFC0001234
UTR133193666,2026-04-25 01:45:04,CMS/RAZORPAY/pay_cf42d7759a1d45/ORD-2026-3159,CREDIT,8440.45,21475074.04,CORP FIN OPS,HDFC0001234
UTR397844637,2026-04-25 02:00:17,CMS/RAZORPAY/pay_148e9f022a7a44/ORD-2026-3160,CREDIT,7064.59,21482138.63,CORP FIN OPS,HDFC0001234
UTR430864804,2026-04-25 02:15:32,CMS/RAZORPAY/pay_608823edccea42/ORD-2026-3161,CREDIT,7394.2,21489532.83,CORP FIN OPS,HDFC0001234
UTR842410947,2026-04-25 02:30:21,CMS/RAZORPAY/pay_6c769329251646/ORD-2026-3162,CREDIT,8030.62,21497563.45,CORP FIN OPS,HDFC0001234
UTR391253759,2026-04-25 02:45:32,CMS/RAZORPAY/pay_6032bfe5451c44/ORD-2026-3163,CREDIT,3713.95,21501277.4,CORP FIN OPS,HDFC0001234
UTR474213212,2026-04-25 03:00:52,CMS/RAZORPAY/pay_47474ec067404f/ORD-2026-3164,CREDIT,5231.04,21506508.44,CORP FIN OPS,HDFC0001234
UTR555103445,2026-04-25 03:15:56,CMS/RAZORPAY/pay_3c43d1dc543443/ORD-2026-3165,CREDIT,11628.87,21518137.31,CORP FIN OPS,HDFC0001234
UTR488143641,2026-04-25 03:30:51,CMS/RAZORPAY/pay_79694d16ac9d48/ORD-2026-3166,CREDIT,7038.88,21525176.19,CORP FIN OPS,HDFC0001234
UTR876038893,2026-04-25 03:45:15,CMS/RAZORPAY/pay_6127812a454449/ORD-2026-3167,CREDIT,3400.94,21528577.13,CORP FIN OPS,HDFC0001234
UTR502651705,2026-04-25 04:00:30,CMS/RAZORPAY/pay_e1e0a3f925a340/ORD-2026-3168,CREDIT,10639.93,21539217.06,CORP FIN OPS,HDFC0001234
UTR373509648,2026-04-25 04:15:16,CMS/RAZORPAY/pay_1abebb0273304d/ORD-2026-3169,CREDIT,2249.85,21541466.91,CORP FIN OPS,HDFC0001234
UTR302859986,2026-04-25 04:30:29,CMS/RAZORPAY/pay_d6fce6d8e82c4b/ORD-2026-3170,CREDIT,13722.22,21555189.13,CORP FIN OPS,HDFC0001234
UTR313878650,2026-04-25 04:45:27,CMS/RAZORPAY/pay_00b45283d9a841/ORD-2026-3171,CREDIT,9380.89,21564570.02,CORP FIN OPS,HDFC0001234
UTR569410109,2026-04-25 05:00:20,CMS/RAZORPAY/pay_bc3a96147dd440/ORD-2026-3172,CREDIT,2179.27,21566749.29,CORP FIN OPS,HDFC0001234
UTR960389089,2026-04-25 05:15:02,CMS/RAZORPAY/pay_a704812d3b814d/ORD-2026-3173,CREDIT,12482.33,21579231.62,CORP FIN OPS,HDFC0001234
UTR388207655,2026-04-25 05:30:59,CMS/RAZORPAY/pay_6fd3e1ce89034c/ORD-2026-3174,CREDIT,11007.77,21590239.39,CORP FIN OPS,HDFC0001234
UTR808988450,2026-04-25 05:45:00,CMS/RAZORPAY/pay_aed7b3fde00d4f/ORD-2026-3175,CREDIT,2065.82,21592305.21,CORP FIN OPS,HDFC0001234
UTR347484964,2026-04-25 06:00:38,CMS/RAZORPAY/pay_b6fb6556058641/ORD-2026-3176,CREDIT,8566.88,21600872.09,CORP FIN OPS,HDFC0001234
UTR353792122,2026-04-25 06:15:35,CMS/RAZORPAY/pay_219e0887d21d44/ORD-2026-3177,CREDIT,8758.06,21609630.15,CORP FIN OPS,HDFC0001234
UTR318121210,2026-04-25 06:30:10,CMS/RAZORPAY/pay_3e1bb26d37d84b/ORD-2026-3178,CREDIT,1779.08,21611409.23,CORP FIN OPS,HDFC0001234
UTR364347668,2026-04-25 06:45:14,CMS/RAZORPAY/pay_f42f491c3c284f/ORD-2026-3179,CREDIT,3914.74,21615323.97,CORP FIN OPS,HDFC0001234
UTR103402003,2026-04-25 07:00:19,CMS/RAZORPAY/pay_140b72a5eaa143/ORD-2026-3180,CREDIT,6649.57,21621973.54,CORP FIN OPS,HDFC0001234
UTR207767824,2026-04-25 07:15:26,CMS/RAZORPAY/pay_07548afa82e945/ORD-2026-3181,CREDIT,10574.57,21632548.11,CORP FIN OPS,HDFC0001234
UTR512827443,2026-04-25 07:30:01,CMS/RAZORPAY/pay_96235f28175a43/ORD-2026-3182,CREDIT,8151.32,21640699.43,CORP FIN OPS,HDFC0001234
UTR947813397,2026-04-25 07:45:01,CMS/RAZORPAY/pay_95dcbd856c7e4c/ORD-2026-3183,CREDIT,7553.4,21648252.83,CORP FIN OPS,HDFC0001234
UTR500463881,2026-04-25 08:00:04,CMS/RAZORPAY/pay_abdc972a0afb4d/ORD-2026-3184,CREDIT,8996.38,21657249.21,CORP FIN OPS,HDFC0001234
UTR322405123,2026-04-25 08:15:22,CMS/RAZORPAY/pay_9abe55c8d1a542/ORD-2026-3185,CREDIT,6223.55,21663472.76,CORP FIN OPS,HDFC0001234
UTR347922133,2026-04-25 08:30:38,CMS/RAZORPAY/pay_d871ed969fb347/ORD-2026-3186,CREDIT,12914.93,21676387.69,CORP FIN OPS,HDFC0001234
UTR849021805,2026-04-25 08:45:28,CMS/RAZORPAY/pay_4ba3928801d14e/ORD-2026-3187,CREDIT,10583.7,21686971.39,CORP FIN OPS,HDFC0001234
UTR486032279,2026-04-25 09:00:01,CMS/RAZORPAY/pay_cd5cacd3165945/ORD-2026-3188,CREDIT,7439.07,21694410.46,CORP FIN OPS,HDFC0001234
UTR373724419,2026-04-25 09:15:17,CMS/RAZORPAY/pay_a16449dde5f049/ORD-2026-3189,CREDIT,5678.37,21700088.83,CORP FIN OPS,HDFC0001234
UTR335296316,2026-04-25 09:30:24,CMS/RAZORPAY/pay_0b534b04fb6345/ORD-2026-3190,CREDIT,5649.73,21705738.56,CORP FIN OPS,HDFC0001234
UTR270460457,2026-04-25 09:45:39,CMS/RAZORPAY/pay_2e8a29d3068549/ORD-2026-3191,CREDIT,10332.3,21716070.86,CORP FIN OPS,HDFC0001234
UTR373960211,2026-04-25 10:00:09,CMS/RAZORPAY/pay_0db8bfb4d22d42/ORD-2026-3192,CREDIT,4638.61,21720709.47,CORP FIN OPS,HDFC0001234
UTR539659024,2026-04-25 10:15:33,CMS/RAZORPAY/pay_ee626420e43a4c/ORD-2026-3193,CREDIT,1433.63,21722143.1,CORP FIN OPS,HDFC0001234
UTR802894922,2026-04-25 10:30:35,CMS/RAZORPAY/pay_ae11b779a50d4b/ORD-2026-3194,CREDIT,7145.88,21729288.98,CORP FIN OPS,HDFC0001234
UTR967292114,2026-04-25 10:45:45,CMS/RAZORPAY/pay_f0679cfee50549/ORD-2026-3195,CREDIT,1579.03,21730868.01,CORP FIN OPS,HDFC0001234
UTR233291386,2026-04-25 11:00:35,CMS/RAZORPAY/pay_3c2e2e40698f42/ORD-2026-3196,CREDIT,11260.3,21742128.31,CORP FIN OPS,HDFC0001234
UTR300582179,2026-04-25 11:15:20,CMS/RAZORPAY/pay_347b9762a9a842/ORD-2026-3197,CREDIT,12598.89,21754727.2,CORP FIN OPS,HDFC0001234
UTR161042301,2026-04-25 11:30:08,CMS/RAZORPAY/pay_301ab81429e34b/ORD-2026-3198,CREDIT,2852.57,21757579.77,CORP FIN OPS,HDFC0001234
UTR753875594,2026-04-25 11:45:50,CMS/RAZORPAY/pay_41a3479bcc0d48/ORD-2026-3199,CREDIT,4442.15,21762021.92,CORP FIN OPS,HDFC0001234
UTR217978650,2026-04-25 12:00:40,CMS/RAZORPAY/pay_25d74c6857a845/ORD-2026-3200,CREDIT,9067.99,21771089.91,CORP FIN OPS,HDFC0001234
UTR408381330,2026-04-25 12:15:33,CMS/RAZORPAY/pay_9581b96dd8bb4f/ORD-2026-3201,CREDIT,11797.99,21782887.9,CORP FIN OPS,HDFC0001234
UTR533682671,2026-04-25 12:30:41,CMS/RAZORPAY/pay_07f245b5c95447/ORD-2026-3202,CREDIT,13843.05,21796730.95,CORP FIN OPS,HDFC0001234
UTR999395933,2026-04-25 12:45:48,CMS/RAZORPAY/pay_c8dc26f0d1f547/ORD-2026-3203,CREDIT,4047.9,21800778.85,CORP FIN OPS,HDFC0001234
UTR636577456,2026-04-25 13:00:13,CMS/RAZORPAY/pay_f4ec52009c384a/ORD-2026-3204,CREDIT,1527.63,21802306.48,CORP FIN OPS,HDFC0001234
UTR542825092,2026-04-25 13:15:24,CMS/RAZORPAY/pay_d84e17586a6446/ORD-2026-3205,CREDIT,4728.72,21807035.2,CORP FIN OPS,HDFC0001234
UTR905640705,2026-04-25 13:30:13,CMS/RAZORPAY/pay_69d94db0ec6c4c/ORD-2026-3206,CREDIT,6654.44,21813689.64,CORP FIN OPS,HDFC0001234
UTR904474557,2026-04-25 13:45:50,CMS/RAZORPAY/pay_bc2a6db4849144/ORD-2026-3207,CREDIT,4763.47,21818453.11,CORP FIN OPS,HDFC0001234
UTR343816148,2026-04-25 14:00:16,CMS/RAZORPAY/pay_436de8424c8e40/ORD-2026-3208,CREDIT,7379.88,21825832.99,CORP FIN OPS,HDFC0001234
UTR319786814,2026-04-25 14:15:08,CMS/RAZORPAY/pay_17a886e8b6b545/ORD-2026-3209,CREDIT,6375.02,21832208.01,CORP FIN OPS,HDFC0001234
UTR208753775,2026-04-25 14:30:03,CMS/RAZORPAY/pay_c77fa4e994be41/ORD-2026-3210,CREDIT,5451.29,21837659.3,CORP FIN OPS,HDFC0001234
UTR415627526,2026-04-25 14:45:35,CMS/RAZORPAY/pay_71df7915469445/ORD-2026-3211,CREDIT,7243.01,21844902.31,CORP FIN OPS,HDFC0001234
UTR307746818,2026-04-25 15:00:10,CMS/RAZORPAY/pay_a01958c2e74144/ORD-2026-3212,CREDIT,644.72,21845547.03,CORP FIN OPS,HDFC0001234
UTR703002791,2026-04-25 15:15:01,CMS/RAZORPAY/pay_008b0a8cb2a341/ORD-2026-3213,CREDIT,7701.69,21853248.72,CORP FIN OPS,HDFC0001234
UTR533160398,2026-04-25 15:30:29,CMS/RAZORPAY/pay_f504606f98d342/ORD-2026-3214,CREDIT,5399.9,21858648.62,CORP FIN OPS,HDFC0001234
UTR960307675,2026-04-25 15:45:56,CMS/RAZORPAY/pay_a64b166ec4694e/ORD-2026-3215,CREDIT,6694.94,21865343.56,CORP FIN OPS,HDFC0001234
UTR138822127,2026-04-25 16:00:09,CMS/RAZORPAY/pay_aa7261e8e56147/ORD-2026-3216,CREDIT,13696.69,21879040.25,CORP FIN OPS,HDFC0001234
UTR572297647,2026-04-25 16:15:09,CMS/RAZORPAY/pay_f41cd149d48440/ORD-2026-3217,CREDIT,11277.99,21890318.24,CORP FIN OPS,HDFC0001234
UTR396094861,2026-04-25 16:30:14,CMS/RAZORPAY/pay_f8077440e3e446/ORD-2026-3218,CREDIT,1081.29,21891399.53,CORP FIN OPS,HDFC0001234
UTR711275724,2026-04-25 16:45:51,CMS/RAZORPAY/pay_80a0619bf21f4a/ORD-2026-3219,CREDIT,12181.44,21903580.97,CORP FIN OPS,HDFC0001234
UTR373962951,2026-04-25 17:00:04,CMS/RAZORPAY/pay_b8156409f2de44/ORD-2026-3220,CREDIT,2801.47,21906382.44,CORP FIN OPS,HDFC0001234
UTR945047864,2026-04-25 17:15:14,CMS/RAZORPAY/pay_6e2430b732ba4a/ORD-2026-3221,CREDIT,7118.39,21913500.83,CORP FIN OPS,HDFC0001234
UTR185866627,2026-04-25 17:30:51,CMS/RAZORPAY/pay_36dc900f664c43/ORD-2026-3222,CREDIT,13221.8,21926722.63,CORP FIN OPS,HDFC0001234
UTR699758448,2026-04-25 17:45:42,CMS/RAZORPAY/pay_8151b854b7a248/ORD-2026-3223,CREDIT,5111.2,21931833.83,CORP FIN OPS,HDFC0001234
UTR869404843,2026-04-25 18:00:49,CMS/RAZORPAY/pay_72011ae8a29b40/ORD-2026-3224,CREDIT,13181.95,21945015.78,CORP FIN OPS,HDFC0001234
UTR392260212,2026-04-25 18:15:19,CMS/RAZORPAY/pay_8a1257c9b0b542/ORD-2026-3225,CREDIT,7551.17,21952566.95,CORP FIN OPS,HDFC0001234
UTR376641293,2026-04-25 18:30:52,CMS/RAZORPAY/pay_85ddef620cf649/ORD-2026-3226,CREDIT,2583.16,21955150.11,CORP FIN OPS,HDFC0001234
UTR264559794,2026-04-25 18:45:44,CMS/RAZORPAY/pay_1374d01f007d42/ORD-2026-3227,CREDIT,8164.69,21963314.8,CORP FIN OPS,HDFC0001234
UTR550210852,2026-04-25 19:00:05,CMS/RAZORPAY/pay_357ae41addca45/ORD-2026-3228,CREDIT,3921.39,21967236.19,CORP FIN OPS,HDFC0001234
UTR437108763,2026-04-25 19:15:27,CMS/RAZORPAY/pay_1387d7cfaca041/ORD-2026-3229,CREDIT,6235.2,21973471.39,CORP FIN OPS,HDFC0001234
UTR132851685,2026-04-25 19:30:07,CMS/RAZORPAY/pay_479e92598e514b/ORD-2026-3230,CREDIT,4848.91,21978320.3,CORP FIN OPS,HDFC0001234
UTR329811428,2026-04-25 19:45:27,CMS/RAZORPAY/pay_1237e7050ee34c/ORD-2026-3231,CREDIT,12514.55,21990834.85,CORP FIN OPS,HDFC0001234
UTR277054043,2026-04-25 20:00:38,CMS/RAZORPAY/pay_fbce92f23d8645/ORD-2026-3232,CREDIT,5119.82,21995954.67,CORP FIN OPS,HDFC0001234
UTR188379960,2026-04-25 20:15:09,CMS/RAZORPAY/pay_ac7a98e9869a4e/ORD-2026-3233,CREDIT,8138.65,22004093.32,CORP FIN OPS,HDFC0001234
UTR848809832,2026-04-25 20:30:00,CMS/RAZORPAY/pay_5a0d58c2748f43/ORD-2026-3234,CREDIT,7159.47,22011252.79,CORP FIN OPS,HDFC0001234
UTR493813053,2026-04-25 20:45:36,CMS/RAZORPAY/pay_fb68842cbeae48/ORD-2026-3235,CREDIT,1727.29,22012980.08,CORP FIN OPS,HDFC0001234
UTR141813915,2026-04-25 21:00:02,CMS/RAZORPAY/pay_5f9afe5f881f47/ORD-2026-3236,CREDIT,9186.23,22022166.31,CORP FIN OPS,HDFC0001234
UTR626520137,2026-04-25 21:15:17,CMS/RAZORPAY/pay_16203d892ea04f/ORD-2026-3237,CREDIT,8889.02,22031055.33,CORP FIN OPS,HDFC0001234
UTR169731500,2026-04-25 21:30:38,CMS/RAZORPAY/pay_bdd68956758549/ORD-2026-3238,CREDIT,12556.25,22043611.58,CORP FIN OPS,HDFC0001234
UTR652860494,2026-04-25 21:45:31,CMS/RAZORPAY/pay_9e197ce5b02f42/ORD-2026-3239,CREDIT,9074.67,22052686.25,CORP FIN OPS,HDFC0001234
UTR463630835,2026-04-25 22:00:30,CMS/RAZORPAY/pay_657b4357a8be44/ORD-2026-3240,CREDIT,11959.85,22064646.1,CORP FIN OPS,HDFC0001234
UTR801678919,2026-04-25 22:15:26,CMS/RAZORPAY/pay_6f751df75b864b/ORD-2026-3241,CREDIT,11913.07,22076559.17,CORP FIN OPS,HDFC0001234
UTR326073427,2026-04-25 22:30:09,CMS/RAZORPAY/pay_a11013aaa2b447/ORD-2026-3242,CREDIT,10444.45,22087003.62,CORP FIN OPS,HDFC0001234
UTR226398892,2026-04-25 22:45:28,CMS/RAZORPAY/pay_4157d44bd8ca4f/ORD-2026-3243,CREDIT,2273.64,22089277.26,CORP FIN OPS,HDFC0001234
UTR838439961,2026-04-25 23:00:15,CMS/RAZORPAY/pay_bace6f44377843/ORD-2026-3244,CREDIT,10662.57,22099939.83,CORP FIN OPS,HDFC0001234
UTR791823689,2026-04-25 23:15:13,CMS/RAZORPAY/pay_e4fa7e95d9354c/ORD-2026-3245,CREDIT,13167.78,22113107.61,CORP FIN OPS,HDFC0001234
UTR305609325,2026-04-25 23:30:03,CMS/RAZORPAY/pay_c6e0c924af0541/ORD-2026-3246,CREDIT,932.46,22114040.07,CORP FIN OPS,HDFC0001234
UTR634312109,2026-04-25 23:45:42,CMS/RAZORPAY/pay_7f84d20f0f9140/ORD-2026-3247,CREDIT,14172.46,22128212.53,CORP FIN OPS,HDFC0001234
UTR451014988,2026-04-26 00:00:42,CMS/RAZORPAY/pay_6d3b6ac6805941/ORD-2026-3248,CREDIT,4944.91,22133157.44,CORP FIN OPS,HDFC0001234
UTR369080108,2026-04-26 00:15:05,CMS/RAZORPAY/pay_84ef915616d84f/ORD-2026-3249,CREDIT,7381.55,22140538.99,CORP FIN OPS,HDFC0001234
UTR250689986,2026-04-26 00:30:38,CMS/RAZORPAY/pay_8590245aa93b46/ORD-2026-3250,CREDIT,7501.38,22148040.37,CORP FIN OPS,HDFC0001234
UTR548684706,2026-04-26 00:45:49,CMS/RAZORPAY/pay_c8fdf566499a4a/ORD-2026-3251,CREDIT,618.8,22148659.17,CORP FIN OPS,HDFC0001234
UTR760219077,2026-04-26 01:00:00,CMS/RAZORPAY/pay_f05cd6e39da045/ORD-2026-3252,CREDIT,1969.07,22150628.24,CORP FIN OPS,HDFC0001234
UTR457038397,2026-04-26 01:15:25,CMS/RAZORPAY/pay_aaf8a0f764534d/ORD-2026-3253,CREDIT,13082.78,22163711.02,CORP FIN OPS,HDFC0001234
UTR885196340,2026-04-26 01:30:29,CMS/RAZORPAY/pay_748ddade2b514b/ORD-2026-3254,CREDIT,14138.34,22177849.36,CORP FIN OPS,HDFC0001234
UTR911505699,2026-04-26 01:45:02,CMS/RAZORPAY/pay_83e2d6efb72242/ORD-2026-3255,CREDIT,4515.89,22182365.25,CORP FIN OPS,HDFC0001234
UTR950229884,2026-04-26 02:00:30,CMS/RAZORPAY/pay_0abae62d0c6141/ORD-2026-3256,CREDIT,12232.85,22194598.1,CORP FIN OPS,HDFC0001234
UTR347975555,2026-04-26 02:15:14,CMS/RAZORPAY/pay_2a1b93f07a8b4f/ORD-2026-3257,CREDIT,6848.89,22201446.99,CORP FIN OPS,HDFC0001234
UTR817723635,2026-04-26 02:30:16,CMS/RAZORPAY/pay_4b29dbade31f49/ORD-2026-3258,CREDIT,548.87,22201995.86,CORP FIN OPS,HDFC0001234
UTR982086565,2026-04-26 02:45:15,CMS/RAZORPAY/pay_0fc1417220a746/ORD-2026-3259,CREDIT,6108.57,22208104.43,CORP FIN OPS,HDFC0001234
UTR393813026,2026-04-26 03:00:01,CMS/RAZORPAY/pay_b93210fd06064c/ORD-2026-3260,CREDIT,7591.9,22215696.33,CORP FIN OPS,HDFC0001234
UTR633258413,2026-04-26 03:15:42,CMS/RAZORPAY/pay_7f37127bc6954b/ORD-2026-3261,CREDIT,8308.4,22224004.73,CORP FIN OPS,HDFC0001234
UTR879237238,2026-04-26 03:30:34,CMS/RAZORPAY/pay_a8a7f74f260d4b/ORD-2026-3262,CREDIT,9777.17,22233781.9,CORP FIN OPS,HDFC0001234
UTR453019287,2026-04-26 03:45:01,CMS/RAZORPAY/pay_69087a6568bd4f/ORD-2026-3263,CREDIT,1896.34,22235678.24,CORP FIN OPS,HDFC0001234
UTR821351429,2026-04-26 04:00:10,CMS/RAZORPAY/pay_45af89406d864b/ORD-2026-3264,CREDIT,13314.52,22248992.76,CORP FIN OPS,HDFC0001234
UTR204801830,2026-04-26 04:15:34,CMS/RAZORPAY/pay_fd6861b4654442/ORD-2026-3265,CREDIT,10279.13,22259271.89,CORP FIN OPS,HDFC0001234
UTR103573647,2026-04-26 04:30:49,CMS/RAZORPAY/pay_11b3f4e13c7c44/ORD-2026-3266,CREDIT,11394.51,22270666.4,CORP FIN OPS,HDFC0001234
UTR584570661,2026-04-26 04:45:32,CMS/RAZORPAY/pay_5165aad1cc2a44/ORD-2026-3267,CREDIT,11333.07,22281999.47,CORP FIN OPS,HDFC0001234
UTR616729526,2026-04-26 05:00:22,CMS/RAZORPAY/pay_ef0f11bf6cba41/ORD-2026-3268,CREDIT,11658.7,22293658.17,CORP FIN OPS,HDFC0001234
UTR303259499,2026-04-26 05:15:01,CMS/RAZORPAY/pay_ba3e7f49f49e49/ORD-2026-3269,CREDIT,13384.82,22307042.99,CORP FIN OPS,HDFC0001234
UTR467328357,2026-04-26 05:30:52,CMS/RAZORPAY/pay_99ce9549c93c4b/ORD-2026-3270,CREDIT,10250.43,22317293.42,CORP FIN OPS,HDFC0001234
UTR477294181,2026-04-26 05:45:21,CMS/RAZORPAY/pay_032303a79b6c45/ORD-2026-3271,CREDIT,12571.97,22329865.39,CORP FIN OPS,HDFC0001234
UTR532137480,2026-04-26 06:00:12,CMS/RAZORPAY/pay_9f5785422d6e4d/ORD-2026-3272,CREDIT,9281.26,22339146.65,CORP FIN OPS,HDFC0001234
UTR171833935,2026-04-26 06:15:59,CMS/RAZORPAY/pay_cf3c78a29bab42/ORD-2026-3273,CREDIT,13412.61,22352559.26,CORP FIN OPS,HDFC0001234
UTR515834008,2026-04-26 06:30:23,CMS/RAZORPAY/pay_034709ff33c841/ORD-2026-3274,CREDIT,3307.21,22355866.47,CORP FIN OPS,HDFC0001234
UTR103996185,2026-04-26 06:45:42,CMS/RAZORPAY/pay_ddd53661fa8244/ORD-2026-3275,CREDIT,13710.45,22369576.92,CORP FIN OPS,HDFC0001234
UTR107986279,2026-04-26 07:00:05,CMS/RAZORPAY/pay_3d3b55bb07d24a/ORD-2026-3276,CREDIT,2386.47,22371963.39,CORP FIN OPS,HDFC0001234
UTR922620619,2026-04-26 07:15:37,CMS/RAZORPAY/pay_9c2bc1c249bb4f/ORD-2026-3277,CREDIT,2410.41,22374373.8,CORP FIN OPS,HDFC0001234
UTR465827417,2026-04-26 07:30:39,CMS/RAZORPAY/pay_79a9fb61cd7e42/ORD-2026-3278,CREDIT,11967.75,22386341.55,CORP FIN OPS,HDFC0001234
UTR982792489,2026-04-26 07:45:18,CMS/RAZORPAY/pay_65665f68ee1144/ORD-2026-3279,CREDIT,1039.49,22387381.04,CORP FIN OPS,HDFC0001234
UTR247016174,2026-04-26 08:00:09,CMS/RAZORPAY/pay_088b3a4049d84d/ORD-2026-3280,CREDIT,4461.85,22391842.89,CORP FIN OPS,HDFC0001234
UTR635031641,2026-04-26 08:15:19,CMS/RAZORPAY/pay_af908d95e06041/ORD-2026-3281,CREDIT,6248.6,22398091.49,CORP FIN OPS,HDFC0001234
UTR864289767,2026-04-26 08:30:55,CMS/RAZORPAY/pay_688070dc2e514a/ORD-2026-3282,CREDIT,2433.84,22400525.33,CORP FIN OPS,HDFC0001234
UTR207505844,2026-04-26 08:45:06,CMS/RAZORPAY/pay_604c4edc6a2348/ORD-2026-3283,CREDIT,14286.94,22414812.27,CORP FIN OPS,HDFC0001234
UTR327966627,2026-04-26 09:00:14,CMS/RAZORPAY/pay_7685e165786c45/ORD-2026-3284,CREDIT,1183.05,22415995.32,CORP FIN OPS,HDFC0001234
UTR185537642,2026-04-26 09:15:42,CMS/RAZORPAY/pay_a732ffa3e5934f/ORD-2026-3285,CREDIT,4700.8,22420696.12,CORP FIN OPS,HDFC0001234
UTR551155345,2026-04-26 09:30:42,CMS/RAZORPAY/pay_0ace6a939d2f4b/ORD-2026-3286,CREDIT,5206.51,22425902.63,CORP FIN OPS,HDFC0001234
UTR731686891,2026-04-26 09:45:06,CMS/RAZORPAY/pay_b248a7ca088547/ORD-2026-3287,CREDIT,13108.49,22439011.12,CORP FIN OPS,HDFC0001234
UTR214773266,2026-04-26 10:00:37,CMS/RAZORPAY/pay_a54f5857d7f346/ORD-2026-3288,CREDIT,13791.68,22452802.8,CORP FIN OPS,HDFC0001234
UTR298780971,2026-04-26 10:15:40,CMS/RAZORPAY/pay_c1b6e031fd2e47/ORD-2026-3289,CREDIT,11987.85,22464790.65,CORP FIN OPS,HDFC0001234
UTR236001669,2026-04-26 10:30:52,CMS/RAZORPAY/pay_62e59ae800004e/ORD-2026-3290,CREDIT,12718.07,22477508.72,CORP FIN OPS,HDFC0001234
UTR661540259,2026-04-26 10:45:50,CMS/RAZORPAY/pay_f61aad93dc8c43/ORD-2026-3291,CREDIT,10821.28,22488330.0,CORP FIN OPS,HDFC0001234
UTR163749838,2026-04-26 11:00:13,CMS/RAZORPAY/pay_81a6416f1b744c/ORD-2026-3292,CREDIT,9170.59,22497500.59,CORP FIN OPS,HDFC0001234
UTR246254923,2026-04-26 11:15:37,CMS/RAZORPAY/pay_529883a166ee40/ORD-2026-3293,CREDIT,6314.74,22503815.33,CORP FIN OPS,HDFC0001234
UTR233840633,2026-04-26 11:30:16,CMS/RAZORPAY/pay_3a4a3e1f6e6946/ORD-2026-3294,CREDIT,9667.24,22513482.57,CORP FIN OPS,HDFC0001234
UTR305261786,2026-04-26 11:45:08,CMS/RAZORPAY/pay_fa1b1b2186284e/ORD-2026-3295,CREDIT,8651.81,22522134.38,CORP FIN OPS,HDFC0001234
UTR863503662,2026-04-26 12:00:14,CMS/RAZORPAY/pay_5ca53bf5112b4e/ORD-2026-3296,CREDIT,14619.74,22536754.12,CORP FIN OPS,HDFC0001234
UTR523826048,2026-04-26 12:15:17,CMS/RAZORPAY/pay_e2c840b7cbf449/ORD-2026-3297,CREDIT,14071.19,22550825.31,CORP FIN OPS,HDFC0001234
UTR218943027,2026-04-26 12:30:26,CMS/RAZORPAY/pay_5e59188d7bfb43/ORD-2026-3298,CREDIT,2002.43,22552827.74,CORP FIN OPS,HDFC0001234
UTR877726463,2026-04-26 12:45:55,CMS/RAZORPAY/pay_1274d36d8ede45/ORD-2026-3299,CREDIT,5708.98,22558536.72,CORP FIN OPS,HDFC0001234
UTR830482160,2026-04-26 13:00:42,CMS/RAZORPAY/pay_5e61795d0e4d43/ORD-2026-3300,CREDIT,3341.69,22561878.41,CORP FIN OPS,HDFC0001234
UTR301864207,2026-04-26 13:15:31,CMS/RAZORPAY/pay_c75e33d00d5e43/ORD-2026-3301,CREDIT,13925.98,22575804.39,CORP FIN OPS,HDFC0001234
UTR565245234,2026-04-26 13:30:10,CMS/RAZORPAY/pay_79e01c48bc364b/ORD-2026-3302,CREDIT,1357.55,22577161.94,CORP FIN OPS,HDFC0001234
UTR410389670,2026-04-26 13:45:07,CMS/RAZORPAY/pay_52a0c60631fa49/ORD-2026-3303,CREDIT,12965.57,22590127.51,CORP FIN OPS,HDFC0001234
UTR557577530,2026-04-26 14:00:30,CMS/RAZORPAY/pay_8efa315cd4394f/ORD-2026-3304,CREDIT,11611.92,22601739.43,CORP FIN OPS,HDFC0001234
UTR473493559,2026-04-26 14:15:14,CMS/RAZORPAY/pay_28832dc5c1d847/ORD-2026-3305,CREDIT,6849.9,22608589.33,CORP FIN OPS,HDFC0001234
UTR615772199,2026-04-26 14:30:57,CMS/RAZORPAY/pay_bc2f42b8dcd54d/ORD-2026-3306,CREDIT,2378.08,22610967.41,CORP FIN OPS,HDFC0001234
UTR335012974,2026-04-26 14:45:17,CMS/RAZORPAY/pay_bfb61de9633540/ORD-2026-3307,CREDIT,10699.41,22621666.82,CORP FIN OPS,HDFC0001234
UTR391856024,2026-04-26 15:00:25,CMS/RAZORPAY/pay_bb917bd43e0948/ORD-2026-3308,CREDIT,775.59,22622442.41,CORP FIN OPS,HDFC0001234
UTR362308892,2026-04-26 15:15:31,CMS/RAZORPAY/pay_e88cb31cd4214d/ORD-2026-3309,CREDIT,14326.77,22636769.18,CORP FIN OPS,HDFC0001234
UTR840492926,2026-04-26 15:30:36,CMS/RAZORPAY/pay_5d5d0f6f1ec148/ORD-2026-3310,CREDIT,5320.2,22642089.38,CORP FIN OPS,HDFC0001234
UTR886643597,2026-04-26 15:45:48,CMS/RAZORPAY/pay_24c79024b2574d/ORD-2026-3311,CREDIT,6503.12,22648592.5,CORP FIN OPS,HDFC0001234
UTR531594468,2026-04-26 16:00:24,CMS/RAZORPAY/pay_409a8b3c96724c/ORD-2026-3312,CREDIT,7168.62,22655761.12,CORP FIN OPS,HDFC0001234
UTR460936142,2026-04-26 16:15:48,CMS/RAZORPAY/pay_ce9daa54df8140/ORD-2026-3313,CREDIT,3902.59,22659663.71,CORP FIN OPS,HDFC0001234
UTR703910280,2026-04-26 16:30:44,CMS/RAZORPAY/pay_67b5b49a416744/ORD-2026-3314,CREDIT,1567.99,22661231.7,CORP FIN OPS,HDFC0001234
UTR147112298,2026-04-26 16:45:26,CMS/RAZORPAY/pay_ecd04a0f81f948/ORD-2026-3315,CREDIT,8062.35,22669294.05,CORP FIN OPS,HDFC0001234
UTR689020467,2026-04-26 17:00:45,CMS/RAZORPAY/pay_0ecad03c86194d/ORD-2026-3316,CREDIT,2409.72,22671703.77,CORP FIN OPS,HDFC0001234
UTR139315985,2026-04-26 17:15:58,CMS/RAZORPAY/pay_3e88b6b7e7694a/ORD-2026-3317,CREDIT,8805.9,22680509.67,CORP FIN OPS,HDFC0001234
UTR583008672,2026-04-26 17:30:21,CMS/RAZORPAY/pay_f3fc6c3894d64e/ORD-2026-3318,CREDIT,13563.88,22694073.55,CORP FIN OPS,HDFC0001234
UTR676482414,2026-04-26 17:45:30,CMS/RAZORPAY/pay_e2274326959140/ORD-2026-3319,CREDIT,10242.87,22704316.42,CORP FIN OPS,HDFC0001234
UTR847183497,2026-04-26 18:00:59,CMS/RAZORPAY/pay_d86352c400e84d/ORD-2026-3320,CREDIT,12409.74,22716726.16,CORP FIN OPS,HDFC0001234
UTR640844247,2026-04-26 18:15:17,CMS/RAZORPAY/pay_2ff231c3f94747/ORD-2026-3321,CREDIT,489.51,22717215.67,CORP FIN OPS,HDFC0001234
UTR697308464,2026-04-26 18:30:47,CMS/RAZORPAY/pay_53895ea76fcf45/ORD-2026-3322,CREDIT,1868.74,22719084.41,CORP FIN OPS,HDFC0001234
UTR284756848,2026-04-26 18:45:47,CMS/RAZORPAY/pay_edc54775393744/ORD-2026-3323,CREDIT,1128.19,22720212.6,CORP FIN OPS,HDFC0001234
UTR416753801,2026-04-26 19:00:03,CMS/RAZORPAY/pay_f64d27029a8b47/ORD-2026-3324,CREDIT,9855.87,22730068.47,CORP FIN OPS,HDFC0001234
UTR226568637,2026-04-26 19:15:40,CMS/RAZORPAY/pay_4c6608058b574b/ORD-2026-3325,CREDIT,11199.85,22741268.32,CORP FIN OPS,HDFC0001234
UTR838645398,2026-04-26 19:30:53,CMS/RAZORPAY/pay_2339fc4fe22f47/ORD-2026-3326,CREDIT,13246.59,22754514.91,CORP FIN OPS,HDFC0001234
UTR502154588,2026-04-26 19:45:34,CMS/RAZORPAY/pay_524a817c34b841/ORD-2026-3327,CREDIT,2967.17,22757482.08,CORP FIN OPS,HDFC0001234
UTR269151193,2026-04-26 20:00:09,CMS/RAZORPAY/pay_5e85946307d543/ORD-2026-3328,CREDIT,6364.43,22763846.51,CORP FIN OPS,HDFC0001234
UTR278444274,2026-04-26 20:15:33,CMS/RAZORPAY/pay_442a59d08ac541/ORD-2026-3329,CREDIT,10592.93,22774439.44,CORP FIN OPS,HDFC0001234
UTR454387726,2026-04-26 20:30:10,CMS/RAZORPAY/pay_96c04878f9ba47/ORD-2026-3330,CREDIT,12221.85,22786661.29,CORP FIN OPS,HDFC0001234
UTR582172975,2026-04-26 20:45:11,CMS/RAZORPAY/pay_7abc3390ada944/ORD-2026-3331,CREDIT,9137.89,22795799.18,CORP FIN OPS,HDFC0001234
UTR750989602,2026-04-26 21:00:51,CMS/RAZORPAY/pay_16040eb47fe342/ORD-2026-3332,CREDIT,11415.33,22807214.51,CORP FIN OPS,HDFC0001234
UTR503218111,2026-04-26 21:15:59,CMS/RAZORPAY/pay_8617c97004dd42/ORD-2026-3333,CREDIT,1776.91,22808991.42,CORP FIN OPS,HDFC0001234
UTR157758928,2026-04-26 21:30:44,CMS/RAZORPAY/pay_986bf599281244/ORD-2026-3334,CREDIT,8041.99,22817033.41,CORP FIN OPS,HDFC0001234
UTR797562046,2026-04-26 21:45:33,CMS/RAZORPAY/pay_213fa4495b634c/ORD-2026-3335,CREDIT,3033.66,22820067.07,CORP FIN OPS,HDFC0001234
UTR154501175,2026-04-26 22:00:15,CMS/RAZORPAY/pay_4f0a5fe76a594e/ORD-2026-3336,CREDIT,8119.29,22828186.36,CORP FIN OPS,HDFC0001234
UTR200434087,2026-04-26 22:15:21,CMS/RAZORPAY/pay_53998b8190cf41/ORD-2026-3337,CREDIT,8259.53,22836445.89,CORP FIN OPS,HDFC0001234
UTR999689808,2026-04-26 22:30:51,CMS/RAZORPAY/pay_4a75ecb43b4745/ORD-2026-3338,CREDIT,11673.26,22848119.15,CORP FIN OPS,HDFC0001234
UTR574967169,2026-04-26 22:45:27,CMS/RAZORPAY/pay_a678b6c0e45545/ORD-2026-3339,CREDIT,10694.84,22858813.99,CORP FIN OPS,HDFC0001234
UTR445575662,2026-04-26 23:00:10,CMS/RAZORPAY/pay_bd74b0cb88364a/ORD-2026-3340,CREDIT,10134.45,22868948.44,CORP FIN OPS,HDFC0001234
UTR112379828,2026-04-26 23:15:49,CMS/RAZORPAY/pay_3a4d958ae7654c/ORD-2026-3341,CREDIT,9901.46,22878849.9,CORP FIN OPS,HDFC0001234
UTR446278097,2026-04-26 23:30:51,CMS/RAZORPAY/pay_e06f9ea66ff94d/ORD-2026-3342,CREDIT,9507.28,22888357.18,CORP FIN OPS,HDFC0001234
UTR616233458,2026-04-26 23:45:28,CMS/RAZORPAY/pay_0c22d9be7da043/ORD-2026-3343,CREDIT,11582.95,22899940.13,CORP FIN OPS,HDFC0001234
UTR945534945,2026-04-27 00:00:46,CMS/RAZORPAY/pay_2f600243d90543/ORD-2026-3344,CREDIT,2608.69,22902548.82,CORP FIN OPS,HDFC0001234
UTR223649481,2026-04-27 00:15:16,CMS/RAZORPAY/pay_21f5e1b4c52142/ORD-2026-3345,CREDIT,2743.18,22905292.0,CORP FIN OPS,HDFC0001234
UTR718888688,2026-04-27 00:30:18,CMS/RAZORPAY/pay_8e631a09d99a47/ORD-2026-3346,CREDIT,7441.65,22912733.65,CORP FIN OPS,HDFC0001234
UTR919510530,2026-04-27 00:45:39,CMS/RAZORPAY/pay_d2960b9988024e/ORD-2026-3347,CREDIT,11648.93,22924382.58,CORP FIN OPS,HDFC0001234
UTR644541387,2026-04-27 01:00:29,CMS/RAZORPAY/pay_0d48a5676c224f/ORD-2026-3348,CREDIT,859.86,22925242.44,CORP FIN OPS,HDFC0001234
UTR363724780,2026-04-27 01:15:22,CMS/RAZORPAY/pay_cf480694653a46/ORD-2026-3349,CREDIT,9502.02,22934744.46,CORP FIN OPS,HDFC0001234
UTR395364164,2026-04-27 01:30:24,CMS/RAZORPAY/pay_c44028a930f447/ORD-2026-3350,CREDIT,8459.06,22943203.52,CORP FIN OPS,HDFC0001234
UTR389276014,2026-04-27 01:45:23,CMS/RAZORPAY/pay_c219ae8d72a845/ORD-2026-3351,CREDIT,9851.1,22953054.62,CORP FIN OPS,HDFC0001234
UTR503002716,2026-04-27 02:00:35,CMS/RAZORPAY/pay_1fd5d62833a14e/ORD-2026-3352,CREDIT,10600.95,22963655.57,CORP FIN OPS,HDFC0001234
UTR358116644,2026-04-27 02:15:38,CMS/RAZORPAY/pay_0e18f53ecade4e/ORD-2026-3353,CREDIT,12607.64,22976263.21,CORP FIN OPS,HDFC0001234
UTR118247557,2026-04-27 02:30:04,CMS/RAZORPAY/pay_7241165a377449/ORD-2026-3354,CREDIT,1347.74,22977610.95,CORP FIN OPS,HDFC0001234
UTR667553950,2026-04-27 02:45:56,CMS/RAZORPAY/pay_c503c8dd4ebd45/ORD-2026-3355,CREDIT,8357.01,22985967.96,CORP FIN OPS,HDFC0001234
UTR771709698,2026-04-27 03:00:11,CMS/RAZORPAY/pay_1a5e634790954a/ORD-2026-3356,CREDIT,8239.28,22994207.24,CORP FIN OPS,HDFC0001234
UTR308151513,2026-04-27 03:15:45,CMS/RAZORPAY/pay_d29a1bdeb9404a/ORD-2026-3357,CREDIT,11302.68,23005509.92,CORP FIN OPS,HDFC0001234
UTR387547461,2026-04-27 03:30:43,CMS/RAZORPAY/pay_96a9fd1a9e2945/ORD-2026-3358,CREDIT,1415.97,23006925.89,CORP FIN OPS,HDFC0001234
UTR879525408,2026-04-27 03:45:36,CMS/RAZORPAY/pay_0044bebdb93641/ORD-2026-3359,CREDIT,9622.62,23016548.51,CORP FIN OPS,HDFC0001234
UTR122236522,2026-04-27 04:00:48,CMS/RAZORPAY/pay_ddac69a02dc143/ORD-2026-3360,CREDIT,10639.21,23027187.72,CORP FIN OPS,HDFC0001234
UTR667280402,2026-04-27 04:15:13,CMS/RAZORPAY/pay_4c160d9e03af4b/ORD-2026-3361,CREDIT,1961.93,23029149.65,CORP FIN OPS,HDFC0001234
UTR143785962,2026-04-27 04:30:18,CMS/RAZORPAY/pay_16a6a6f3d43d44/ORD-2026-3362,CREDIT,13873.74,23043023.39,CORP FIN OPS,HDFC0001234
UTR905620942,2026-04-27 04:45:55,CMS/RAZORPAY/pay_04663be8bf5f4c/ORD-2026-3363,CREDIT,12854.56,23055877.95,CORP FIN OPS,HDFC0001234
UTR874301128,2026-04-27 05:00:34,CMS/RAZORPAY/pay_9293b8122f804b/ORD-2026-3364,CREDIT,10160.58,23066038.53,CORP FIN OPS,HDFC0001234
UTR124979636,2026-04-27 05:15:30,CMS/RAZORPAY/pay_38c83d50e88140/ORD-2026-3365,CREDIT,5829.53,23071868.06,CORP FIN OPS,HDFC0001234
UTR974801011,2026-04-27 05:30:49,CMS/RAZORPAY/pay_3ed80d5aa25949/ORD-2026-3366,CREDIT,3685.97,23075554.03,CORP FIN OPS,HDFC0001234
UTR848834169,2026-04-27 05:45:21,CMS/RAZORPAY/pay_4917adbb81dc49/ORD-2026-3367,CREDIT,10759.61,23086313.64,CORP FIN OPS,HDFC0001234
UTR848602687,2026-04-27 06:00:43,CMS/RAZORPAY/pay_179340cd1f3641/ORD-2026-3368,CREDIT,10232.41,23096546.05,CORP FIN OPS,HDFC0001234
UTR161765307,2026-04-27 06:15:13,CMS/RAZORPAY/pay_ff4398923d6744/ORD-2026-3369,CREDIT,13463.63,23110009.68,CORP FIN OPS,HDFC0001234
UTR665016401,2026-04-27 06:30:20,CMS/RAZORPAY/pay_c6e2effa52ac4a/ORD-2026-3370,CREDIT,12996.33,23123006.01,CORP FIN OPS,HDFC0001234
UTR966192895,2026-04-27 06:45:05,CMS/RAZORPAY/pay_aa8343654a8d44/ORD-2026-3371,CREDIT,1827.17,23124833.18,CORP FIN OPS,HDFC0001234
UTR945435411,2026-04-27 07:00:34,CMS/RAZORPAY/pay_0065d50379cb49/ORD-2026-3372,CREDIT,1172.45,23126005.63,CORP FIN OPS,HDFC0001234
UTR777395366,2026-04-27 07:15:13,CMS/RAZORPAY/pay_58c7c0405b084c/ORD-2026-3373,CREDIT,2395.36,23128400.99,CORP FIN OPS,HDFC0001234
UTR536633815,2026-04-27 07:30:46,CMS/RAZORPAY/pay_29b1d605432844/ORD-2026-3374,CREDIT,1576.1,23129977.09,CORP FIN OPS,HDFC0001234
UTR633291486,2026-04-27 07:45:06,CMS/RAZORPAY/pay_d70eb4be6d344c/ORD-2026-3375,CREDIT,7025.04,23137002.13,CORP FIN OPS,HDFC0001234
UTR873401277,2026-04-27 08:00:00,CMS/RAZORPAY/pay_c3b83586d5d34d/ORD-2026-3376,CREDIT,13393.19,23150395.32,CORP FIN OPS,HDFC0001234
UTR214617417,2026-04-27 08:15:07,CMS/RAZORPAY/pay_dd92dd50f9134a/ORD-2026-3377,CREDIT,8271.32,23158666.64,CORP FIN OPS,HDFC0001234
UTR505113262,2026-04-27 08:30:40,CMS/RAZORPAY/pay_18f38f4c90c040/ORD-2026-3378,CREDIT,10438.85,23169105.49,CORP FIN OPS,HDFC0001234
UTR740027558,2026-04-27 08:45:46,CMS/RAZORPAY/pay_c0b9924069724e/ORD-2026-3379,CREDIT,13342.59,23182448.08,CORP FIN OPS,HDFC0001234
UTR520650611,2026-04-27 09:00:50,CMS/RAZORPAY/pay_54c2eb33a7e14b/ORD-2026-3380,CREDIT,5383.86,23187831.94,CORP FIN OPS,HDFC0001234
UTR176141919,2026-04-27 09:15:55,CMS/RAZORPAY/pay_b000a56051bc4d/ORD-2026-3381,CREDIT,7934.65,23195766.59,CORP FIN OPS,HDFC0001234
UTR342498240,2026-04-27 09:30:33,CMS/RAZORPAY/pay_9b22ef2c137547/ORD-2026-3382,CREDIT,7246.38,23203012.97,CORP FIN OPS,HDFC0001234
UTR537312524,2026-04-27 09:45:52,CMS/RAZORPAY/pay_cc5f0a799f1a4e/ORD-2026-3383,CREDIT,10723.63,23213736.6,CORP FIN OPS,HDFC0001234
UTR258787439,2026-04-27 10:00:15,CMS/RAZORPAY/pay_a5c136260eeb41/ORD-2026-3384,CREDIT,6877.5,23220614.1,CORP FIN OPS,HDFC0001234
UTR199025561,2026-04-27 10:15:44,CMS/RAZORPAY/pay_b2f33448a7fe4a/ORD-2026-3385,CREDIT,11050.15,23231664.25,CORP FIN OPS,HDFC0001234
UTR537279135,2026-04-27 10:30:53,CMS/RAZORPAY/pay_b603aaaa031741/ORD-2026-3386,CREDIT,5681.79,23237346.04,CORP FIN OPS,HDFC0001234
UTR524661188,2026-04-27 10:45:27,CMS/RAZORPAY/pay_82991ba352e049/ORD-2026-3387,CREDIT,14168.71,23251514.75,CORP FIN OPS,HDFC0001234
UTR225104500,2026-04-27 11:00:49,CMS/RAZORPAY/pay_e6b6bbb37ee843/ORD-2026-3388,CREDIT,12473.3,23263988.05,CORP FIN OPS,HDFC0001234
UTR318165239,2026-04-27 11:15:25,CMS/RAZORPAY/pay_0c83dea4aca44e/ORD-2026-3389,CREDIT,13011.33,23276999.38,CORP FIN OPS,HDFC0001234
UTR835414465,2026-04-27 11:30:04,CMS/RAZORPAY/pay_6f61ab45685f4c/ORD-2026-3390,CREDIT,5024.05,23282023.43,CORP FIN OPS,HDFC0001234
UTR372759324,2026-04-27 11:45:03,CMS/RAZORPAY/pay_fdad0ed5b00b49/ORD-2026-3391,CREDIT,12060.75,23294084.18,CORP FIN OPS,HDFC0001234
UTR714224890,2026-04-27 12:00:31,CMS/RAZORPAY/pay_b61421e435f84a/ORD-2026-3392,CREDIT,9356.34,23303440.52,CORP FIN OPS,HDFC0001234
UTR791651798,2026-04-27 12:15:13,CMS/RAZORPAY/pay_e2282cb177db43/ORD-2026-3393,CREDIT,14418.34,23317858.86,CORP FIN OPS,HDFC0001234
UTR143316721,2026-04-27 12:30:15,CMS/RAZORPAY/pay_90b046fe7fd547/ORD-2026-3394,CREDIT,4792.26,23322651.12,CORP FIN OPS,HDFC0001234
UTR467873912,2026-04-27 12:45:30,CMS/RAZORPAY/pay_8f766e3288184a/ORD-2026-3395,CREDIT,12704.03,23335355.15,CORP FIN OPS,HDFC0001234
UTR327591123,2026-04-27 13:00:23,CMS/RAZORPAY/pay_20f6f7da986345/ORD-2026-3396,CREDIT,9188.28,23344543.43,CORP FIN OPS,HDFC0001234
UTR497888804,2026-04-27 13:15:44,CMS/RAZORPAY/pay_5859bf1417724a/ORD-2026-3397,CREDIT,10313.25,23354856.68,CORP FIN OPS,HDFC0001234
UTR706086216,2026-04-27 13:30:51,CMS/RAZORPAY/pay_972e332847ca4e/ORD-2026-3398,CREDIT,4584.76,23359441.44,CORP FIN OPS,HDFC0001234
UTR586520936,2026-04-27 13:45:51,CMS/RAZORPAY/pay_1ab06f8afff943/ORD-2026-3399,CREDIT,2832.76,23362274.2,CORP FIN OPS,HDFC0001234
UTR503585185,2026-04-27 14:00:41,CMS/RAZORPAY/pay_fc0fa479ce3643/ORD-2026-3400,CREDIT,9048.86,23371323.06,CORP FIN OPS,HDFC0001234
UTR674735990,2026-04-27 14:15:24,CMS/RAZORPAY/pay_195a0f685eff49/ORD-2026-3401,CREDIT,9503.56,23380826.62,CORP FIN OPS,HDFC0001234
UTR210535261,2026-04-27 14:30:49,CMS/RAZORPAY/pay_bf4a139b8fc547/ORD-2026-3402,CREDIT,7573.31,23388399.93,CORP FIN OPS,HDFC0001234
UTR308790156,2026-04-27 14:45:06,CMS/RAZORPAY/pay_e45526310e1143/ORD-2026-3403,CREDIT,3106.74,23391506.67,CORP FIN OPS,HDFC0001234
UTR933512248,2026-04-27 15:00:25,CMS/RAZORPAY/pay_3a326ee443c443/ORD-2026-3404,CREDIT,8471.99,23399978.66,CORP FIN OPS,HDFC0001234
UTR124653830,2026-04-27 15:15:09,CMS/RAZORPAY/pay_d454229e48cc44/ORD-2026-3405,CREDIT,6122.91,23406101.57,CORP FIN OPS,HDFC0001234
UTR132770955,2026-04-27 15:30:11,CMS/RAZORPAY/pay_82787659122f42/ORD-2026-3406,CREDIT,11096.31,23417197.88,CORP FIN OPS,HDFC0001234
UTR658339066,2026-04-27 15:45:42,CMS/RAZORPAY/pay_adf5af0915b84b/ORD-2026-3407,CREDIT,9868.35,23427066.23,CORP FIN OPS,HDFC0001234
UTR658569651,2026-04-27 16:00:57,CMS/RAZORPAY/pay_5491eaa5448745/ORD-2026-3408,CREDIT,8432.9,23435499.13,CORP FIN OPS,HDFC0001234
UTR537519919,2026-04-27 16:15:09,CMS/RAZORPAY/pay_e7e0cd8e4a8945/ORD-2026-3409,CREDIT,13262.05,23448761.18,CORP FIN OPS,HDFC0001234
UTR963916845,2026-04-27 16:30:37,CMS/RAZORPAY/pay_ee6e11a64cab4a/ORD-2026-3410,CREDIT,11292.1,23460053.28,CORP FIN OPS,HDFC0001234
UTR809655953,2026-04-27 16:45:50,CMS/RAZORPAY/pay_cafc72b2513746/ORD-2026-3411,CREDIT,8283.68,23468336.96,CORP FIN OPS,HDFC0001234
UTR178172865,2026-04-27 17:00:35,CMS/RAZORPAY/pay_7fce5c6fb8b14f/ORD-2026-3412,CREDIT,7311.25,23475648.21,CORP FIN OPS,HDFC0001234
UTR836233703,2026-04-27 17:15:51,CMS/RAZORPAY/pay_50433734e1af47/ORD-2026-3413,CREDIT,7970.66,23483618.87,CORP FIN OPS,HDFC0001234
UTR306202347,2026-04-27 17:30:34,CMS/RAZORPAY/pay_11006681aae840/ORD-2026-3414,CREDIT,2597.02,23486215.89,CORP FIN OPS,HDFC0001234
UTR143553198,2026-04-27 17:45:53,CMS/RAZORPAY/pay_9703b1db111247/ORD-2026-3415,CREDIT,14068.69,23500284.58,CORP FIN OPS,HDFC0001234
UTR816954954,2026-04-27 18:00:38,CMS/RAZORPAY/pay_bec7759fc26d44/ORD-2026-3416,CREDIT,6019.27,23506303.85,CORP FIN OPS,HDFC0001234
UTR919537700,2026-04-27 18:15:32,CMS/RAZORPAY/pay_9c76abb3f20b43/ORD-2026-3417,CREDIT,3348.9,23509652.75,CORP FIN OPS,HDFC0001234
UTR757011739,2026-04-27 18:30:03,CMS/RAZORPAY/pay_2fb1ce26c05545/ORD-2026-3418,CREDIT,13872.18,23523524.93,CORP FIN OPS,HDFC0001234
UTR796090933,2026-04-27 18:45:18,CMS/RAZORPAY/pay_098b6507cbef4a/ORD-2026-3419,CREDIT,9405.66,23532930.59,CORP FIN OPS,HDFC0001234
UTR586552040,2026-04-27 19:00:49,CMS/RAZORPAY/pay_def6a524fbd74f/ORD-2026-3420,CREDIT,2996.81,23535927.4,CORP FIN OPS,HDFC0001234
UTR789420865,2026-04-27 19:15:40,CMS/RAZORPAY/pay_c0c0204f0afe4c/ORD-2026-3421,CREDIT,2521.94,23538449.34,CORP FIN OPS,HDFC0001234
UTR390040763,2026-04-27 19:30:57,CMS/RAZORPAY/pay_23c6f047460046/ORD-2026-3422,CREDIT,7500.12,23545949.46,CORP FIN OPS,HDFC0001234
UTR274281489,2026-04-27 19:45:45,CMS/RAZORPAY/pay_819ee70be4fd43/ORD-2026-3423,CREDIT,13838.03,23559787.49,CORP FIN OPS,HDFC0001234
UTR542001632,2026-04-27 20:00:08,CMS/RAZORPAY/pay_80d97ad08f7b41/ORD-2026-3424,CREDIT,5366.27,23565153.76,CORP FIN OPS,HDFC0001234
UTR986917217,2026-04-27 20:15:59,CMS/RAZORPAY/pay_98d34b38850c40/ORD-2026-3425,CREDIT,5931.49,23571085.25,CORP FIN OPS,HDFC0001234
UTR746175888,2026-04-27 20:30:49,CMS/RAZORPAY/pay_dcf9929a922d42/ORD-2026-3426,CREDIT,11499.29,23582584.54,CORP FIN OPS,HDFC0001234
UTR382178361,2026-04-27 20:45:12,CMS/RAZORPAY/pay_08dda086d9c54e/ORD-2026-3427,CREDIT,3297.66,23585882.2,CORP FIN OPS,HDFC0001234
UTR242448674,2026-04-27 21:00:45,CMS/RAZORPAY/pay_6bc5aa570ff344/ORD-2026-3428,CREDIT,13663.6,23599545.8,CORP FIN OPS,HDFC0001234
UTR601644438,2026-04-27 21:15:29,CMS/RAZORPAY/pay_dde61758cec44e/ORD-2026-3429,CREDIT,638.85,23600184.65,CORP FIN OPS,HDFC0001234
UTR747388120,2026-04-27 21:30:24,CMS/RAZORPAY/pay_4fbf9ecc485749/ORD-2026-3430,CREDIT,2082.65,23602267.3,CORP FIN OPS,HDFC0001234
UTR441187845,2026-04-27 21:45:31,CMS/RAZORPAY/pay_861d69d59e0c45/ORD-2026-3431,CREDIT,8219.96,23610487.26,CORP FIN OPS,HDFC0001234
UTR334348150,2026-04-27 22:00:04,CMS/RAZORPAY/pay_af8f74018fe64f/ORD-2026-3432,CREDIT,13108.47,23623595.73,CORP FIN OPS,HDFC0001234
UTR736251119,2026-04-27 22:15:46,CMS/RAZORPAY/pay_a60864bea61649/ORD-2026-3433,CREDIT,14097.21,23637692.94,CORP FIN OPS,HDFC0001234
UTR524759964,2026-04-27 22:30:02,CMS/RAZORPAY/pay_bd53e4396af040/ORD-2026-3434,CREDIT,14264.86,23651957.8,CORP FIN OPS,HDFC0001234
UTR156801073,2026-04-27 22:45:13,CMS/RAZORPAY/pay_6ea6c71d0efe4f/ORD-2026-3435,CREDIT,10144.52,23662102.32,CORP FIN OPS,HDFC0001234
UTR216267573,2026-04-27 23:00:47,CMS/RAZORPAY/pay_35e5ec9a988142/ORD-2026-3436,CREDIT,11686.12,23673788.44,CORP FIN OPS,HDFC0001234
UTR995455432,2026-04-27 23:15:05,CMS/RAZORPAY/pay_5ad2beebb92c4b/ORD-2026-3437,CREDIT,12921.32,23686709.76,CORP FIN OPS,HDFC0001234
UTR307645991,2026-04-27 23:30:59,CMS/RAZORPAY/pay_2620e473800c4f/ORD-2026-3438,CREDIT,14273.34,23700983.1,CORP FIN OPS,HDFC0001234
UTR888714879,2026-04-27 23:45:50,CMS/RAZORPAY/pay_4c7be094c68447/ORD-2026-3439,CREDIT,10840.78,23711823.88,CORP FIN OPS,HDFC0001234
UTR987269085,2026-04-28 00:00:15,CMS/RAZORPAY/pay_c90bc6cbb93943/ORD-2026-3440,CREDIT,12899.53,23724723.41,CORP FIN OPS,HDFC0001234
UTR441924102,2026-04-28 00:15:01,CMS/RAZORPAY/pay_21d7df0ca44442/ORD-2026-3441,CREDIT,5280.2,23730003.61,CORP FIN OPS,HDFC0001234
UTR943539825,2026-04-28 00:30:25,CMS/RAZORPAY/pay_69bb817116dd4e/ORD-2026-3442,CREDIT,10126.05,23740129.66,CORP FIN OPS,HDFC0001234
UTR165593754,2026-04-28 00:45:55,CMS/RAZORPAY/pay_578882adc4234f/ORD-2026-3443,CREDIT,13770.97,23753900.63,CORP FIN OPS,HDFC0001234
UTR967159977,2026-04-28 01:00:23,CMS/RAZORPAY/pay_59b3b7e2b64144/ORD-2026-3444,CREDIT,11312.34,23765212.97,CORP FIN OPS,HDFC0001234
UTR807499801,2026-04-28 01:15:14,CMS/RAZORPAY/pay_46224739283b49/ORD-2026-3445,CREDIT,9395.94,23774608.91,CORP FIN OPS,HDFC0001234
UTR522363610,2026-04-28 01:30:49,CMS/RAZORPAY/pay_ce45256317454c/ORD-2026-3446,CREDIT,5231.79,23779840.7,CORP FIN OPS,HDFC0001234
UTR534795306,2026-04-28 01:45:04,CMS/RAZORPAY/pay_8892bd3e607840/ORD-2026-3447,CREDIT,7890.43,23787731.13,CORP FIN OPS,HDFC0001234
UTR709742590,2026-04-28 02:00:29,CMS/RAZORPAY/pay_8de0b9bad1ca47/ORD-2026-3448,CREDIT,11176.81,23798907.94,CORP FIN OPS,HDFC0001234
UTR929541677,2026-04-28 02:15:27,CMS/RAZORPAY/pay_580dd1b2ceb040/ORD-2026-3449,CREDIT,9314.7,23808222.64,CORP FIN OPS,HDFC0001234
UTR117358415,2026-04-28 02:30:57,CMS/RAZORPAY/pay_25c804d69d5348/ORD-2026-3450,CREDIT,13493.36,23821716.0,CORP FIN OPS,HDFC0001234
UTR346744870,2026-04-28 02:45:46,CMS/RAZORPAY/pay_5f8253c96e4d4e/ORD-2026-3451,CREDIT,8957.72,23830673.72,CORP FIN OPS,HDFC0001234
UTR420122455,2026-04-28 03:00:39,CMS/RAZORPAY/pay_e227bb903cf743/ORD-2026-3452,CREDIT,7739.9,23838413.62,CORP FIN OPS,HDFC0001234
UTR472351517,2026-04-28 03:15:40,CMS/RAZORPAY/pay_3431a316d1024b/ORD-2026-3453,CREDIT,8214.0,23846627.62,CORP FIN OPS,HDFC0001234
UTR573955613,2026-04-28 03:30:22,CMS/RAZORPAY/pay_abe719f0fa6d40/ORD-2026-3454,CREDIT,13565.05,23860192.67,CORP FIN OPS,HDFC0001234
UTR519292087,2026-04-28 03:45:12,CMS/RAZORPAY/pay_38e437bdd31145/ORD-2026-3455,CREDIT,8123.08,23868315.75,CORP FIN OPS,HDFC0001234
UTR508503245,2026-04-28 04:00:39,CMS/RAZORPAY/pay_d874808c06684b/ORD-2026-3456,CREDIT,1386.96,23869702.71,CORP FIN OPS,HDFC0001234
UTR628786900,2026-04-28 04:15:34,CMS/RAZORPAY/pay_a3d7145664f14a/ORD-2026-3457,CREDIT,2610.69,23872313.4,CORP FIN OPS,HDFC0001234
UTR265265316,2026-04-28 04:30:33,CMS/RAZORPAY/pay_d1622454f3104c/ORD-2026-3458,CREDIT,8654.48,23880967.88,CORP FIN OPS,HDFC0001234
UTR790744185,2026-04-28 04:45:33,CMS/RAZORPAY/pay_6614860dac224d/ORD-2026-3459,CREDIT,497.47,23881465.35,CORP FIN OPS,HDFC0001234
UTR354993957,2026-04-28 05:00:44,CMS/RAZORPAY/pay_06bfa4bf150d46/ORD-2026-3460,CREDIT,4301.28,23885766.63,CORP FIN OPS,HDFC0001234
UTR518925129,2026-04-28 05:15:46,CMS/RAZORPAY/pay_490ebdf0bac743/ORD-2026-3461,CREDIT,9259.51,23895026.14,CORP FIN OPS,HDFC0001234
UTR822640320,2026-04-28 05:30:10,CMS/RAZORPAY/pay_59979f7494714f/ORD-2026-3462,CREDIT,4446.69,23899472.83,CORP FIN OPS,HDFC0001234
UTR467897759,2026-04-28 05:45:16,CMS/RAZORPAY/pay_561d79b4731a40/ORD-2026-3463,CREDIT,3072.79,23902545.62,CORP FIN OPS,HDFC0001234
UTR523126224,2026-04-28 06:00:22,CMS/RAZORPAY/pay_c91947529ba34f/ORD-2026-3464,CREDIT,12189.17,23914734.79,CORP FIN OPS,HDFC0001234
UTR780697570,2026-04-28 06:15:34,CMS/RAZORPAY/pay_339ca8eeeb6044/ORD-2026-3465,CREDIT,10955.93,23925690.72,CORP FIN OPS,HDFC0001234
UTR308915593,2026-04-28 06:30:21,CMS/RAZORPAY/pay_91f93012c25541/ORD-2026-3466,CREDIT,6220.71,23931911.43,CORP FIN OPS,HDFC0001234
UTR452059191,2026-04-28 06:45:48,CMS/RAZORPAY/pay_9fab8f450f294f/ORD-2026-3467,CREDIT,5271.95,23937183.38,CORP FIN OPS,HDFC0001234
UTR280044306,2026-04-28 07:00:37,CMS/RAZORPAY/pay_1f1f2a72d5144b/ORD-2026-3468,CREDIT,3626.31,23940809.69,CORP FIN OPS,HDFC0001234
UTR939325278,2026-04-28 07:15:14,CMS/RAZORPAY/pay_31910b1194c347/ORD-2026-3469,CREDIT,12670.28,23953479.97,CORP FIN OPS,HDFC0001234
UTR520068537,2026-04-28 07:30:01,CMS/RAZORPAY/pay_1457e9662cf14f/ORD-2026-3470,CREDIT,13961.17,23967441.14,CORP FIN OPS,HDFC0001234
UTR514764009,2026-04-28 07:45:39,CMS/RAZORPAY/pay_90492673f0bc4c/ORD-2026-3471,CREDIT,5024.94,23972466.08,CORP FIN OPS,HDFC0001234
UTR381005764,2026-04-28 08:00:12,CMS/RAZORPAY/pay_52b88e9d852341/ORD-2026-3472,CREDIT,4829.25,23977295.33,CORP FIN OPS,HDFC0001234
UTR180004114,2026-04-28 08:15:58,CMS/RAZORPAY/pay_b32fac9ea6ae41/ORD-2026-3473,CREDIT,7301.18,23984596.51,CORP FIN OPS,HDFC0001234
UTR660002094,2026-04-28 08:30:15,CMS/RAZORPAY/pay_05de170806f640/ORD-2026-3474,CREDIT,4298.54,23988895.05,CORP FIN OPS,HDFC0001234
UTR430262024,2026-04-28 08:45:20,CMS/RAZORPAY/pay_84b78386cca24f/ORD-2026-3475,CREDIT,4645.63,23993540.68,CORP FIN OPS,HDFC0001234
UTR332568040,2026-04-28 09:00:39,CMS/RAZORPAY/pay_09d0455341084d/ORD-2026-3476,CREDIT,13033.41,24006574.09,CORP FIN OPS,HDFC0001234
UTR663204192,2026-04-28 09:15:15,CMS/RAZORPAY/pay_6ad2832274ed4b/ORD-2026-3477,CREDIT,11797.5,24018371.59,CORP FIN OPS,HDFC0001234
UTR766547575,2026-04-28 09:30:44,CMS/RAZORPAY/pay_9c27badd1fd848/ORD-2026-3478,CREDIT,12724.21,24031095.8,CORP FIN OPS,HDFC0001234
UTR137787327,2026-04-28 09:45:29,CMS/RAZORPAY/pay_0f94857a795c42/ORD-2026-3479,CREDIT,5909.68,24037005.48,CORP FIN OPS,HDFC0001234
UTR662341139,2026-04-28 10:00:35,CMS/RAZORPAY/pay_b27f4e6e17ce4c/ORD-2026-3480,CREDIT,1339.68,24038345.16,CORP FIN OPS,HDFC0001234
UTR487606407,2026-04-28 10:15:54,CMS/RAZORPAY/pay_3fa28c60b4944e/ORD-2026-3481,CREDIT,7768.94,24046114.1,CORP FIN OPS,HDFC0001234
UTR246941318,2026-04-28 10:30:51,CMS/RAZORPAY/pay_6b614d355b7341/ORD-2026-3482,CREDIT,13412.76,24059526.86,CORP FIN OPS,HDFC0001234
UTR448381081,2026-04-28 10:45:50,CMS/RAZORPAY/pay_f2d8a4b88cf148/ORD-2026-3483,CREDIT,11167.29,24070694.15,CORP FIN OPS,HDFC0001234
UTR279948247,2026-04-28 11:00:45,CMS/RAZORPAY/pay_29124212005845/ORD-2026-3484,CREDIT,5271.98,24075966.13,CORP FIN OPS,HDFC0001234
UTR778789948,2026-04-28 11:15:37,CMS/RAZORPAY/pay_255f8b9307e546/ORD-2026-3485,CREDIT,6462.29,24082428.42,CORP FIN OPS,HDFC0001234
UTR758899330,2026-04-28 11:30:32,CMS/RAZORPAY/pay_b2dc5cc2d77941/ORD-2026-3486,CREDIT,2313.09,24084741.51,CORP FIN OPS,HDFC0001234
UTR456798806,2026-04-28 11:45:08,CMS/RAZORPAY/pay_84d9bc606e4048/ORD-2026-3487,CREDIT,13691.4,24098432.91,CORP FIN OPS,HDFC0001234
UTR960734521,2026-04-28 12:00:40,CMS/RAZORPAY/pay_6316c160a9ac4e/ORD-2026-3488,CREDIT,3738.45,24102171.36,CORP FIN OPS,HDFC0001234
UTR986714725,2026-04-28 12:15:51,CMS/RAZORPAY/pay_457793cbefd140/ORD-2026-3489,CREDIT,5103.34,24107274.7,CORP FIN OPS,HDFC0001234
UTR447867218,2026-04-28 12:30:02,CMS/RAZORPAY/pay_626f212ea24447/ORD-2026-3490,CREDIT,7875.55,24115150.25,CORP FIN OPS,HDFC0001234
UTR832286490,2026-04-28 12:45:18,CMS/RAZORPAY/pay_df8c0e71643f4b/ORD-2026-3491,CREDIT,4781.73,24119931.98,CORP FIN OPS,HDFC0001234
UTR514277130,2026-04-28 13:00:09,CMS/RAZORPAY/pay_cb9d6d7646e148/ORD-2026-3492,CREDIT,7561.21,24127493.19,CORP FIN OPS,HDFC0001234
UTR784319101,2026-04-28 13:15:46,CMS/RAZORPAY/pay_aaa564acc35f4e/ORD-2026-3493,CREDIT,13930.43,24141423.62,CORP FIN OPS,HDFC0001234
UTR239303571,2026-04-28 13:30:47,CMS/RAZORPAY/pay_4b2d633a03cc40/ORD-2026-3494,CREDIT,10450.82,24151874.44,CORP FIN OPS,HDFC0001234
UTR174725150,2026-04-28 13:45:45,CMS/RAZORPAY/pay_e91959ec1d5a49/ORD-2026-3495,CREDIT,8181.05,24160055.49,CORP FIN OPS,HDFC0001234
UTR998011802,2026-04-28 14:00:08,CMS/RAZORPAY/pay_368796d64c3a4b/ORD-2026-3496,CREDIT,3322.33,24163377.82,CORP FIN OPS,HDFC0001234
UTR427351075,2026-04-28 14:15:03,CMS/RAZORPAY/pay_f4765245688c4d/ORD-2026-3497,CREDIT,5827.9,24169205.72,CORP FIN OPS,HDFC0001234
UTR545997993,2026-04-28 14:30:10,CMS/RAZORPAY/pay_e7e0a11926184a/ORD-2026-3498,CREDIT,3375.78,24172581.5,CORP FIN OPS,HDFC0001234
UTR277230903,2026-04-28 14:45:25,CMS/RAZORPAY/pay_2bc81bdec5c549/ORD-2026-3499,CREDIT,7831.58,24180413.08,CORP FIN OPS,HDFC0001234
UTR944952083,2026-04-28 15:00:30,CMS/RAZORPAY/pay_281350d574be46/ORD-2026-3500,CREDIT,7061.11,24187474.19,CORP FIN OPS,HDFC0001234
UTR385218379,2026-04-28 15:15:08,CMS/RAZORPAY/pay_2cc2129f0d1841/ORD-2026-3501,CREDIT,5852.73,24193326.92,CORP FIN OPS,HDFC0001234
UTR196888083,2026-04-28 15:30:24,CMS/RAZORPAY/pay_7c7262833c474e/ORD-2026-3502,CREDIT,13225.29,24206552.21,CORP FIN OPS,HDFC0001234
UTR157011895,2026-04-28 15:45:28,CMS/RAZORPAY/pay_44edfe9b3f844f/ORD-2026-3503,CREDIT,14084.65,24220636.86,CORP FIN OPS,HDFC0001234
UTR838179083,2026-04-28 16:00:28,CMS/RAZORPAY/pay_56f3ae96306e4e/ORD-2026-3504,CREDIT,11633.39,24232270.25,CORP FIN OPS,HDFC0001234
UTR299875360,2026-04-28 16:15:20,CMS/RAZORPAY/pay_2e145d1d50ef42/ORD-2026-3505,CREDIT,3061.93,24235332.18,CORP FIN OPS,HDFC0001234
UTR329886507,2026-04-28 16:30:56,CMS/RAZORPAY/pay_327b4eb14cb147/ORD-2026-3506,CREDIT,2911.9,24238244.08,CORP FIN OPS,HDFC0001234
UTR451064939,2026-04-28 16:45:40,CMS/RAZORPAY/pay_8302626c511244/ORD-2026-3507,CREDIT,4780.82,24243024.9,CORP FIN OPS,HDFC0001234
UTR490511624,2026-04-28 17:00:54,CMS/RAZORPAY/pay_e229c52046aa4a/ORD-2026-3508,CREDIT,13152.66,24256177.56,CORP FIN OPS,HDFC0001234
UTR430778431,2026-04-28 17:15:07,CMS/RAZORPAY/pay_170ba74e2b1b4f/ORD-2026-3509,CREDIT,7412.83,24263590.39,CORP FIN OPS,HDFC0001234
UTR629464013,2026-04-28 17:30:51,CMS/RAZORPAY/pay_5ccc17dd7fe143/ORD-2026-3510,CREDIT,6053.38,24269643.77,CORP FIN OPS,HDFC0001234
UTR380287338,2026-04-28 17:45:51,CMS/RAZORPAY/pay_4c88a55844bc48/ORD-2026-3511,CREDIT,13981.68,24283625.45,CORP FIN OPS,HDFC0001234
UTR225068275,2026-04-28 18:00:38,CMS/RAZORPAY/pay_0f273951c12a48/ORD-2026-3512,CREDIT,12166.53,24295791.98,CORP FIN OPS,HDFC0001234
UTR287186021,2026-04-28 18:15:04,CMS/RAZORPAY/pay_c04e2b6ed96d41/ORD-2026-3513,CREDIT,2783.03,24298575.01,CORP FIN OPS,HDFC0001234
UTR739838225,2026-04-28 18:30:48,CMS/RAZORPAY/pay_f52b0ce1c8284f/ORD-2026-3514,CREDIT,7949.36,24306524.37,CORP FIN OPS,HDFC0001234
UTR626485141,2026-04-28 18:45:37,CMS/RAZORPAY/pay_7041c266c25c43/ORD-2026-3515,CREDIT,13955.61,24320479.98,CORP FIN OPS,HDFC0001234
UTR130148921,2026-04-28 19:00:08,CMS/RAZORPAY/pay_3bdcab11b5f345/ORD-2026-3516,CREDIT,11718.64,24332198.62,CORP FIN OPS,HDFC0001234
UTR158294110,2026-04-28 19:15:02,CMS/RAZORPAY/pay_ea438cd107644f/ORD-2026-3517,CREDIT,12994.8,24345193.42,CORP FIN OPS,HDFC0001234
UTR970625125,2026-04-28 19:30:33,CMS/RAZORPAY/pay_16f9878551654a/ORD-2026-3518,CREDIT,7616.1,24352809.52,CORP FIN OPS,HDFC0001234
UTR844446263,2026-04-28 19:45:32,CMS/RAZORPAY/pay_4ac69b50a34042/ORD-2026-3519,CREDIT,5547.68,24358357.2,CORP FIN OPS,HDFC0001234
UTR165370487,2026-04-28 20:00:12,CMS/RAZORPAY/pay_a8ca8e80405041/ORD-2026-3520,CREDIT,733.65,24359090.85,CORP FIN OPS,HDFC0001234
UTR974748176,2026-04-28 20:15:29,CMS/RAZORPAY/pay_d0834db94ecf46/ORD-2026-3521,CREDIT,1428.39,24360519.24,CORP FIN OPS,HDFC0001234
UTR200469209,2026-04-28 20:30:49,CMS/RAZORPAY/pay_f78191e14bb644/ORD-2026-3522,CREDIT,2600.76,24363120.0,CORP FIN OPS,HDFC0001234
UTR812973558,2026-04-28 20:45:05,CMS/RAZORPAY/pay_343c3b6ec70e4f/ORD-2026-3523,CREDIT,4775.04,24367895.04,CORP FIN OPS,HDFC0001234
UTR889116616,2026-04-28 21:00:39,CMS/RAZORPAY/pay_edfc999b10ed49/ORD-2026-3524,CREDIT,12143.6,24380038.64,CORP FIN OPS,HDFC0001234
UTR604762395,2026-04-28 21:15:13,CMS/RAZORPAY/pay_df601bdf7e7247/ORD-2026-3525,CREDIT,10211.41,24390250.05,CORP FIN OPS,HDFC0001234
UTR223662999,2026-04-28 21:30:03,CMS/RAZORPAY/pay_92c2b77c25814e/ORD-2026-3526,CREDIT,9454.2,24399704.25,CORP FIN OPS,HDFC0001234
UTR226786584,2026-04-28 21:45:26,CMS/RAZORPAY/pay_b68fbfbd11764d/ORD-2026-3527,CREDIT,7093.57,24406797.82,CORP FIN OPS,HDFC0001234
UTR928259645,2026-04-28 22:00:07,CMS/RAZORPAY/pay_af16913d6a0845/ORD-2026-3528,CREDIT,2083.92,24408881.74,CORP FIN OPS,HDFC0001234
UTR294032644,2026-04-28 22:15:07,CMS/RAZORPAY/pay_d3d5e3f2a58e4f/ORD-2026-3529,CREDIT,9230.76,24418112.5,CORP FIN OPS,HDFC0001234
UTR468227873,2026-04-28 22:30:59,CMS/RAZORPAY/pay_41181a998b384e/ORD-2026-3530,CREDIT,4008.87,24422121.37,CORP FIN OPS,HDFC0001234
UTR306635789,2026-04-28 22:45:24,CMS/RAZORPAY/pay_09d1da43246a4d/ORD-2026-3531,CREDIT,5263.81,24427385.18,CORP FIN OPS,HDFC0001234
UTR588921094,2026-04-28 23:00:06,CMS/RAZORPAY/pay_205b86a653ea44/ORD-2026-3532,CREDIT,2606.66,24429991.84,CORP FIN OPS,HDFC0001234
UTR405426333,2026-04-28 23:15:50,CMS/RAZORPAY/pay_ba1de5368fba42/ORD-2026-3533,CREDIT,8393.73,24438385.57,CORP FIN OPS,HDFC0001234
UTR462018091,2026-04-28 23:30:36,CMS/RAZORPAY/pay_d6489b3099244d/ORD-2026-3534,CREDIT,9902.05,24448287.62,CORP FIN OPS,HDFC0001234
UTR503272671,2026-04-28 23:45:53,CMS/RAZORPAY/pay_590a9543223a46/ORD-2026-3535,CREDIT,12143.44,24460431.06,CORP FIN OPS,HDFC0001234
UTR475783148,2026-04-29 00:00:53,CMS/RAZORPAY/pay_cceb253b21404a/ORD-2026-3536,CREDIT,11686.68,24472117.74,CORP FIN OPS,HDFC0001234
UTR710819605,2026-04-29 00:15:49,CMS/RAZORPAY/pay_4d3a3623e0574c/ORD-2026-3537,CREDIT,10321.65,24482439.39,CORP FIN OPS,HDFC0001234
UTR345740029,2026-04-29 00:30:07,CMS/RAZORPAY/pay_e0fb2d5a7ea34b/ORD-2026-3538,CREDIT,2496.89,24484936.28,CORP FIN OPS,HDFC0001234
UTR679433317,2026-04-29 00:45:19,CMS/RAZORPAY/pay_e0fb0244680844/ORD-2026-3539,CREDIT,11284.54,24496220.82,CORP FIN OPS,HDFC0001234
UTR180475880,2026-04-29 01:00:09,CMS/RAZORPAY/pay_1bb67a1eab6449/ORD-2026-3540,CREDIT,14505.84,24510726.66,CORP FIN OPS,HDFC0001234
UTR759547154,2026-04-29 01:15:14,CMS/RAZORPAY/pay_91eaca81ca7345/ORD-2026-3541,CREDIT,8381.58,24519108.24,CORP FIN OPS,HDFC0001234
UTR765102292,2026-04-29 01:30:28,CMS/RAZORPAY/pay_abdbc3ab6b244f/ORD-2026-3542,CREDIT,10665.41,24529773.65,CORP FIN OPS,HDFC0001234
UTR734380277,2026-04-29 01:45:26,CMS/RAZORPAY/pay_2e459632e67e4e/ORD-2026-3543,CREDIT,3719.03,24533492.68,CORP FIN OPS,HDFC0001234
UTR214932980,2026-04-29 02:00:16,CMS/RAZORPAY/pay_c23e1f8169a24a/ORD-2026-3544,CREDIT,13979.37,24547472.05,CORP FIN OPS,HDFC0001234
UTR108136255,2026-04-29 02:15:45,CMS/RAZORPAY/pay_43ee23507ef64d/ORD-2026-3545,CREDIT,12755.29,24560227.34,CORP FIN OPS,HDFC0001234
UTR118103437,2026-04-29 02:30:31,CMS/RAZORPAY/pay_f7e2551c32df42/ORD-2026-3546,CREDIT,8479.27,24568706.61,CORP FIN OPS,HDFC0001234
UTR944862559,2026-04-29 02:45:04,CMS/RAZORPAY/pay_4880e48630a64b/ORD-2026-3547,CREDIT,5739.16,24574445.77,CORP FIN OPS,HDFC0001234
UTR285201676,2026-04-29 03:00:30,CMS/RAZORPAY/pay_eee353248f3b41/ORD-2026-3548,CREDIT,12403.1,24586848.87,CORP FIN OPS,HDFC0001234
UTR102933494,2026-04-29 03:15:02,CMS/RAZORPAY/pay_540a4c0360564b/ORD-2026-3549,CREDIT,8344.95,24595193.82,CORP FIN OPS,HDFC0001234
UTR322500199,2026-04-29 03:30:51,CMS/RAZORPAY/pay_035f036f92e74d/ORD-2026-3550,CREDIT,13392.57,24608586.39,CORP FIN OPS,HDFC0001234
UTR582459879,2026-04-29 03:45:17,CMS/RAZORPAY/pay_d49aa3d6fa4e42/ORD-2026-3551,CREDIT,11296.89,24619883.28,CORP FIN OPS,HDFC0001234
UTR654351339,2026-04-29 04:00:34,CMS/RAZORPAY/pay_b35194adb2b641/ORD-2026-3552,CREDIT,674.07,24620557.35,CORP FIN OPS,HDFC0001234
UTR580779943,2026-04-29 04:15:09,CMS/RAZORPAY/pay_e310d022265b41/ORD-2026-3553,CREDIT,8880.2,24629437.55,CORP FIN OPS,HDFC0001234
UTR597631383,2026-04-29 04:30:12,CMS/RAZORPAY/pay_8cd17616edbd49/ORD-2026-3554,CREDIT,7685.49,24637123.04,CORP FIN OPS,HDFC0001234
UTR157856516,2026-04-29 04:45:45,CMS/RAZORPAY/pay_065bc3a80aa04c/ORD-2026-3555,CREDIT,3733.02,24640856.06,CORP FIN OPS,HDFC0001234
UTR669828484,2026-04-29 05:00:19,CMS/RAZORPAY/pay_25d3286fe7904f/ORD-2026-3556,CREDIT,3312.61,24644168.67,CORP FIN OPS,HDFC0001234
UTR311047815,2026-04-29 05:15:01,CMS/RAZORPAY/pay_4205b35be85f47/ORD-2026-3557,CREDIT,8489.21,24652657.88,CORP FIN OPS,HDFC0001234
UTR667067028,2026-04-29 05:30:27,CMS/RAZORPAY/pay_6fed1fec63b249/ORD-2026-3558,CREDIT,10446.9,24663104.78,CORP FIN OPS,HDFC0001234
UTR229381992,2026-04-29 05:45:21,CMS/RAZORPAY/pay_b1ff1f10971f46/ORD-2026-3559,CREDIT,3305.1,24666409.88,CORP FIN OPS,HDFC0001234
UTR983244394,2026-04-29 06:00:59,CMS/RAZORPAY/pay_76e97471aed844/ORD-2026-3560,CREDIT,4087.42,24670497.3,CORP FIN OPS,HDFC0001234
UTR259894714,2026-04-29 06:15:22,CMS/RAZORPAY/pay_418dead8b1364c/ORD-2026-3561,CREDIT,8772.6,24679269.9,CORP FIN OPS,HDFC0001234
UTR610031015,2026-04-29 06:30:02,CMS/RAZORPAY/pay_4daac994100e45/ORD-2026-3562,CREDIT,1303.41,24680573.31,CORP FIN OPS,HDFC0001234
UTR207553685,2026-04-29 06:45:40,CMS/RAZORPAY/pay_a93863d35f7845/ORD-2026-3563,CREDIT,8831.6,24689404.91,CORP FIN OPS,HDFC0001234
UTR731912405,2026-04-29 07:00:42,CMS/RAZORPAY/pay_06a84d051f5e4f/ORD-2026-3564,CREDIT,7104.97,24696509.88,CORP FIN OPS,HDFC0001234
UTR803411698,2026-04-29 07:15:15,CMS/RAZORPAY/pay_bb8d00f739cc48/ORD-2026-3565,CREDIT,8188.32,24704698.2,CORP FIN OPS,HDFC0001234
UTR851548284,2026-04-29 07:30:00,CMS/RAZORPAY/pay_23d9ae83acd74e/ORD-2026-3566,CREDIT,4948.58,24709646.78,CORP FIN OPS,HDFC0001234
UTR145415982,2026-04-29 07:45:38,CMS/RAZORPAY/pay_1e4991bd9e2848/ORD-2026-3567,CREDIT,7593.09,24717239.87,CORP FIN OPS,HDFC0001234
UTR524128244,2026-04-29 08:00:40,CMS/RAZORPAY/pay_8b1fdb2813704c/ORD-2026-3568,CREDIT,3655.02,24720894.89,CORP FIN OPS,HDFC0001234
UTR571391281,2026-04-29 08:15:52,CMS/RAZORPAY/pay_10f48fedd26849/ORD-2026-3569,CREDIT,6357.69,24727252.58,CORP FIN OPS,HDFC0001234
UTR510173692,2026-04-29 08:30:09,CMS/RAZORPAY/pay_ef27fc4c202549/ORD-2026-3570,CREDIT,3550.3,24730802.88,CORP FIN OPS,HDFC0001234
UTR713125807,2026-04-29 08:45:14,CMS/RAZORPAY/pay_d8d25275967e4e/ORD-2026-3571,CREDIT,12252.15,24743055.03,CORP FIN OPS,HDFC0001234
UTR891313326,2026-04-29 09:00:36,CMS/RAZORPAY/pay_f1615329908c4f/ORD-2026-3572,CREDIT,13399.69,24756454.72,CORP FIN OPS,HDFC0001234
UTR983202015,2026-04-29 09:15:56,CMS/RAZORPAY/pay_01d065d8007f40/ORD-2026-3573,CREDIT,6587.19,24763041.91,CORP FIN OPS,HDFC0001234
UTR154740212,2026-04-29 09:30:52,CMS/RAZORPAY/pay_15a1f88df78f4c/ORD-2026-3574,CREDIT,13287.94,24776329.85,CORP FIN OPS,HDFC0001234
UTR158972550,2026-04-29 09:45:42,CMS/RAZORPAY/pay_05039c2bc94c49/ORD-2026-3575,CREDIT,9821.93,24786151.78,CORP FIN OPS,HDFC0001234
UTR685992093,2026-04-29 10:00:15,CMS/RAZORPAY/pay_89eda8e1aa6b45/ORD-2026-3576,CREDIT,5717.77,24791869.55,CORP FIN OPS,HDFC0001234
UTR937560952,2026-04-29 10:15:57,CMS/RAZORPAY/pay_92c3afe178244f/ORD-2026-3577,CREDIT,2563.82,24794433.37,CORP FIN OPS,HDFC0001234
UTR884858813,2026-04-29 10:30:32,CMS/RAZORPAY/pay_170dc5c7bfdf41/ORD-2026-3578,CREDIT,920.52,24795353.89,CORP FIN OPS,HDFC0001234
UTR426540001,2026-04-29 10:45:48,CMS/RAZORPAY/pay_1226f296415647/ORD-2026-3579,CREDIT,2190.57,24797544.46,CORP FIN OPS,HDFC0001234
UTR350329827,2026-04-29 11:00:32,CMS/RAZORPAY/pay_66bf875fe84847/ORD-2026-3580,CREDIT,5780.38,24803324.84,CORP FIN OPS,HDFC0001234
UTR971739084,2026-04-29 11:15:16,CMS/RAZORPAY/pay_c024368383d147/ORD-2026-3581,CREDIT,8134.76,24811459.6,CORP FIN OPS,HDFC0001234
UTR815739157,2026-04-29 11:30:53,CMS/RAZORPAY/pay_88a760201e0e46/ORD-2026-3582,CREDIT,12417.46,24823877.06,CORP FIN OPS,HDFC0001234
UTR421645450,2026-04-29 11:45:05,CMS/RAZORPAY/pay_5117847e058b41/ORD-2026-3583,CREDIT,11313.39,24835190.45,CORP FIN OPS,HDFC0001234
UTR636531976,2026-04-29 12:00:38,CMS/RAZORPAY/pay_d9f8c9ff297c4b/ORD-2026-3584,CREDIT,9979.76,24845170.21,CORP FIN OPS,HDFC0001234
UTR907621959,2026-04-29 12:15:37,CMS/RAZORPAY/pay_bd460089827044/ORD-2026-3585,CREDIT,13842.83,24859013.04,CORP FIN OPS,HDFC0001234
UTR386833451,2026-04-29 12:30:37,CMS/RAZORPAY/pay_6dc3642665db43/ORD-2026-3586,CREDIT,5509.14,24864522.18,CORP FIN OPS,HDFC0001234
UTR723816877,2026-04-29 12:45:07,CMS/RAZORPAY/pay_6d151256aeab4b/ORD-2026-3587,CREDIT,5508.7,24870030.88,CORP FIN OPS,HDFC0001234
UTR290083749,2026-04-29 13:00:18,CMS/RAZORPAY/pay_5aad615e58fc40/ORD-2026-3588,CREDIT,10033.28,24880064.16,CORP FIN OPS,HDFC0001234
UTR480150328,2026-04-29 13:15:49,CMS/RAZORPAY/pay_5c0c61f232e645/ORD-2026-3589,CREDIT,13669.26,24893733.42,CORP FIN OPS,HDFC0001234
UTR148498317,2026-04-29 13:30:44,CMS/RAZORPAY/pay_3aeac52277c243/ORD-2026-3590,CREDIT,9544.29,24903277.71,CORP FIN OPS,HDFC0001234
UTR873475216,2026-04-29 13:45:27,CMS/RAZORPAY/pay_0aa9113a45414f/ORD-2026-3591,CREDIT,850.94,24904128.65,CORP FIN OPS,HDFC0001234
UTR169535444,2026-04-29 14:00:00,CMS/RAZORPAY/pay_e2a7cf774fdb49/ORD-2026-3592,CREDIT,2653.62,24906782.27,CORP FIN OPS,HDFC0001234
UTR271591719,2026-04-29 14:15:48,CMS/RAZORPAY/pay_5b0cb5305aa449/ORD-2026-3593,CREDIT,3930.78,24910713.05,CORP FIN OPS,HDFC0001234
UTR234279687,2026-04-29 14:30:32,CMS/RAZORPAY/pay_a8706c4a729c46/ORD-2026-3594,CREDIT,14188.16,24924901.21,CORP FIN OPS,HDFC0001234
UTR671985962,2026-04-29 14:45:02,CMS/RAZORPAY/pay_d30c9758354e43/ORD-2026-3595,CREDIT,12951.8,24937853.01,CORP FIN OPS,HDFC0001234
UTR262498681,2026-04-29 15:00:38,CMS/RAZORPAY/pay_2d2a215724184e/ORD-2026-3596,CREDIT,8639.56,24946492.57,CORP FIN OPS,HDFC0001234
UTR168085947,2026-04-29 15:15:19,CMS/RAZORPAY/pay_781101b41a5b43/ORD-2026-3597,CREDIT,1533.79,24948026.36,CORP FIN OPS,HDFC0001234
UTR366594153,2026-04-29 15:30:48,CMS/RAZORPAY/pay_bc09ec94ab6944/ORD-2026-3598,CREDIT,14463.87,24962490.23,CORP FIN OPS,HDFC0001234
UTR215921670,2026-04-29 15:45:30,CMS/RAZORPAY/pay_33305df132354c/ORD-2026-3599,CREDIT,10677.77,24973168.0,CORP FIN OPS,HDFC0001234
UTR366959463,2026-04-29 16:00:58,CMS/RAZORPAY/pay_51c4678496bb47/ORD-2026-3600,CREDIT,4091.53,24977259.53,CORP FIN OPS,HDFC0001234
UTR937259691,2026-04-29 16:15:58,CMS/RAZORPAY/pay_e3caea0e5f4948/ORD-2026-3601,CREDIT,2832.35,24980091.88,CORP FIN OPS,HDFC0001234
UTR381516573,2026-04-29 16:30:39,CMS/RAZORPAY/pay_570a9a90b93f43/ORD-2026-3602,CREDIT,1866.63,24981958.51,CORP FIN OPS,HDFC0001234
UTR307499118,2026-04-29 16:45:01,CMS/RAZORPAY/pay_44abba8260114b/ORD-2026-3603,CREDIT,11640.27,24993598.78,CORP FIN OPS,HDFC0001234
UTR894929258,2026-04-29 17:00:57,CMS/RAZORPAY/pay_30ea194a0d114d/ORD-2026-3604,CREDIT,13393.8,25006992.58,CORP FIN OPS,HDFC0001234
UTR377768271,2026-04-29 17:15:34,CMS/RAZORPAY/pay_45d59a54013d46/ORD-2026-3605,CREDIT,8148.17,25015140.75,CORP FIN OPS,HDFC0001234
UTR691795978,2026-04-29 17:30:17,CMS/RAZORPAY/pay_b4e2b1a91f904b/ORD-2026-3606,CREDIT,1615.43,25016756.18,CORP FIN OPS,HDFC0001234
UTR212298648,2026-04-29 17:45:39,CMS/RAZORPAY/pay_1a1149207cbc46/ORD-2026-3607,CREDIT,3103.26,25019859.44,CORP FIN OPS,HDFC0001234
UTR384569985,2026-04-29 18:00:39,CMS/RAZORPAY/pay_f6006a0f2eaa49/ORD-2026-3608,CREDIT,9877.2,25029736.64,CORP FIN OPS,HDFC0001234
UTR764157741,2026-04-29 18:15:19,CMS/RAZORPAY/pay_026a5520cddd48/ORD-2026-3609,CREDIT,13659.34,25043395.98,CORP FIN OPS,HDFC0001234
UTR196954451,2026-04-29 18:30:37,CMS/RAZORPAY/pay_a5dda07e6ffb48/ORD-2026-3610,CREDIT,4186.49,25047582.47,CORP FIN OPS,HDFC0001234
UTR233269420,2026-04-29 18:45:38,CMS/RAZORPAY/pay_dee8081df72c4a/ORD-2026-3611,CREDIT,10108.75,25057691.22,CORP FIN OPS,HDFC0001234
UTR487960179,2026-04-29 19:00:59,CMS/RAZORPAY/pay_0db28c78db1549/ORD-2026-3612,CREDIT,5889.26,25063580.48,CORP FIN OPS,HDFC0001234
UTR609469912,2026-04-29 19:15:27,CMS/RAZORPAY/pay_49a159447c714d/ORD-2026-3613,CREDIT,10154.67,25073735.15,CORP FIN OPS,HDFC0001234
UTR928168903,2026-04-29 19:30:13,CMS/RAZORPAY/pay_f695be838e7c48/ORD-2026-3614,CREDIT,6452.16,25080187.31,CORP FIN OPS,HDFC0001234
UTR207383106,2026-04-29 19:45:23,CMS/RAZORPAY/pay_e2efe19196c048/ORD-2026-3615,CREDIT,8975.72,25089163.03,CORP FIN OPS,HDFC0001234
UTR126600019,2026-04-29 20:00:19,CMS/RAZORPAY/pay_d969e239c4ff48/ORD-2026-3616,CREDIT,7996.84,25097159.87,CORP FIN OPS,HDFC0001234
UTR504087177,2026-04-29 20:15:43,CMS/RAZORPAY/pay_c2a9631331254c/ORD-2026-3617,CREDIT,12737.31,25109897.18,CORP FIN OPS,HDFC0001234
UTR153689612,2026-04-29 20:30:16,CMS/RAZORPAY/pay_74e1d009d84440/ORD-2026-3618,CREDIT,2779.34,25112676.52,CORP FIN OPS,HDFC0001234
UTR491043371,2026-04-29 20:45:48,CMS/RAZORPAY/pay_e7089a8e0e094d/ORD-2026-3619,CREDIT,6761.46,25119437.98,CORP FIN OPS,HDFC0001234
UTR940221054,2026-04-29 21:00:14,CMS/RAZORPAY/pay_36ae18942bf04a/ORD-2026-3620,CREDIT,3210.57,25122648.55,CORP FIN OPS,HDFC0001234
UTR240505379,2026-04-29 21:15:16,CMS/RAZORPAY/pay_4274195e269843/ORD-2026-3621,CREDIT,11799.29,25134447.84,CORP FIN OPS,HDFC0001234
UTR549612179,2026-04-29 21:30:18,CMS/RAZORPAY/pay_5dc7c1ab9e494f/ORD-2026-3622,CREDIT,1255.44,25135703.28,CORP FIN OPS,HDFC0001234
UTR753092884,2026-04-29 21:45:59,CMS/RAZORPAY/pay_e35007e6191d4d/ORD-2026-3623,CREDIT,1248.47,25136951.75,CORP FIN OPS,HDFC0001234
UTR263376073,2026-04-29 22:00:48,CMS/RAZORPAY/pay_2f0044a7cd384e/ORD-2026-3624,CREDIT,11788.83,25148740.58,CORP FIN OPS,HDFC0001234
UTR608898251,2026-04-29 22:15:08,CMS/RAZORPAY/pay_caf21bc1fd014b/ORD-2026-3625,CREDIT,11302.06,25160042.64,CORP FIN OPS,HDFC0001234
UTR184895487,2026-04-29 22:30:45,CMS/RAZORPAY/pay_7f16173ca4744d/ORD-2026-3626,CREDIT,14412.31,25174454.95,CORP FIN OPS,HDFC0001234
UTR975406144,2026-04-29 22:45:51,CMS/RAZORPAY/pay_3d5b722fba724f/ORD-2026-3627,CREDIT,7808.77,25182263.72,CORP FIN OPS,HDFC0001234
UTR676438777,2026-04-29 23:00:06,CMS/RAZORPAY/pay_206395b4b7d947/ORD-2026-3628,CREDIT,7207.29,25189471.01,CORP FIN OPS,HDFC0001234
UTR631002070,2026-04-29 23:15:55,CMS/RAZORPAY/pay_669cecb5927947/ORD-2026-3629,CREDIT,1608.54,25191079.55,CORP FIN OPS,HDFC0001234
UTR961048611,2026-04-29 23:30:08,CMS/RAZORPAY/pay_103aec00b53f42/ORD-2026-3630,CREDIT,14564.11,25205643.66,CORP FIN OPS,HDFC0001234
UTR556327580,2026-04-29 23:45:09,CMS/RAZORPAY/pay_ff05f9b64afb49/ORD-2026-3631,CREDIT,10829.72,25216473.38,CORP FIN OPS,HDFC0001234
UTR369754569,2026-04-30 00:00:48,CMS/RAZORPAY/pay_837bbf75424a4a/ORD-2026-3632,CREDIT,13010.75,25229484.13,CORP FIN OPS,HDFC0001234
UTR847790627,2026-04-30 00:15:55,CMS/RAZORPAY/pay_46be8fa5574f4e/ORD-2026-3633,CREDIT,11142.79,25240626.92,CORP FIN OPS,HDFC0001234
UTR979395613,2026-04-30 00:30:16,CMS/RAZORPAY/pay_a4d2d628558f4f/ORD-2026-3634,CREDIT,13909.62,25254536.54,CORP FIN OPS,HDFC0001234
UTR821285130,2026-04-30 00:45:20,CMS/RAZORPAY/pay_41c19e8e96134f/ORD-2026-3635,CREDIT,12927.94,25267464.48,CORP FIN OPS,HDFC0001234
UTR825656872,2026-04-30 01:00:16,CMS/RAZORPAY/pay_c50fd406624b41/ORD-2026-3636,CREDIT,4813.44,25272277.92,CORP FIN OPS,HDFC0001234
UTR463503699,2026-04-30 01:15:54,CMS/RAZORPAY/pay_a7837c4a842745/ORD-2026-3637,CREDIT,12947.83,25285225.75,CORP FIN OPS,HDFC0001234
UTR865497633,2026-04-30 01:30:18,CMS/RAZORPAY/pay_529c03d15d5c47/ORD-2026-3638,CREDIT,11386.18,25296611.93,CORP FIN OPS,HDFC0001234
UTR191125018,2026-04-30 01:45:28,CMS/RAZORPAY/pay_4e74ca54cf3b44/ORD-2026-3639,CREDIT,13246.79,25309858.72,CORP FIN OPS,HDFC0001234
UTR415110824,2026-04-30 02:00:10,CMS/RAZORPAY/pay_2d9daec3a02b4e/ORD-2026-3640,CREDIT,922.92,25310781.64,CORP FIN OPS,HDFC0001234
UTR980090070,2026-04-30 02:15:57,CMS/RAZORPAY/pay_a7c2a20b58db4b/ORD-2026-3641,CREDIT,7209.38,25317991.02,CORP FIN OPS,HDFC0001234
UTR960277776,2026-04-30 02:30:38,CMS/RAZORPAY/pay_353a3dbde2c34b/ORD-2026-3642,CREDIT,11588.45,25329579.47,CORP FIN OPS,HDFC0001234
UTR867465756,2026-04-30 02:45:24,CMS/RAZORPAY/pay_e3f192fb0c444b/ORD-2026-3643,CREDIT,9108.61,25338688.08,CORP FIN OPS,HDFC0001234
UTR640136501,2026-04-30 03:00:39,CMS/RAZORPAY/pay_4e12fbb7630446/ORD-2026-3644,CREDIT,13142.36,25351830.44,CORP FIN OPS,HDFC0001234
UTR851624282,2026-04-30 03:15:32,CMS/RAZORPAY/pay_0cc4fa0768bf4e/ORD-2026-3645,CREDIT,1466.83,25353297.27,CORP FIN OPS,HDFC0001234
UTR407740560,2026-04-30 03:30:53,CMS/RAZORPAY/pay_29c999b8fa3644/ORD-2026-3646,CREDIT,6505.05,25359802.32,CORP FIN OPS,HDFC0001234
UTR819434865,2026-04-30 03:45:16,CMS/RAZORPAY/pay_d1551df3270842/ORD-2026-3647,CREDIT,6540.63,25366342.95,CORP FIN OPS,HDFC0001234
UTR839200409,2026-04-30 04:00:30,CMS/RAZORPAY/pay_2df2c540c15b40/ORD-2026-3648,CREDIT,9022.07,25375365.02,CORP FIN OPS,HDFC0001234
UTR693211288,2026-04-30 04:15:00,CMS/RAZORPAY/pay_225574da7afc4f/ORD-2026-3649,CREDIT,9574.49,25384939.51,CORP FIN OPS,HDFC0001234
UTR232427634,2026-04-30 04:30:29,CMS/RAZORPAY/pay_a0346d72529849/ORD-2026-3650,CREDIT,14084.57,25399024.08,CORP FIN OPS,HDFC0001234
UTR678603686,2026-04-30 04:45:51,CMS/RAZORPAY/pay_62ba2bde1bb941/ORD-2026-3651,CREDIT,9295.75,25408319.83,CORP FIN OPS,HDFC0001234
UTR933665199,2026-04-30 05:00:38,CMS/RAZORPAY/pay_9c4eb740d9984d/ORD-2026-3652,CREDIT,1350.7,25409670.53,CORP FIN OPS,HDFC0001234
UTR242641127,2026-04-30 05:15:06,CMS/RAZORPAY/pay_f5a6a418da224f/ORD-2026-3653,CREDIT,4370.84,25414041.37,CORP FIN OPS,HDFC0001234
UTR504631194,2026-04-30 05:30:51,CMS/RAZORPAY/pay_d7b754549aea47/ORD-2026-3654,CREDIT,1755.91,25415797.28,CORP FIN OPS,HDFC0001234
UTR287936545,2026-04-30 05:45:57,CMS/RAZORPAY/pay_793dbcf97f4c45/ORD-2026-3655,CREDIT,3372.65,25419169.93,CORP FIN OPS,HDFC0001234
UTR659917125,2026-04-30 06:00:36,CMS/RAZORPAY/pay_c8b39bd137474e/ORD-2026-3656,CREDIT,11706.12,25430876.05,CORP FIN OPS,HDFC0001234
UTR636837816,2026-04-30 06:15:25,CMS/RAZORPAY/pay_9e284518a1654d/ORD-2026-3657,CREDIT,13512.67,25444388.72,CORP FIN OPS,HDFC0001234
UTR285115751,2026-04-30 06:30:45,CMS/RAZORPAY/pay_de0ff6912f314a/ORD-2026-3658,CREDIT,8672.45,25453061.17,CORP FIN OPS,HDFC0001234
UTR148084413,2026-04-30 06:45:00,CMS/RAZORPAY/pay_dfb4f3b179884e/ORD-2026-3659,CREDIT,3109.02,25456170.19,CORP FIN OPS,HDFC0001234
UTR842669602,2026-04-30 07:00:29,CMS/RAZORPAY/pay_85f2fd071b8e4b/ORD-2026-3660,CREDIT,6632.27,25462802.46,CORP FIN OPS,HDFC0001234
UTR777938135,2026-04-30 07:15:45,CMS/RAZORPAY/pay_c704c892dafd44/ORD-2026-3661,CREDIT,5956.42,25468758.88,CORP FIN OPS,HDFC0001234
UTR417260330,2026-04-30 07:30:24,CMS/RAZORPAY/pay_a216adb0db8a44/ORD-2026-3662,CREDIT,11769.97,25480528.85,CORP FIN OPS,HDFC0001234
UTR693814150,2026-04-30 07:45:41,CMS/RAZORPAY/pay_0f8bab1f588b45/ORD-2026-3663,CREDIT,3942.26,25484471.11,CORP FIN OPS,HDFC0001234
UTR150857432,2026-04-30 08:00:17,CMS/RAZORPAY/pay_6040a75da17742/ORD-2026-3664,CREDIT,6450.62,25490921.73,CORP FIN OPS,HDFC0001234
UTR538803961,2026-04-30 08:15:50,CMS/RAZORPAY/pay_2e81a5586d8949/ORD-2026-3665,CREDIT,1870.82,25492792.55,CORP FIN OPS,HDFC0001234
UTR118148059,2026-04-30 08:30:53,CMS/RAZORPAY/pay_0966e1dde4b24d/ORD-2026-3666,CREDIT,11129.16,25503921.71,CORP FIN OPS,HDFC0001234
UTR975722736,2026-04-30 08:45:47,CMS/RAZORPAY/pay_82a48f4819ab42/ORD-2026-3667,CREDIT,8817.61,25512739.32,CORP FIN OPS,HDFC0001234
UTR839842062,2026-04-30 09:00:27,CMS/RAZORPAY/pay_d9b0b4f149f94b/ORD-2026-3668,CREDIT,6616.41,25519355.73,CORP FIN OPS,HDFC0001234
UTR179269797,2026-04-30 09:15:57,CMS/RAZORPAY/pay_2186ac0ae73d41/ORD-2026-3669,CREDIT,9652.61,25529008.34,CORP FIN OPS,HDFC0001234
UTR855999768,2026-04-30 09:30:00,CMS/RAZORPAY/pay_0cb0e0e7befd49/ORD-2026-3670,CREDIT,11924.35,25540932.69,CORP FIN OPS,HDFC0001234
UTR759404712,2026-04-30 09:45:30,CMS/RAZORPAY/pay_a99f8525a4574f/ORD-2026-3671,CREDIT,1082.23,25542014.92,CORP FIN OPS,HDFC0001234
UTR916267975,2026-04-30 10:00:26,CMS/RAZORPAY/pay_8ffe1a1b3fab44/ORD-2026-3672,CREDIT,8249.99,25550264.91,CORP FIN OPS,HDFC0001234
UTR673695782,2026-04-30 10:15:10,CMS/RAZORPAY/pay_6a96a366ded746/ORD-2026-3673,CREDIT,5987.29,25556252.2,CORP FIN OPS,HDFC0001234
UTR679751450,2026-04-30 10:30:35,CMS/RAZORPAY/pay_58bb569a057e41/ORD-2026-3674,CREDIT,8351.74,25564603.94,CORP FIN OPS,HDFC0001234
UTR832429575,2026-04-30 10:45:50,CMS/RAZORPAY/pay_15a353a3733948/ORD-2026-3675,CREDIT,9186.26,25573790.2,CORP FIN OPS,HDFC0001234
UTR734970011,2026-04-30 11:00:11,CMS/RAZORPAY/pay_cb1a9f65447c43/ORD-2026-3676,CREDIT,5627.78,25579417.98,CORP FIN OPS,HDFC0001234
UTR504859260,2026-04-30 11:15:44,CMS/RAZORPAY/pay_add61c13c62744/ORD-2026-3677,CREDIT,8907.87,25588325.85,CORP FIN OPS,HDFC0001234
UTR853275197,2026-04-30 11:30:54,CMS/RAZORPAY/pay_c4d13d77b1e847/ORD-2026-3678,CREDIT,14127.72,25602453.57,CORP FIN OPS,HDFC0001234
UTR300544876,2026-04-30 11:45:00,CMS/RAZORPAY/pay_d5a8238403804f/ORD-2026-3679,CREDIT,4774.13,25607227.7,CORP FIN OPS,HDFC0001234
UTR713793422,2026-04-30 12:00:04,CMS/RAZORPAY/pay_1acb039a33b840/ORD-2026-3680,CREDIT,11587.42,25618815.12,CORP FIN OPS,HDFC0001234
UTR226463759,2026-04-30 12:15:31,CMS/RAZORPAY/pay_f111a57ffc524a/ORD-2026-3681,CREDIT,6957.15,25625772.27,CORP FIN OPS,HDFC0001234
UTR624284242,2026-04-30 12:30:38,CMS/RAZORPAY/pay_f9ae8fa198644e/ORD-2026-3682,CREDIT,3105.67,25628877.94,CORP FIN OPS,HDFC0001234
UTR956024190,2026-04-30 12:45:05,CMS/RAZORPAY/pay_d49d4607110b45/ORD-2026-3683,CREDIT,9103.95,25637981.89,CORP FIN OPS,HDFC0001234
UTR290080389,2026-04-30 13:00:38,CMS/RAZORPAY/pay_06327973f89148/ORD-2026-3684,CREDIT,13839.35,25651821.24,CORP FIN OPS,HDFC0001234
UTR582409760,2026-04-30 13:15:51,CMS/RAZORPAY/pay_785cd1ecab0c4f/ORD-2026-3685,CREDIT,10499.65,25662320.89,CORP FIN OPS,HDFC0001234
UTR386045942,2026-04-30 13:30:52,CMS/RAZORPAY/pay_f1ca0a85862346/ORD-2026-3686,CREDIT,8325.28,25670646.17,CORP FIN OPS,HDFC0001234
UTR996583366,2026-04-30 13:45:20,CMS/RAZORPAY/pay_a3979a65423646/ORD-2026-3687,CREDIT,6648.52,25677294.69,CORP FIN OPS,HDFC0001234
UTR720599003,2026-04-30 14:00:54,CMS/RAZORPAY/pay_429dba6c476547/ORD-2026-3688,CREDIT,12800.43,25690095.12,CORP FIN OPS,HDFC0001234
UTR119393727,2026-04-30 14:15:04,CMS/RAZORPAY/pay_21ba604e6d8d4e/ORD-2026-3689,CREDIT,9437.6,25699532.72,CORP FIN OPS,HDFC0001234
UTR156737741,2026-04-30 14:30:10,CMS/RAZORPAY/pay_2b0b0fc512fb4b/ORD-2026-3690,CREDIT,3479.35,25703012.07,CORP FIN OPS,HDFC0001234
UTR290723740,2026-04-30 14:45:39,CMS/RAZORPAY/pay_79d0035fe11346/ORD-2026-3691,CREDIT,5133.35,25708145.42,CORP FIN OPS,HDFC0001234
UTR621274614,2026-04-30 15:00:44,CMS/RAZORPAY/pay_06a2777b38d342/ORD-2026-3692,CREDIT,4194.95,25712340.37,CORP FIN OPS,HDFC0001234
UTR550633661,2026-04-30 15:15:24,CMS/RAZORPAY/pay_39071a0ccdc04e/ORD-2026-3693,CREDIT,13819.15,25726159.52,CORP FIN OPS,HDFC0001234
UTR170771493,2026-04-30 15:30:50,CMS/RAZORPAY/pay_27d5d1a6f73c4f/ORD-2026-3694,CREDIT,5463.7,25731623.22,CORP FIN OPS,HDFC0001234
UTR499218823,2026-04-30 15:45:39,CMS/RAZORPAY/pay_a4555b8adf0e49/ORD-2026-3695,CREDIT,3008.29,25734631.51,CORP FIN OPS,HDFC0001234
UTR438210820,2026-04-30 16:00:05,CMS/RAZORPAY/pay_2e0fce0f34d547/ORD-2026-3696,CREDIT,11071.61,25745703.12,CORP FIN OPS,HDFC0001234
UTR977183136,2026-04-30 16:15:03,CMS/RAZORPAY/pay_a6847beea8e54d/ORD-2026-3697,CREDIT,12109.13,25757812.25,CORP FIN OPS,HDFC0001234
UTR596471866,2026-04-30 16:30:51,CMS/RAZORPAY/pay_2cbdf049bed441/ORD-2026-3698,CREDIT,6578.73,25764390.98,CORP FIN OPS,HDFC0001234
UTR619548128,2026-04-30 16:45:53,CMS/RAZORPAY/pay_d6843aaee6e14c/ORD-2026-3699,CREDIT,14475.75,25778866.73,CORP FIN OPS,HDFC0001234
UTR435284876,2026-04-30 17:00:18,CMS/RAZORPAY/pay_b829b6dab1e540/ORD-2026-3700,CREDIT,3702.07,25782568.8,CORP FIN OPS,HDFC0001234
UTR543674807,2026-04-30 17:15:22,CMS/RAZORPAY/pay_d83f32477c2747/ORD-2026-3701,CREDIT,2350.01,25784918.81,CORP FIN OPS,HDFC0001234
UTR543905917,2026-04-30 17:30:39,CMS/RAZORPAY/pay_b2df9485b26c4a/ORD-2026-3702,CREDIT,11715.78,25796634.59,CORP FIN OPS,HDFC0001234
UTR433777615,2026-04-30 17:45:13,CMS/RAZORPAY/pay_0f6792e27daf48/ORD-2026-3703,CREDIT,13254.24,25809888.83,CORP FIN OPS,HDFC0001234
UTR148752105,2026-04-30 18:00:49,CMS/RAZORPAY/pay_ea4db0725f8c45/ORD-2026-3704,CREDIT,8437.52,25818326.35,CORP FIN OPS,HDFC0001234
UTR173788332,2026-04-30 18:15:57,CMS/RAZORPAY/pay_1d279916457648/ORD-2026-3705,CREDIT,4689.81,25823016.16,CORP FIN OPS,HDFC0001234
UTR920275276,2026-04-30 18:30:55,CMS/RAZORPAY/pay_b7da3694f84b4c/ORD-2026-3706,CREDIT,13490.68,25836506.84,CORP FIN OPS,HDFC0001234
UTR393140634,2026-04-30 18:45:02,CMS/RAZORPAY/pay_e7e5acab15534b/ORD-2026-3707,CREDIT,11040.45,25847547.29,CORP FIN OPS,HDFC0001234
UTR335181023,2026-04-30 19:00:59,CMS/RAZORPAY/pay_4652f5ce701644/ORD-2026-3708,CREDIT,8160.91,25855708.2,CORP FIN OPS,HDFC0001234
UTR289919958,2026-04-30 19:15:24,CMS/RAZORPAY/pay_b9ecd1a2df634c/ORD-2026-3709,CREDIT,13529.48,25869237.68,CORP FIN OPS,HDFC0001234
UTR455245683,2026-04-30 19:30:28,CMS/RAZORPAY/pay_3019755047a644/ORD-2026-3710,CREDIT,12045.27,25881282.95,CORP FIN OPS,HDFC0001234
UTR486660965,2026-04-30 19:45:39,CMS/RAZORPAY/pay_79909de7490a43/ORD-2026-3711,CREDIT,5239.04,25886521.99,CORP FIN OPS,HDFC0001234
UTR706203548,2026-04-30 20:00:52,CMS/RAZORPAY/pay_6de6cd5e93ff4b/ORD-2026-3712,CREDIT,626.0,25887147.99,CORP FIN OPS,HDFC0001234
UTR448485542,2026-04-30 20:15:02,CMS/RAZORPAY/pay_bb147c0f5bd845/ORD-2026-3713,CREDIT,7473.45,25894621.44,CORP FIN OPS,HDFC0001234
UTR744340026,2026-04-30 20:30:56,CMS/RAZORPAY/pay_b2762dc1d7574d/ORD-2026-3714,CREDIT,3795.05,25898416.49,CORP FIN OPS,HDFC0001234
UTR644935123,2026-04-30 20:45:06,CMS/RAZORPAY/pay_a4ca3644671646/ORD-2026-3715,CREDIT,8997.42,25907413.91,CORP FIN OPS,HDFC0001234
UTR416680753,2026-04-30 21:00:43,CMS/RAZORPAY/pay_395b09d7fb0647/ORD-2026-3716,CREDIT,5996.5,25913410.41,CORP FIN OPS,HDFC0001234
UTR536071145,2026-04-30 21:15:20,CMS/RAZORPAY/pay_8648b7179d7648/ORD-2026-3717,CREDIT,12063.22,25925473.63,CORP FIN OPS,HDFC0001234
UTR100697964,2026-04-30 21:30:42,CMS/RAZORPAY/pay_deb85b3a2dca43/ORD-2026-3718,CREDIT,2402.8,25927876.43,CORP FIN OPS,HDFC0001234
UTR707620091,2026-04-30 21:45:00,CMS/RAZORPAY/pay_e599af90a16349/ORD-2026-3719,CREDIT,2723.85,25930600.28,CORP FIN OPS,HDFC0001234
UTR219178680,2026-04-30 22:00:55,CMS/RAZORPAY/pay_bc223a3ad85743/ORD-2026-3720,CREDIT,10674.37,25941274.65,CORP FIN OPS,HDFC0001234
UTR837009523,2026-04-30 22:15:40,CMS/RAZORPAY/pay_5265042a6a284f/ORD-2026-3721,CREDIT,13097.09,25954371.74,CORP FIN OPS,HDFC0001234
UTR147057682,2026-04-30 22:30:06,CMS/RAZORPAY/pay_a64168b7e95f4c/ORD-2026-3722,CREDIT,11318.7,25965690.44,CORP FIN OPS,HDFC0001234
UTR691357443,2026-04-30 22:45:59,CMS/RAZORPAY/pay_d52af7ff7c0f4f/ORD-2026-3723,CREDIT,5498.16,25971188.6,CORP FIN OPS,HDFC0001234
UTR347604450,2026-04-30 23:00:03,CMS/RAZORPAY/pay_d6e93df5679541/ORD-2026-3724,CREDIT,625.85,25971814.45,CORP FIN OPS,HDFC0001234
UTR426484573,2026-04-30 23:15:13,CMS/RAZORPAY/pay_1b068e6fdfd44e/ORD-2026-3725,CREDIT,10257.5,25982071.95,CORP FIN OPS,HDFC0001234
UTR235352139,2026-04-30 23:30:56,CMS/RAZORPAY/pay_2c1bb911f19842/ORD-2026-3726,CREDIT,3525.23,25985597.18,CORP FIN OPS,HDFC0001234
UTR916384252,2026-04-30 23:45:04,CMS/RAZORPAY/pay_07910c3267f343/ORD-2026-3727,CREDIT,8172.51,25993769.69,CORP FIN OPS,HDFC0001234
UTR760752396,2026-05-01 00:00:22,CMS/RAZORPAY/pay_df6907c361c545/ORD-2026-3728,CREDIT,5388.33,25999158.02,CORP FIN OPS,HDFC0001234
UTR465574317,2026-05-01 00:15:23,CMS/RAZORPAY/pay_6b4570b0771f45/ORD-2026-3729,CREDIT,5980.32,26005138.34,CORP FIN OPS,HDFC0001234
UTR622797135,2026-05-01 00:30:41,CMS/RAZORPAY/pay_798d9ffcadbe45/ORD-2026-3730,CREDIT,760.34,26005898.68,CORP FIN OPS,HDFC0001234
UTR687052578,2026-05-01 00:45:45,CMS/RAZORPAY/pay_940583be895b4b/ORD-2026-3731,CREDIT,6706.76,26012605.44,CORP FIN OPS,HDFC0001234
UTR359454580,2026-05-01 01:00:32,CMS/RAZORPAY/pay_88bab65db5d543/ORD-2026-3732,CREDIT,4269.12,26016874.56,CORP FIN OPS,HDFC0001234
UTR308139929,2026-05-01 01:15:37,CMS/RAZORPAY/pay_67f84468ed224c/ORD-2026-3733,CREDIT,10382.93,26027257.49,CORP FIN OPS,HDFC0001234
UTR521583792,2026-05-01 01:30:29,CMS/RAZORPAY/pay_8934aa1b08fc41/ORD-2026-3734,CREDIT,5825.37,26033082.86,CORP FIN OPS,HDFC0001234
UTR334039434,2026-05-01 01:45:22,CMS/RAZORPAY/pay_d875f01f521940/ORD-2026-3735,CREDIT,12217.11,26045299.97,CORP FIN OPS,HDFC0001234
UTR507466706,2026-05-01 02:00:08,CMS/RAZORPAY/pay_ba265f902a9f4d/ORD-2026-3736,CREDIT,13213.86,26058513.83,CORP FIN OPS,HDFC0001234
UTR676855892,2026-05-01 02:15:37,CMS/RAZORPAY/pay_e60956f8735640/ORD-2026-3737,CREDIT,1353.93,26059867.76,CORP FIN OPS,HDFC0001234
UTR260472471,2026-05-01 02:30:19,CMS/RAZORPAY/pay_552f775b787747/ORD-2026-3738,CREDIT,5174.85,26065042.61,CORP FIN OPS,HDFC0001234
UTR945523282,2026-05-01 02:45:36,CMS/RAZORPAY/pay_1d92749115924f/ORD-2026-3739,CREDIT,1052.16,26066094.77,CORP FIN OPS,HDFC0001234
UTR362299341,2026-05-01 03:00:40,CMS/RAZORPAY/pay_01137d1fff6843/ORD-2026-3740,CREDIT,11309.08,26077403.85,CORP FIN OPS,HDFC0001234
UTR360893196,2026-05-01 03:15:09,CMS/RAZORPAY/pay_3c087a397a6a40/ORD-2026-3741,CREDIT,13037.65,26090441.5,CORP FIN OPS,HDFC0001234
UTR576818478,2026-05-01 03:30:39,CMS/RAZORPAY/pay_b0f3b8ae422c4b/ORD-2026-3742,CREDIT,13619.82,26104061.32,CORP FIN OPS,HDFC0001234
UTR590204531,2026-05-01 03:45:35,CMS/RAZORPAY/pay_d70e0474507140/ORD-2026-3743,CREDIT,11672.21,26115733.53,CORP FIN OPS,HDFC0001234
UTR707301562,2026-05-01 04:00:10,CMS/RAZORPAY/pay_a59fbeae2cef47/ORD-2026-3744,CREDIT,8889.71,26124623.24,CORP FIN OPS,HDFC0001234
UTR149849765,2026-05-01 04:15:26,CMS/RAZORPAY/pay_ddc2acb64dfe42/ORD-2026-3745,CREDIT,9988.6,26134611.84,CORP FIN OPS,HDFC0001234
UTR497331717,2026-05-01 04:30:11,CMS/RAZORPAY/pay_90344917df3748/ORD-2026-3746,CREDIT,1588.8,26136200.64,CORP FIN OPS,HDFC0001234
UTR235379885,2026-05-01 04:45:58,CMS/RAZORPAY/pay_2fc72b85937c44/ORD-2026-3747,CREDIT,6787.25,26142987.89,CORP FIN OPS,HDFC0001234
UTR907383345,2026-05-01 05:00:11,CMS/RAZORPAY/pay_6129719a881b42/ORD-2026-3748,CREDIT,3164.66,26146152.55,CORP FIN OPS,HDFC0001234
UTR752829035,2026-05-01 05:15:22,CMS/RAZORPAY/pay_61c286faf51e46/ORD-2026-3749,CREDIT,13327.97,26159480.52,CORP FIN OPS,HDFC0001234
UTR624880437,2026-05-01 05:30:43,CMS/RAZORPAY/pay_27e5a095bb3c4c/ORD-2026-3750,CREDIT,5670.55,26165151.07,CORP FIN OPS,HDFC0001234
UTR220328413,2026-05-01 05:45:13,CMS/RAZORPAY/pay_88b0d46ed79a46/ORD-2026-3751,CREDIT,8070.14,26173221.21,CORP FIN OPS,HDFC0001234
UTR884185895,2026-05-01 06:00:47,CMS/RAZORPAY/pay_edf418db2a2048/ORD-2026-3752,CREDIT,7053.88,26180275.09,CORP FIN OPS,HDFC0001234
UTR201142590,2026-05-01 06:15:35,CMS/RAZORPAY/pay_e4bf1a59e57546/ORD-2026-3753,CREDIT,7804.45,26188079.54,CORP FIN OPS,HDFC0001234
UTR922043724,2026-05-01 06:30:35,CMS/RAZORPAY/pay_3440e9ae912244/ORD-2026-3754,CREDIT,14349.95,26202429.49,CORP FIN OPS,HDFC0001234
UTR285089731,2026-05-01 06:45:56,CMS/RAZORPAY/pay_1fa0e13962e540/ORD-2026-3755,CREDIT,4891.16,26207320.65,CORP FIN OPS,HDFC0001234
UTR651810560,2026-05-01 07:00:46,CMS/RAZORPAY/pay_719f56e4ec3d44/ORD-2026-3756,CREDIT,11163.07,26218483.72,CORP FIN OPS,HDFC0001234
UTR691846322,2026-05-01 07:15:18,CMS/RAZORPAY/pay_ee7dc76702a742/ORD-2026-3757,CREDIT,8086.05,26226569.77,CORP FIN OPS,HDFC0001234
UTR266952965,2026-05-01 07:30:16,CMS/RAZORPAY/pay_6c381c80d0e646/ORD-2026-3758,CREDIT,1743.72,26228313.49,CORP FIN OPS,HDFC0001234
UTR885058034,2026-05-01 07:45:55,CMS/RAZORPAY/pay_d9432919101742/ORD-2026-3759,CREDIT,7919.64,26236233.13,CORP FIN OPS,HDFC0001234
UTR486441343,2026-05-01 08:00:00,CMS/RAZORPAY/pay_01d870d2230c40/ORD-2026-3760,CREDIT,10018.18,26246251.31,CORP FIN OPS,HDFC0001234
UTR323185442,2026-05-01 08:15:17,CMS/RAZORPAY/pay_90842a844b8c45/ORD-2026-3761,CREDIT,13755.54,26260006.85,CORP FIN OPS,HDFC0001234
UTR571272468,2026-05-01 08:30:22,CMS/RAZORPAY/pay_9b906268a91f4f/ORD-2026-3762,CREDIT,12529.21,26272536.06,CORP FIN OPS,HDFC0001234
UTR870788073,2026-05-01 08:45:57,CMS/RAZORPAY/pay_34dcfc69cd9e48/ORD-2026-3763,CREDIT,11486.63,26284022.69,CORP FIN OPS,HDFC0001234
UTR460202958,2026-05-01 09:00:26,CMS/RAZORPAY/pay_ecdc21b02ace40/ORD-2026-3764,CREDIT,4076.72,26288099.41,CORP FIN OPS,HDFC0001234
UTR985706499,2026-05-01 09:15:22,CMS/RAZORPAY/pay_7811ebe0c08f4c/ORD-2026-3765,CREDIT,10614.53,26298713.94,CORP FIN OPS,HDFC0001234
UTR482100609,2026-05-01 09:30:57,CMS/RAZORPAY/pay_15af708acdf247/ORD-2026-3766,CREDIT,8764.32,26307478.26,CORP FIN OPS,HDFC0001234
UTR176276107,2026-05-01 09:45:41,CMS/RAZORPAY/pay_1328e07f925348/ORD-2026-3767,CREDIT,2780.34,26310258.6,CORP FIN OPS,HDFC0001234
UTR972903432,2026-05-01 10:00:30,CMS/RAZORPAY/pay_6d33c3de0fa847/ORD-2026-3768,CREDIT,4714.84,26314973.44,CORP FIN OPS,HDFC0001234
UTR670034425,2026-05-01 10:15:50,CMS/RAZORPAY/pay_cf13ff44a38f40/ORD-2026-3769,CREDIT,901.21,26315874.65,CORP FIN OPS,HDFC0001234
UTR396251494,2026-05-01 10:30:39,CMS/RAZORPAY/pay_abea3c56591b42/ORD-2026-3770,CREDIT,5968.67,26321843.32,CORP FIN OPS,HDFC0001234
UTR960559442,2026-05-01 10:45:26,CMS/RAZORPAY/pay_a60c7250058f45/ORD-2026-3771,CREDIT,7380.89,26329224.21,CORP FIN OPS,HDFC0001234
UTR698267518,2026-05-01 11:00:53,CMS/RAZORPAY/pay_18e1d5a42dab41/ORD-2026-3772,CREDIT,14217.19,26343441.4,CORP FIN OPS,HDFC0001234
UTR143571772,2026-05-01 11:15:14,CMS/RAZORPAY/pay_a76aa694c9aa46/ORD-2026-3773,CREDIT,10404.7,26353846.1,CORP FIN OPS,HDFC0001234
UTR963483699,2026-05-01 11:30:23,CMS/RAZORPAY/pay_fc3a63aea44b44/ORD-2026-3774,CREDIT,5608.66,26359454.76,CORP FIN OPS,HDFC0001234
UTR919337022,2026-05-01 11:45:41,CMS/RAZORPAY/pay_6baf5cdb324944/ORD-2026-3775,CREDIT,1000.4,26360455.16,CORP FIN OPS,HDFC0001234
UTR749247830,2026-05-01 12:00:14,CMS/RAZORPAY/pay_8057430fa4254a/ORD-2026-3776,CREDIT,8523.5,26368978.66,CORP FIN OPS,HDFC0001234
UTR749096700,2026-05-01 12:15:10,CMS/RAZORPAY/pay_75fbacda3a4c4f/ORD-2026-3777,CREDIT,6910.39,26375889.05,CORP FIN OPS,HDFC0001234
UTR565832017,2026-05-01 12:30:05,CMS/RAZORPAY/pay_518dee4fb47e45/ORD-2026-3778,CREDIT,4672.08,26380561.13,CORP FIN OPS,HDFC0001234
UTR541238800,2026-05-01 12:45:21,CMS/RAZORPAY/pay_2985eee5cd7c4f/ORD-2026-3779,CREDIT,13808.41,26394369.54,CORP FIN OPS,HDFC0001234
UTR208890152,2026-05-01 13:00:34,CMS/RAZORPAY/pay_a045198cb1de44/ORD-2026-3780,CREDIT,10893.5,26405263.04,CORP FIN OPS,HDFC0001234
UTR537618411,2026-05-01 13:15:15,CMS/RAZORPAY/pay_94325c867ed149/ORD-2026-3781,CREDIT,10743.48,26416006.52,CORP FIN OPS,HDFC0001234
UTR833041703,2026-05-01 13:30:16,CMS/RAZORPAY/pay_2701fc95776143/ORD-2026-3782,CREDIT,3611.45,26419617.97,CORP FIN OPS,HDFC0001234
UTR402509010,2026-05-01 13:45:11,CMS/RAZORPAY/pay_7f4dc70cfdd14e/ORD-2026-3783,CREDIT,13073.97,26432691.94,CORP FIN OPS,HDFC0001234
UTR341498332,2026-05-01 14:00:12,CMS/RAZORPAY/pay_468ca755c3f448/ORD-2026-3784,CREDIT,13929.1,26446621.04,CORP FIN OPS,HDFC0001234
UTR184487999,2026-05-01 14:15:33,CMS/RAZORPAY/pay_3c1a8404860745/ORD-2026-3785,CREDIT,7560.14,26454181.18,CORP FIN OPS,HDFC0001234
UTR601334868,2026-05-01 14:30:58,CMS/RAZORPAY/pay_ff8835f3671e41/ORD-2026-3786,CREDIT,10254.66,26464435.84,CORP FIN OPS,HDFC0001234
UTR586975643,2026-05-01 14:45:37,CMS/RAZORPAY/pay_bf0b92b2dad246/ORD-2026-3787,CREDIT,10570.06,26475005.9,CORP FIN OPS,HDFC0001234
UTR782607567,2026-05-01 15:00:23,CMS/RAZORPAY/pay_1afed4cb878340/ORD-2026-3788,CREDIT,14179.56,26489185.46,CORP FIN OPS,HDFC0001234
UTR390827816,2026-05-01 15:15:24,CMS/RAZORPAY/pay_f1a47bbff4be4c/ORD-2026-3789,CREDIT,13671.84,26502857.3,CORP FIN OPS,HDFC0001234
UTR324005882,2026-05-01 15:30:05,CMS/RAZORPAY/pay_243d5189f60347/ORD-2026-3790,CREDIT,2995.32,26505852.62,CORP FIN OPS,HDFC0001234
UTR849194074,2026-05-01 15:45:36,CMS/RAZORPAY/pay_6a5e6db9995547/ORD-2026-3791,CREDIT,5189.17,26511041.79,CORP FIN OPS,HDFC0001234
UTR466887373,2026-05-01 16:00:38,CMS/RAZORPAY/pay_8c0e8009911647/ORD-2026-3792,CREDIT,2507.04,26513548.83,CORP FIN OPS,HDFC0001234
UTR424363496,2026-05-01 16:15:11,CMS/RAZORPAY/pay_f28dc1aaa7f24c/ORD-2026-3793,CREDIT,2085.79,26515634.62,CORP FIN OPS,HDFC0001234
UTR396550191,2026-05-01 16:30:23,CMS/RAZORPAY/pay_3558956827f843/ORD-2026-3794,CREDIT,11487.66,26527122.28,CORP FIN OPS,HDFC0001234
UTR231576116,2026-05-01 16:45:42,CMS/RAZORPAY/pay_b8f2505eaaa540/ORD-2026-3795,CREDIT,13989.89,26541112.17,CORP FIN OPS,HDFC0001234
UTR951089150,2026-05-01 17:00:52,CMS/RAZORPAY/pay_90b6833f036048/ORD-2026-3796,CREDIT,2135.38,26543247.55,CORP FIN OPS,HDFC0001234
UTR969294124,2026-05-01 17:15:28,CMS/RAZORPAY/pay_48100d0b8f954f/ORD-2026-3797,CREDIT,8509.59,26551757.14,CORP FIN OPS,HDFC0001234
UTR342671534,2026-05-01 17:30:58,CMS/RAZORPAY/pay_d7f3daf0751d4c/ORD-2026-3798,CREDIT,10124.99,26561882.13,CORP FIN OPS,HDFC0001234
UTR836864391,2026-05-01 17:45:31,CMS/RAZORPAY/pay_02f65bd1032746/ORD-2026-3799,CREDIT,13798.61,26575680.74,CORP FIN OPS,HDFC0001234
UTR229114508,2026-05-01 18:00:23,CMS/RAZORPAY/pay_40e1a615e25549/ORD-2026-3800,CREDIT,10821.83,26586502.57,CORP FIN OPS,HDFC0001234
UTR441810296,2026-05-01 18:15:23,CMS/RAZORPAY/pay_a71b51454dc049/ORD-2026-3801,CREDIT,12035.94,26598538.51,CORP FIN OPS,HDFC0001234
UTR642761406,2026-05-01 18:30:16,CMS/RAZORPAY/pay_e933d591cabd42/ORD-2026-3802,CREDIT,4269.17,26602807.68,CORP FIN OPS,HDFC0001234
UTR308301139,2026-05-01 18:45:59,CMS/RAZORPAY/pay_31860476dde14f/ORD-2026-3803,CREDIT,12039.09,26614846.77,CORP FIN OPS,HDFC0001234
UTR955377778,2026-05-01 19:00:52,CMS/RAZORPAY/pay_daa37b1dc7da45/ORD-2026-3804,CREDIT,2577.72,26617424.49,CORP FIN OPS,HDFC0001234
UTR719876220,2026-05-01 19:15:25,CMS/RAZORPAY/pay_4defbad4a13a42/ORD-2026-3805,CREDIT,10143.37,26627567.86,CORP FIN OPS,HDFC0001234
UTR103656410,2026-05-01 19:30:17,CMS/RAZORPAY/pay_07dfa42dcfc145/ORD-2026-3806,CREDIT,13386.33,26640954.19,CORP FIN OPS,HDFC0001234
UTR975412150,2026-05-01 19:45:59,CMS/RAZORPAY/pay_901843a14bd74a/ORD-2026-3807,CREDIT,8091.08,26649045.27,CORP FIN OPS,HDFC0001234
UTR657426622,2026-05-01 20:00:02,CMS/RAZORPAY/pay_5a38747b36e548/ORD-2026-3808,CREDIT,846.64,26649891.91,CORP FIN OPS,HDFC0001234
UTR237464258,2026-05-01 20:15:19,CMS/RAZORPAY/pay_75e61017d86e46/ORD-2026-3809,CREDIT,3125.91,26653017.82,CORP FIN OPS,HDFC0001234
UTR556794068,2026-05-01 20:30:38,CMS/RAZORPAY/pay_bbfa4ab7252a40/ORD-2026-3810,CREDIT,4751.45,26657769.27,CORP FIN OPS,HDFC0001234
UTR668102406,2026-05-01 20:45:31,CMS/RAZORPAY/pay_5d980d80295445/ORD-2026-3811,CREDIT,14553.33,26672322.6,CORP FIN OPS,HDFC0001234
UTR505964020,2026-05-01 21:00:45,CMS/RAZORPAY/pay_00f64ffd448b44/ORD-2026-3812,CREDIT,2670.97,26674993.57,CORP FIN OPS,HDFC0001234
UTR792429622,2026-05-01 21:15:46,CMS/RAZORPAY/pay_f6d8c417faf044/ORD-2026-3813,CREDIT,9424.14,26684417.71,CORP FIN OPS,HDFC0001234
UTR872166930,2026-05-01 21:30:22,CMS/RAZORPAY/pay_b550d28da96643/ORD-2026-3814,CREDIT,12200.2,26696617.91,CORP FIN OPS,HDFC0001234
UTR261894802,2026-05-01 21:45:14,CMS/RAZORPAY/pay_8354b8ffd3d945/ORD-2026-3815,CREDIT,10388.9,26707006.81,CORP FIN OPS,HDFC0001234
UTR287160001,2026-05-01 22:00:18,CMS/RAZORPAY/pay_b3f4de301bf64c/ORD-2026-3816,CREDIT,5635.84,26712642.65,CORP FIN OPS,HDFC0001234
UTR939357188,2026-05-01 22:15:14,CMS/RAZORPAY/pay_7689cb43f8ab47/ORD-2026-3817,CREDIT,2317.43,26714960.08,CORP FIN OPS,HDFC0001234
UTR475818300,2026-05-01 22:30:30,CMS/RAZORPAY/pay_4a865ecb7de54c/ORD-2026-3818,CREDIT,6110.2,26721070.28,CORP FIN OPS,HDFC0001234
UTR301259541,2026-05-01 22:45:38,CMS/RAZORPAY/pay_76970b8c324646/ORD-2026-3819,CREDIT,7536.44,26728606.72,CORP FIN OPS,HDFC0001234
UTR314644529,2026-05-01 23:00:02,CMS/RAZORPAY/pay_4ed5cc04934744/ORD-2026-3820,CREDIT,1885.16,26730491.88,CORP FIN OPS,HDFC0001234
UTR207134399,2026-05-01 23:15:54,CMS/RAZORPAY/pay_5e354a1643794c/ORD-2026-3821,CREDIT,13968.56,26744460.44,CORP FIN OPS,HDFC0001234
UTR778733695,2026-05-01 23:30:05,CMS/RAZORPAY/pay_6acb257191ba45/ORD-2026-3822,CREDIT,14131.47,26758591.91,CORP FIN OPS,HDFC0001234
UTR776743889,2026-05-01 23:45:59,CMS/RAZORPAY/pay_979b335520464a/ORD-2026-3823,CREDIT,10504.16,26769096.07,CORP FIN OPS,HDFC0001234
UTR613760094,2026-05-02 00:00:28,CMS/RAZORPAY/pay_ef512e8303894c/ORD-2026-3824,CREDIT,11159.66,26780255.73,CORP FIN OPS,HDFC0001234
UTR332670123,2026-05-02 00:15:10,CMS/RAZORPAY/pay_5228bccf8be342/ORD-2026-3825,CREDIT,13508.31,26793764.04,CORP FIN OPS,HDFC0001234
UTR910010768,2026-05-02 00:30:09,CMS/RAZORPAY/pay_772b95efb88541/ORD-2026-3826,CREDIT,5388.3,26799152.34,CORP FIN OPS,HDFC0001234
UTR777891090,2026-05-02 00:45:46,CMS/RAZORPAY/pay_cb581d3d3bb24c/ORD-2026-3827,CREDIT,14056.39,26813208.73,CORP FIN OPS,HDFC0001234
UTR981598818,2026-05-02 01:00:23,CMS/RAZORPAY/pay_0f2744cb8e504c/ORD-2026-3828,CREDIT,9776.98,26822985.71,CORP FIN OPS,HDFC0001234
UTR875305819,2026-05-02 01:15:55,CMS/RAZORPAY/pay_310e6ec3284e47/ORD-2026-3829,CREDIT,11796.58,26834782.29,CORP FIN OPS,HDFC0001234
UTR159508781,2026-05-02 01:30:43,CMS/RAZORPAY/pay_ecba3bb385cb45/ORD-2026-3830,CREDIT,11715.09,26846497.38,CORP FIN OPS,HDFC0001234
UTR818335840,2026-05-02 01:45:54,CMS/RAZORPAY/pay_c028c2a409c249/ORD-2026-3831,CREDIT,8400.86,26854898.24,CORP FIN OPS,HDFC0001234
UTR447848188,2026-05-02 02:00:56,CMS/RAZORPAY/pay_cd5aba63baaa4d/ORD-2026-3832,CREDIT,9832.22,26864730.46,CORP FIN OPS,HDFC0001234
UTR809849060,2026-05-02 02:15:32,CMS/RAZORPAY/pay_cc8e7ce45cc14b/ORD-2026-3833,CREDIT,11595.63,26876326.09,CORP FIN OPS,HDFC0001234
UTR873196249,2026-05-02 02:30:42,CMS/RAZORPAY/pay_eadf8329931d4c/ORD-2026-3834,CREDIT,5661.11,26881987.2,CORP FIN OPS,HDFC0001234
UTR949065814,2026-05-02 02:45:02,CMS/RAZORPAY/pay_3c12983ab0c44d/ORD-2026-3835,CREDIT,5606.71,26887593.91,CORP FIN OPS,HDFC0001234
UTR287131608,2026-05-02 03:00:23,CMS/RAZORPAY/pay_f3b9423d5d0e47/ORD-2026-3836,CREDIT,1712.54,26889306.45,CORP FIN OPS,HDFC0001234
UTR922944860,2026-05-02 03:15:27,CMS/RAZORPAY/pay_96297c92f73f4a/ORD-2026-3837,CREDIT,4333.73,26893640.18,CORP FIN OPS,HDFC0001234
UTR736111573,2026-05-02 03:30:20,CMS/RAZORPAY/pay_c36202d0fd794e/ORD-2026-3838,CREDIT,6871.38,26900511.56,CORP FIN OPS,HDFC0001234
UTR962674381,2026-05-02 03:45:51,CMS/RAZORPAY/pay_6de2f1eb6b094a/ORD-2026-3839,CREDIT,2429.05,26902940.61,CORP FIN OPS,HDFC0001234
UTR269968727,2026-05-02 04:00:04,CMS/RAZORPAY/pay_30af99a783314e/ORD-2026-3840,CREDIT,9304.96,26912245.57,CORP FIN OPS,HDFC0001234
UTR810422369,2026-05-02 04:15:09,CMS/RAZORPAY/pay_67b7b701199645/ORD-2026-3841,CREDIT,4841.45,26917087.02,CORP FIN OPS,HDFC0001234
UTR869284995,2026-05-02 04:30:57,CMS/RAZORPAY/pay_f8ff394795ba48/ORD-2026-3842,CREDIT,13890.48,26930977.5,CORP FIN OPS,HDFC0001234
UTR794996875,2026-05-02 04:45:25,CMS/RAZORPAY/pay_11ac74791e8148/ORD-2026-3843,CREDIT,1002.63,26931980.13,CORP FIN OPS,HDFC0001234
UTR277139151,2026-05-02 05:00:31,CMS/RAZORPAY/pay_513d76aacd5c4c/ORD-2026-3844,CREDIT,13133.89,26945114.02,CORP FIN OPS,HDFC0001234
UTR927308670,2026-05-02 05:15:28,CMS/RAZORPAY/pay_c07716460acb4d/ORD-2026-3845,CREDIT,9719.57,26954833.59,CORP FIN OPS,HDFC0001234
UTR669531864,2026-05-02 05:30:41,CMS/RAZORPAY/pay_7b225ac7a0384d/ORD-2026-3846,CREDIT,8199.91,26963033.5,CORP FIN OPS,HDFC0001234
UTR777493723,2026-05-02 05:45:07,CMS/RAZORPAY/pay_fd1a3e3d043342/ORD-2026-3847,CREDIT,9019.94,26972053.44,CORP FIN OPS,HDFC0001234
UTR133154144,2026-05-02 06:00:14,CMS/RAZORPAY/pay_e2ca06c2869546/ORD-2026-3848,CREDIT,2253.52,26974306.96,CORP FIN OPS,HDFC0001234
UTR174359934,2026-05-02 06:15:49,CMS/RAZORPAY/pay_88c3db12afac49/ORD-2026-3849,CREDIT,5430.77,26979737.73,CORP FIN OPS,HDFC0001234
UTR589728071,2026-05-02 06:30:00,CMS/RAZORPAY/pay_d0e1ddd5c0cb41/ORD-2026-3850,CREDIT,10553.92,26990291.65,CORP FIN OPS,HDFC0001234
UTR702650916,2026-05-02 06:45:25,CMS/RAZORPAY/pay_479c2844795a4d/ORD-2026-3851,CREDIT,4822.9,26995114.55,CORP FIN OPS,HDFC0001234
UTR633018119,2026-05-02 07:00:19,CMS/RAZORPAY/pay_33f9c1ee673748/ORD-2026-3852,CREDIT,8592.07,27003706.62,CORP FIN OPS,HDFC0001234
UTR976404979,2026-05-02 07:15:56,CMS/RAZORPAY/pay_d4c3d453edbd47/ORD-2026-3853,CREDIT,5408.87,27009115.49,CORP FIN OPS,HDFC0001234
UTR536697290,2026-05-02 07:30:20,CMS/RAZORPAY/pay_5618d324979e42/ORD-2026-3854,CREDIT,10384.95,27019500.44,CORP FIN OPS,HDFC0001234
UTR893618450,2026-05-02 07:45:17,CMS/RAZORPAY/pay_b5af7d16662e44/ORD-2026-3855,CREDIT,8488.02,27027988.46,CORP FIN OPS,HDFC0001234
UTR218014918,2026-05-02 08:00:36,CMS/RAZORPAY/pay_a02c103d37d341/ORD-2026-3856,CREDIT,10341.26,27038329.72,CORP FIN OPS,HDFC0001234
UTR845951520,2026-05-02 08:15:29,CMS/RAZORPAY/pay_fd7d823791f44b/ORD-2026-3857,CREDIT,10667.89,27048997.61,CORP FIN OPS,HDFC0001234
UTR273422186,2026-05-02 08:30:26,CMS/RAZORPAY/pay_7849099cee0446/ORD-2026-3858,CREDIT,10036.53,27059034.14,CORP FIN OPS,HDFC0001234
UTR184141769,2026-05-02 08:45:18,CMS/RAZORPAY/pay_ee15ac716a3f41/ORD-2026-3859,CREDIT,13459.08,27072493.22,CORP FIN OPS,HDFC0001234
UTR402465524,2026-05-02 09:00:42,CMS/RAZORPAY/pay_e6279dd61a974c/ORD-2026-3860,CREDIT,6641.53,27079134.75,CORP FIN OPS,HDFC0001234
UTR413704286,2026-05-02 09:15:45,CMS/RAZORPAY/pay_fba3de62f15444/ORD-2026-3861,CREDIT,4132.38,27083267.13,CORP FIN OPS,HDFC0001234
UTR524688436,2026-05-02 09:30:15,CMS/RAZORPAY/pay_e109e71d41c140/ORD-2026-3862,CREDIT,12292.74,27095559.87,CORP FIN OPS,HDFC0001234
UTR406111860,2026-05-02 09:45:56,CMS/RAZORPAY/pay_a4257edbc47d43/ORD-2026-3863,CREDIT,4305.69,27099865.56,CORP FIN OPS,HDFC0001234
UTR915045715,2026-05-02 10:00:14,CMS/RAZORPAY/pay_7f78ebaeef7d49/ORD-2026-3864,CREDIT,1164.15,27101029.71,CORP FIN OPS,HDFC0001234
UTR750084905,2026-05-02 10:15:46,CMS/RAZORPAY/pay_dd2c92f6e7424b/ORD-2026-3865,CREDIT,13728.28,27114757.99,CORP FIN OPS,HDFC0001234
UTR660906576,2026-05-02 10:30:15,CMS/RAZORPAY/pay_7c00ad98f79944/ORD-2026-3866,CREDIT,2720.79,27117478.78,CORP FIN OPS,HDFC0001234
UTR165717230,2026-05-02 10:45:55,CMS/RAZORPAY/pay_ecb3656d327f45/ORD-2026-3867,CREDIT,7266.07,27124744.85,CORP FIN OPS,HDFC0001234
UTR656812572,2026-05-02 11:00:18,CMS/RAZORPAY/pay_21152578fb6f42/ORD-2026-3868,CREDIT,9411.82,27134156.67,CORP FIN OPS,HDFC0001234
UTR959372397,2026-05-02 11:15:02,CMS/RAZORPAY/pay_4e67e30e64e545/ORD-2026-3869,CREDIT,3948.84,27138105.51,CORP FIN OPS,HDFC0001234
UTR564755514,2026-05-02 11:30:59,CMS/RAZORPAY/pay_127b6b0474b747/ORD-2026-3870,CREDIT,1395.54,27139501.05,CORP FIN OPS,HDFC0001234
UTR129405302,2026-05-02 11:45:55,CMS/RAZORPAY/pay_0c7689844d1841/ORD-2026-3871,CREDIT,5525.15,27145026.2,CORP FIN OPS,HDFC0001234
UTR595500646,2026-05-02 12:00:55,CMS/RAZORPAY/pay_ef2fda3085754a/ORD-2026-3872,CREDIT,5531.76,27150557.96,CORP FIN OPS,HDFC0001234
UTR462260974,2026-05-02 12:15:00,CMS/RAZORPAY/pay_87cf5cc8d8ba47/ORD-2026-3873,CREDIT,8351.12,27158909.08,CORP FIN OPS,HDFC0001234
UTR173856614,2026-05-02 12:30:23,CMS/RAZORPAY/pay_3e5d3ad898bb43/ORD-2026-3874,CREDIT,8311.1,27167220.18,CORP FIN OPS,HDFC0001234
UTR525791005,2026-05-02 12:45:14,CMS/RAZORPAY/pay_9076ba4c685547/ORD-2026-3875,CREDIT,1686.54,27168906.72,CORP FIN OPS,HDFC0001234
UTR151601803,2026-05-02 13:00:56,CMS/RAZORPAY/pay_8a6b7ee1cb1841/ORD-2026-3876,CREDIT,3087.11,27171993.83,CORP FIN OPS,HDFC0001234
UTR135954751,2026-05-02 13:15:19,CMS/RAZORPAY/pay_444e9ef901ea44/ORD-2026-3877,CREDIT,6965.67,27178959.5,CORP FIN OPS,HDFC0001234
UTR804399637,2026-05-02 13:30:01,CMS/RAZORPAY/pay_d5732c38083748/ORD-2026-3878,CREDIT,4753.36,27183712.86,CORP FIN OPS,HDFC0001234
UTR641632630,2026-05-02 13:45:50,CMS/RAZORPAY/pay_fd85a21b662849/ORD-2026-3879,CREDIT,12119.61,27195832.47,CORP FIN OPS,HDFC0001234
UTR799140262,2026-05-02 14:00:45,CMS/RAZORPAY/pay_55068ce55d4d4a/ORD-2026-3880,CREDIT,13190.39,27209022.86,CORP FIN OPS,HDFC0001234
UTR153819205,2026-05-02 14:15:05,CMS/RAZORPAY/pay_5a166b8cee6741/ORD-2026-3881,CREDIT,9643.11,27218665.97,CORP FIN OPS,HDFC0001234
UTR382926639,2026-05-02 14:30:19,CMS/RAZORPAY/pay_569ffb7c997646/ORD-2026-3882,CREDIT,3430.75,27222096.72,CORP FIN OPS,HDFC0001234
UTR676128538,2026-05-02 14:45:10,CMS/RAZORPAY/pay_94a968b93ac044/ORD-2026-3883,CREDIT,2781.57,27224878.29,CORP FIN OPS,HDFC0001234
UTR294534133,2026-05-02 15:00:48,CMS/RAZORPAY/pay_2521100e2b304c/ORD-2026-3884,CREDIT,5256.18,27230134.47,CORP FIN OPS,HDFC0001234
UTR658682859,2026-05-02 15:15:50,CMS/RAZORPAY/pay_454c4e3c128a48/ORD-2026-3885,CREDIT,3797.92,27233932.39,CORP FIN OPS,HDFC0001234
UTR530863241,2026-05-02 15:30:13,CMS/RAZORPAY/pay_53aa83d9dfdf49/ORD-2026-3886,CREDIT,3382.21,27237314.6,CORP FIN OPS,HDFC0001234
UTR311815508,2026-05-02 15:45:29,CMS/RAZORPAY/pay_f4c7781ddfe14f/ORD-2026-3887,CREDIT,6731.41,27244046.01,CORP FIN OPS,HDFC0001234
UTR492130623,2026-05-02 16:00:28,CMS/RAZORPAY/pay_2b1973dbfe7a4e/ORD-2026-3888,CREDIT,12605.9,27256651.91,CORP FIN OPS,HDFC0001234
UTR472989414,2026-05-02 16:15:57,CMS/RAZORPAY/pay_031121f4d8d14e/ORD-2026-3889,CREDIT,11083.8,27267735.71,CORP FIN OPS,HDFC0001234
UTR326140103,2026-05-02 16:30:05,CMS/RAZORPAY/pay_b1cc8431684a4b/ORD-2026-3890,CREDIT,13818.65,27281554.36,CORP FIN OPS,HDFC0001234
UTR697138545,2026-05-02 16:45:10,CMS/RAZORPAY/pay_0e0f202970e945/ORD-2026-3891,CREDIT,3815.1,27285369.46,CORP FIN OPS,HDFC0001234
UTR950837059,2026-05-02 17:00:08,CMS/RAZORPAY/pay_9a4681affada41/ORD-2026-3892,CREDIT,8136.01,27293505.47,CORP FIN OPS,HDFC0001234
UTR969193386,2026-05-02 17:15:05,CMS/RAZORPAY/pay_c639db9f50f044/ORD-2026-3893,CREDIT,6918.94,27300424.41,CORP FIN OPS,HDFC0001234
UTR242166375,2026-05-02 17:30:56,CMS/RAZORPAY/pay_061d1ee242c446/ORD-2026-3894,CREDIT,5773.3,27306197.71,CORP FIN OPS,HDFC0001234
UTR992628933,2026-05-02 17:45:56,CMS/RAZORPAY/pay_b0bad2ebd2274a/ORD-2026-3895,CREDIT,8224.95,27314422.66,CORP FIN OPS,HDFC0001234
UTR841938227,2026-05-02 18:00:20,CMS/RAZORPAY/pay_dbb48da843eb4a/ORD-2026-3896,CREDIT,12166.12,27326588.78,CORP FIN OPS,HDFC0001234
UTR993787689,2026-05-02 18:15:03,CMS/RAZORPAY/pay_ae2876407f8f4e/ORD-2026-3897,CREDIT,5957.6,27332546.38,CORP FIN OPS,HDFC0001234
UTR573204730,2026-05-02 18:30:30,CMS/RAZORPAY/pay_a32126098eb341/ORD-2026-3898,CREDIT,9392.35,27341938.73,CORP FIN OPS,HDFC0001234
UTR267022514,2026-05-02 18:45:02,CMS/RAZORPAY/pay_69046d622bb24f/ORD-2026-3899,CREDIT,11852.16,27353790.89,CORP FIN OPS,HDFC0001234
UTR673138128,2026-05-02 19:00:16,CMS/RAZORPAY/pay_950240b3b7c040/ORD-2026-3900,CREDIT,13440.57,27367231.46,CORP FIN OPS,HDFC0001234
UTR773452004,2026-05-02 19:15:36,CMS/RAZORPAY/pay_3e7c26a30ef84a/ORD-2026-3901,CREDIT,11381.51,27378612.97,CORP FIN OPS,HDFC0001234
UTR190770196,2026-05-02 19:30:03,CMS/RAZORPAY/pay_a07e315f44e944/ORD-2026-3902,CREDIT,2176.17,27380789.14,CORP FIN OPS,HDFC0001234
UTR848278945,2026-05-02 19:45:35,CMS/RAZORPAY/pay_22d9b9a5a7cc40/ORD-2026-3903,CREDIT,6376.84,27387165.98,CORP FIN OPS,HDFC0001234
UTR179385935,2026-05-02 20:00:54,CMS/RAZORPAY/pay_148ac7480c3447/ORD-2026-3904,CREDIT,1188.78,27388354.76,CORP FIN OPS,HDFC0001234
UTR956779135,2026-05-02 20:15:09,CMS/RAZORPAY/pay_874f4319c8e348/ORD-2026-3905,CREDIT,5479.14,27393833.9,CORP FIN OPS,HDFC0001234
UTR742288333,2026-05-02 20:30:56,CMS/RAZORPAY/pay_302ef00f3e3345/ORD-2026-3906,CREDIT,13193.41,27407027.31,CORP FIN OPS,HDFC0001234
UTR288444798,2026-05-02 20:45:24,CMS/RAZORPAY/pay_0f3e76a5486841/ORD-2026-3907,CREDIT,11084.44,27418111.75,CORP FIN OPS,HDFC0001234
UTR295193275,2026-05-02 21:00:23,CMS/RAZORPAY/pay_90b6658486e24a/ORD-2026-3908,CREDIT,12623.64,27430735.39,CORP FIN OPS,HDFC0001234
UTR289137013,2026-05-02 21:15:43,CMS/RAZORPAY/pay_65fdc4bb39cf4f/ORD-2026-3909,CREDIT,5025.81,27435761.2,CORP FIN OPS,HDFC0001234
UTR306542440,2026-05-02 21:30:47,CMS/RAZORPAY/pay_904eb62b7c754b/ORD-2026-3910,CREDIT,509.54,27436270.74,CORP FIN OPS,HDFC0001234
UTR411274300,2026-05-02 21:45:28,CMS/RAZORPAY/pay_414b0e69ac9341/ORD-2026-3911,CREDIT,12907.55,27449178.29,CORP FIN OPS,HDFC0001234
UTR656804859,2026-05-02 22:00:32,CMS/RAZORPAY/pay_031a108e037d4c/ORD-2026-3912,CREDIT,8971.84,27458150.13,CORP FIN OPS,HDFC0001234
UTR122344090,2026-05-02 22:15:55,CMS/RAZORPAY/pay_d764c341856042/ORD-2026-3913,CREDIT,5785.92,27463936.05,CORP FIN OPS,HDFC0001234
UTR176634497,2026-05-02 22:30:50,CMS/RAZORPAY/pay_ba102fcbbdeb42/ORD-2026-3914,CREDIT,10142.0,27474078.05,CORP FIN OPS,HDFC0001234
UTR295055231,2026-05-02 22:45:27,CMS/RAZORPAY/pay_20a87921c8644f/ORD-2026-3915,CREDIT,9473.6,27483551.65,CORP FIN OPS,HDFC0001234
UTR439874080,2026-05-02 23:00:14,CMS/RAZORPAY/pay_e6c9626aab3142/ORD-2026-3916,CREDIT,4282.6,27487834.25,CORP FIN OPS,HDFC0001234
UTR953399697,2026-05-02 23:15:58,CMS/RAZORPAY/pay_8dcd0c61fdb84c/ORD-2026-3917,CREDIT,5566.5,27493400.75,CORP FIN OPS,HDFC0001234
UTR528817558,2026-05-02 23:30:05,CMS/RAZORPAY/pay_3fe5a574fb2247/ORD-2026-3918,CREDIT,2495.21,27495895.96,CORP FIN OPS,HDFC0001234
UTR714936900,2026-05-02 23:45:37,CMS/RAZORPAY/pay_b2c3cee5855c45/ORD-2026-3919,CREDIT,4535.03,27500430.99,CORP FIN OPS,HDFC0001234
UTR925283258,2026-05-03 00:00:13,CMS/RAZORPAY/pay_bcb16c10508247/ORD-2026-3920,CREDIT,1083.42,27501514.41,CORP FIN OPS,HDFC0001234
UTR852834128,2026-05-03 00:15:14,CMS/RAZORPAY/pay_74259a243f7243/ORD-2026-3921,CREDIT,6659.47,27508173.88,CORP FIN OPS,HDFC0001234
UTR265538050,2026-05-03 00:30:11,CMS/RAZORPAY/pay_a4011a203da941/ORD-2026-3922,CREDIT,12192.01,27520365.89,CORP FIN OPS,HDFC0001234
UTR293150464,2026-05-03 00:45:27,CMS/RAZORPAY/pay_8467b2ba3f7047/ORD-2026-3923,CREDIT,5825.45,27526191.34,CORP FIN OPS,HDFC0001234
UTR652302795,2026-05-03 01:00:41,CMS/RAZORPAY/pay_6f78dd6793f24b/ORD-2026-3924,CREDIT,9957.27,27536148.61,CORP FIN OPS,HDFC0001234
UTR877229487,2026-05-03 01:15:14,CMS/RAZORPAY/pay_52de02e360ad45/ORD-2026-3925,CREDIT,9757.34,27545905.95,CORP FIN OPS,HDFC0001234
UTR673842730,2026-05-03 01:30:54,CMS/RAZORPAY/pay_489a0b238d6d4d/ORD-2026-3926,CREDIT,2711.45,27548617.4,CORP FIN OPS,HDFC0001234
UTR989955551,2026-05-03 01:45:23,CMS/RAZORPAY/pay_26ca4a69be8348/ORD-2026-3927,CREDIT,11094.99,27559712.39,CORP FIN OPS,HDFC0001234
UTR499957535,2026-05-03 02:00:34,CMS/RAZORPAY/pay_0cac2211892345/ORD-2026-3928,CREDIT,6394.21,27566106.6,CORP FIN OPS,HDFC0001234
UTR109058194,2026-05-03 02:15:48,CMS/RAZORPAY/pay_614ba9d941ac42/ORD-2026-3929,CREDIT,8740.05,27574846.65,CORP FIN OPS,HDFC0001234
UTR676850331,2026-05-03 02:30:24,CMS/RAZORPAY/pay_30f3df7501ed42/ORD-2026-3930,CREDIT,4867.26,27579713.91,CORP FIN OPS,HDFC0001234
UTR145720181,2026-05-03 02:45:11,CMS/RAZORPAY/pay_e80e3cae3ba742/ORD-2026-3931,CREDIT,8558.38,27588272.29,CORP FIN OPS,HDFC0001234
UTR663088897,2026-05-03 03:00:15,CMS/RAZORPAY/pay_686bac12c16548/ORD-2026-3932,CREDIT,12266.19,27600538.48,CORP FIN OPS,HDFC0001234
UTR516307728,2026-05-03 03:15:18,CMS/RAZORPAY/pay_e301250b7d1f48/ORD-2026-3933,CREDIT,13877.68,27614416.16,CORP FIN OPS,HDFC0001234
UTR900319685,2026-05-03 03:30:38,CMS/RAZORPAY/pay_db16377d5d6440/ORD-2026-3934,CREDIT,6651.72,27621067.88,CORP FIN OPS,HDFC0001234
UTR293587709,2026-05-03 03:45:39,CMS/RAZORPAY/pay_b1ed45fa63554b/ORD-2026-3935,CREDIT,2483.18,27623551.06,CORP FIN OPS,HDFC0001234
UTR307562816,2026-05-03 04:00:19,CMS/RAZORPAY/pay_8d21973c11ed4e/ORD-2026-3936,CREDIT,10259.59,27633810.65,CORP FIN OPS,HDFC0001234
UTR371587583,2026-05-03 04:15:18,CMS/RAZORPAY/pay_0e31ab7a4e594a/ORD-2026-3937,CREDIT,10862.17,27644672.82,CORP FIN OPS,HDFC0001234
UTR851638422,2026-05-03 04:30:05,CMS/RAZORPAY/pay_df1be6147f2b4e/ORD-2026-3938,CREDIT,7157.36,27651830.18,CORP FIN OPS,HDFC0001234
UTR754349393,2026-05-03 04:45:44,CMS/RAZORPAY/pay_7f11880ecdd848/ORD-2026-3939,CREDIT,7947.18,27659777.36,CORP FIN OPS,HDFC0001234
UTR219071165,2026-05-03 05:00:03,CMS/RAZORPAY/pay_469aeff88c3747/ORD-2026-3940,CREDIT,3593.57,27663370.93,CORP FIN OPS,HDFC0001234
UTR891885100,2026-05-03 05:15:00,CMS/RAZORPAY/pay_ac3149c7255243/ORD-2026-3941,CREDIT,1371.48,27664742.41,CORP FIN OPS,HDFC0001234
UTR679006009,2026-05-03 05:30:34,CMS/RAZORPAY/pay_621a82cf6a8241/ORD-2026-3942,CREDIT,6095.11,27670837.52,CORP FIN OPS,HDFC0001234
UTR149835854,2026-05-03 05:45:17,CMS/RAZORPAY/pay_ac50531d614547/ORD-2026-3943,CREDIT,3946.55,27674784.07,CORP FIN OPS,HDFC0001234
UTR102051917,2026-05-03 06:00:44,CMS/RAZORPAY/pay_8058641c69b74f/ORD-2026-3944,CREDIT,2779.48,27677563.55,CORP FIN OPS,HDFC0001234
UTR935750612,2026-05-03 06:15:03,CMS/RAZORPAY/pay_b118a29a88904d/ORD-2026-3945,CREDIT,6874.81,27684438.36,CORP FIN OPS,HDFC0001234
UTR983297559,2026-05-03 06:30:48,CMS/RAZORPAY/pay_7e9d18b22f4149/ORD-2026-3946,CREDIT,6663.09,27691101.45,CORP FIN OPS,HDFC0001234
UTR696796440,2026-05-03 06:45:39,CMS/RAZORPAY/pay_0f344e7d038742/ORD-2026-3947,CREDIT,13130.5,27704231.95,CORP FIN OPS,HDFC0001234
UTR902067778,2026-05-03 07:00:32,CMS/RAZORPAY/pay_bd52eeae811c49/ORD-2026-3948,CREDIT,5248.38,27709480.33,CORP FIN OPS,HDFC0001234
UTR905352038,2026-05-03 07:15:11,CMS/RAZORPAY/pay_0800c034e06d48/ORD-2026-3949,CREDIT,6118.04,27715598.37,CORP FIN OPS,HDFC0001234
UTR427172135,2026-05-03 07:30:00,CMS/RAZORPAY/pay_7959662d4ef640/ORD-2026-3950,CREDIT,14265.83,27729864.2,CORP FIN OPS,HDFC0001234
UTR949439243,2026-05-03 07:45:57,CMS/RAZORPAY/pay_fe2ca743ff074b/ORD-2026-3951,CREDIT,3682.32,27733546.52,CORP FIN OPS,HDFC0001234
UTR645570167,2026-05-03 08:00:57,CMS/RAZORPAY/pay_8f7edcdeebcf48/ORD-2026-3952,CREDIT,3133.38,27736679.9,CORP FIN OPS,HDFC0001234
UTR860474498,2026-05-03 08:15:25,CMS/RAZORPAY/pay_3b0262f0be2f4b/ORD-2026-3953,CREDIT,13975.88,27750655.78,CORP FIN OPS,HDFC0001234
UTR798622196,2026-05-03 08:30:27,CMS/RAZORPAY/pay_fb3c537c1e0542/ORD-2026-3954,CREDIT,11184.67,27761840.45,CORP FIN OPS,HDFC0001234
UTR781615671,2026-05-03 08:45:54,CMS/RAZORPAY/pay_08afb1244bb94f/ORD-2026-3955,CREDIT,9750.08,27771590.53,CORP FIN OPS,HDFC0001234
UTR766976116,2026-05-03 09:00:38,CMS/RAZORPAY/pay_bfe86a7d1b2248/ORD-2026-3956,CREDIT,6782.68,27778373.21,CORP FIN OPS,HDFC0001234
UTR640272497,2026-05-03 09:15:22,CMS/RAZORPAY/pay_1f427a3bbdd548/ORD-2026-3957,CREDIT,14220.38,27792593.59,CORP FIN OPS,HDFC0001234
UTR680913418,2026-05-03 09:30:42,CMS/RAZORPAY/pay_84b23c090efa44/ORD-2026-3958,CREDIT,7531.4,27800124.99,CORP FIN OPS,HDFC0001234
UTR519606746,2026-05-03 09:45:23,CMS/RAZORPAY/pay_a609b37a5bf241/ORD-2026-3959,CREDIT,10341.05,27810466.04,CORP FIN OPS,HDFC0001234
UTR283411133,2026-05-03 10:00:53,CMS/RAZORPAY/pay_cfe78c8697e245/ORD-2026-3960,CREDIT,1821.87,27812287.91,CORP FIN OPS,HDFC0001234
UTR762222386,2026-05-03 10:15:20,CMS/RAZORPAY/pay_e65194f8e72848/ORD-2026-3961,CREDIT,3652.69,27815940.6,CORP FIN OPS,HDFC0001234
UTR783395805,2026-05-03 10:30:48,CMS/RAZORPAY/pay_b4629f50e78b47/ORD-2026-3962,CREDIT,6779.05,27822719.65,CORP FIN OPS,HDFC0001234
UTR752652251,2026-05-03 10:45:28,CMS/RAZORPAY/pay_d0068648295d4e/ORD-2026-3963,CREDIT,4284.16,27827003.81,CORP FIN OPS,HDFC0001234
UTR542387788,2026-05-03 11:00:37,CMS/RAZORPAY/pay_312eea9257e44a/ORD-2026-3964,CREDIT,14482.66,27841486.47,CORP FIN OPS,HDFC0001234
UTR716429066,2026-05-03 11:15:31,CMS/RAZORPAY/pay_8724270a460045/ORD-2026-3965,CREDIT,793.92,27842280.39,CORP FIN OPS,HDFC0001234
UTR591005307,2026-05-03 11:30:43,CMS/RAZORPAY/pay_19b15e6ac01e4d/ORD-2026-3966,CREDIT,7539.21,27849819.6,CORP FIN OPS,HDFC0001234
UTR713083580,2026-05-03 11:45:17,CMS/RAZORPAY/pay_2b408ee8d7794e/ORD-2026-3967,CREDIT,1553.83,27851373.43,CORP FIN OPS,HDFC0001234
UTR424558846,2026-05-03 12:00:26,CMS/RAZORPAY/pay_2f41fe1b1a8445/ORD-2026-3968,CREDIT,7029.72,27858403.15,CORP FIN OPS,HDFC0001234
UTR776364739,2026-05-03 12:15:25,CMS/RAZORPAY/pay_281bde64876a4a/ORD-2026-3969,CREDIT,10866.94,27869270.09,CORP FIN OPS,HDFC0001234
UTR508903050,2026-05-03 12:30:34,CMS/RAZORPAY/pay_e0ce62a7e00c4f/ORD-2026-3970,CREDIT,883.97,27870154.06,CORP FIN OPS,HDFC0001234
UTR749536504,2026-05-03 12:45:40,CMS/RAZORPAY/pay_e21d1d83e52a46/ORD-2026-3971,CREDIT,7776.21,27877930.27,CORP FIN OPS,HDFC0001234
UTR283503929,2026-05-03 13:00:53,CMS/RAZORPAY/pay_02c8b3e0f07a4d/ORD-2026-3972,CREDIT,13055.09,27890985.36,CORP FIN OPS,HDFC0001234
UTR592504899,2026-05-03 13:15:25,CMS/RAZORPAY/pay_357b0e8e710c4f/ORD-2026-3973,CREDIT,6154.36,27897139.72,CORP FIN OPS,HDFC0001234
UTR674066705,2026-05-03 13:30:33,CMS/RAZORPAY/pay_ea5d1cf52cbf43/ORD-2026-3974,CREDIT,1965.91,27899105.63,CORP FIN OPS,HDFC0001234
UTR679416824,2026-05-03 13:45:51,CMS/RAZORPAY/pay_3782ecdf989741/ORD-2026-3975,CREDIT,1070.78,27900176.41,CORP FIN OPS,HDFC0001234
UTR680740891,2026-05-03 14:00:38,CMS/RAZORPAY/pay_d96a7b69836a45/ORD-2026-3976,CREDIT,10920.98,27911097.39,CORP FIN OPS,HDFC0001234
UTR546670196,2026-05-03 14:15:09,CMS/RAZORPAY/pay_7a45d676536543/ORD-2026-3977,CREDIT,13590.6,27924687.99,CORP FIN OPS,HDFC0001234
UTR328550315,2026-05-03 14:30:43,CMS/RAZORPAY/pay_479a7626c30a41/ORD-2026-3978,CREDIT,5371.42,27930059.41,CORP FIN OPS,HDFC0001234
UTR735841848,2026-05-03 14:45:13,CMS/RAZORPAY/pay_2c39a22817924c/ORD-2026-3979,CREDIT,732.96,27930792.37,CORP FIN OPS,HDFC0001234
UTR699103000,2026-05-03 15:00:12,CMS/RAZORPAY/pay_9057a44ad3fe46/ORD-2026-3980,CREDIT,12175.01,27942967.38,CORP FIN OPS,HDFC0001234
UTR563849174,2026-05-03 15:15:36,CMS/RAZORPAY/pay_8f2d0de0a1dd4f/ORD-2026-3981,CREDIT,1221.38,27944188.76,CORP FIN OPS,HDFC0001234
UTR669963093,2026-05-03 15:30:10,CMS/RAZORPAY/pay_cd6c94ad03aa40/ORD-2026-3982,CREDIT,6355.84,27950544.6,CORP FIN OPS,HDFC0001234
UTR905435464,2026-05-03 15:45:23,CMS/RAZORPAY/pay_d1a6f8b809c342/ORD-2026-3983,CREDIT,13068.2,27963612.8,CORP FIN OPS,HDFC0001234
UTR417426432,2026-05-03 16:00:08,CMS/RAZORPAY/pay_9bffbb9eaa5942/ORD-2026-3984,CREDIT,9003.45,27972616.25,CORP FIN OPS,HDFC0001234
UTR814323020,2026-05-03 16:15:35,CMS/RAZORPAY/pay_81e3d2a157ac45/ORD-2026-3985,CREDIT,13264.02,27985880.27,CORP FIN OPS,HDFC0001234
UTR141467227,2026-05-03 16:30:09,CMS/RAZORPAY/pay_a4ab04c3479842/ORD-2026-3986,CREDIT,11636.01,27997516.28,CORP FIN OPS,HDFC0001234
UTR469574408,2026-05-03 16:45:55,CMS/RAZORPAY/pay_90c260942f9549/ORD-2026-3987,CREDIT,7251.19,28004767.47,CORP FIN OPS,HDFC0001234
UTR297822758,2026-05-03 17:00:38,CMS/RAZORPAY/pay_642dcea23f4843/ORD-2026-3988,CREDIT,600.25,28005367.72,CORP FIN OPS,HDFC0001234
UTR416641327,2026-05-03 17:15:50,CMS/RAZORPAY/pay_1d1b3294e33f49/ORD-2026-3989,CREDIT,904.42,28006272.14,CORP FIN OPS,HDFC0001234
UTR517468282,2026-05-03 17:30:18,CMS/RAZORPAY/pay_9b9cad00bd4447/ORD-2026-3990,CREDIT,10182.54,28016454.68,CORP FIN OPS,HDFC0001234
UTR745085049,2026-05-03 17:45:20,CMS/RAZORPAY/pay_4448477f66e74d/ORD-2026-3991,CREDIT,2905.26,28019359.94,CORP FIN OPS,HDFC0001234
UTR106556957,2026-05-03 18:00:53,CMS/RAZORPAY/pay_c6a4d11bf8724e/ORD-2026-3992,CREDIT,1646.82,28021006.76,CORP FIN OPS,HDFC0001234
UTR473338050,2026-05-03 18:15:10,CMS/RAZORPAY/pay_1e720c18d0714d/ORD-2026-3993,CREDIT,10420.13,28031426.89,CORP FIN OPS,HDFC0001234
UTR523469229,2026-05-03 18:30:11,CMS/RAZORPAY/pay_4e0c27c5a3cb46/ORD-2026-3994,CREDIT,13888.62,28045315.51,CORP FIN OPS,HDFC0001234
UTR354292725,2026-05-03 18:45:29,CMS/RAZORPAY/pay_12e54969ff8f44/ORD-2026-3995,CREDIT,7491.41,28052806.92,CORP FIN OPS,HDFC0001234
UTR685809705,2026-05-03 19:00:22,CMS/RAZORPAY/pay_42dd014c5be344/ORD-2026-3996,CREDIT,8355.47,28061162.39,CORP FIN OPS,HDFC0001234
UTR294287831,2026-05-03 19:15:43,CMS/RAZORPAY/pay_3f945caf9e4840/ORD-2026-3997,CREDIT,12404.79,28073567.18,CORP FIN OPS,HDFC0001234
UTR224184852,2026-05-03 19:30:23,CMS/RAZORPAY/pay_c942daf82b954a/ORD-2026-3998,CREDIT,9194.51,28082761.69,CORP FIN OPS,HDFC0001234
UTR156076637,2026-05-03 19:45:23,CMS/RAZORPAY/pay_50480f6d8a0545/ORD-2026-3999,CREDIT,4856.08,28087617.77,CORP FIN OPS,HDFC0001234
UTR429913959,2026-05-03 20:00:14,CMS/RAZORPAY/pay_d6885cae6e4046/ORD-2026-4000,CREDIT,11314.46,28098932.23,CORP FIN OPS,HDFC0001234
UTR419505958,2026-04-14 20:05:00,CMS/RAZORPAY/pay_627a247ab4714c/ORD-2026-4001,CREDIT,17237.57,28116169.8,CORP FIN OPS,HDFC0001234
UTR227863848,2026-04-14 20:10:00,CMS/RAZORPAY/pay_75fe5390b2a442/ORD-2026-4002,CREDIT,12105.2,28128275.0,CORP FIN OPS,HDFC0001234
UTR410724735,2026-04-14 20:15:00,CMS/RAZORPAY/pay_02bd6bbb860044/ORD-2026-4003,CREDIT,2585.9,28130860.9,CORP FIN OPS,HDFC0001234
UTR338634331,2026-04-14 20:20:00,CMS/RAZORPAY/pay_923472a771e445/ORD-2026-4004,CREDIT,4128.85,28134989.75,CORP FIN OPS,HDFC0001234
UTR945588120,2026-04-14 20:25:00,CMS/RAZORPAY/pay_add481bf9b3b4c/ORD-2026-4005,CREDIT,13991.8,28148981.55,CORP FIN OPS,HDFC0001234
UTR558620917,2026-04-14 20:30:00,CMS/RAZORPAY/pay_8b914b7fce924c/ORD-2026-4006,CREDIT,10922.13,28159903.68,CORP FIN OPS,HDFC0001234
UTR971969694,2026-04-14 20:35:00,CMS/RAZORPAY/pay_5e1e29045b8a4b/ORD-2026-4007,CREDIT,8115.8,28168019.48,CORP FIN OPS,HDFC0001234
UTR310774725,2026-04-14 20:40:00,CMS/RAZORPAY/pay_0dbab5d3aa4043/ORD-2026-4008,CREDIT,6936.5,28174955.98,CORP FIN OPS,HDFC0001234
UTR834730622,2026-04-14 20:45:00,CMS/RAZORPAY/pay_d689c3a3059c49/ORD-2026-4009,CREDIT,7430.38,28182386.36,CORP FIN OPS,HDFC0001234
UTR538724149,2026-04-14 20:50:00,CMS/RAZORPAY/pay_cae17392377044/ORD-2026-4010,CREDIT,16500.57,28198886.93,CORP FIN OPS,HDFC0001234
UTR618221003,2026-04-14 20:55:00,CMS/RAZORPAY/pay_cec0c2fe62754e/ORD-2026-4011,CREDIT,3721.35,28202608.28,CORP FIN OPS,HDFC0001234
UTR836113452,2026-04-14 21:00:00,CMS/RAZORPAY/pay_3363aa8cee9f40/ORD-2026-4012,CREDIT,5234.56,28207842.84,CORP FIN OPS,HDFC0001234
UTR194083770,2026-04-14 21:05:00,CMS/RAZORPAY/pay_a3eecfe4195749/ORD-2026-4013,CREDIT,9692.05,28217534.89,CORP FIN OPS,HDFC0001234
UTR732273227,2026-04-14 21:10:00,CMS/RAZORPAY/pay_0538e1c1fe5840/ORD-2026-4014,CREDIT,19216.79,28236751.68,CORP FIN OPS,HDFC0001234
UTR246621292,2026-04-14 21:15:00,CMS/RAZORPAY/pay_b3e2d9394d704f/ORD-2026-4015,CREDIT,17496.84,28254248.52,CORP FIN OPS,HDFC0001234
UTR156541402,2026-04-14 21:20:00,CMS/RAZORPAY/pay_ccbe36c428db4b/ORD-2026-4016,CREDIT,14011.27,28268259.79,CORP FIN OPS,HDFC0001234
UTR615063822,2026-04-14 21:25:00,CMS/RAZORPAY/pay_3e5bf12a28bf49/ORD-2026-4017,CREDIT,12050.22,28280310.01,CORP FIN OPS,HDFC0001234
UTR275799272,2026-04-14 21:30:00,CMS/RAZORPAY/pay_88bba1c36a0048/ORD-2026-4018,CREDIT,14269.9,28294579.91,CORP FIN OPS,HDFC0001234
UTR812504067,2026-04-14 21:35:00,CMS/RAZORPAY/pay_215304cf8f0647/ORD-2026-4019,CREDIT,17775.85,28312355.76,CORP FIN OPS,HDFC0001234
UTR518611609,2026-04-14 21:40:00,CMS/RAZORPAY/pay_eb8540fabfeb40/ORD-2026-4020,CREDIT,14827.32,28327183.08,CORP FIN OPS,HDFC0001234
UTR764918032,2026-04-14 21:45:00,CMS/RAZORPAY/pay_b9c979f92ef04a/ORD-2026-4021,CREDIT,12144.72,28339327.8,CORP FIN OPS,HDFC0001234
UTR984640015,2026-04-14 21:50:00,CMS/RAZORPAY/pay_132e484751e348/ORD-2026-4022,CREDIT,7695.21,28347023.01,CORP FIN OPS,HDFC0001234
UTR656534054,2026-04-14 21:55:00,CMS/RAZORPAY/pay_06b12e7beb9048/ORD-2026-4023,CREDIT,16690.55,28363713.56,CORP FIN OPS,HDFC0001234
UTR176726487,2026-04-14 22:00:00,CMS/RAZORPAY/pay_43c1205c0d2941/ORD-2026-4024,CREDIT,14986.04,28378699.6,CORP FIN OPS,HDFC0001234
UTR980470108,2026-04-14 22:05:00,CMS/RAZORPAY/pay_b6eaec76aea244/ORD-2026-4025,CREDIT,7181.5,28385881.1,CORP FIN OPS,HDFC0001234
UTR187992381,2026-04-14 22:10:00,CMS/RAZORPAY/pay_7f2880cb759449/ORD-2026-4026,CREDIT,2196.35,28388077.45,CORP FIN OPS,HDFC0001234
UTR382063522,2026-04-14 22:15:00,CMS/RAZORPAY/pay_d5df89c5a91141/ORD-2026-4027,CREDIT,16135.73,28404213.18,CORP FIN OPS,HDFC0001234
UTR632940741,2026-04-14 22:20:00,CMS/RAZORPAY/pay_de0c6e9ef26b47/ORD-2026-4028,CREDIT,11098.75,28415311.93,CORP FIN OPS,HDFC0001234
UTR189120763,2026-04-14 22:25:00,CMS/RAZORPAY/pay_340b6802854a49/ORD-2026-4029,CREDIT,14652.25,28429964.18,CORP FIN OPS,HDFC0001234
UTR907438286,2026-04-14 22:30:00,CMS/RAZORPAY/pay_a5b8d2f9994e40/ORD-2026-4030,CREDIT,16801.39,28446765.57,CORP FIN OPS,HDFC0001234
UTR754719022,2026-04-14 22:35:00,CMS/RAZORPAY/pay_cca32ae3c1f64f/ORD-2026-4031,CREDIT,16545.37,28463310.94,CORP FIN OPS,HDFC0001234
UTR718945314,2026-04-14 22:40:00,CMS/RAZORPAY/pay_e860b7c1c5384d/ORD-2026-4032,CREDIT,17476.68,28480787.62,CORP FIN OPS,HDFC0001234
UTR994850544,2026-04-14 22:45:00,CMS/RAZORPAY/pay_8929c97222434d/ORD-2026-4033,CREDIT,9737.59,28490525.21,CORP FIN OPS,HDFC0001234
UTR258706512,2026-04-14 22:50:00,CMS/RAZORPAY/pay_bc312e24056349/ORD-2026-4034,CREDIT,18126.04,28508651.25,CORP FIN OPS,HDFC0001234
UTR196025017,2026-04-14 22:55:00,CMS/RAZORPAY/pay_18d0b507e1a744/ORD-2026-4035,CREDIT,14974.16,28523625.41,CORP FIN OPS,HDFC0001234
UTR904235048,2026-04-14 23:00:00,CMS/RAZORPAY/pay_0aa1ddf243f940/ORD-2026-4036,CREDIT,15399.24,28539024.65,CORP FIN OPS,HDFC0001234
UTR822987465,2026-04-14 23:05:00,CMS/RAZORPAY/pay_68ef878d34dc41/ORD-2026-4037,CREDIT,2294.12,28541318.77,CORP FIN OPS,HDFC0001234
UTR945319144,2026-04-14 23:10:00,CMS/RAZORPAY/pay_610c4a38285640/ORD-2026-4038,CREDIT,2127.17,28543445.94,CORP FIN OPS,HDFC0001234
UTR430040079,2026-04-14 23:15:00,CMS/RAZORPAY/pay_bd9573ba59e545/ORD-2026-4039,CREDIT,13255.67,28556701.61,CORP FIN OPS,HDFC0001234
UTR361294334,2026-04-14 23:20:00,CMS/RAZORPAY/pay_d1097100aacc4b/ORD-2026-4040,CREDIT,2684.17,28559385.78,CORP FIN OPS,HDFC0001234
UTR987288467,2026-04-14 23:25:00,CMS/RAZORPAY/pay_fb356e3cebf44f/ORD-2026-4041,CREDIT,16918.02,28576303.8,CORP FIN OPS,HDFC0001234
UTR451908445,2026-04-14 23:30:00,CMS/RAZORPAY/pay_f729af21afc248/ORD-2026-4042,CREDIT,17333.39,28593637.19,CORP FIN OPS,HDFC0001234
UTR321817966,2026-04-14 23:35:00,CMS/RAZORPAY/pay_9699f637b7be43/ORD-2026-4043,CREDIT,3163.99,28596801.18,CORP FIN OPS,HDFC0001234
UTR320805967,2026-04-14 23:40:00,CMS/RAZORPAY/pay_f2b41bc2cdcf4d/ORD-2026-4044,CREDIT,15201.9,28612003.08,CORP FIN OPS,HDFC0001234
UTR333037366,2026-04-14 23:45:00,CMS/RAZORPAY/pay_1301a7e908c44b/ORD-2026-4045,CREDIT,10863.97,28622867.05,CORP FIN OPS,HDFC0001234
UTR324396789,2026-04-14 23:50:00,CMS/RAZORPAY/pay_aa26f49c96bc45/ORD-2026-4046,CREDIT,6179.66,28629046.71,CORP FIN OPS,HDFC0001234
UTR772840271,2026-04-14 23:55:00,CMS/RAZORPAY/pay_db88eba71a9a40/ORD-2026-4047,CREDIT,11474.68,28640521.39,CORP FIN OPS,HDFC0001234
UTR779538032,2026-04-15 00:00:00,CMS/RAZORPAY/pay_7daf3e99895843/ORD-2026-4048,CREDIT,9826.28,28650347.67,CORP FIN OPS,HDFC0001234
UTR514286093,2026-04-15 00:05:00,CMS/RAZORPAY/pay_eb2725a1630741/ORD-2026-4049,CREDIT,6134.4,28656482.07,CORP FIN OPS,HDFC0001234
UTR483399227,2026-04-15 00:10:00,CMS/RAZORPAY/pay_15b4d5be605b49/ORD-2026-4050,CREDIT,15767.66,28672249.73,CORP FIN OPS,HDFC0001234
UTR411575520,2026-04-15 00:15:00,CMS/RAZORPAY/pay_1d17670270394a/ORD-2026-4051,CREDIT,8820.41,28681070.14,CORP FIN OPS,HDFC0001234
UTR645523224,2026-04-15 00:20:00,CMS/RAZORPAY/pay_49fcf183f1534d/ORD-2026-4052,CREDIT,10196.84,28691266.98,CORP FIN OPS,HDFC0001234
UTR270089241,2026-04-15 00:25:00,CMS/RAZORPAY/pay_b761118c5fb846/ORD-2026-4053,CREDIT,19388.85,28710655.83,CORP FIN OPS,HDFC0001234
UTR468417378,2026-04-15 00:30:00,CMS/RAZORPAY/pay_2ee3e667599347/ORD-2026-4054,CREDIT,7107.03,28717762.86,CORP FIN OPS,HDFC0001234
UTR966765128,2026-04-15 00:35:00,CMS/RAZORPAY/pay_07b05eeb94ec47/ORD-2026-4055,CREDIT,6432.2,28724195.06,CORP FIN OPS,HDFC0001234
UTR212574430,2026-04-15 00:40:00,CMS/RAZORPAY/pay_a281dfd2d3a94e/ORD-2026-4056,CREDIT,18726.11,28742921.17,CORP FIN OPS,HDFC0001234
UTR459448074,2026-04-15 00:45:00,CMS/RAZORPAY/pay_2f49aff81ff745/ORD-2026-4057,CREDIT,9112.8,28752033.97,CORP FIN OPS,HDFC0001234
UTR233616139,2026-04-15 00:50:00,CMS/RAZORPAY/pay_9c774d2b0a3349/ORD-2026-4058,CREDIT,5250.62,28757284.59,CORP FIN OPS,HDFC0001234
UTR626579042,2026-04-15 00:55:00,CMS/RAZORPAY/pay_d08ea4370e5b4f/ORD-2026-4059,CREDIT,2089.32,28759373.91,CORP FIN OPS,HDFC0001234
UTR323908049,2026-04-15 01:00:00,CMS/RAZORPAY/pay_f2b5ba85c4004f/ORD-2026-4060,CREDIT,4295.27,28763669.18,CORP FIN OPS,HDFC0001234
UTR780494630,2026-04-15 01:05:00,CMS/RAZORPAY/pay_ca0736e01eaf4b/ORD-2026-4061,CREDIT,13782.69,28777451.87,CORP FIN OPS,HDFC0001234
UTR735631188,2026-04-15 01:10:00,CMS/RAZORPAY/pay_eb4bc209cbd948/ORD-2026-4062,CREDIT,15844.54,28793296.41,CORP FIN OPS,HDFC0001234
UTR717544034,2026-04-15 01:15:00,CMS/RAZORPAY/pay_a3310084dc6446/ORD-2026-4063,CREDIT,9266.7,28802563.11,CORP FIN OPS,HDFC0001234
UTR711676151,2026-04-15 01:20:00,CMS/RAZORPAY/pay_b1732fdd27b54d/ORD-2026-4064,CREDIT,4974.52,28807537.63,CORP FIN OPS,HDFC0001234
UTR921692491,2026-04-15 01:25:00,CMS/RAZORPAY/pay_3ff8e6fa150240/ORD-2026-4065,CREDIT,17190.75,28824728.38,CORP FIN OPS,HDFC0001234
UTR992449270,2026-04-15 01:30:00,CMS/RAZORPAY/pay_7fa107dae5e244/ORD-2026-4066,CREDIT,11353.66,28836082.04,CORP FIN OPS,HDFC0001234
UTR232377207,2026-04-15 01:35:00,CMS/RAZORPAY/pay_07220a7137724f/ORD-2026-4067,CREDIT,6597.71,28842679.75,CORP FIN OPS,HDFC0001234
UTR965483263,2026-04-15 01:40:00,CMS/RAZORPAY/pay_db775529a4214f/ORD-2026-4068,CREDIT,15749.85,28858429.6,CORP FIN OPS,HDFC0001234
UTR318071673,2026-04-15 01:45:00,CMS/RAZORPAY/pay_2d93399470cc4c/ORD-2026-4069,CREDIT,18519.8,28876949.4,CORP FIN OPS,HDFC0001234
UTR644663192,2026-04-15 01:50:00,CMS/RAZORPAY/pay_5121ef26838c42/ORD-2026-4070,CREDIT,5541.78,28882491.18,CORP FIN OPS,HDFC0001234
UTR649722837,2026-04-15 01:55:00,CMS/RAZORPAY/pay_793cdc3dd65746/ORD-2026-4071,CREDIT,14760.39,28897251.57,CORP FIN OPS,HDFC0001234
UTR917097058,2026-04-15 02:00:00,CMS/RAZORPAY/pay_60127dd56ffc4f/ORD-2026-4072,CREDIT,9811.3,28907062.87,CORP FIN OPS,HDFC0001234
UTR870366950,2026-04-15 02:05:00,CMS/RAZORPAY/pay_7d142b7b6dc640/ORD-2026-4073,CREDIT,12533.31,28919596.18,CORP FIN OPS,HDFC0001234
UTR650454911,2026-04-15 02:10:00,CMS/RAZORPAY/pay_59d343575ce847/ORD-2026-4074,CREDIT,18908.56,28938504.74,CORP FIN OPS,HDFC0001234
UTR525092245,2026-04-15 02:15:00,CMS/RAZORPAY/pay_a3e8bf1e28c04d/ORD-2026-4075,CREDIT,8046.75,28946551.49,CORP FIN OPS,HDFC0001234
UTR172821248,2026-04-15 02:20:00,CMS/RAZORPAY/pay_d2d9ec5a4cbf42/ORD-2026-4076,CREDIT,17036.52,28963588.01,CORP FIN OPS,HDFC0001234
UTR877562137,2026-04-15 02:25:00,CMS/RAZORPAY/pay_5975dd97491c4e/ORD-2026-4077,CREDIT,9823.6,28973411.61,CORP FIN OPS,HDFC0001234
UTR913855409,2026-04-15 02:30:00,CMS/RAZORPAY/pay_bc4ca03e460a43/ORD-2026-4078,CREDIT,3104.58,28976516.19,CORP FIN OPS,HDFC0001234
UTR840309605,2026-04-15 02:35:00,CMS/RAZORPAY/pay_9790168b29684e/ORD-2026-4079,CREDIT,3689.46,28980205.65,CORP FIN OPS,HDFC0001234
UTR498606691,2026-04-15 02:40:00,CMS/RAZORPAY/pay_e8610555bba241/ORD-2026-4080,CREDIT,16648.57,28996854.22,CORP FIN OPS,HDFC0001234
UTR867281936,2026-04-15 02:45:00,CMS/RAZORPAY/pay_32f3a6f822884e/ORD-2026-4081,CREDIT,3673.46,29000527.68,CORP FIN OPS,HDFC0001234
UTR684100671,2026-04-15 02:50:00,CMS/RAZORPAY/pay_5d27970f5f5249/ORD-2026-4082,CREDIT,2437.39,29002965.07,CORP FIN OPS,HDFC0001234
UTR374619476,2026-04-15 02:55:00,CMS/RAZORPAY/pay_8a885c4a2fd444/ORD-2026-4083,CREDIT,5526.73,29008491.8,CORP FIN OPS,HDFC0001234
UTR632585515,2026-04-15 03:00:00,CMS/RAZORPAY/pay_f03dbc16930d48/ORD-2026-4084,CREDIT,15830.62,29024322.42,CORP FIN OPS,HDFC0001234
UTR384557399,2026-04-15 03:05:00,CMS/RAZORPAY/pay_c541aaafe9cf4d/ORD-2026-4085,CREDIT,4961.53,29029283.95,CORP FIN OPS,HDFC0001234
UTR138059895,2026-04-15 03:10:00,CMS/RAZORPAY/pay_2ff4f9f2b9fb41/ORD-2026-4086,CREDIT,7290.68,29036574.63,CORP FIN OPS,HDFC0001234
UTR838242891,2026-04-15 03:15:00,CMS/RAZORPAY/pay_7c25a8905fa74c/ORD-2026-4087,CREDIT,5709.19,29042283.82,CORP FIN OPS,HDFC0001234
UTR686429833,2026-04-15 03:20:00,CMS/RAZORPAY/pay_2ef6373cca4341/ORD-2026-4088,CREDIT,9796.31,29052080.13,CORP FIN OPS,HDFC0001234
UTR936483568,2026-04-15 03:25:00,CMS/RAZORPAY/pay_e7c43fda07d64e/ORD-2026-4089,CREDIT,2501.03,29054581.16,CORP FIN OPS,HDFC0001234
UTR961771921,2026-04-15 03:30:00,CMS/RAZORPAY/pay_bd6e46c74c0d45/ORD-2026-4090,CREDIT,14570.39,29069151.55,CORP FIN OPS,HDFC0001234
UTR311091070,2026-04-15 03:35:00,CMS/RAZORPAY/pay_70bd44eb63d04d/ORD-2026-4091,CREDIT,18717.99,29087869.54,CORP FIN OPS,HDFC0001234
UTR599124953,2026-04-15 03:40:00,CMS/RAZORPAY/pay_0509bdb29e1b44/ORD-2026-4092,CREDIT,12531.07,29100400.61,CORP FIN OPS,HDFC0001234
UTR631430073,2026-04-15 03:45:00,CMS/RAZORPAY/pay_aa16070281b94a/ORD-2026-4093,CREDIT,4334.48,29104735.09,CORP FIN OPS,HDFC0001234
UTR332129971,2026-04-15 03:50:00,CMS/RAZORPAY/pay_64bc03a1055543/ORD-2026-4094,CREDIT,3510.43,29108245.52,CORP FIN OPS,HDFC0001234
UTR284324080,2026-04-15 03:55:00,CMS/RAZORPAY/pay_55f2b0e5043e49/ORD-2026-4095,CREDIT,3581.3,29111826.82,CORP FIN OPS,HDFC0001234
UTR708136911,2026-04-15 04:00:00,CMS/RAZORPAY/pay_67a8e47b440540/ORD-2026-4096,CREDIT,14951.96,29126778.78,CORP FIN OPS,HDFC0001234
UTR632161763,2026-04-15 04:05:00,CMS/RAZORPAY/pay_807139c4c4c146/ORD-2026-4097,CREDIT,5193.37,29131972.15,CORP FIN OPS,HDFC0001234
UTR862297878,2026-04-15 04:10:00,CMS/RAZORPAY/pay_1bc80623d3194d/ORD-2026-4098,CREDIT,14956.11,29146928.26,CORP FIN OPS,HDFC0001234
UTR711473873,2026-04-15 04:15:00,CMS/RAZORPAY/pay_c6d16a7bf6fc4f/ORD-2026-4099,CREDIT,11520.27,29158448.53,CORP FIN OPS,HDFC0001234
UTR588325075,2026-04-15 04:20:00,CMS/RAZORPAY/pay_992cd41c66cc46/ORD-2026-4100,CREDIT,7306.69,29165755.22,CORP FIN OPS,HDFC0001234
UTR985893442,2026-04-15 04:25:00,CMS/RAZORPAY/pay_ba60541510e046/ORD-2026-4101,CREDIT,15237.78,29180993.0,CORP FIN OPS,HDFC0001234
UTR487133229,2026-04-15 04:30:00,CMS/RAZORPAY/pay_0ac80686198546/ORD-2026-4102,CREDIT,3569.37,29184562.37,CORP FIN OPS,HDFC0001234
UTR467564615,2026-04-15 04:35:00,CMS/RAZORPAY/pay_89d0724543b24a/ORD-2026-4103,CREDIT,5701.51,29190263.88,CORP FIN OPS,HDFC0001234
UTR886589310,2026-04-15 04:40:00,CMS/RAZORPAY/pay_e7b6ff4915f841/ORD-2026-4104,CREDIT,12153.51,29202417.39,CORP FIN OPS,HDFC0001234
UTR956670202,2026-04-15 04:45:00,CMS/RAZORPAY/pay_cd3628cb195141/ORD-2026-4105,CREDIT,17403.07,29219820.46,CORP FIN OPS,HDFC0001234
UTR323600426,2026-04-15 04:50:00,CMS/RAZORPAY/pay_ed88a1521bfd46/ORD-2026-4106,CREDIT,9306.56,29229127.02,CORP FIN OPS,HDFC0001234
UTR341215349,2026-04-15 04:55:00,CMS/RAZORPAY/pay_73fbeae69e6f41/ORD-2026-4107,CREDIT,10175.63,29239302.65,CORP FIN OPS,HDFC0001234
UTR747120459,2026-04-15 05:00:00,CMS/RAZORPAY/pay_2d5ab5b5ac6d49/ORD-2026-4108,CREDIT,14548.66,29253851.31,CORP FIN OPS,HDFC0001234
UTR390284374,2026-04-15 05:05:00,CMS/RAZORPAY/pay_95ffef041f014c/ORD-2026-4109,CREDIT,16420.57,29270271.88,CORP FIN OPS,HDFC0001234
UTR220201918,2026-04-15 05:10:00,CMS/RAZORPAY/pay_2a1d5680b9d74a/ORD-2026-4110,CREDIT,2593.05,29272864.93,CORP FIN OPS,HDFC0001234
UTR443242122,2026-04-15 05:15:00,CMS/RAZORPAY/pay_54e674444eae43/ORD-2026-4111,CREDIT,4932.45,29277797.38,CORP FIN OPS,HDFC0001234
UTR913303658,2026-04-15 05:20:00,CMS/RAZORPAY/pay_1155dcea1fbd40/ORD-2026-4112,CREDIT,14764.04,29292561.42,CORP FIN OPS,HDFC0001234
UTR614289576,2026-04-15 05:25:00,CMS/RAZORPAY/pay_182ab09ba9484d/ORD-2026-4113,CREDIT,15790.59,29308352.01,CORP FIN OPS,HDFC0001234
UTR236259676,2026-04-15 05:30:00,CMS/RAZORPAY/pay_70c1308eaba141/ORD-2026-4114,CREDIT,10058.09,29318410.1,CORP FIN OPS,HDFC0001234
UTR434966161,2026-04-15 05:35:00,CMS/RAZORPAY/pay_f9cda456a3214f/ORD-2026-4115,CREDIT,6474.07,29324884.17,CORP FIN OPS,HDFC0001234
UTR570644657,2026-04-15 05:40:00,CMS/RAZORPAY/pay_221c401691dd4a/ORD-2026-4116,CREDIT,19037.99,29343922.16,CORP FIN OPS,HDFC0001234
UTR626880492,2026-04-15 05:45:00,CMS/RAZORPAY/pay_e2c19ff81c1e44/ORD-2026-4117,CREDIT,12790.01,29356712.17,CORP FIN OPS,HDFC0001234
UTR422955277,2026-04-15 05:50:00,CMS/RAZORPAY/pay_d9f14ed604a240/ORD-2026-4118,CREDIT,2825.74,29359537.91,CORP FIN OPS,HDFC0001234
UTR752759275,2026-04-15 05:55:00,CMS/RAZORPAY/pay_6c034d8e333742/ORD-2026-4119,CREDIT,16533.35,29376071.26,CORP FIN OPS,HDFC0001234
UTR680177541,2026-04-15 06:00:00,CMS/RAZORPAY/pay_3c8ddf86bf254a/ORD-2026-4120,CREDIT,10867.56,29386938.82,CORP FIN OPS,HDFC0001234
UTR641348073,2026-04-15 06:05:00,CMS/RAZORPAY/pay_107d6f497e844d/ORD-2026-4121,CREDIT,3996.84,29390935.66,CORP FIN OPS,HDFC0001234
UTR394549990,2026-04-15 06:10:00,CMS/RAZORPAY/pay_c600e6961c574c/ORD-2026-4122,CREDIT,5225.8,29396161.46,CORP FIN OPS,HDFC0001234
UTR278777701,2026-04-15 06:15:00,CMS/RAZORPAY/pay_e596978feb4948/ORD-2026-4123,CREDIT,14956.09,29411117.55,CORP FIN OPS,HDFC0001234
UTR115617382,2026-04-15 06:20:00,CMS/RAZORPAY/pay_83b376b315424e/ORD-2026-4124,CREDIT,17741.9,29428859.45,CORP FIN OPS,HDFC0001234
UTR102124225,2026-04-15 06:25:00,CMS/RAZORPAY/pay_296af585fafe49/ORD-2026-4125,CREDIT,2305.43,29431164.88,CORP FIN OPS,HDFC0001234
UTR367003960,2026-04-15 06:30:00,CMS/RAZORPAY/pay_d885ae9565ec4e/ORD-2026-4126,CREDIT,14961.27,29446126.15,CORP FIN OPS,HDFC0001234
UTR737527440,2026-04-15 06:35:00,CMS/RAZORPAY/pay_88b4a90787da45/ORD-2026-4127,CREDIT,12658.34,29458784.49,CORP FIN OPS,HDFC0001234
UTR230264298,2026-04-15 06:40:00,CMS/RAZORPAY/pay_cf0f7eb1ee0544/ORD-2026-4128,CREDIT,4029.09,29462813.58,CORP FIN OPS,HDFC0001234
UTR512835580,2026-04-15 06:45:00,CMS/RAZORPAY/pay_2d9decccf11241/ORD-2026-4129,CREDIT,16302.24,29479115.82,CORP FIN OPS,HDFC0001234
UTR316403562,2026-04-15 06:50:00,CMS/RAZORPAY/pay_8559d2d30f1945/ORD-2026-4130,CREDIT,14933.05,29494048.87,CORP FIN OPS,HDFC0001234
UTR894582515,2026-04-15 06:55:00,CMS/RAZORPAY/pay_5005f6aa60644a/ORD-2026-4131,CREDIT,8738.45,29502787.32,CORP FIN OPS,HDFC0001234
UTR422338978,2026-04-15 07:00:00,CMS/RAZORPAY/pay_dd3eca1d585749/ORD-2026-4132,CREDIT,18444.39,29521231.71,CORP FIN OPS,HDFC0001234
UTR377039590,2026-04-15 07:05:00,CMS/RAZORPAY/pay_c43971f7af4144/ORD-2026-4133,CREDIT,6231.27,29527462.98,CORP FIN OPS,HDFC0001234
UTR834758230,2026-04-15 07:10:00,CMS/RAZORPAY/pay_5e5a07d772404e/ORD-2026-4134,CREDIT,6302.98,29533765.96,CORP FIN OPS,HDFC0001234
UTR578533665,2026-04-15 07:15:00,CMS/RAZORPAY/pay_178dd9b8c4b343/ORD-2026-4135,CREDIT,18212.79,29551978.75,CORP FIN OPS,HDFC0001234
UTR199285593,2026-04-15 07:20:00,CMS/RAZORPAY/pay_c04225084ed64d/ORD-2026-4136,CREDIT,14095.44,29566074.19,CORP FIN OPS,HDFC0001234
UTR915216554,2026-04-15 07:25:00,CMS/RAZORPAY/pay_768656b8cbe745/ORD-2026-4137,CREDIT,4571.09,29570645.28,CORP FIN OPS,HDFC0001234
UTR964276116,2026-04-15 07:30:00,CMS/RAZORPAY/pay_1c46d40062e04b/ORD-2026-4138,CREDIT,3141.83,29573787.11,CORP FIN OPS,HDFC0001234
UTR398214706,2026-04-15 07:35:00,CMS/RAZORPAY/pay_ad41b884f1e64a/ORD-2026-4139,CREDIT,9139.42,29582926.53,CORP FIN OPS,HDFC0001234
UTR717137562,2026-04-15 07:40:00,CMS/RAZORPAY/pay_c26a7ded2a6442/ORD-2026-4140,CREDIT,6903.99,29589830.52,CORP FIN OPS,HDFC0001234
UTR574182381,2026-04-15 07:45:00,CMS/RAZORPAY/pay_69213d116e4044/ORD-2026-4141,CREDIT,14477.14,29604307.66,CORP FIN OPS,HDFC0001234
UTR386685375,2026-04-15 07:50:00,CMS/RAZORPAY/pay_db777530debf45/ORD-2026-4142,CREDIT,16122.22,29620429.88,CORP FIN OPS,HDFC0001234
UTR247932385,2026-04-15 07:55:00,CMS/RAZORPAY/pay_676dc0bc86ed49/ORD-2026-4143,CREDIT,10928.41,29631358.29,CORP FIN OPS,HDFC0001234
UTR519921150,2026-04-15 08:00:00,CMS/RAZORPAY/pay_5c6b34acf45241/ORD-2026-4144,CREDIT,2533.97,29633892.26,CORP FIN OPS,HDFC0001234
UTR633521546,2026-04-15 08:05:00,CMS/RAZORPAY/pay_7a8cce411b9742/ORD-2026-4145,CREDIT,13999.61,29647891.87,CORP FIN OPS,HDFC0001234
UTR947900230,2026-04-15 08:10:00,CMS/RAZORPAY/pay_d242310def5f48/ORD-2026-4146,CREDIT,13095.63,29660987.5,CORP FIN OPS,HDFC0001234
UTR271551118,2026-04-15 08:15:00,CMS/RAZORPAY/pay_c703d82a544f40/ORD-2026-4147,CREDIT,7972.54,29668960.04,CORP FIN OPS,HDFC0001234
UTR416387957,2026-04-15 08:20:00,CMS/RAZORPAY/pay_310b320c476445/ORD-2026-4148,CREDIT,4735.41,29673695.45,CORP FIN OPS,HDFC0001234
UTR692340913,2026-04-15 08:25:00,CMS/RAZORPAY/pay_010d5b4cf45d49/ORD-2026-4149,CREDIT,3820.33,29677515.78,CORP FIN OPS,HDFC0001234
UTR174564173,2026-04-15 08:30:00,CMS/RAZORPAY/pay_e235f4840c4745/ORD-2026-4150,CREDIT,15705.49,29693221.27,CORP FIN OPS,HDFC0001234
UTR408018616,2026-04-15 08:35:00,CMS/RAZORPAY/pay_6f33c1ce5b594c/ORD-2026-4151,CREDIT,3947.03,29697168.3,CORP FIN OPS,HDFC0001234
UTR745979232,2026-04-15 08:40:00,CMS/RAZORPAY/pay_79756d441abf47/ORD-2026-4152,CREDIT,5778.34,29702946.64,CORP FIN OPS,HDFC0001234
UTR125266900,2026-04-15 08:45:00,CMS/RAZORPAY/pay_8c1c71c0ea2642/ORD-2026-4153,CREDIT,3436.54,29706383.18,CORP FIN OPS,HDFC0001234
UTR592075731,2026-04-15 08:50:00,CMS/RAZORPAY/pay_3700d50bf3b54f/ORD-2026-4154,CREDIT,2462.99,29708846.17,CORP FIN OPS,HDFC0001234
UTR709668786,2026-04-15 08:55:00,CMS/RAZORPAY/pay_d181aa91dff54e/ORD-2026-4155,CREDIT,3145.86,29711992.03,CORP FIN OPS,HDFC0001234
UTR803154820,2026-04-15 09:00:00,CMS/RAZORPAY/pay_362ea67c99624e/ORD-2026-4156,CREDIT,18509.17,29730501.2,CORP FIN OPS,HDFC0001234
UTR889660383,2026-04-15 09:05:00,CMS/RAZORPAY/pay_7f724d5b52e24c/ORD-2026-4157,CREDIT,9561.37,29740062.57,CORP FIN OPS,HDFC0001234
UTR435068180,2026-04-15 09:10:00,CMS/RAZORPAY/pay_1c5e8768935e43/ORD-2026-4158,CREDIT,14639.77,29754702.34,CORP FIN OPS,HDFC0001234
UTR254969471,2026-04-15 09:15:00,CMS/RAZORPAY/pay_ba1e771fcd4c40/ORD-2026-4159,CREDIT,9276.73,29763979.07,CORP FIN OPS,HDFC0001234
UTR511049144,2026-04-15 09:20:00,CMS/RAZORPAY/pay_edceca11012147/ORD-2026-4160,CREDIT,3818.38,29767797.45,CORP FIN OPS,HDFC0001234
UTR107348238,2026-04-15 09:25:00,CMS/RAZORPAY/pay_5588687f11af40/ORD-2026-4161,CREDIT,10681.33,29778478.78,CORP FIN OPS,HDFC0001234
UTR628085654,2026-04-15 09:30:00,CMS/RAZORPAY/pay_df8c02a88f1b4e/ORD-2026-4162,CREDIT,6485.53,29784964.31,CORP FIN OPS,HDFC0001234
UTR189200192,2026-04-15 09:35:00,CMS/RAZORPAY/pay_bce711ab8bd64e/ORD-2026-4163,CREDIT,19430.93,29804395.24,CORP FIN OPS,HDFC0001234
UTR441289180,2026-04-15 09:40:00,CMS/RAZORPAY/pay_1e515c69e6494c/ORD-2026-4164,CREDIT,15060.62,29819455.86,CORP FIN OPS,HDFC0001234
UTR523313146,2026-04-15 09:45:00,CMS/RAZORPAY/pay_050234ef586642/ORD-2026-4165,CREDIT,19215.54,29838671.4,CORP FIN OPS,HDFC0001234
UTR855476553,2026-04-15 09:50:00,CMS/RAZORPAY/pay_29a1560f88284f/ORD-2026-4166,CREDIT,18306.92,29856978.32,CORP FIN OPS,HDFC0001234
UTR396419255,2026-04-15 09:55:00,CMS/RAZORPAY/pay_bdd560ca308a40/ORD-2026-4167,CREDIT,18682.24,29875660.56,CORP FIN OPS,HDFC0001234
UTR648292001,2026-04-15 10:00:00,CMS/RAZORPAY/pay_40614d97da4f4d/ORD-2026-4168,CREDIT,15772.08,29891432.64,CORP FIN OPS,HDFC0001234
UTR991065414,2026-04-15 10:05:00,CMS/RAZORPAY/pay_17e7332a08a44f/ORD-2026-4169,CREDIT,13536.97,29904969.61,CORP FIN OPS,HDFC0001234
UTR488271081,2026-04-15 10:10:00,CMS/RAZORPAY/pay_72175027558a42/ORD-2026-4170,CREDIT,2583.31,29907552.92,CORP FIN OPS,HDFC0001234
UTR637513593,2026-04-15 10:15:00,CMS/RAZORPAY/pay_1f309e243f584a/ORD-2026-4171,CREDIT,19330.27,29926883.19,CORP FIN OPS,HDFC0001234
UTR436303462,2026-04-15 10:20:00,CMS/RAZORPAY/pay_168b223399004d/ORD-2026-4172,CREDIT,16149.9,29943033.09,CORP FIN OPS,HDFC0001234
UTR879599058,2026-04-15 10:25:00,CMS/RAZORPAY/pay_5a1eec8033804d/ORD-2026-4173,CREDIT,17322.64,29960355.73,CORP FIN OPS,HDFC0001234
UTR218608583,2026-04-15 10:30:00,CMS/RAZORPAY/pay_9c3985b7f82340/ORD-2026-4174,CREDIT,3465.03,29963820.76,CORP FIN OPS,HDFC0001234
UTR275693103,2026-04-15 10:35:00,CMS/RAZORPAY/pay_3ae47508f1164a/ORD-2026-4175,CREDIT,6438.37,29970259.13,CORP FIN OPS,HDFC0001234
UTR808588868,2026-04-15 10:40:00,CMS/RAZORPAY/pay_294478e8f12043/ORD-2026-4176,CREDIT,15963.25,29986222.38,CORP FIN OPS,HDFC0001234
UTR820030449,2026-04-15 10:45:00,CMS/RAZORPAY/pay_4ed1d97f37f847/ORD-2026-4177,CREDIT,15492.13,30001714.51,CORP FIN OPS,HDFC0001234
UTR670367814,2026-04-15 10:50:00,CMS/RAZORPAY/pay_b380f5b41a864a/ORD-2026-4178,CREDIT,10057.93,30011772.44,CORP FIN OPS,HDFC0001234
UTR350720568,2026-04-15 10:55:00,CMS/RAZORPAY/pay_94b12e474b8b4f/ORD-2026-4179,CREDIT,5888.31,30017660.75,CORP FIN OPS,HDFC0001234
UTR877405890,2026-04-15 11:00:00,CMS/RAZORPAY/pay_4936a2a048e14f/ORD-2026-4180,CREDIT,11189.11,30028849.86,CORP FIN OPS,HDFC0001234
UTR676427933,2026-04-15 11:05:00,CMS/RAZORPAY/pay_6d0f3ed47c3a4b/ORD-2026-4181,CREDIT,19324.16,30048174.02,CORP FIN OPS,HDFC0001234
UTR472928462,2026-04-15 11:10:00,CMS/RAZORPAY/pay_b05f01ba97b742/ORD-2026-4182,CREDIT,16235.03,30064409.05,CORP FIN OPS,HDFC0001234
UTR272870138,2026-04-15 11:15:00,CMS/RAZORPAY/pay_bd1938efd9cc4e/ORD-2026-4183,CREDIT,7387.35,30071796.4,CORP FIN OPS,HDFC0001234
UTR365358704,2026-04-15 11:20:00,CMS/RAZORPAY/pay_2ed9e2931e2943/ORD-2026-4184,CREDIT,4017.76,30075814.16,CORP FIN OPS,HDFC0001234
UTR756379201,2026-04-15 11:25:00,CMS/RAZORPAY/pay_cd84c7edee974f/ORD-2026-4185,CREDIT,2017.89,30077832.05,CORP FIN OPS,HDFC0001234
UTR207889701,2026-04-15 11:30:00,CMS/RAZORPAY/pay_94aca009eb4046/ORD-2026-4186,CREDIT,2869.84,30080701.89,CORP FIN OPS,HDFC0001234
UTR167089505,2026-04-15 11:35:00,CMS/RAZORPAY/pay_cf1a48353bca45/ORD-2026-4187,CREDIT,3782.73,30084484.62,CORP FIN OPS,HDFC0001234
UTR186094666,2026-04-15 11:40:00,CMS/RAZORPAY/pay_faed58afcaf741/ORD-2026-4188,CREDIT,16078.02,30100562.64,CORP FIN OPS,HDFC0001234
UTR419775373,2026-04-15 11:45:00,CMS/RAZORPAY/pay_a99c7d967f9c46/ORD-2026-4189,CREDIT,16177.84,30116740.48,CORP FIN OPS,HDFC0001234
UTR902663395,2026-04-15 11:50:00,CMS/RAZORPAY/pay_761401ac5a7f4c/ORD-2026-4190,CREDIT,12264.69,30129005.17,CORP FIN OPS,HDFC0001234
UTR148948859,2026-04-15 11:55:00,CMS/RAZORPAY/pay_80454309e4c64d/ORD-2026-4191,CREDIT,17426.25,30146431.42,CORP FIN OPS,HDFC0001234
UTR834163355,2026-04-15 12:00:00,CMS/RAZORPAY/pay_50a7251e5aeb44/ORD-2026-4192,CREDIT,14575.94,30161007.36,CORP FIN OPS,HDFC0001234
UTR783042112,2026-04-15 12:05:00,CMS/RAZORPAY/pay_a864077ce2e64f/ORD-2026-4193,CREDIT,16321.07,30177328.43,CORP FIN OPS,HDFC0001234
UTR775046798,2026-04-15 12:10:00,CMS/RAZORPAY/pay_2611b81a66c148/ORD-2026-4194,CREDIT,3292.82,30180621.25,CORP FIN OPS,HDFC0001234
UTR462599538,2026-04-15 12:15:00,CMS/RAZORPAY/pay_628c6b53b0c24b/ORD-2026-4195,CREDIT,14303.1,30194924.35,CORP FIN OPS,HDFC0001234
UTR699267885,2026-04-15 12:20:00,CMS/RAZORPAY/pay_a399ae09f7a247/ORD-2026-4196,CREDIT,11090.25,30206014.6,CORP FIN OPS,HDFC0001234
UTR936863235,2026-04-15 12:25:00,CMS/RAZORPAY/pay_43e88718317245/ORD-2026-4197,CREDIT,12423.08,30218437.68,CORP FIN OPS,HDFC0001234
UTR602455623,2026-04-15 12:30:00,CMS/RAZORPAY/pay_da16c388f7f64f/ORD-2026-4198,CREDIT,18491.49,30236929.17,CORP FIN OPS,HDFC0001234
UTR693268999,2026-04-15 12:35:00,CMS/RAZORPAY/pay_5ae93d55851f46/ORD-2026-4199,CREDIT,15581.16,30252510.33,CORP FIN OPS,HDFC0001234
UTR317757643,2026-04-15 12:40:00,CMS/RAZORPAY/pay_8e2ccf518e9042/ORD-2026-4200,CREDIT,6342.75,30258853.08,CORP FIN OPS,HDFC0001234
UTR620941587,2026-04-15 12:45:00,CMS/RAZORPAY/pay_98c3982be7d547/ORD-2026-4201,CREDIT,16601.53,30275454.61,CORP FIN OPS,HDFC0001234
UTR700928410,2026-04-15 12:50:00,CMS/RAZORPAY/pay_8cc6113dd0744f/ORD-2026-4202,CREDIT,17689.55,30293144.16,CORP FIN OPS,HDFC0001234
UTR687368866,2026-04-15 12:55:00,CMS/RAZORPAY/pay_446f03fdae2945/ORD-2026-4203,CREDIT,13735.51,30306879.67,CORP FIN OPS,HDFC0001234
UTR599850534,2026-04-15 13:00:00,CMS/RAZORPAY/pay_9a5fbb5722c944/ORD-2026-4204,CREDIT,2202.34,30309082.01,CORP FIN OPS,HDFC0001234
UTR308471970,2026-04-15 13:05:00,CMS/RAZORPAY/pay_02e61a917aaf48/ORD-2026-4205,CREDIT,5677.25,30314759.26,CORP FIN OPS,HDFC0001234
UTR985021510,2026-04-15 13:10:00,CMS/RAZORPAY/pay_e32c76ca542b41/ORD-2026-4206,CREDIT,8782.18,30323541.44,CORP FIN OPS,HDFC0001234
UTR692153618,2026-04-15 13:15:00,CMS/RAZORPAY/pay_65ba7219d3bd4f/ORD-2026-4207,CREDIT,16766.3,30340307.74,CORP FIN OPS,HDFC0001234
UTR121392269,2026-04-15 13:20:00,CMS/RAZORPAY/pay_c52a6584560049/ORD-2026-4208,CREDIT,15960.05,30356267.79,CORP FIN OPS,HDFC0001234
UTR765444783,2026-04-15 13:25:00,CMS/RAZORPAY/pay_d9e0c05c268348/ORD-2026-4209,CREDIT,6248.14,30362515.93,CORP FIN OPS,HDFC0001234
UTR196038353,2026-04-15 13:30:00,CMS/RAZORPAY/pay_5d5c125a30ae4d/ORD-2026-4210,CREDIT,2905.67,30365421.6,CORP FIN OPS,HDFC0001234
UTR984174240,2026-04-15 13:35:00,CMS/RAZORPAY/pay_8f6cc0033be249/ORD-2026-4211,CREDIT,8741.79,30374163.39,CORP FIN OPS,HDFC0001234
UTR333630781,2026-04-15 13:40:00,CMS/RAZORPAY/pay_5a3122bfba5841/ORD-2026-4212,CREDIT,8314.49,30382477.88,CORP FIN OPS,HDFC0001234
UTR402869605,2026-04-15 13:45:00,CMS/RAZORPAY/pay_55f7cac757464a/ORD-2026-4213,CREDIT,14244.43,30396722.31,CORP FIN OPS,HDFC0001234
UTR720501769,2026-04-15 13:50:00,CMS/RAZORPAY/pay_cf59f0f6f47d46/ORD-2026-4214,CREDIT,6994.56,30403716.87,CORP FIN OPS,HDFC0001234
UTR336642661,2026-04-15 13:55:00,CMS/RAZORPAY/pay_828378a88d7849/ORD-2026-4215,CREDIT,2123.38,30405840.25,CORP FIN OPS,HDFC0001234
UTR744982771,2026-04-15 14:00:00,CMS/RAZORPAY/pay_73a772f8ce244c/ORD-2026-4216,CREDIT,16191.07,30422031.32,CORP FIN OPS,HDFC0001234
UTR258226709,2026-04-15 14:05:00,CMS/RAZORPAY/pay_25bafa5ae2d54a/ORD-2026-4217,CREDIT,8390.13,30430421.45,CORP FIN OPS,HDFC0001234
UTR872766784,2026-04-15 14:10:00,CMS/RAZORPAY/pay_1b8c50306fd64a/ORD-2026-4218,CREDIT,15309.09,30445730.54,CORP FIN OPS,HDFC0001234
UTR534092211,2026-04-15 14:15:00,CMS/RAZORPAY/pay_e4112847c0534b/ORD-2026-4219,CREDIT,5988.79,30451719.33,CORP FIN OPS,HDFC0001234
UTR690504980,2026-04-15 14:20:00,CMS/RAZORPAY/pay_53199de91aee48/ORD-2026-4220,CREDIT,3580.38,30455299.71,CORP FIN OPS,HDFC0001234
UTR917175575,2026-04-15 14:25:00,CMS/RAZORPAY/pay_f58a79841e1746/ORD-2026-4221,CREDIT,17906.79,30473206.5,CORP FIN OPS,HDFC0001234
UTR626760528,2026-04-15 14:30:00,CMS/RAZORPAY/pay_7e8110b6a1964d/ORD-2026-4222,CREDIT,16916.92,30490123.42,CORP FIN OPS,HDFC0001234
UTR364980053,2026-04-15 14:35:00,CMS/RAZORPAY/pay_cc70c023a1db40/ORD-2026-4223,CREDIT,7561.47,30497684.89,CORP FIN OPS,HDFC0001234
UTR582153143,2026-04-15 14:40:00,CMS/RAZORPAY/pay_b927668ec11f42/ORD-2026-4224,CREDIT,7711.34,30505396.23,CORP FIN OPS,HDFC0001234
UTR735950793,2026-04-15 14:45:00,CMS/RAZORPAY/pay_9a7ccccd34814d/ORD-2026-4225,CREDIT,15334.04,30520730.27,CORP FIN OPS,HDFC0001234
UTR466539120,2026-04-15 14:50:00,CMS/RAZORPAY/pay_cd8055c6807045/ORD-2026-4226,CREDIT,6487.71,30527217.98,CORP FIN OPS,HDFC0001234
UTR918650004,2026-04-15 14:55:00,CMS/RAZORPAY/pay_35c7d9135ed743/ORD-2026-4227,CREDIT,4758.26,30531976.24,CORP FIN OPS,HDFC0001234
UTR417436521,2026-04-15 15:00:00,CMS/RAZORPAY/pay_0297dc1d33ca4b/ORD-2026-4228,CREDIT,9559.72,30541535.96,CORP FIN OPS,HDFC0001234
UTR930178643,2026-04-15 15:05:00,CMS/RAZORPAY/pay_9cb80dffe09346/ORD-2026-4229,CREDIT,10144.81,30551680.77,CORP FIN OPS,HDFC0001234
UTR574103130,2026-04-15 15:10:00,CMS/RAZORPAY/pay_0fd028236ff247/ORD-2026-4230,CREDIT,2422.61,30554103.38,CORP FIN OPS,HDFC0001234
UTR231536644,2026-04-15 15:15:00,CMS/RAZORPAY/pay_a64f5af31d2e49/ORD-2026-4231,CREDIT,8669.66,30562773.04,CORP FIN OPS,HDFC0001234
UTR670756740,2026-04-15 15:20:00,CMS/RAZORPAY/pay_679cfba7a77640/ORD-2026-4232,CREDIT,10365.15,30573138.19,CORP FIN OPS,HDFC0001234
UTR622564352,2026-04-15 15:25:00,CMS/RAZORPAY/pay_9a94a0072e954e/ORD-2026-4233,CREDIT,7315.47,30580453.66,CORP FIN OPS,HDFC0001234
UTR933563700,2026-04-15 15:30:00,CMS/RAZORPAY/pay_8b9f5823c9484f/ORD-2026-4234,CREDIT,17496.98,30597950.64,CORP FIN OPS,HDFC0001234
UTR640365793,2026-04-15 15:35:00,CMS/RAZORPAY/pay_820ac4c0d44a4c/ORD-2026-4235,CREDIT,14294.51,30612245.15,CORP FIN OPS,HDFC0001234
UTR273943651,2026-04-15 15:40:00,CMS/RAZORPAY/pay_144db83583fd48/ORD-2026-4236,CREDIT,7760.61,30620005.76,CORP FIN OPS,HDFC0001234
UTR258377529,2026-04-15 15:45:00,CMS/RAZORPAY/pay_56ab302bc6724c/ORD-2026-4237,CREDIT,5198.59,30625204.35,CORP FIN OPS,HDFC0001234
UTR581782458,2026-04-15 15:50:00,CMS/RAZORPAY/pay_e6652d3472bf4e/ORD-2026-4238,CREDIT,9445.6,30634649.95,CORP FIN OPS,HDFC0001234
UTR800834134,2026-04-15 15:55:00,CMS/RAZORPAY/pay_69fa671d267942/ORD-2026-4239,CREDIT,13901.0,30648550.95,CORP FIN OPS,HDFC0001234
UTR996397083,2026-04-15 16:00:00,CMS/RAZORPAY/pay_6dd2d63510754b/ORD-2026-4240,CREDIT,18449.23,30667000.18,CORP FIN OPS,HDFC0001234
UTR610980840,2026-04-15 16:05:00,CMS/RAZORPAY/pay_4aa589aea18244/ORD-2026-4241,CREDIT,14048.63,30681048.81,CORP FIN OPS,HDFC0001234
UTR333955572,2026-04-15 16:10:00,CMS/RAZORPAY/pay_630ee05e5c374e/ORD-2026-4242,CREDIT,14580.78,30695629.59,CORP FIN OPS,HDFC0001234
UTR536408368,2026-04-15 16:15:00,CMS/RAZORPAY/pay_732746592a4248/ORD-2026-4243,CREDIT,15898.52,30711528.11,CORP FIN OPS,HDFC0001234
UTR734926925,2026-04-15 16:20:00,CMS/RAZORPAY/pay_7ca59a8bdc014f/ORD-2026-4244,CREDIT,5031.08,30716559.19,CORP FIN OPS,HDFC0001234
UTR378859607,2026-04-15 16:25:00,CMS/RAZORPAY/pay_8efa0cd901cf42/ORD-2026-4245,CREDIT,8014.77,30724573.96,CORP FIN OPS,HDFC0001234
UTR609238563,2026-04-15 16:30:00,CMS/RAZORPAY/pay_3a2d2ae98cb449/ORD-2026-4246,CREDIT,12054.97,30736628.93,CORP FIN OPS,HDFC0001234
UTR560704282,2026-04-15 16:35:00,CMS/RAZORPAY/pay_d9dbdc53a3b643/ORD-2026-4247,CREDIT,15534.17,30752163.1,CORP FIN OPS,HDFC0001234
UTR541838199,2026-04-15 16:40:00,CMS/RAZORPAY/pay_1e9891cce2f443/ORD-2026-4248,CREDIT,2955.61,30755118.71,CORP FIN OPS,HDFC0001234
UTR636668462,2026-04-15 16:45:00,CMS/RAZORPAY/pay_d013025d667e47/ORD-2026-4249,CREDIT,7969.42,30763088.13,CORP FIN OPS,HDFC0001234
UTR729960600,2026-04-15 16:50:00,CMS/RAZORPAY/pay_4a0e8ed39d5749/ORD-2026-4250,CREDIT,6166.45,30769254.58,CORP FIN OPS,HDFC0001234
UTR294269615,2026-04-15 16:55:00,CMS/RAZORPAY/pay_cd3b136bd48b4e/ORD-2026-4251,CREDIT,5620.74,30774875.32,CORP FIN OPS,HDFC0001234
UTR589026761,2026-04-15 17:00:00,CMS/RAZORPAY/pay_2413a845ee0846/ORD-2026-4252,CREDIT,5099.29,30779974.61,CORP FIN OPS,HDFC0001234
UTR617699612,2026-04-15 17:05:00,CMS/RAZORPAY/pay_939730fbccee41/ORD-2026-4253,CREDIT,3806.93,30783781.54,CORP FIN OPS,HDFC0001234
UTR799273096,2026-04-15 17:10:00,CMS/RAZORPAY/pay_76adda75089d44/ORD-2026-4254,CREDIT,9398.61,30793180.15,CORP FIN OPS,HDFC0001234
UTR554122340,2026-04-15 17:15:00,CMS/RAZORPAY/pay_9f799ff6855042/ORD-2026-4255,CREDIT,2945.69,30796125.84,CORP FIN OPS,HDFC0001234
UTR222428094,2026-04-15 17:20:00,CMS/RAZORPAY/pay_f988311ba6fb4d/ORD-2026-4256,CREDIT,6638.36,30802764.2,CORP FIN OPS,HDFC0001234
UTR134769841,2026-04-15 17:25:00,CMS/RAZORPAY/pay_eeefe932395b46/ORD-2026-4257,CREDIT,5019.82,30807784.02,CORP FIN OPS,HDFC0001234
UTR322619259,2026-04-15 17:30:00,CMS/RAZORPAY/pay_7ed58975afa147/ORD-2026-4258,CREDIT,5220.36,30813004.38,CORP FIN OPS,HDFC0001234
UTR710571363,2026-04-15 17:35:00,CMS/RAZORPAY/pay_42e2e57808324d/ORD-2026-4259,CREDIT,3618.6,30816622.98,CORP FIN OPS,HDFC0001234
UTR388447450,2026-04-15 17:40:00,CMS/RAZORPAY/pay_9f8ca4f085e042/ORD-2026-4260,CREDIT,16449.69,30833072.67,CORP FIN OPS,HDFC0001234
UTR176721925,2026-04-15 17:45:00,CMS/RAZORPAY/pay_5384f290d1274c/ORD-2026-4261,CREDIT,10074.62,30843147.29,CORP FIN OPS,HDFC0001234
UTR529563416,2026-04-15 17:50:00,CMS/RAZORPAY/pay_24973f47d48646/ORD-2026-4262,CREDIT,9743.77,30852891.06,CORP FIN OPS,HDFC0001234
UTR135324099,2026-04-15 17:55:00,CMS/RAZORPAY/pay_69c21ac02ac14c/ORD-2026-4263,CREDIT,12152.84,30865043.9,CORP FIN OPS,HDFC0001234
UTR996714792,2026-04-15 18:00:00,CMS/RAZORPAY/pay_a4b30308cebf43/ORD-2026-4264,CREDIT,5156.64,30870200.54,CORP FIN OPS,HDFC0001234
UTR221475051,2026-04-15 18:05:00,CMS/RAZORPAY/pay_7138875fe2ad4f/ORD-2026-4265,CREDIT,4743.09,30874943.63,CORP FIN OPS,HDFC0001234
UTR359486864,2026-04-15 18:10:00,CMS/RAZORPAY/pay_590c184acbea48/ORD-2026-4266,CREDIT,11393.8,30886337.43,CORP FIN OPS,HDFC0001234
UTR911998014,2026-04-15 18:15:00,CMS/RAZORPAY/pay_cd521ebfb1a74a/ORD-2026-4267,CREDIT,6496.67,30892834.1,CORP FIN OPS,HDFC0001234
UTR216743341,2026-04-15 18:20:00,CMS/RAZORPAY/pay_9e2521728dcd4c/ORD-2026-4268,CREDIT,14862.98,30907697.08,CORP FIN OPS,HDFC0001234
UTR852386291,2026-04-15 18:25:00,CMS/RAZORPAY/pay_a095112a0c344a/ORD-2026-4269,CREDIT,19293.26,30926990.34,CORP FIN OPS,HDFC0001234
UTR271868828,2026-04-15 18:30:00,CMS/RAZORPAY/pay_4b170e6219994f/ORD-2026-4270,CREDIT,16334.56,30943324.9,CORP FIN OPS,HDFC0001234
UTR420474498,2026-04-15 18:35:00,CMS/RAZORPAY/pay_07182f8d0c394b/ORD-2026-4271,CREDIT,2985.83,30946310.73,CORP FIN OPS,HDFC0001234
UTR585935286,2026-04-15 18:40:00,CMS/RAZORPAY/pay_f0df49fda27a4e/ORD-2026-4272,CREDIT,13248.02,30959558.75,CORP FIN OPS,HDFC0001234
UTR693741395,2026-04-15 18:45:00,CMS/RAZORPAY/pay_9ec97dfa11274a/ORD-2026-4273,CREDIT,8173.06,30967731.81,CORP FIN OPS,HDFC0001234
UTR384299976,2026-04-15 18:50:00,CMS/RAZORPAY/pay_1a8310e3e2d643/ORD-2026-4274,CREDIT,2353.97,30970085.78,CORP FIN OPS,HDFC0001234
UTR423574913,2026-04-15 18:55:00,CMS/RAZORPAY/pay_4b4d840ae1a04d/ORD-2026-4275,CREDIT,9272.08,30979357.86,CORP FIN OPS,HDFC0001234
UTR123300625,2026-04-15 19:00:00,CMS/RAZORPAY/pay_fe2213fc161d42/ORD-2026-4276,CREDIT,2725.0,30982082.86,CORP FIN OPS,HDFC0001234
UTR706712173,2026-04-15 19:05:00,CMS/RAZORPAY/pay_819225ae8b024d/ORD-2026-4277,CREDIT,12357.94,30994440.8,CORP FIN OPS,HDFC0001234
UTR498791621,2026-04-15 19:10:00,CMS/RAZORPAY/pay_468e522a7f864c/ORD-2026-4278,CREDIT,17382.33,31011823.13,CORP FIN OPS,HDFC0001234
UTR400103143,2026-04-15 19:15:00,CMS/RAZORPAY/pay_6358c9a324624a/ORD-2026-4279,CREDIT,11433.75,31023256.88,CORP FIN OPS,HDFC0001234
UTR286136069,2026-04-15 19:20:00,CMS/RAZORPAY/pay_f5d948570e0149/ORD-2026-4280,CREDIT,8043.53,31031300.41,CORP FIN OPS,HDFC0001234
UTR286093591,2026-04-15 19:25:00,CMS/RAZORPAY/pay_971d6ed1c19f4d/ORD-2026-4281,CREDIT,18699.94,31050000.35,CORP FIN OPS,HDFC0001234
UTR143741026,2026-04-15 19:30:00,CMS/RAZORPAY/pay_f9ab5e3ba22b49/ORD-2026-4282,CREDIT,16113.01,31066113.36,CORP FIN OPS,HDFC0001234
UTR221893424,2026-04-15 19:35:00,CMS/RAZORPAY/pay_9e073a5fd28c4c/ORD-2026-4283,CREDIT,19258.32,31085371.68,CORP FIN OPS,HDFC0001234
UTR342704655,2026-04-15 19:40:00,CMS/RAZORPAY/pay_e7401f93b86b46/ORD-2026-4284,CREDIT,12110.7,31097482.38,CORP FIN OPS,HDFC0001234
UTR769780425,2026-04-15 19:45:00,CMS/RAZORPAY/pay_894f55d045d54d/ORD-2026-4285,CREDIT,15158.61,31112640.99,CORP FIN OPS,HDFC0001234
UTR416263403,2026-04-15 19:50:00,CMS/RAZORPAY/pay_5434a822c77e49/ORD-2026-4286,CREDIT,8841.88,31121482.87,CORP FIN OPS,HDFC0001234
UTR242015997,2026-04-15 19:55:00,CMS/RAZORPAY/pay_1ed203d0d98647/ORD-2026-4287,CREDIT,16152.54,31137635.41,CORP FIN OPS,HDFC0001234
UTR231478450,2026-04-15 20:00:00,CMS/RAZORPAY/pay_936b9421567648/ORD-2026-4288,CREDIT,16499.19,31154134.6,CORP FIN OPS,HDFC0001234
UTR273615782,2026-04-15 20:05:00,CMS/RAZORPAY/pay_7e06ca2ce1d342/ORD-2026-4289,CREDIT,9720.72,31163855.32,CORP FIN OPS,HDFC0001234
UTR436142310,2026-04-15 20:10:00,CMS/RAZORPAY/pay_368438c1c97046/ORD-2026-4290,CREDIT,18594.49,31182449.81,CORP FIN OPS,HDFC0001234
UTR633019373,2026-04-15 20:15:00,CMS/RAZORPAY/pay_6f3c698556204c/ORD-2026-4291,CREDIT,5411.25,31187861.06,CORP FIN OPS,HDFC0001234
UTR731358204,2026-04-15 20:20:00,CMS/RAZORPAY/pay_6193153bc0cc44/ORD-2026-4292,CREDIT,6807.24,31194668.3,CORP FIN OPS,HDFC0001234
UTR295691963,2026-04-15 20:25:00,CMS/RAZORPAY/pay_a0602cafc6174c/ORD-2026-4293,CREDIT,13161.14,31207829.44,CORP FIN OPS,HDFC0001234
UTR768011422,2026-04-15 20:30:00,CMS/RAZORPAY/pay_89d5e2836ffb4f/ORD-2026-4294,CREDIT,12199.29,31220028.73,CORP FIN OPS,HDFC0001234
UTR181618898,2026-04-15 20:35:00,CMS/RAZORPAY/pay_a1d2e8061f064e/ORD-2026-4295,CREDIT,3692.43,31223721.16,CORP FIN OPS,HDFC0001234
UTR237555813,2026-04-15 20:40:00,CMS/RAZORPAY/pay_d88de7a59ae347/ORD-2026-4296,CREDIT,16907.27,31240628.43,CORP FIN OPS,HDFC0001234
UTR262290463,2026-04-15 20:45:00,CMS/RAZORPAY/pay_52a0e48990a84d/ORD-2026-4297,CREDIT,6352.56,31246980.99,CORP FIN OPS,HDFC0001234
UTR766590553,2026-04-15 20:50:00,CMS/RAZORPAY/pay_a2cb2a0029eb4d/ORD-2026-4298,CREDIT,4052.79,31251033.78,CORP FIN OPS,HDFC0001234
UTR713194513,2026-04-15 20:55:00,CMS/RAZORPAY/pay_eaad6da19f7441/ORD-2026-4299,CREDIT,13492.4,31264526.18,CORP FIN OPS,HDFC0001234
UTR247562810,2026-04-15 21:00:00,CMS/RAZORPAY/pay_521d6a1187dc4c/ORD-2026-4300,CREDIT,3013.57,31267539.75,CORP FIN OPS,HDFC0001234
UTR167425189,2026-04-15 21:05:00,CMS/RAZORPAY/pay_939a124427434e/ORD-2026-4301,CREDIT,14039.09,31281578.84,CORP FIN OPS,HDFC0001234
UTR441229846,2026-04-15 21:10:00,CMS/RAZORPAY/pay_8cd0a9fcf90144/ORD-2026-4302,CREDIT,6685.62,31288264.46,CORP FIN OPS,HDFC0001234
UTR421599311,2026-04-15 21:15:00,CMS/RAZORPAY/pay_82b35fb61c4943/ORD-2026-4303,CREDIT,13603.45,31301867.91,CORP FIN OPS,HDFC0001234
UTR620887687,2026-04-15 21:20:00,CMS/RAZORPAY/pay_d5c4d7ce3dfe43/ORD-2026-4304,CREDIT,13105.03,31314972.94,CORP FIN OPS,HDFC0001234
UTR501967852,2026-04-15 21:25:00,CMS/RAZORPAY/pay_517152101db14f/ORD-2026-4305,CREDIT,16994.74,31331967.68,CORP FIN OPS,HDFC0001234
UTR860419646,2026-04-15 21:30:00,CMS/RAZORPAY/pay_eab21aad6c3740/ORD-2026-4306,CREDIT,12940.03,31344907.71,CORP FIN OPS,HDFC0001234
UTR734260115,2026-04-15 21:35:00,CMS/RAZORPAY/pay_ca5bf3b62f2241/ORD-2026-4307,CREDIT,14824.36,31359732.07,CORP FIN OPS,HDFC0001234
UTR628966211,2026-04-15 21:40:00,CMS/RAZORPAY/pay_e75909b9ef0f41/ORD-2026-4308,CREDIT,9494.8,31369226.87,CORP FIN OPS,HDFC0001234
UTR324379394,2026-04-15 21:45:00,CMS/RAZORPAY/pay_5993d39a83834a/ORD-2026-4309,CREDIT,15202.38,31384429.25,CORP FIN OPS,HDFC0001234
UTR484365686,2026-04-15 21:50:00,CMS/RAZORPAY/pay_e2f8221219224d/ORD-2026-4310,CREDIT,4848.44,31389277.69,CORP FIN OPS,HDFC0001234
UTR565242667,2026-04-15 21:55:00,CMS/RAZORPAY/pay_8cb96e11b7274c/ORD-2026-4311,CREDIT,2947.87,31392225.56,CORP FIN OPS,HDFC0001234
UTR889458889,2026-04-15 22:00:00,CMS/RAZORPAY/pay_26564df6ab394a/ORD-2026-4312,CREDIT,16462.24,31408687.8,CORP FIN OPS,HDFC0001234
UTR851050984,2026-04-15 22:05:00,CMS/RAZORPAY/pay_43f82ded8d5546/ORD-2026-4313,CREDIT,14380.69,31423068.49,CORP FIN OPS,HDFC0001234
UTR946684202,2026-04-15 22:10:00,CMS/RAZORPAY/pay_d82dcb04886443/ORD-2026-4314,CREDIT,2259.37,31425327.86,CORP FIN OPS,HDFC0001234
UTR617817389,2026-04-15 22:15:00,CMS/RAZORPAY/pay_8614725e985b49/ORD-2026-4315,CREDIT,13468.19,31438796.05,CORP FIN OPS,HDFC0001234
UTR332686795,2026-04-15 22:20:00,CMS/RAZORPAY/pay_abf69c675afb40/ORD-2026-4316,CREDIT,14844.67,31453640.72,CORP FIN OPS,HDFC0001234
UTR281218634,2026-04-15 22:25:00,CMS/RAZORPAY/pay_aeeeb79da6874c/ORD-2026-4317,CREDIT,4965.42,31458606.14,CORP FIN OPS,HDFC0001234
UTR672608950,2026-04-15 22:30:00,CMS/RAZORPAY/pay_dc5596ecbe8c4a/ORD-2026-4318,CREDIT,8116.55,31466722.69,CORP FIN OPS,HDFC0001234
UTR580201106,2026-04-15 22:35:00,CMS/RAZORPAY/pay_2517d2bf75474c/ORD-2026-4319,CREDIT,11613.24,31478335.93,CORP FIN OPS,HDFC0001234
UTR293574280,2026-04-15 22:40:00,CMS/RAZORPAY/pay_c981b1bdc8014b/ORD-2026-4320,CREDIT,3530.81,31481866.74,CORP FIN OPS,HDFC0001234
UTR393697349,2026-04-15 22:45:00,CMS/RAZORPAY/pay_9b4bbadede6845/ORD-2026-4321,CREDIT,6975.57,31488842.31,CORP FIN OPS,HDFC0001234
UTR946174067,2026-04-15 22:50:00,CMS/RAZORPAY/pay_174d37584a644e/ORD-2026-4322,CREDIT,12541.04,31501383.35,CORP FIN OPS,HDFC0001234
UTR992789780,2026-04-15 22:55:00,CMS/RAZORPAY/pay_3d65ced8a8c14c/ORD-2026-4323,CREDIT,2640.32,31504023.67,CORP FIN OPS,HDFC0001234
UTR381616927,2026-04-15 23:00:00,CMS/RAZORPAY/pay_1d3ebf85a9a643/ORD-2026-4324,CREDIT,16435.79,31520459.46,CORP FIN OPS,HDFC0001234
UTR562040314,2026-04-15 23:05:00,CMS/RAZORPAY/pay_34c7c62dff1e43/ORD-2026-4325,CREDIT,5184.16,31525643.62,CORP FIN OPS,HDFC0001234
UTR120146673,2026-04-15 23:10:00,CMS/RAZORPAY/pay_171e11f9b9ad4e/ORD-2026-4326,CREDIT,12699.23,31538342.85,CORP FIN OPS,HDFC0001234
UTR717316531,2026-04-15 23:15:00,CMS/RAZORPAY/pay_3dda5161ac3345/ORD-2026-4327,CREDIT,6242.94,31544585.79,CORP FIN OPS,HDFC0001234
UTR244384755,2026-04-15 23:20:00,CMS/RAZORPAY/pay_4f82619464684c/ORD-2026-4328,CREDIT,7157.68,31551743.47,CORP FIN OPS,HDFC0001234
UTR735533014,2026-04-15 23:25:00,CMS/RAZORPAY/pay_5eb365b104dc42/ORD-2026-4329,CREDIT,8635.5,31560378.97,CORP FIN OPS,HDFC0001234
UTR550834148,2026-04-15 23:30:00,CMS/RAZORPAY/pay_d5f139ed1fb745/ORD-2026-4330,CREDIT,18251.21,31578630.18,CORP FIN OPS,HDFC0001234
UTR807677294,2026-04-15 23:35:00,CMS/RAZORPAY/pay_4b74e1e512e043/ORD-2026-4331,CREDIT,7551.3,31586181.48,CORP FIN OPS,HDFC0001234
UTR835606935,2026-04-15 23:40:00,CMS/RAZORPAY/pay_a8a230b80e004f/ORD-2026-4332,CREDIT,16486.94,31602668.42,CORP FIN OPS,HDFC0001234
UTR239370727,2026-04-15 23:45:00,CMS/RAZORPAY/pay_5d370ae6b61e4e/ORD-2026-4333,CREDIT,6868.94,31609537.36,CORP FIN OPS,HDFC0001234
UTR111084635,2026-04-15 23:50:00,CMS/RAZORPAY/pay_795f0c0baccb43/ORD-2026-4334,CREDIT,11962.78,31621500.14,CORP FIN OPS,HDFC0001234
UTR314625089,2026-04-15 23:55:00,CMS/RAZORPAY/pay_f4fc5eeb24c843/ORD-2026-4335,CREDIT,9358.94,31630859.08,CORP FIN OPS,HDFC0001234
UTR339370760,2026-04-16 00:00:00,CMS/RAZORPAY/pay_2e00254c4fef4b/ORD-2026-4336,CREDIT,5542.48,31636401.56,CORP FIN OPS,HDFC0001234
UTR113347477,2026-04-16 00:05:00,CMS/RAZORPAY/pay_b5431f3b92e048/ORD-2026-4337,CREDIT,6899.28,31643300.84,CORP FIN OPS,HDFC0001234
UTR247335514,2026-04-16 00:10:00,CMS/RAZORPAY/pay_b6c9af03094f42/ORD-2026-4338,CREDIT,14464.94,31657765.78,CORP FIN OPS,HDFC0001234
UTR977383817,2026-04-16 00:15:00,CMS/RAZORPAY/pay_b36bb8939fb141/ORD-2026-4339,CREDIT,3979.96,31661745.74,CORP FIN OPS,HDFC0001234
UTR598132464,2026-04-16 00:20:00,CMS/RAZORPAY/pay_c1804d7fee0946/ORD-2026-4340,CREDIT,13468.72,31675214.46,CORP FIN OPS,HDFC0001234
UTR611754789,2026-04-16 00:25:00,CMS/RAZORPAY/pay_c8f8edf811ff48/ORD-2026-4341,CREDIT,17595.48,31692809.94,CORP FIN OPS,HDFC0001234
UTR948298033,2026-04-16 00:30:00,CMS/RAZORPAY/pay_d9fb33b5b0f144/ORD-2026-4342,CREDIT,12522.15,31705332.09,CORP FIN OPS,HDFC0001234
UTR979168483,2026-04-16 00:35:00,CMS/RAZORPAY/pay_fce134ca15d74a/ORD-2026-4343,CREDIT,17345.29,31722677.38,CORP FIN OPS,HDFC0001234
UTR465266436,2026-04-16 00:40:00,CMS/RAZORPAY/pay_03c13cda3a7447/ORD-2026-4344,CREDIT,10897.93,31733575.31,CORP FIN OPS,HDFC0001234
UTR997533747,2026-04-16 00:45:00,CMS/RAZORPAY/pay_3347f33c26a74b/ORD-2026-4345,CREDIT,12790.22,31746365.53,CORP FIN OPS,HDFC0001234
UTR848755841,2026-04-16 00:50:00,CMS/RAZORPAY/pay_980d503d12c543/ORD-2026-4346,CREDIT,2665.15,31749030.68,CORP FIN OPS,HDFC0001234
UTR578133290,2026-04-16 00:55:00,CMS/RAZORPAY/pay_8b5ba6690c8e43/ORD-2026-4347,CREDIT,6610.42,31755641.1,CORP FIN OPS,HDFC0001234
UTR280622991,2026-04-16 01:00:00,CMS/RAZORPAY/pay_c197b0b3cb274a/ORD-2026-4348,CREDIT,6646.46,31762287.56,CORP FIN OPS,HDFC0001234
UTR637926569,2026-04-16 01:05:00,CMS/RAZORPAY/pay_86efa6bff59944/ORD-2026-4349,CREDIT,11965.52,31774253.08,CORP FIN OPS,HDFC0001234
UTR277712646,2026-04-16 01:10:00,CMS/RAZORPAY/pay_2811b3717e674e/ORD-2026-4350,CREDIT,17242.86,31791495.94,CORP FIN OPS,HDFC0001234
UTR506411629,2026-04-16 01:15:00,CMS/RAZORPAY/pay_52ff713011f249/ORD-2026-4351,CREDIT,9260.28,31800756.22,CORP FIN OPS,HDFC0001234
UTR285710743,2026-04-16 01:20:00,CMS/RAZORPAY/pay_eb554be7f44140/ORD-2026-4352,CREDIT,10970.04,31811726.26,CORP FIN OPS,HDFC0001234
UTR103449831,2026-04-16 01:25:00,CMS/RAZORPAY/pay_c1eadbeb01774a/ORD-2026-4353,CREDIT,5919.63,31817645.89,CORP FIN OPS,HDFC0001234
UTR617230874,2026-04-16 01:30:00,CMS/RAZORPAY/pay_d9cbaa181d5f42/ORD-2026-4354,CREDIT,4996.36,31822642.25,CORP FIN OPS,HDFC0001234
UTR351745039,2026-04-16 01:35:00,CMS/RAZORPAY/pay_89f154d42b8b4f/ORD-2026-4355,CREDIT,15599.23,31838241.48,CORP FIN OPS,HDFC0001234
UTR612127164,2026-04-16 01:40:00,CMS/RAZORPAY/pay_fda731b354f44f/ORD-2026-4356,CREDIT,6527.14,31844768.62,CORP FIN OPS,HDFC0001234
UTR624768498,2026-04-16 01:45:00,CMS/RAZORPAY/pay_d923c5fdbc4544/ORD-2026-4357,CREDIT,14843.36,31859611.98,CORP FIN OPS,HDFC0001234
UTR642442371,2026-04-16 01:50:00,CMS/RAZORPAY/pay_6a8e29f30aa740/ORD-2026-4358,CREDIT,6771.4,31866383.38,CORP FIN OPS,HDFC0001234
UTR881406427,2026-04-16 01:55:00,CMS/RAZORPAY/pay_d0a76df3221e4d/ORD-2026-4359,CREDIT,3385.81,31869769.19,CORP FIN OPS,HDFC0001234
UTR546287679,2026-04-16 02:00:00,CMS/RAZORPAY/pay_ba7ea01cce7c43/ORD-2026-4360,CREDIT,17627.01,31887396.2,CORP FIN OPS,HDFC0001234
UTR910694793,2026-04-16 02:05:00,CMS/RAZORPAY/pay_a376b72760054b/ORD-2026-4361,CREDIT,9017.2,31896413.4,CORP FIN OPS,HDFC0001234
UTR845184155,2026-04-16 02:10:00,CMS/RAZORPAY/pay_024bebf20cde46/ORD-2026-4362,CREDIT,11035.67,31907449.07,CORP FIN OPS,HDFC0001234
UTR164221002,2026-04-16 02:15:00,CMS/RAZORPAY/pay_77af34d4630241/ORD-2026-4363,CREDIT,9869.13,31917318.2,CORP FIN OPS,HDFC0001234
UTR111910988,2026-04-16 02:20:00,CMS/RAZORPAY/pay_349375de5bd840/ORD-2026-4364,CREDIT,7798.96,31925117.16,CORP FIN OPS,HDFC0001234
UTR121940697,2026-04-16 02:25:00,CMS/RAZORPAY/pay_b239e413be4d40/ORD-2026-4365,CREDIT,19030.51,31944147.67,CORP FIN OPS,HDFC0001234
UTR135719308,2026-04-16 02:30:00,CMS/RAZORPAY/pay_1fdf72c6371247/ORD-2026-4366,CREDIT,17685.25,31961832.92,CORP FIN OPS,HDFC0001234
UTR576963669,2026-04-16 02:35:00,CMS/RAZORPAY/pay_6b7882739eb04b/ORD-2026-4367,CREDIT,17955.14,31979788.06,CORP FIN OPS,HDFC0001234
UTR129044476,2026-04-16 02:40:00,CMS/RAZORPAY/pay_6ba7d3357c8340/ORD-2026-4368,CREDIT,10398.28,31990186.34,CORP FIN OPS,HDFC0001234
UTR123894155,2026-04-16 02:45:00,CMS/RAZORPAY/pay_dc9c4e1c5c8a48/ORD-2026-4369,CREDIT,10187.51,32000373.85,CORP FIN OPS,HDFC0001234
UTR296533829,2026-04-16 02:50:00,CMS/RAZORPAY/pay_1be73a6b008b46/ORD-2026-4370,CREDIT,9305.91,32009679.76,CORP FIN OPS,HDFC0001234
UTR933332667,2026-04-16 02:55:00,CMS/RAZORPAY/pay_4383275b67f444/ORD-2026-4371,CREDIT,12695.47,32022375.23,CORP FIN OPS,HDFC0001234
UTR453365025,2026-04-16 03:00:00,CMS/RAZORPAY/pay_bec206744c6447/ORD-2026-4372,CREDIT,10736.64,32033111.87,CORP FIN OPS,HDFC0001234
UTR515764458,2026-04-16 03:05:00,CMS/RAZORPAY/pay_6e95d831687a42/ORD-2026-4373,CREDIT,15095.22,32048207.09,CORP FIN OPS,HDFC0001234
UTR829862378,2026-04-16 03:10:00,CMS/RAZORPAY/pay_3ec97184281741/ORD-2026-4374,CREDIT,14131.71,32062338.8,CORP FIN OPS,HDFC0001234
UTR125845386,2026-04-16 03:15:00,CMS/RAZORPAY/pay_06eaf61dd3454f/ORD-2026-4375,CREDIT,15924.58,32078263.38,CORP FIN OPS,HDFC0001234
UTR713108415,2026-04-16 03:20:00,CMS/RAZORPAY/pay_c5e5a44e82e24c/ORD-2026-4376,CREDIT,4377.14,32082640.52,CORP FIN OPS,HDFC0001234
UTR163010075,2026-04-16 03:25:00,CMS/RAZORPAY/pay_ec16a170d8de4f/ORD-2026-4377,CREDIT,13283.55,32095924.07,CORP FIN OPS,HDFC0001234
UTR685259134,2026-04-16 03:30:00,CMS/RAZORPAY/pay_974140f86abe4c/ORD-2026-4378,CREDIT,13894.02,32109818.09,CORP FIN OPS,HDFC0001234
UTR519569086,2026-04-16 03:35:00,CMS/RAZORPAY/pay_3cfdb0e599364b/ORD-2026-4379,CREDIT,5214.04,32115032.13,CORP FIN OPS,HDFC0001234
UTR919271478,2026-04-16 03:40:00,CMS/RAZORPAY/pay_5ca9c94de37247/ORD-2026-4380,CREDIT,12057.95,32127090.08,CORP FIN OPS,HDFC0001234
UTR969284742,2026-04-16 03:45:00,CMS/RAZORPAY/pay_9c42ee2c8a714d/ORD-2026-4381,CREDIT,15363.11,32142453.19,CORP FIN OPS,HDFC0001234
UTR822525060,2026-04-16 03:50:00,CMS/RAZORPAY/pay_cba25e0ccebb4e/ORD-2026-4382,CREDIT,10529.38,32152982.57,CORP FIN OPS,HDFC0001234
UTR926206103,2026-04-16 03:55:00,CMS/RAZORPAY/pay_2c095c6ffe8840/ORD-2026-4383,CREDIT,15465.96,32168448.53,CORP FIN OPS,HDFC0001234
UTR591281062,2026-04-16 04:00:00,CMS/RAZORPAY/pay_1a3844b0c1fe4b/ORD-2026-4384,CREDIT,11288.13,32179736.66,CORP FIN OPS,HDFC0001234
UTR284270925,2026-04-16 04:05:00,CMS/RAZORPAY/pay_de4aa3a6a3584c/ORD-2026-4385,CREDIT,12223.01,32191959.67,CORP FIN OPS,HDFC0001234
UTR870907221,2026-04-16 04:10:00,CMS/RAZORPAY/pay_e26014d4963e4b/ORD-2026-4386,CREDIT,18963.71,32210923.38,CORP FIN OPS,HDFC0001234
UTR450936348,2026-04-16 04:15:00,CMS/RAZORPAY/pay_fee347c0940b4e/ORD-2026-4387,CREDIT,13969.16,32224892.54,CORP FIN OPS,HDFC0001234
UTR485250546,2026-04-16 04:20:00,CMS/RAZORPAY/pay_df60f0b9dcd54d/ORD-2026-4388,CREDIT,9813.64,32234706.18,CORP FIN OPS,HDFC0001234
UTR168192701,2026-04-16 04:25:00,CMS/RAZORPAY/pay_dfc19c3b70794f/ORD-2026-4389,CREDIT,16286.95,32250993.13,CORP FIN OPS,HDFC0001234
UTR494991422,2026-04-16 04:30:00,CMS/RAZORPAY/pay_ba3b78e3de774c/ORD-2026-4390,CREDIT,19379.49,32270372.62,CORP FIN OPS,HDFC0001234
UTR349108379,2026-04-16 04:35:00,CMS/RAZORPAY/pay_72b685995a9249/ORD-2026-4391,CREDIT,13472.16,32283844.78,CORP FIN OPS,HDFC0001234
UTR940535835,2026-04-16 04:40:00,CMS/RAZORPAY/pay_469c6f66bf1f48/ORD-2026-4392,CREDIT,10098.34,32293943.12,CORP FIN OPS,HDFC0001234
UTR606243479,2026-04-16 04:45:00,CMS/RAZORPAY/pay_5d313406a0db49/ORD-2026-4393,CREDIT,8706.25,32302649.37,CORP FIN OPS,HDFC0001234
UTR812238383,2026-04-16 04:50:00,CMS/RAZORPAY/pay_65753bdb22c54e/ORD-2026-4394,CREDIT,13806.63,32316456.0,CORP FIN OPS,HDFC0001234
UTR210548322,2026-04-16 04:55:00,CMS/RAZORPAY/pay_53d7143cdb3d45/ORD-2026-4395,CREDIT,13328.69,32329784.69,CORP FIN OPS,HDFC0001234
UTR802279710,2026-04-16 05:00:00,CMS/RAZORPAY/pay_e8d95e9d9ea44f/ORD-2026-4396,CREDIT,7694.76,32337479.45,CORP FIN OPS,HDFC0001234
UTR222876485,2026-04-16 05:05:00,CMS/RAZORPAY/pay_c5c0ea1786bc47/ORD-2026-4397,CREDIT,2896.58,32340376.03,CORP FIN OPS,HDFC0001234
UTR145667621,2026-04-16 05:10:00,CMS/RAZORPAY/pay_cc56b53f07534d/ORD-2026-4398,CREDIT,17342.42,32357718.45,CORP FIN OPS,HDFC0001234
UTR655748779,2026-04-16 05:15:00,CMS/RAZORPAY/pay_499f32a54dfb41/ORD-2026-4399,CREDIT,9894.51,32367612.96,CORP FIN OPS,HDFC0001234
UTR744930437,2026-04-16 05:20:00,CMS/RAZORPAY/pay_6c51a83609a44f/ORD-2026-4400,CREDIT,11574.7,32379187.66,CORP FIN OPS,HDFC0001234
UTR907739373,2026-04-16 05:25:00,CMS/RAZORPAY/pay_6e6e2cce92de4f/ORD-2026-4401,CREDIT,13504.09,32392691.75,CORP FIN OPS,HDFC0001234
UTR654416001,2026-04-16 05:30:00,CMS/RAZORPAY/pay_11cf8da82f4d45/ORD-2026-4402,CREDIT,18595.02,32411286.77,CORP FIN OPS,HDFC0001234
UTR777902474,2026-04-16 05:35:00,CMS/RAZORPAY/pay_f0485ee501e644/ORD-2026-4403,CREDIT,3498.92,32414785.69,CORP FIN OPS,HDFC0001234
UTR554173839,2026-04-16 05:40:00,CMS/RAZORPAY/pay_0b668792576948/ORD-2026-4404,CREDIT,14531.72,32429317.41,CORP FIN OPS,HDFC0001234
UTR958788459,2026-04-16 05:45:00,CMS/RAZORPAY/pay_bfe1243e380940/ORD-2026-4405,CREDIT,9052.42,32438369.83,CORP FIN OPS,HDFC0001234
UTR669495244,2026-04-16 05:50:00,CMS/RAZORPAY/pay_5e14bb6b54194a/ORD-2026-4406,CREDIT,16657.02,32455026.85,CORP FIN OPS,HDFC0001234
UTR589937103,2026-04-16 05:55:00,CMS/RAZORPAY/pay_de430e92603742/ORD-2026-4407,CREDIT,13068.14,32468094.99,CORP FIN OPS,HDFC0001234
UTR822110525,2026-04-16 06:00:00,CMS/RAZORPAY/pay_68d8a3dc89a744/ORD-2026-4408,CREDIT,6855.47,32474950.46,CORP FIN OPS,HDFC0001234
UTR776687201,2026-04-16 06:05:00,CMS/RAZORPAY/pay_ec15c4b8803046/ORD-2026-4409,CREDIT,13178.78,32488129.24,CORP FIN OPS,HDFC0001234
UTR106302522,2026-04-16 06:10:00,CMS/RAZORPAY/pay_16f33a05ce3747/ORD-2026-4410,CREDIT,5070.94,32493200.18,CORP FIN OPS,HDFC0001234
UTR420250583,2026-04-16 06:15:00,CMS/RAZORPAY/pay_4c4028135e7448/ORD-2026-4411,CREDIT,13453.62,32506653.8,CORP FIN OPS,HDFC0001234
UTR740670351,2026-04-16 06:20:00,CMS/RAZORPAY/pay_bbf5fd7dcc1f4b/ORD-2026-4412,CREDIT,12192.47,32518846.27,CORP FIN OPS,HDFC0001234
UTR491090987,2026-04-16 06:25:00,CMS/RAZORPAY/pay_9501e52ce85e45/ORD-2026-4413,CREDIT,2101.26,32520947.53,CORP FIN OPS,HDFC0001234
UTR534939579,2026-04-16 06:30:00,CMS/RAZORPAY/pay_52ccd705159c48/ORD-2026-4414,CREDIT,6318.45,32527265.98,CORP FIN OPS,HDFC0001234
UTR100825880,2026-04-16 06:35:00,CMS/RAZORPAY/pay_89aa181b8aa845/ORD-2026-4415,CREDIT,18015.41,32545281.39,CORP FIN OPS,HDFC0001234
UTR441713055,2026-04-16 06:40:00,CMS/RAZORPAY/pay_c7c53ef674b84c/ORD-2026-4416,CREDIT,16723.34,32562004.73,CORP FIN OPS,HDFC0001234
UTR481027822,2026-04-16 06:45:00,CMS/RAZORPAY/pay_f7c56978fa4f43/ORD-2026-4417,CREDIT,14167.16,32576171.89,CORP FIN OPS,HDFC0001234
UTR851525130,2026-04-16 06:50:00,CMS/RAZORPAY/pay_a6a57e3d287843/ORD-2026-4418,CREDIT,15766.25,32591938.14,CORP FIN OPS,HDFC0001234
UTR360996106,2026-04-16 06:55:00,CMS/RAZORPAY/pay_b8546087195645/ORD-2026-4419,CREDIT,16418.96,32608357.1,CORP FIN OPS,HDFC0001234
UTR227621129,2026-04-16 07:00:00,CMS/RAZORPAY/pay_fe84dd225c3d4d/ORD-2026-4420,CREDIT,17245.16,32625602.26,CORP FIN OPS,HDFC0001234
UTR655952121,2026-04-16 07:05:00,CMS/RAZORPAY/pay_897fa64324144d/ORD-2026-4421,CREDIT,6782.56,32632384.82,CORP FIN OPS,HDFC0001234
UTR312155828,2026-04-16 07:10:00,CMS/RAZORPAY/pay_9ebb593973b441/ORD-2026-4422,CREDIT,5984.1,32638368.92,CORP FIN OPS,HDFC0001234
UTR966291876,2026-04-16 07:15:00,CMS/RAZORPAY/pay_eb43276c03194a/ORD-2026-4423,CREDIT,12520.64,32650889.56,CORP FIN OPS,HDFC0001234
UTR728468793,2026-04-16 07:20:00,CMS/RAZORPAY/pay_59e2bd9253fe47/ORD-2026-4424,CREDIT,4208.24,32655097.8,CORP FIN OPS,HDFC0001234
UTR815731734,2026-04-16 07:25:00,CMS/RAZORPAY/pay_dc3bdbfad27148/ORD-2026-4425,CREDIT,4305.2,32659403.0,CORP FIN OPS,HDFC0001234
UTR749433630,2026-04-16 07:30:00,CMS/RAZORPAY/pay_2853de57273e4a/ORD-2026-4426,CREDIT,5173.78,32664576.78,CORP FIN OPS,HDFC0001234
UTR111896665,2026-04-16 07:35:00,CMS/RAZORPAY/pay_35d957ba301943/ORD-2026-4427,CREDIT,9241.57,32673818.35,CORP FIN OPS,HDFC0001234
UTR289967170,2026-04-16 07:40:00,CMS/RAZORPAY/pay_e2fbe190200344/ORD-2026-4428,CREDIT,17564.77,32691383.12,CORP FIN OPS,HDFC0001234
UTR731346991,2026-04-16 07:45:00,CMS/RAZORPAY/pay_9a59fdea713c41/ORD-2026-4429,CREDIT,5713.1,32697096.22,CORP FIN OPS,HDFC0001234
UTR862480777,2026-04-16 07:50:00,CMS/RAZORPAY/pay_5ca13407e4ee49/ORD-2026-4430,CREDIT,9836.37,32706932.59,CORP FIN OPS,HDFC0001234
UTR113268555,2026-04-16 07:55:00,CMS/RAZORPAY/pay_c5757034c80447/ORD-2026-4431,CREDIT,4069.46,32711002.05,CORP FIN OPS,HDFC0001234
UTR152458441,2026-04-16 08:00:00,CMS/RAZORPAY/pay_5ff2b387974b45/ORD-2026-4432,CREDIT,17611.53,32728613.58,CORP FIN OPS,HDFC0001234
UTR314900911,2026-04-16 08:05:00,CMS/RAZORPAY/pay_383ef21f4d8141/ORD-2026-4433,CREDIT,19026.22,32747639.8,CORP FIN OPS,HDFC0001234
UTR532128407,2026-04-16 08:10:00,CMS/RAZORPAY/pay_78c3381d16bc4e/ORD-2026-4434,CREDIT,2457.86,32750097.66,CORP FIN OPS,HDFC0001234
UTR153333127,2026-04-16 08:15:00,CMS/RAZORPAY/pay_7c2dfedfcbeb4b/ORD-2026-4435,CREDIT,18219.39,32768317.05,CORP FIN OPS,HDFC0001234
UTR950843164,2026-04-16 08:20:00,CMS/RAZORPAY/pay_a9b560ec585a4a/ORD-2026-4436,CREDIT,14916.03,32783233.08,CORP FIN OPS,HDFC0001234
UTR885001037,2026-04-16 08:25:00,CMS/RAZORPAY/pay_414c07fca79f45/ORD-2026-4437,CREDIT,5754.95,32788988.03,CORP FIN OPS,HDFC0001234
UTR654680203,2026-04-16 08:30:00,CMS/RAZORPAY/pay_5c07ff5427d544/ORD-2026-4438,CREDIT,7569.27,32796557.3,CORP FIN OPS,HDFC0001234
UTR135618183,2026-04-16 08:35:00,CMS/RAZORPAY/pay_59dee72fc01745/ORD-2026-4439,CREDIT,13222.57,32809779.87,CORP FIN OPS,HDFC0001234
UTR897020113,2026-04-16 08:40:00,CMS/RAZORPAY/pay_357f99fff5bc41/ORD-2026-4440,CREDIT,7139.7,32816919.57,CORP FIN OPS,HDFC0001234
UTR159712073,2026-04-16 08:45:00,CMS/RAZORPAY/pay_8d445d2c405444/ORD-2026-4441,CREDIT,6031.56,32822951.13,CORP FIN OPS,HDFC0001234
UTR558086339,2026-04-16 08:50:00,CMS/RAZORPAY/pay_b99fffb33c2441/ORD-2026-4442,CREDIT,12596.11,32835547.24,CORP FIN OPS,HDFC0001234
UTR699898819,2026-04-16 08:55:00,CMS/RAZORPAY/pay_3136a12fed7541/ORD-2026-4443,CREDIT,4133.93,32839681.17,CORP FIN OPS,HDFC0001234
UTR531964443,2026-04-16 09:00:00,CMS/RAZORPAY/pay_206173bcbb7c46/ORD-2026-4444,CREDIT,17333.87,32857015.04,CORP FIN OPS,HDFC0001234
UTR364145747,2026-04-16 09:05:00,CMS/RAZORPAY/pay_3e7cccc2ab7340/ORD-2026-4445,CREDIT,9794.9,32866809.94,CORP FIN OPS,HDFC0001234
UTR664994654,2026-04-16 09:10:00,CMS/RAZORPAY/pay_4a37e2c4728b4d/ORD-2026-4446,CREDIT,11952.78,32878762.72,CORP FIN OPS,HDFC0001234
UTR107223665,2026-04-16 09:15:00,CMS/RAZORPAY/pay_ebd40c53bcdf49/ORD-2026-4447,CREDIT,6283.15,32885045.87,CORP FIN OPS,HDFC0001234
UTR229403043,2026-04-16 09:20:00,CMS/RAZORPAY/pay_da43914e4d2e48/ORD-2026-4448,CREDIT,7509.6,32892555.47,CORP FIN OPS,HDFC0001234
UTR617717364,2026-04-16 09:25:00,CMS/RAZORPAY/pay_36b2678afdc242/ORD-2026-4449,CREDIT,16827.62,32909383.09,CORP FIN OPS,HDFC0001234
UTR632791379,2026-04-16 09:30:00,CMS/RAZORPAY/pay_892de733385641/ORD-2026-4450,CREDIT,10622.67,32920005.76,CORP FIN OPS,HDFC0001234
UTR475392878,2026-04-16 09:35:00,CMS/RAZORPAY/pay_01c6a26c3e7247/ORD-2026-4451,CREDIT,5895.46,32925901.22,CORP FIN OPS,HDFC0001234
UTR148306040,2026-04-16 09:40:00,CMS/RAZORPAY/pay_6623a64653ed4f/ORD-2026-4452,CREDIT,14107.81,32940009.03,CORP FIN OPS,HDFC0001234
UTR653660379,2026-04-16 09:45:00,CMS/RAZORPAY/pay_4aa9373e826e49/ORD-2026-4453,CREDIT,5328.79,32945337.82,CORP FIN OPS,HDFC0001234
UTR420264957,2026-04-16 09:50:00,CMS/RAZORPAY/pay_9b074cc1294640/ORD-2026-4454,CREDIT,16126.63,32961464.45,CORP FIN OPS,HDFC0001234
UTR407746385,2026-04-16 09:55:00,CMS/RAZORPAY/pay_9c0030ef58c04b/ORD-2026-4455,CREDIT,15590.49,32977054.94,CORP FIN OPS,HDFC0001234
UTR576667771,2026-04-16 10:00:00,CMS/RAZORPAY/pay_aa5f7f21b41f4e/ORD-2026-4456,CREDIT,17100.3,32994155.24,CORP FIN OPS,HDFC0001234
UTR105517170,2026-04-16 10:05:00,CMS/RAZORPAY/pay_f4a9b55a72cd42/ORD-2026-4457,CREDIT,9181.82,33003337.06,CORP FIN OPS,HDFC0001234
UTR944420203,2026-04-16 10:10:00,CMS/RAZORPAY/pay_2562d780ba734c/ORD-2026-4458,CREDIT,12967.89,33016304.95,CORP FIN OPS,HDFC0001234
UTR846332730,2026-04-16 10:15:00,CMS/RAZORPAY/pay_57db22123e2741/ORD-2026-4459,CREDIT,18763.11,33035068.06,CORP FIN OPS,HDFC0001234
UTR184242563,2026-04-16 10:20:00,CMS/RAZORPAY/pay_3ed32cf5499642/ORD-2026-4460,CREDIT,8099.15,33043167.21,CORP FIN OPS,HDFC0001234
UTR749633715,2026-04-16 10:25:00,CMS/RAZORPAY/pay_a02ee0dd130d4a/ORD-2026-4461,CREDIT,11716.05,33054883.26,CORP FIN OPS,HDFC0001234
UTR469703436,2026-04-16 10:30:00,CMS/RAZORPAY/pay_367797681acf4a/ORD-2026-4462,CREDIT,11475.66,33066358.92,CORP FIN OPS,HDFC0001234
UTR444629187,2026-04-16 10:35:00,CMS/RAZORPAY/pay_6f7b2deae0d54f/ORD-2026-4463,CREDIT,6504.78,33072863.7,CORP FIN OPS,HDFC0001234
UTR367228959,2026-04-16 10:40:00,CMS/RAZORPAY/pay_41f1d4e74c3e49/ORD-2026-4464,CREDIT,18077.28,33090940.98,CORP FIN OPS,HDFC0001234
UTR981819236,2026-04-16 10:45:00,CMS/RAZORPAY/pay_432c49c947a64d/ORD-2026-4465,CREDIT,1991.66,33092932.64,CORP FIN OPS,HDFC0001234
UTR989997332,2026-04-16 10:50:00,CMS/RAZORPAY/pay_795ab62a9c1d4e/ORD-2026-4466,CREDIT,14489.58,33107422.22,CORP FIN OPS,HDFC0001234
UTR679365577,2026-04-16 10:55:00,CMS/RAZORPAY/pay_84f043a0e5074a/ORD-2026-4467,CREDIT,19177.85,33126600.07,CORP FIN OPS,HDFC0001234
UTR291352683,2026-04-16 11:00:00,CMS/RAZORPAY/pay_35f6a24346354d/ORD-2026-4468,CREDIT,16019.98,33142620.05,CORP FIN OPS,HDFC0001234
UTR731968306,2026-04-16 11:05:00,CMS/RAZORPAY/pay_35dda99c4cae4d/ORD-2026-4469,CREDIT,8833.86,33151453.91,CORP FIN OPS,HDFC0001234
UTR356138322,2026-04-16 11:10:00,CMS/RAZORPAY/pay_2370ffe86d254b/ORD-2026-4470,CREDIT,17963.75,33169417.66,CORP FIN OPS,HDFC0001234
UTR834968443,2026-04-16 11:15:00,CMS/RAZORPAY/pay_0aa6ce1d021d42/ORD-2026-4471,CREDIT,12941.07,33182358.73,CORP FIN OPS,HDFC0001234
UTR673569473,2026-04-16 11:20:00,CMS/RAZORPAY/pay_26b039e26a7c42/ORD-2026-4472,CREDIT,4596.82,33186955.55,CORP FIN OPS,HDFC0001234
UTR197219827,2026-04-16 11:25:00,CMS/RAZORPAY/pay_893a59a20d414e/ORD-2026-4473,CREDIT,6888.26,33193843.81,CORP FIN OPS,HDFC0001234
UTR318746632,2026-04-16 11:30:00,CMS/RAZORPAY/pay_fbc92b7197b347/ORD-2026-4474,CREDIT,7939.38,33201783.19,CORP FIN OPS,HDFC0001234
UTR159585981,2026-04-16 11:35:00,CMS/RAZORPAY/pay_31050c98a7ec4c/ORD-2026-4475,CREDIT,12530.84,33214314.03,CORP FIN OPS,HDFC0001234
UTR122188902,2026-04-16 11:40:00,CMS/RAZORPAY/pay_1105746df76945/ORD-2026-4476,CREDIT,15281.73,33229595.76,CORP FIN OPS,HDFC0001234
UTR642872186,2026-04-16 11:45:00,CMS/RAZORPAY/pay_06d4b082a3344a/ORD-2026-4477,CREDIT,19312.39,33248908.15,CORP FIN OPS,HDFC0001234
UTR144051620,2026-04-16 11:50:00,CMS/RAZORPAY/pay_22eb3a8901604d/ORD-2026-4478,CREDIT,12436.05,33261344.2,CORP FIN OPS,HDFC0001234
UTR338754933,2026-04-16 11:55:00,CMS/RAZORPAY/pay_95408d24bf4842/ORD-2026-4479,CREDIT,3552.45,33264896.65,CORP FIN OPS,HDFC0001234
UTR207653333,2026-04-16 12:00:00,CMS/RAZORPAY/pay_9e66349100dd46/ORD-2026-4480,CREDIT,7812.32,33272708.97,CORP FIN OPS,HDFC0001234
UTR702237322,2026-04-16 12:05:00,CMS/RAZORPAY/pay_f7d61508027c4d/ORD-2026-4481,CREDIT,7945.76,33280654.73,CORP FIN OPS,HDFC0001234
UTR806672010,2026-04-16 12:10:00,CMS/RAZORPAY/pay_fa1eff1178fb4e/ORD-2026-4482,CREDIT,3894.8,33284549.53,CORP FIN OPS,HDFC0001234
UTR588361228,2026-04-16 12:15:00,CMS/RAZORPAY/pay_6ef157e7fc9841/ORD-2026-4483,CREDIT,4512.62,33289062.15,CORP FIN OPS,HDFC0001234
UTR828126405,2026-04-16 12:20:00,CMS/RAZORPAY/pay_4f6a705f682b44/ORD-2026-4484,CREDIT,10275.8,33299337.95,CORP FIN OPS,HDFC0001234
UTR418113064,2026-04-16 12:25:00,CMS/RAZORPAY/pay_5fb4ffa0d04845/ORD-2026-4485,CREDIT,14657.33,33313995.28,CORP FIN OPS,HDFC0001234
UTR787809411,2026-04-16 12:30:00,CMS/RAZORPAY/pay_211a23af08c64f/ORD-2026-4486,CREDIT,3343.35,33317338.63,CORP FIN OPS,HDFC0001234
UTR900901714,2026-04-16 12:35:00,CMS/RAZORPAY/pay_a2eec1ab52da4c/ORD-2026-4487,CREDIT,16345.55,33333684.18,CORP FIN OPS,HDFC0001234
UTR719097080,2026-04-16 12:40:00,CMS/RAZORPAY/pay_14c98ece26b643/ORD-2026-4488,CREDIT,9316.33,33343000.51,CORP FIN OPS,HDFC0001234
UTR242024391,2026-04-16 12:45:00,CMS/RAZORPAY/pay_b85e35d0fca348/ORD-2026-4489,CREDIT,5091.23,33348091.74,CORP FIN OPS,HDFC0001234
UTR102980741,2026-04-16 12:50:00,CMS/RAZORPAY/pay_43e842ea0d3c41/ORD-2026-4490,CREDIT,6006.3,33354098.04,CORP FIN OPS,HDFC0001234
UTR179105181,2026-04-16 12:55:00,CMS/RAZORPAY/pay_3a27b53cb57149/ORD-2026-4491,CREDIT,2232.32,33356330.36,CORP FIN OPS,HDFC0001234
UTR106375515,2026-04-16 13:00:00,CMS/RAZORPAY/pay_f5c860d6b4df44/ORD-2026-4492,CREDIT,17815.18,33374145.54,CORP FIN OPS,HDFC0001234
UTR455026393,2026-04-16 13:05:00,CMS/RAZORPAY/pay_b06a62f34f8c47/ORD-2026-4493,CREDIT,8828.86,33382974.4,CORP FIN OPS,HDFC0001234
UTR356308622,2026-04-16 13:10:00,CMS/RAZORPAY/pay_fba71ca9d72e47/ORD-2026-4494,CREDIT,16456.86,33399431.26,CORP FIN OPS,HDFC0001234
UTR884834446,2026-04-16 13:15:00,CMS/RAZORPAY/pay_143bfcfe6c6a49/ORD-2026-4495,CREDIT,13267.24,33412698.5,CORP FIN OPS,HDFC0001234
UTR769847722,2026-04-16 13:20:00,CMS/RAZORPAY/pay_30adf997559a41/ORD-2026-4496,CREDIT,2136.16,33414834.66,CORP FIN OPS,HDFC0001234
UTR736047284,2026-04-16 13:25:00,CMS/RAZORPAY/pay_339dcdae950447/ORD-2026-4497,CREDIT,19243.03,33434077.69,CORP FIN OPS,HDFC0001234
UTR786222540,2026-04-16 13:30:00,CMS/RAZORPAY/pay_099cc9de332c44/ORD-2026-4498,CREDIT,4450.0,33438527.69,CORP FIN OPS,HDFC0001234
UTR463962418,2026-04-16 13:35:00,CMS/RAZORPAY/pay_1f72d1dd723241/ORD-2026-4499,CREDIT,13994.92,33452522.61,CORP FIN OPS,HDFC0001234
UTR847446507,2026-04-16 13:40:00,CMS/RAZORPAY/pay_09732c1b0b5846/ORD-2026-4500,CREDIT,5991.87,33458514.48,CORP FIN OPS,HDFC0001234
UTR111258189,2026-04-04 13:00:00,NEFT-RZP-CONSOLIDATED-BATCH-setl_BATCH_0e8d00b0,CREDIT,58032.82,33516547.3,CORP FIN OPS,HDFC0001234
UTR566784800,2026-04-05 13:00:00,NEFT-RZP-CONSOLIDATED-BATCH-setl_BATCH_a1e7f0d0,CREDIT,50513.03,33567060.33,CORP FIN OPS,HDFC0001234
UTR919357965,2026-04-06 13:00:00,NEFT-RZP-CONSOLIDATED-BATCH-setl_BATCH_cd8ede7d,CREDIT,63218.31,33630278.64,CORP FIN OPS,HDFC0001234
UTR131626483,2026-04-07 13:00:00,NEFT-RZP-CONSOLIDATED-BATCH-setl_BATCH_c8a745bd,CREDIT,56278.4,33686557.04,CORP FIN OPS,HDFC0001234
UTR279319690,2026-04-08 13:00:00,NEFT-RZP-CONSOLIDATED-BATCH-setl_BATCH_f5e0ff36,CREDIT,66198.07,33752755.11,CORP FIN OPS,HDFC0001234
UTR208908855,2026-04-09 13:00:00,NEFT-RZP-CONSOLIDATED-BATCH-setl_BATCH_1eb26ea8,CREDIT,59860.91,33812616.02,CORP FIN OPS,HDFC0001234
UTR428508459,2026-04-10 13:00:00,NEFT-RZP-CONSOLIDATED-BATCH-setl_BATCH_36559fa8,CREDIT,57069.14,33869685.16,CORP FIN OPS,HDFC0001234
UTR833680648,2026-04-11 13:00:00,NEFT-RZP-CONSOLIDATED-BATCH-setl_BATCH_adf8f5f7,CREDIT,59085.42,33928770.58,CORP FIN OPS,HDFC0001234
UTR620540297,2026-04-12 13:00:00,NEFT-RZP-CONSOLIDATED-BATCH-setl_BATCH_502c9785,CREDIT,47794.25,33976564.83,CORP FIN OPS,HDFC0001234
UTR406770994,2026-04-13 13:00:00,NEFT-RZP-CONSOLIDATED-BATCH-setl_BATCH_d6e2b6ba,CREDIT,56723.76,34033288.59,CORP FIN OPS,HDFC0001234
UTR603304708,2026-04-14 13:00:00,NEFT-RZP-CONSOLIDATED-BATCH-setl_BATCH_f1d9aab1,CREDIT,64586.96,34097875.55,CORP FIN OPS,HDFC0001234
UTR171198655,2026-04-15 13:00:00,NEFT-RZP-CONSOLIDATED-BATCH-setl_BATCH_c98f4bbd,CREDIT,72941.55,34170817.1,CORP FIN OPS,HDFC0001234
UTR616520963,2026-04-16 13:00:00,NEFT-RZP-CONSOLIDATED-BATCH-setl_BATCH_895e1106,CREDIT,60631.71,34231448.81,CORP FIN OPS,HDFC0001234
UTR677023396,2026-04-17 13:00:00,NEFT-RZP-CONSOLIDATED-BATCH-setl_BATCH_0d3d9afe,CREDIT,56792.21,34288241.02,CORP FIN OPS,HDFC0001234
UTR586411508,2026-04-18 13:00:00,NEFT-RZP-CONSOLIDATED-BATCH-setl_BATCH_d5ac29e0,CREDIT,54986.7,34343227.72,CORP FIN OPS,HDFC0001234
UTR182594982,2026-04-19 13:00:00,NEFT-RZP-CONSOLIDATED-BATCH-setl_BATCH_3df52cd7,CREDIT,51851.74,34395079.46,CORP FIN OPS,HDFC0001234
UTR286719491,2026-04-20 13:00:00,NEFT-RZP-CONSOLIDATED-BATCH-setl_BATCH_3765f6d9,CREDIT,60562.52,34455641.98,CORP FIN OPS,HDFC0001234
UTR780436295,2026-04-21 13:00:00,NEFT-RZP-CONSOLIDATED-BATCH-setl_BATCH_13c9d9bf,CREDIT,51202.72,34506844.7,CORP FIN OPS,HDFC0001234
UTR168212310,2026-04-22 13:00:00,NEFT-RZP-CONSOLIDATED-BATCH-setl_BATCH_48ff3587,CREDIT,58561.46,34565406.16,CORP FIN OPS,HDFC0001234
UTR968265838,2026-04-23 13:00:00,NEFT-RZP-CONSOLIDATED-BATCH-setl_BATCH_466a31d5,CREDIT,52807.42,34618213.58,CORP FIN OPS,HDFC0001234
UTR812164507,2026-04-24 13:00:00,NEFT-RZP-CONSOLIDATED-BATCH-setl_BATCH_d4371198,CREDIT,51670.56,34669884.14,CORP FIN OPS,HDFC0001234
UTR839118629,2026-04-25 13:00:00,NEFT-RZP-CONSOLIDATED-BATCH-setl_BATCH_6561d70b,CREDIT,57316.95,34727201.09,CORP FIN OPS,HDFC0001234
UTR899880385,2026-04-26 13:00:00,NEFT-RZP-CONSOLIDATED-BATCH-setl_BATCH_99de531a,CREDIT,59691.01,34786892.1,CORP FIN OPS,HDFC0001234
UTR241535182,2026-04-27 13:00:00,NEFT-RZP-CONSOLIDATED-BATCH-setl_BATCH_40b4c336,CREDIT,55840.91,34842733.01,CORP FIN OPS,HDFC0001234
UTR745997398,2026-04-28 13:00:00,NEFT-RZP-CONSOLIDATED-BATCH-setl_BATCH_73e8631f,CREDIT,63168.74,34905901.75,CORP FIN OPS,HDFC0001234
UTR638958403,2026-04-29 13:00:00,NEFT-RZP-CONSOLIDATED-BATCH-setl_BATCH_620c8390,CREDIT,60191.7,34966093.45,CORP FIN OPS,HDFC0001234
UTR627056373,2026-04-30 13:00:00,NEFT-RZP-CONSOLIDATED-BATCH-setl_BATCH_c0163609,CREDIT,61137.4,35027230.85,CORP FIN OPS,HDFC0001234
UTR856758910,2026-05-01 13:00:00,NEFT-RZP-CONSOLIDATED-BATCH-setl_BATCH_d6af5926,CREDIT,61723.41,35088954.26,CORP FIN OPS,HDFC0001234
UTR103683345,2026-05-02 13:00:00,NEFT-RZP-CONSOLIDATED-BATCH-setl_BATCH_1dfc5a88,CREDIT,66076.58,35155030.84,CORP FIN OPS,HDFC0001234
UTR240930757,2026-05-03 13:00:00,NEFT-RZP-CONSOLIDATED-BATCH-setl_BATCH_cc6f64fd,CREDIT,47455.12,35202485.96,CORP FIN OPS,HDFC0001234
UTR766326694,2026-05-04 13:00:00,NEFT-RZP-CONSOLIDATED-BATCH-setl_BATCH_fec7e2c5,CREDIT,61105.04,35263591.0,CORP FIN OPS,HDFC0001234
UTR484092859,2026-05-05 13:00:00,NEFT-RZP-CONSOLIDATED-BATCH-setl_BATCH_68d1e192,CREDIT,67963.58,35331554.58,CORP FIN OPS,HDFC0001234
UTR337966137,2026-05-06 13:00:00,NEFT-RZP-CONSOLIDATED-BATCH-setl_BATCH_70841d37,CREDIT,54913.57,35386468.15,CORP FIN OPS,HDFC0001234
UTR548809963,2026-05-07 13:00:00,NEFT-RZP-CONSOLIDATED-BATCH-setl_BATCH_c30f3f9a,CREDIT,54935.78,35441403.93,CORP FIN OPS,HDFC0001234
UTR417514400,2026-05-08 13:00:00,NEFT-RZP-CONSOLIDATED-BATCH-setl_BATCH_fafbe0eb,CREDIT,55709.06,35497112.99,CORP FIN OPS,HDFC0001234
UTR544620463,2026-05-09 13:00:00,NEFT-RZP-CONSOLIDATED-BATCH-setl_BATCH_a252b535,CREDIT,51171.29,35548284.28,CORP FIN OPS,HDFC0001234
UTR168304647,2026-05-10 13:00:00,NEFT-RZP-CONSOLIDATED-BATCH-setl_BATCH_f85f224b,CREDIT,56414.11,35604698.39,CORP FIN OPS,HDFC0001234
UTR389148886,2026-05-11 13:00:00,NEFT-RZP-CONSOLIDATED-BATCH-setl_BATCH_6e3a3b44,CREDIT,57741.92,35662440.31,CORP FIN OPS,HDFC0001234
UTR172331127,2026-05-12 13:00:00,NEFT-RZP-CONSOLIDATED-BATCH-setl_BATCH_35efd879,CREDIT,56039.95,35718480.26,CORP FIN OPS,HDFC0001234
UTR520374694,2026-05-13 13:00:00,NEFT-RZP-CONSOLIDATED-BATCH-setl_BATCH_19a28357,CREDIT,70674.36,35789154.62,CORP FIN OPS,HDFC0001234
UTR699958121,2026-05-14 13:00:00,NEFT-RZP-CONSOLIDATED-BATCH-setl_BATCH_2e8a891d,CREDIT,55807.7,35844962.32,CORP FIN OPS,HDFC0001234
UTR454604182,2026-05-15 13:00:00,NEFT-RZP-CONSOLIDATED-BATCH-setl_BATCH_e9304790,CREDIT,57623.79,35902586.11,CORP FIN OPS,HDFC0001234
UTR250547787,2026-05-16 13:00:00,NEFT-RZP-CONSOLIDATED-BATCH-setl_BATCH_f1250295,CREDIT,66336.34,35968922.45,CORP FIN OPS,HDFC0001234
UTR824200423,2026-05-17 13:00:00,NEFT-RZP-CONSOLIDATED-BATCH-setl_BATCH_dea370f8,CREDIT,59052.17,36027974.62,CORP FIN OPS,HDFC0001234
UTR404607709,2026-05-18 13:00:00,NEFT-RZP-CONSOLIDATED-BATCH-setl_BATCH_9622f301,CREDIT,58077.54,36086052.16,CORP FIN OPS,HDFC0001234
UTR161224814,2026-05-19 13:00:00,NEFT-RZP-CONSOLIDATED-BATCH-setl_BATCH_3b2e94cf,CREDIT,55274.16,36141326.32,CORP FIN OPS,HDFC0001234
UTR171704290,2026-05-20 13:00:00,NEFT-RZP-CONSOLIDATED-BATCH-setl_BATCH_2e1f0bcd,CREDIT,68801.28,36210127.6,CORP FIN OPS,HDFC0001234
UTR273371748,2026-05-21 13:00:00,NEFT-RZP-CONSOLIDATED-BATCH-setl_BATCH_fd0a3a75,CREDIT,62489.22,36272616.82,CORP FIN OPS,HDFC0001234
UTR175130801,2026-05-22 13:00:00,NEFT-RZP-CONSOLIDATED-BATCH-setl_BATCH_a431a9cc,CREDIT,63949.6,36336566.42,CORP FIN OPS,HDFC0001234
UTR326366906,2026-05-23 13:00:00,NEFT-RZP-CONSOLIDATED-BATCH-setl_BATCH_9e282f0b,CREDIT,62966.15,36399532.57,CORP FIN OPS,HDFC0001234
UTR702147405,2026-04-13 12:01:00,REV/CHGBK/RZP/83c51849/ADJ,DEBIT,4500.0,36395032.57,CORP FIN OPS,HDFC0001234
UTR280547742,2026-04-13 12:02:00,REV/CHGBK/RZP/31cc3e4c/ADJ,DEBIT,4500.0,36390532.57,CORP FIN OPS,HDFC0001234
UTR940158988,2026-04-13 12:03:00,REV/CHGBK/RZP/833acf44/ADJ,DEBIT,4500.0,36386032.57,CORP FIN OPS,HDFC0001234
UTR309986949,2026-04-13 12:04:00,REV/CHGBK/RZP/80091940/ADJ,DEBIT,4500.0,36381532.57,CORP FIN OPS,HDFC0001234
UTR972293080,2026-04-13 12:05:00,REV/CHGBK/RZP/1f390746/ADJ,DEBIT,4500.0,36377032.57,CORP FIN OPS,HDFC0001234
UTR513277550,2026-04-13 12:06:00,REV/CHGBK/RZP/2ccd6a40/ADJ,DEBIT,4500.0,36372532.57,CORP FIN OPS,HDFC0001234
UTR378702972,2026-04-13 12:07:00,REV/CHGBK/RZP/4dc38e4c/ADJ,DEBIT,4500.0,36368032.57,CORP FIN OPS,HDFC0001234
UTR356858396,2026-04-13 12:08:00,REV/CHGBK/RZP/373d2749/ADJ,DEBIT,4500.0,36363532.57,CORP FIN OPS,HDFC0001234
UTR781886552,2026-04-13 12:09:00,REV/CHGBK/RZP/58803542/ADJ,DEBIT,4500.0,36359032.57,CORP FIN OPS,HDFC0001234
UTR848705340,2026-04-13 12:10:00,REV/CHGBK/RZP/c2974149/ADJ,DEBIT,4500.0,36354532.57,CORP FIN OPS,HDFC0001234
UTR939552941,2026-04-13 12:11:00,REV/CHGBK/RZP/c62bb64e/ADJ,DEBIT,4500.0,36350032.57,CORP FIN OPS,HDFC0001234
UTR918878651,2026-04-13 12:12:00,REV/CHGBK/RZP/5085ff42/ADJ,DEBIT,4500.0,36345532.57,CORP FIN OPS,HDFC0001234
UTR519863392,2026-04-13 12:13:00,REV/CHGBK/RZP/5aa2db47/ADJ,DEBIT,4500.0,36341032.57,CORP FIN OPS,HDFC0001234
UTR828307628,2026-04-13 12:14:00,REV/CHGBK/RZP/2781ed44/ADJ,DEBIT,4500.0,36336532.57,CORP FIN OPS,HDFC0001234
UTR153364641,2026-04-13 12:15:00,REV/CHGBK/RZP/7c217640/ADJ,DEBIT,4500.0,36332032.57,CORP FIN OPS,HDFC0001234
UTR629297623,2026-04-13 12:16:00,REV/CHGBK/RZP/b90bf84b/ADJ,DEBIT,4500.0,36327532.57,CORP FIN OPS,HDFC0001234
UTR793574127,2026-04-13 12:17:00,REV/CHGBK/RZP/bf2aaf4d/ADJ,DEBIT,4500.0,36323032.57,CORP FIN OPS,HDFC0001234
UTR500159634,2026-04-13 12:18:00,REV/CHGBK/RZP/4c8fc54a/ADJ,DEBIT,4500.0,36318532.57,CORP FIN OPS,HDFC0001234
UTR454663748,2026-04-13 12:19:00,REV/CHGBK/RZP/a3767a48/ADJ,DEBIT,4500.0,36314032.57,CORP FIN OPS,HDFC0001234
UTR508899382,2026-04-13 12:20:00,REV/CHGBK/RZP/e11da14a/ADJ,DEBIT,4500.0,36309532.57,CORP FIN OPS,HDFC0001234
UTR676018658,2026-04-13 12:21:00,REV/CHGBK/RZP/166bb042/ADJ,DEBIT,4500.0,36305032.57,CORP FIN OPS,HDFC0001234
UTR652024999,2026-04-13 12:22:00,REV/CHGBK/RZP/6f2e8c42/ADJ,DEBIT,4500.0,36300532.57,CORP FIN OPS,HDFC0001234
UTR902663164,2026-04-13 12:23:00,REV/CHGBK/RZP/7a38b747/ADJ,DEBIT,4500.0,36296032.57,CORP FIN OPS,HDFC0001234
UTR312922086,2026-04-13 12:24:00,REV/CHGBK/RZP/07813b43/ADJ,DEBIT,4500.0,36291532.57,CORP FIN OPS,HDFC0001234
UTR896082218,2026-04-13 12:25:00,REV/CHGBK/RZP/89012647/ADJ,DEBIT,4500.0,36287032.57,CORP FIN OPS,HDFC0001234
UTR479217387,2026-04-13 12:26:00,REV/CHGBK/RZP/be0bca42/ADJ,DEBIT,4500.0,36282532.57,CORP FIN OPS,HDFC0001234
UTR776437011,2026-04-13 12:27:00,REV/CHGBK/RZP/24144240/ADJ,DEBIT,4500.0,36278032.57,CORP FIN OPS,HDFC0001234
UTR993487413,2026-04-13 12:28:00,REV/CHGBK/RZP/768deb44/ADJ,DEBIT,4500.0,36273532.57,CORP FIN OPS,HDFC0001234
UTR566193554,2026-04-13 12:29:00,REV/CHGBK/RZP/05c0e549/ADJ,DEBIT,4500.0,36269032.57,CORP FIN OPS,HDFC0001234
UTR655752874,2026-04-13 12:30:00,REV/CHGBK/RZP/db029247/ADJ,DEBIT,4500.0,36264532.57,CORP FIN OPS,HDFC0001234
UTR265632702,2026-04-13 12:31:00,REV/CHGBK/RZP/0822e045/ADJ,DEBIT,4500.0,36260032.57,CORP FIN OPS,HDFC0001234
UTR971238459,2026-04-13 12:32:00,REV/CHGBK/RZP/d9144940/ADJ,DEBIT,4500.0,36255532.57,CORP FIN OPS,HDFC0001234
UTR491828352,2026-04-13 12:33:00,REV/CHGBK/RZP/c4e34342/ADJ,DEBIT,4500.0,36251032.57,CORP FIN OPS,HDFC0001234
UTR104912821,2026-04-13 12:34:00,REV/CHGBK/RZP/e5e66040/ADJ,DEBIT,4500.0,36246532.57,CORP FIN OPS,HDFC0001234
UTR412166485,2026-04-13 12:35:00,REV/CHGBK/RZP/9886524f/ADJ,DEBIT,4500.0,36242032.57,CORP FIN OPS,HDFC0001234
UTR930152283,2026-04-13 12:36:00,REV/CHGBK/RZP/d169b741/ADJ,DEBIT,4500.0,36237532.57,CORP FIN OPS,HDFC0001234
UTR702210972,2026-04-13 12:37:00,REV/CHGBK/RZP/6743af44/ADJ,DEBIT,4500.0,36233032.57,CORP FIN OPS,HDFC0001234
UTR990261621,2026-04-13 12:38:00,REV/CHGBK/RZP/f30b1841/ADJ,DEBIT,4500.0,36228532.57,CORP FIN OPS,HDFC0001234
UTR361837363,2026-04-13 12:39:00,REV/CHGBK/RZP/895e7848/ADJ,DEBIT,4500.0,36224032.57,CORP FIN OPS,HDFC0001234
UTR841428202,2026-04-13 12:40:00,REV/CHGBK/RZP/7b095a43/ADJ,DEBIT,4500.0,36219532.57,CORP FIN OPS,HDFC0001234
UTR134009445,2026-04-13 12:41:00,REV/CHGBK/RZP/9f211543/ADJ,DEBIT,4500.0,36215032.57,CORP FIN OPS,HDFC0001234
UTR919435702,2026-04-13 12:42:00,REV/CHGBK/RZP/67908048/ADJ,DEBIT,4500.0,36210532.57,CORP FIN OPS,HDFC0001234
UTR958681931,2026-04-13 12:43:00,REV/CHGBK/RZP/bad47a49/ADJ,DEBIT,4500.0,36206032.57,CORP FIN OPS,HDFC0001234
UTR873878984,2026-04-13 12:44:00,REV/CHGBK/RZP/b8ca6e4d/ADJ,DEBIT,4500.0,36201532.57,CORP FIN OPS,HDFC0001234
UTR287763577,2026-04-13 12:45:00,REV/CHGBK/RZP/1541da4f/ADJ,DEBIT,4500.0,36197032.57,CORP FIN OPS,HDFC0001234
UTR530455617,2026-04-13 12:46:00,REV/CHGBK/RZP/9b971143/ADJ,DEBIT,4500.0,36192532.57,CORP FIN OPS,HDFC0001234
UTR886855574,2026-04-13 12:47:00,REV/CHGBK/RZP/93f67946/ADJ,DEBIT,4500.0,36188032.57,CORP FIN OPS,HDFC0001234
UTR591650963,2026-04-13 12:48:00,REV/CHGBK/RZP/797a1a46/ADJ,DEBIT,4500.0,36183532.57,CORP FIN OPS,HDFC0001234
UTR284914801,2026-04-13 12:49:00,REV/CHGBK/RZP/14c9d943/ADJ,DEBIT,4500.0,36179032.57,CORP FIN OPS,HDFC0001234
UTR149046809,2026-04-13 12:50:00,REV/CHGBK/RZP/20f5e943/ADJ,DEBIT,4500.0,36174532.57,CORP FIN OPS,HDFC0001234
UTR344036309,2026-04-13 12:51:00,REV/CHGBK/RZP/1d7ff248/ADJ,DEBIT,4500.0,36170032.57,CORP FIN OPS,HDFC0001234
UTR733819589,2026-04-13 12:52:00,REV/CHGBK/RZP/6a702e4d/ADJ,DEBIT,4500.0,36165532.57,CORP FIN OPS,HDFC0001234
UTR781757573,2026-04-13 12:53:00,REV/CHGBK/RZP/01e0fb4b/ADJ,DEBIT,4500.0,36161032.57,CORP FIN OPS,HDFC0001234
UTR775261017,2026-04-13 12:54:00,REV/CHGBK/RZP/81e1a04a/ADJ,DEBIT,4500.0,36156532.57,CORP FIN OPS,HDFC0001234
UTR703687862,2026-04-13 12:55:00,REV/CHGBK/RZP/bcf98243/ADJ,DEBIT,4500.0,36152032.57,CORP FIN OPS,HDFC0001234
UTR552807806,2026-04-13 12:56:00,REV/CHGBK/RZP/0d114647/ADJ,DEBIT,4500.0,36147532.57,CORP FIN OPS,HDFC0001234
UTR700323252,2026-04-13 12:57:00,REV/CHGBK/RZP/3d494d4a/ADJ,DEBIT,4500.0,36143032.57,CORP FIN OPS,HDFC0001234
UTR480477576,2026-04-13 12:58:00,REV/CHGBK/RZP/f8f7a64c/ADJ,DEBIT,4500.0,36138532.57,CORP FIN OPS,HDFC0001234
UTR242437498,2026-04-13 12:59:00,REV/CHGBK/RZP/928c9b4b/ADJ,DEBIT,4500.0,36134032.57,CORP FIN OPS,HDFC0001234
UTR468826759,2026-04-13 13:00:00,REV/CHGBK/RZP/f311b54a/ADJ,DEBIT,4500.0,36129532.57,CORP FIN OPS,HDFC0001234
UTR298633018,2026-04-13 13:01:00,REV/CHGBK/RZP/219a3244/ADJ,DEBIT,4500.0,36125032.57,CORP FIN OPS,HDFC0001234
UTR325182695,2026-04-13 13:02:00,REV/CHGBK/RZP/b5324241/ADJ,DEBIT,4500.0,36120532.57,CORP FIN OPS,HDFC0001234
UTR169503511,2026-04-13 13:03:00,REV/CHGBK/RZP/e222c847/ADJ,DEBIT,4500.0,36116032.57,CORP FIN OPS,HDFC0001234
UTR740621265,2026-04-13 13:04:00,REV/CHGBK/RZP/adcdf54a/ADJ,DEBIT,4500.0,36111532.57,CORP FIN OPS,HDFC0001234
UTR837300459,2026-04-13 13:05:00,REV/CHGBK/RZP/54aa8041/ADJ,DEBIT,4500.0,36107032.57,CORP FIN OPS,HDFC0001234
UTR905947165,2026-04-13 13:06:00,REV/CHGBK/RZP/278c2740/ADJ,DEBIT,4500.0,36102532.57,CORP FIN OPS,HDFC0001234
UTR993821073,2026-04-13 13:07:00,REV/CHGBK/RZP/0564184b/ADJ,DEBIT,4500.0,36098032.57,CORP FIN OPS,HDFC0001234
UTR184470578,2026-04-13 13:08:00,REV/CHGBK/RZP/899f6e46/ADJ,DEBIT,4500.0,36093532.57,CORP FIN OPS,HDFC0001234
UTR252724994,2026-04-13 13:09:00,REV/CHGBK/RZP/0d879149/ADJ,DEBIT,4500.0,36089032.57,CORP FIN OPS,HDFC0001234
UTR478593678,2026-04-13 13:10:00,REV/CHGBK/RZP/3da73145/ADJ,DEBIT,4500.0,36084532.57,CORP FIN OPS,HDFC0001234
UTR279175108,2026-04-13 13:11:00,REV/CHGBK/RZP/9a7be046/ADJ,DEBIT,4500.0,36080032.57,CORP FIN OPS,HDFC0001234
UTR298267042,2026-04-13 13:12:00,REV/CHGBK/RZP/d673094d/ADJ,DEBIT,4500.0,36075532.57,CORP FIN OPS,HDFC0001234
UTR259973712,2026-04-13 13:13:00,REV/CHGBK/RZP/743a5d41/ADJ,DEBIT,4500.0,36071032.57,CORP FIN OPS,HDFC0001234
UTR508348488,2026-04-13 13:14:00,REV/CHGBK/RZP/b1fdd042/ADJ,DEBIT,4500.0,36066532.57,CORP FIN OPS,HDFC0001234
UTR469309222,2026-04-13 13:15:00,REV/CHGBK/RZP/c79ba340/ADJ,DEBIT,4500.0,36062032.57,CORP FIN OPS,HDFC0001234
UTR154881692,2026-04-13 13:16:00,REV/CHGBK/RZP/64d88647/ADJ,DEBIT,4500.0,36057532.57,CORP FIN OPS,HDFC0001234
UTR632479507,2026-04-13 13:17:00,REV/CHGBK/RZP/c739074a/ADJ,DEBIT,4500.0,36053032.57,CORP FIN OPS,HDFC0001234
UTR306629641,2026-04-13 13:18:00,REV/CHGBK/RZP/d6209c4c/ADJ,DEBIT,4500.0,36048532.57,CORP FIN OPS,HDFC0001234
UTR414129192,2026-04-13 13:19:00,REV/CHGBK/RZP/ecf3f046/ADJ,DEBIT,4500.0,36044032.57,CORP FIN OPS,HDFC0001234
UTR378683318,2026-04-13 13:20:00,REV/CHGBK/RZP/17e64241/ADJ,DEBIT,4500.0,36039532.57,CORP FIN OPS,HDFC0001234
UTR957046045,2026-04-13 13:21:00,REV/CHGBK/RZP/3d344441/ADJ,DEBIT,4500.0,36035032.57,CORP FIN OPS,HDFC0001234
UTR349269501,2026-04-13 13:22:00,REV/CHGBK/RZP/6032e544/ADJ,DEBIT,4500.0,36030532.57,CORP FIN OPS,HDFC0001234
UTR184173272,2026-04-13 13:23:00,REV/CHGBK/RZP/9407b74a/ADJ,DEBIT,4500.0,36026032.57,CORP FIN OPS,HDFC0001234
UTR426886112,2026-04-13 13:24:00,REV/CHGBK/RZP/9ddaed4a/ADJ,DEBIT,4500.0,36021532.57,CORP FIN OPS,HDFC0001234
UTR435720941,2026-04-13 13:25:00,REV/CHGBK/RZP/dbe4074c/ADJ,DEBIT,4500.0,36017032.57,CORP FIN OPS,HDFC0001234
UTR587216226,2026-04-13 13:26:00,REV/CHGBK/RZP/0872f64c/ADJ,DEBIT,4500.0,36012532.57,CORP FIN OPS,HDFC0001234
UTR245720142,2026-04-13 13:27:00,REV/CHGBK/RZP/f304dc48/ADJ,DEBIT,4500.0,36008032.57,CORP FIN OPS,HDFC0001234
UTR683918267,2026-04-13 13:28:00,REV/CHGBK/RZP/31f8da4c/ADJ,DEBIT,4500.0,36003532.57,CORP FIN OPS,HDFC0001234
UTR589226316,2026-04-13 13:29:00,REV/CHGBK/RZP/abc91b4a/ADJ,DEBIT,4500.0,35999032.57,CORP FIN OPS,HDFC0001234
UTR574875053,2026-04-13 13:30:00,REV/CHGBK/RZP/f9b2ce4a/ADJ,DEBIT,4500.0,35994532.57,CORP FIN OPS,HDFC0001234
UTR202508355,2026-04-13 13:31:00,REV/CHGBK/RZP/e9432948/ADJ,DEBIT,4500.0,35990032.57,CORP FIN OPS,HDFC0001234
UTR817045593,2026-04-13 13:32:00,REV/CHGBK/RZP/a3c70a4a/ADJ,DEBIT,4500.0,35985532.57,CORP FIN OPS,HDFC0001234
UTR502171933,2026-04-13 13:33:00,REV/CHGBK/RZP/b3657649/ADJ,DEBIT,4500.0,35981032.57,CORP FIN OPS,HDFC0001234
UTR875148917,2026-04-13 13:34:00,REV/CHGBK/RZP/ca404348/ADJ,DEBIT,4500.0,35976532.57,CORP FIN OPS,HDFC0001234
UTR376303961,2026-04-13 13:35:00,REV/CHGBK/RZP/73f7a640/ADJ,DEBIT,4500.0,35972032.57,CORP FIN OPS,HDFC0001234
UTR908804021,2026-04-13 13:36:00,REV/CHGBK/RZP/15cdac4d/ADJ,DEBIT,4500.0,35967532.57,CORP FIN OPS,HDFC0001234
UTR651576310,2026-04-13 13:37:00,REV/CHGBK/RZP/05b2a943/ADJ,DEBIT,4500.0,35963032.57,CORP FIN OPS,HDFC0001234
UTR227268780,2026-04-13 13:38:00,REV/CHGBK/RZP/b9b1ab4b/ADJ,DEBIT,4500.0,35958532.57,CORP FIN OPS,HDFC0001234
UTR574674893,2026-04-13 13:39:00,REV/CHGBK/RZP/6eb4da48/ADJ,DEBIT,4500.0,35954032.57,CORP FIN OPS,HDFC0001234
UTR115156514,2026-04-13 13:40:00,REV/CHGBK/RZP/83398940/ADJ,DEBIT,4500.0,35949532.57,CORP FIN OPS,HDFC0001234
UTR713127985,2026-04-13 13:41:00,REV/CHGBK/RZP/769a2c49/ADJ,DEBIT,4500.0,35945032.57,CORP FIN OPS,HDFC0001234
UTR748011072,2026-04-13 13:42:00,REV/CHGBK/RZP/339dc44b/ADJ,DEBIT,4500.0,35940532.57,CORP FIN OPS,HDFC0001234
UTR121665545,2026-04-13 13:43:00,REV/CHGBK/RZP/7f8d0e4f/ADJ,DEBIT,4500.0,35936032.57,CORP FIN OPS,HDFC0001234
UTR741789327,2026-04-13 13:44:00,REV/CHGBK/RZP/88fbea4a/ADJ,DEBIT,4500.0,35931532.57,CORP FIN OPS,HDFC0001234
UTR567965247,2026-04-13 13:45:00,REV/CHGBK/RZP/11c4ec45/ADJ,DEBIT,4500.0,35927032.57,CORP FIN OPS,HDFC0001234
UTR433681017,2026-04-13 13:46:00,REV/CHGBK/RZP/0b44f24d/ADJ,DEBIT,4500.0,35922532.57,CORP FIN OPS,HDFC0001234
UTR864801530,2026-04-13 13:47:00,REV/CHGBK/RZP/a9cc0b4d/ADJ,DEBIT,4500.0,35918032.57,CORP FIN OPS,HDFC0001234
UTR760936710,2026-04-13 13:48:00,REV/CHGBK/RZP/c5e41e48/ADJ,DEBIT,4500.0,35913532.57,CORP FIN OPS,HDFC0001234
UTR981422844,2026-04-13 13:49:00,REV/CHGBK/RZP/fbb78045/ADJ,DEBIT,4500.0,35909032.57,CORP FIN OPS,HDFC0001234
UTR855805594,2026-04-13 13:50:00,REV/CHGBK/RZP/b9a64543/ADJ,DEBIT,4500.0,35904532.57,CORP FIN OPS,HDFC0001234
UTR344345007,2026-04-13 13:51:00,REV/CHGBK/RZP/9dc34e41/ADJ,DEBIT,4500.0,35900032.57,CORP FIN OPS,HDFC0001234
UTR916676253,2026-04-13 13:52:00,REV/CHGBK/RZP/2168f74e/ADJ,DEBIT,4500.0,35895532.57,CORP FIN OPS,HDFC0001234
UTR939284525,2026-04-13 13:53:00,REV/CHGBK/RZP/a9aeee4f/ADJ,DEBIT,4500.0,35891032.57,CORP FIN OPS,HDFC0001234
UTR697057829,2026-04-13 13:54:00,REV/CHGBK/RZP/f9c6ff49/ADJ,DEBIT,4500.0,35886532.57,CORP FIN OPS,HDFC0001234
UTR431331460,2026-04-13 13:55:00,REV/CHGBK/RZP/40ca264a/ADJ,DEBIT,4500.0,35882032.57,CORP FIN OPS,HDFC0001234
UTR197121569,2026-04-13 13:56:00,REV/CHGBK/RZP/d13dc249/ADJ,DEBIT,4500.0,35877532.57,CORP FIN OPS,HDFC0001234
UTR263481097,2026-04-13 13:57:00,REV/CHGBK/RZP/7f269946/ADJ,DEBIT,4500.0,35873032.57,CORP FIN OPS,HDFC0001234
UTR496529993,2026-04-13 13:58:00,REV/CHGBK/RZP/eb538447/ADJ,DEBIT,4500.0,35868532.57,CORP FIN OPS,HDFC0001234
UTR419738769,2026-04-13 13:59:00,REV/CHGBK/RZP/40e85540/ADJ,DEBIT,4500.0,35864032.57,CORP FIN OPS,HDFC0001234
UTR829631072,2026-04-13 14:00:00,REV/CHGBK/RZP/88359944/ADJ,DEBIT,4500.0,35859532.57,CORP FIN OPS,HDFC0001234
UTR288660977,2026-04-13 14:01:00,REV/CHGBK/RZP/1ea1954b/ADJ,DEBIT,4500.0,35855032.57,CORP FIN OPS,HDFC0001234
UTR364480329,2026-04-13 14:02:00,REV/CHGBK/RZP/2dc8f043/ADJ,DEBIT,4500.0,35850532.57,CORP FIN OPS,HDFC0001234
UTR606141127,2026-04-13 14:03:00,REV/CHGBK/RZP/f060d04a/ADJ,DEBIT,4500.0,35846032.57,CORP FIN OPS,HDFC0001234
UTR574125109,2026-04-13 14:04:00,REV/CHGBK/RZP/9bc90241/ADJ,DEBIT,4500.0,35841532.57,CORP FIN OPS,HDFC0001234
UTR298433240,2026-04-13 14:05:00,REV/CHGBK/RZP/ba63c84d/ADJ,DEBIT,4500.0,35837032.57,CORP FIN OPS,HDFC0001234
UTR871306918,2026-04-13 14:06:00,REV/CHGBK/RZP/36ddaa4d/ADJ,DEBIT,4500.0,35832532.57,CORP FIN OPS,HDFC0001234
UTR734012416,2026-04-13 14:07:00,REV/CHGBK/RZP/9625df4a/ADJ,DEBIT,4500.0,35828032.57,CORP FIN OPS,HDFC0001234
UTR406271505,2026-04-13 14:08:00,REV/CHGBK/RZP/58b2fe4f/ADJ,DEBIT,4500.0,35823532.57,CORP FIN OPS,HDFC0001234
UTR191354907,2026-04-13 14:09:00,REV/CHGBK/RZP/8fd98c4a/ADJ,DEBIT,4500.0,35819032.57,CORP FIN OPS,HDFC0001234
UTR318101953,2026-04-13 14:10:00,REV/CHGBK/RZP/6fc79740/ADJ,DEBIT,4500.0,35814532.57,CORP FIN OPS,HDFC0001234
UTR568021128,2026-04-13 14:11:00,REV/CHGBK/RZP/f6ff0c48/ADJ,DEBIT,4500.0,35810032.57,CORP FIN OPS,HDFC0001234
UTR954210395,2026-04-13 14:12:00,REV/CHGBK/RZP/f06b1245/ADJ,DEBIT,4500.0,35805532.57,CORP FIN OPS,HDFC0001234
UTR836238982,2026-04-13 14:13:00,REV/CHGBK/RZP/97123c4a/ADJ,DEBIT,4500.0,35801032.57,CORP FIN OPS,HDFC0001234
UTR728413590,2026-04-13 14:14:00,REV/CHGBK/RZP/40c58543/ADJ,DEBIT,4500.0,35796532.57,CORP FIN OPS,HDFC0001234
UTR227455659,2026-04-13 14:15:00,REV/CHGBK/RZP/16d34b40/ADJ,DEBIT,4500.0,35792032.57,CORP FIN OPS,HDFC0001234
UTR116964748,2026-04-13 14:16:00,REV/CHGBK/RZP/dcfe6a45/ADJ,DEBIT,4500.0,35787532.57,CORP FIN OPS,HDFC0001234
UTR833709195,2026-04-13 14:17:00,REV/CHGBK/RZP/3a04b340/ADJ,DEBIT,4500.0,35783032.57,CORP FIN OPS,HDFC0001234
UTR602188486,2026-04-13 14:18:00,REV/CHGBK/RZP/58e28941/ADJ,DEBIT,4500.0,35778532.57,CORP FIN OPS,HDFC0001234
UTR939944482,2026-04-13 14:19:00,REV/CHGBK/RZP/ff853844/ADJ,DEBIT,4500.0,35774032.57,CORP FIN OPS,HDFC0001234
UTR585239484,2026-04-13 14:20:00,REV/CHGBK/RZP/c5317949/ADJ,DEBIT,4500.0,35769532.57,CORP FIN OPS,HDFC0001234
UTR646785453,2026-04-13 14:21:00,REV/CHGBK/RZP/360c5a4f/ADJ,DEBIT,4500.0,35765032.57,CORP FIN OPS,HDFC0001234
UTR251670952,2026-04-13 14:22:00,REV/CHGBK/RZP/fc9dc747/ADJ,DEBIT,4500.0,35760532.57,CORP FIN OPS,HDFC0001234
UTR157525925,2026-04-13 14:23:00,REV/CHGBK/RZP/94877048/ADJ,DEBIT,4500.0,35756032.57,CORP FIN OPS,HDFC0001234
UTR345444509,2026-04-13 14:24:00,REV/CHGBK/RZP/e811c14e/ADJ,DEBIT,4500.0,35751532.57,CORP FIN OPS,HDFC0001234
UTR205173253,2026-04-13 14:25:00,REV/CHGBK/RZP/546add46/ADJ,DEBIT,4500.0,35747032.57,CORP FIN OPS,HDFC0001234
UTR709026473,2026-04-13 14:26:00,REV/CHGBK/RZP/499b1243/ADJ,DEBIT,4500.0,35742532.57,CORP FIN OPS,HDFC0001234
UTR575295669,2026-04-13 14:27:00,REV/CHGBK/RZP/85009840/ADJ,DEBIT,4500.0,35738032.57,CORP FIN OPS,HDFC0001234
UTR594468212,2026-04-13 14:28:00,REV/CHGBK/RZP/32629a4c/ADJ,DEBIT,4500.0,35733532.57,CORP FIN OPS,HDFC0001234
UTR222308152,2026-04-13 14:29:00,REV/CHGBK/RZP/30908346/ADJ,DEBIT,4500.0,35729032.57,CORP FIN OPS,HDFC0001234
UTR247004924,2026-04-13 14:30:00,REV/CHGBK/RZP/5abbfa4b/ADJ,DEBIT,4500.0,35724532.57,CORP FIN OPS,HDFC0001234
UTR584494738,2026-04-13 14:31:00,REV/CHGBK/RZP/b1f3924a/ADJ,DEBIT,4500.0,35720032.57,CORP FIN OPS,HDFC0001234
UTR574670032,2026-04-13 14:32:00,REV/CHGBK/RZP/5e8e9c4a/ADJ,DEBIT,4500.0,35715532.57,CORP FIN OPS,HDFC0001234
UTR738722684,2026-04-13 14:33:00,REV/CHGBK/RZP/f3ce954c/ADJ,DEBIT,4500.0,35711032.57,CORP FIN OPS,HDFC0001234
UTR310986781,2026-04-13 14:34:00,REV/CHGBK/RZP/8de67b43/ADJ,DEBIT,4500.0,35706532.57,CORP FIN OPS,HDFC0001234
UTR394381403,2026-04-13 14:35:00,REV/CHGBK/RZP/be893d48/ADJ,DEBIT,4500.0,35702032.57,CORP FIN OPS,HDFC0001234
UTR111115679,2026-04-13 14:36:00,REV/CHGBK/RZP/ed36aa44/ADJ,DEBIT,4500.0,35697532.57,CORP FIN OPS,HDFC0001234
UTR240587322,2026-04-13 14:37:00,REV/CHGBK/RZP/3e979b44/ADJ,DEBIT,4500.0,35693032.57,CORP FIN OPS,HDFC0001234
UTR966420115,2026-04-13 14:38:00,REV/CHGBK/RZP/06b7c24c/ADJ,DEBIT,4500.0,35688532.57,CORP FIN OPS,HDFC0001234
UTR701790761,2026-04-13 14:39:00,REV/CHGBK/RZP/65f2dc47/ADJ,DEBIT,4500.0,35684032.57,CORP FIN OPS,HDFC0001234
UTR758115488,2026-04-13 14:40:00,REV/CHGBK/RZP/24536c40/ADJ,DEBIT,4500.0,35679532.57,CORP FIN OPS,HDFC0001234
UTR899697241,2026-04-13 14:41:00,REV/CHGBK/RZP/e13a284a/ADJ,DEBIT,4500.0,35675032.57,CORP FIN OPS,HDFC0001234
UTR471751010,2026-04-13 14:42:00,REV/CHGBK/RZP/43047e49/ADJ,DEBIT,4500.0,35670532.57,CORP FIN OPS,HDFC0001234
UTR738280818,2026-04-13 14:43:00,REV/CHGBK/RZP/df7a9441/ADJ,DEBIT,4500.0,35666032.57,CORP FIN OPS,HDFC0001234
UTR529244463,2026-04-13 14:44:00,REV/CHGBK/RZP/aac9bd44/ADJ,DEBIT,4500.0,35661532.57,CORP FIN OPS,HDFC0001234
UTR150713791,2026-04-13 14:45:00,REV/CHGBK/RZP/668b2b4d/ADJ,DEBIT,4500.0,35657032.57,CORP FIN OPS,HDFC0001234
UTR936564504,2026-04-13 14:46:00,REV/CHGBK/RZP/33d2ac4b/ADJ,DEBIT,4500.0,35652532.57,CORP FIN OPS,HDFC0001234
UTR109136275,2026-04-13 14:47:00,REV/CHGBK/RZP/30b1f940/ADJ,DEBIT,4500.0,35648032.57,CORP FIN OPS,HDFC0001234
UTR538180017,2026-04-13 14:48:00,REV/CHGBK/RZP/628ef646/ADJ,DEBIT,4500.0,35643532.57,CORP FIN OPS,HDFC0001234
UTR473646776,2026-04-13 14:49:00,REV/CHGBK/RZP/e7001e43/ADJ,DEBIT,4500.0,35639032.57,CORP FIN OPS,HDFC0001234
UTR173881388,2026-04-13 14:50:00,REV/CHGBK/RZP/58fd5f4e/ADJ,DEBIT,4500.0,35634532.57,CORP FIN OPS,HDFC0001234
UTR876961069,2026-04-13 14:51:00,REV/CHGBK/RZP/341be343/ADJ,DEBIT,4500.0,35630032.57,CORP FIN OPS,HDFC0001234
UTR946975799,2026-04-13 14:52:00,REV/CHGBK/RZP/320a6046/ADJ,DEBIT,4500.0,35625532.57,CORP FIN OPS,HDFC0001234
UTR642227400,2026-04-13 14:53:00,REV/CHGBK/RZP/11295e43/ADJ,DEBIT,4500.0,35621032.57,CORP FIN OPS,HDFC0001234
UTR181085733,2026-04-13 14:54:00,REV/CHGBK/RZP/1e8e804f/ADJ,DEBIT,4500.0,35616532.57,CORP FIN OPS,HDFC0001234
UTR814071368,2026-04-13 14:55:00,REV/CHGBK/RZP/99296a44/ADJ,DEBIT,4500.0,35612032.57,CORP FIN OPS,HDFC0001234
UTR285245329,2026-04-13 14:56:00,REV/CHGBK/RZP/8302e44e/ADJ,DEBIT,4500.0,35607532.57,CORP FIN OPS,HDFC0001234
UTR905674189,2026-04-13 14:57:00,REV/CHGBK/RZP/7ce04c44/ADJ,DEBIT,4500.0,35603032.57,CORP FIN OPS,HDFC0001234
UTR361654107,2026-04-13 14:58:00,REV/CHGBK/RZP/e560dc40/ADJ,DEBIT,4500.0,35598532.57,CORP FIN OPS,HDFC0001234
UTR502972038,2026-04-13 14:59:00,REV/CHGBK/RZP/5b88d74d/ADJ,DEBIT,4500.0,35594032.57,CORP FIN OPS,HDFC0001234
UTR685717643,2026-04-13 15:00:00,REV/CHGBK/RZP/10874546/ADJ,DEBIT,4500.0,35589532.57,CORP FIN OPS,HDFC0001234
UTR259877215,2026-04-13 15:01:00,REV/CHGBK/RZP/6005af44/ADJ,DEBIT,4500.0,35585032.57,CORP FIN OPS,HDFC0001234
UTR352352313,2026-04-13 15:02:00,REV/CHGBK/RZP/0f31bb49/ADJ,DEBIT,4500.0,35580532.57,CORP FIN OPS,HDFC0001234
UTR687234675,2026-04-13 15:03:00,REV/CHGBK/RZP/ceae4b48/ADJ,DEBIT,4500.0,35576032.57,CORP FIN OPS,HDFC0001234
UTR954799679,2026-04-13 15:04:00,REV/CHGBK/RZP/c6bdac4b/ADJ,DEBIT,4500.0,35571532.57,CORP FIN OPS,HDFC0001234
UTR133851085,2026-04-13 15:05:00,REV/CHGBK/RZP/5575844b/ADJ,DEBIT,4500.0,35567032.57,CORP FIN OPS,HDFC0001234
UTR885124400,2026-04-13 15:06:00,REV/CHGBK/RZP/88e95446/ADJ,DEBIT,4500.0,35562532.57,CORP FIN OPS,HDFC0001234
UTR515254172,2026-04-13 15:07:00,REV/CHGBK/RZP/5be17b47/ADJ,DEBIT,4500.0,35558032.57,CORP FIN OPS,HDFC0001234
UTR877029187,2026-04-13 15:08:00,REV/CHGBK/RZP/4c098c45/ADJ,DEBIT,4500.0,35553532.57,CORP FIN OPS,HDFC0001234
UTR545963550,2026-04-13 15:09:00,REV/CHGBK/RZP/29ae314c/ADJ,DEBIT,4500.0,35549032.57,CORP FIN OPS,HDFC0001234
UTR677105121,2026-04-13 15:10:00,REV/CHGBK/RZP/58411340/ADJ,DEBIT,4500.0,35544532.57,CORP FIN OPS,HDFC0001234
UTR853137285,2026-04-13 15:11:00,REV/CHGBK/RZP/35d28f47/ADJ,DEBIT,4500.0,35540032.57,CORP FIN OPS,HDFC0001234
UTR892721423,2026-04-13 15:12:00,REV/CHGBK/RZP/6406a548/ADJ,DEBIT,4500.0,35535532.57,CORP FIN OPS,HDFC0001234
UTR113561750,2026-04-13 15:13:00,REV/CHGBK/RZP/400e8f4a/ADJ,DEBIT,4500.0,35531032.57,CORP FIN OPS,HDFC0001234
UTR647909744,2026-04-13 15:14:00,REV/CHGBK/RZP/808b174f/ADJ,DEBIT,4500.0,35526532.57,CORP FIN OPS,HDFC0001234
UTR621937249,2026-04-13 15:15:00,REV/CHGBK/RZP/a14d6b45/ADJ,DEBIT,4500.0,35522032.57,CORP FIN OPS,HDFC0001234
UTR297769558,2026-04-13 15:16:00,REV/CHGBK/RZP/64e96b4b/ADJ,DEBIT,4500.0,35517532.57,CORP FIN OPS,HDFC0001234
UTR124840763,2026-04-13 15:17:00,REV/CHGBK/RZP/8675e64f/ADJ,DEBIT,4500.0,35513032.57,CORP FIN OPS,HDFC0001234
UTR186750293,2026-04-13 15:18:00,REV/CHGBK/RZP/9a44744b/ADJ,DEBIT,4500.0,35508532.57,CORP FIN OPS,HDFC0001234
UTR870164282,2026-04-13 15:19:00,REV/CHGBK/RZP/3f517d4a/ADJ,DEBIT,4500.0,35504032.57,CORP FIN OPS,HDFC0001234
UTR608834631,2026-04-13 15:20:00,REV/CHGBK/RZP/3ab6eb46/ADJ,DEBIT,4500.0,35499532.57,CORP FIN OPS,HDFC0001234
UTR222556790,2026-04-13 15:21:00,REV/CHGBK/RZP/de57e641/ADJ,DEBIT,4500.0,35495032.57,CORP FIN OPS,HDFC0001234
UTR388830383,2026-04-13 15:22:00,REV/CHGBK/RZP/48c72e4b/ADJ,DEBIT,4500.0,35490532.57,CORP FIN OPS,HDFC0001234
UTR953040475,2026-04-13 15:23:00,REV/CHGBK/RZP/0e8dad42/ADJ,DEBIT,4500.0,35486032.57,CORP FIN OPS,HDFC0001234
UTR444285661,2026-04-13 15:24:00,REV/CHGBK/RZP/7cda4648/ADJ,DEBIT,4500.0,35481532.57,CORP FIN OPS,HDFC0001234
UTR332670816,2026-04-13 15:25:00,REV/CHGBK/RZP/523a8d4b/ADJ,DEBIT,4500.0,35477032.57,CORP FIN OPS,HDFC0001234
UTR668102114,2026-04-13 15:26:00,REV/CHGBK/RZP/58b52f44/ADJ,DEBIT,4500.0,35472532.57,CORP FIN OPS,HDFC0001234
UTR921141717,2026-04-13 15:27:00,REV/CHGBK/RZP/c8950649/ADJ,DEBIT,4500.0,35468032.57,CORP FIN OPS,HDFC0001234
UTR909037464,2026-04-13 15:28:00,REV/CHGBK/RZP/66c43e40/ADJ,DEBIT,4500.0,35463532.57,CORP FIN OPS,HDFC0001234
UTR384360544,2026-04-13 15:29:00,REV/CHGBK/RZP/e24eb942/ADJ,DEBIT,4500.0,35459032.57,CORP FIN OPS,HDFC0001234
UTR378680786,2026-04-13 15:30:00,REV/CHGBK/RZP/1de36f48/ADJ,DEBIT,4500.0,35454532.57,CORP FIN OPS,HDFC0001234
UTR750159178,2026-04-13 15:31:00,REV/CHGBK/RZP/36030c43/ADJ,DEBIT,4500.0,35450032.57,CORP FIN OPS,HDFC0001234
UTR762321836,2026-04-13 15:32:00,REV/CHGBK/RZP/7f3ab845/ADJ,DEBIT,4500.0,35445532.57,CORP FIN OPS,HDFC0001234
UTR463388095,2026-04-13 15:33:00,REV/CHGBK/RZP/9320c24d/ADJ,DEBIT,4500.0,35441032.57,CORP FIN OPS,HDFC0001234
UTR744287848,2026-04-13 15:34:00,REV/CHGBK/RZP/22de4e48/ADJ,DEBIT,4500.0,35436532.57,CORP FIN OPS,HDFC0001234
UTR559331830,2026-04-13 15:35:00,REV/CHGBK/RZP/ff276f4c/ADJ,DEBIT,4500.0,35432032.57,CORP FIN OPS,HDFC0001234
UTR353754591,2026-04-13 15:36:00,REV/CHGBK/RZP/76caf348/ADJ,DEBIT,4500.0,35427532.57,CORP FIN OPS,HDFC0001234
UTR888514706,2026-04-13 15:37:00,REV/CHGBK/RZP/5e72cc45/ADJ,DEBIT,4500.0,35423032.57,CORP FIN OPS,HDFC0001234
UTR910942155,2026-04-13 15:38:00,REV/CHGBK/RZP/57f6db47/ADJ,DEBIT,4500.0,35418532.57,CORP FIN OPS,HDFC0001234
UTR545896724,2026-04-13 15:39:00,REV/CHGBK/RZP/76685245/ADJ,DEBIT,4500.0,35414032.57,CORP FIN OPS,HDFC0001234
UTR358253884,2026-04-13 15:40:00,REV/CHGBK/RZP/8aa94742/ADJ,DEBIT,4500.0,35409532.57,CORP FIN OPS,HDFC0001234
UTR214409077,2026-04-13 15:41:00,REV/CHGBK/RZP/49edae45/ADJ,DEBIT,4500.0,35405032.57,CORP FIN OPS,HDFC0001234
UTR531348942,2026-04-13 15:42:00,REV/CHGBK/RZP/72f33742/ADJ,DEBIT,4500.0,35400532.57,CORP FIN OPS,HDFC0001234
UTR684011182,2026-04-13 15:43:00,REV/CHGBK/RZP/7d5a0442/ADJ,DEBIT,4500.0,35396032.57,CORP FIN OPS,HDFC0001234
UTR499706064,2026-04-13 15:44:00,REV/CHGBK/RZP/c6f05f4f/ADJ,DEBIT,4500.0,35391532.57,CORP FIN OPS,HDFC0001234
UTR322772686,2026-04-13 15:45:00,REV/CHGBK/RZP/8f4f784b/ADJ,DEBIT,4500.0,35387032.57,CORP FIN OPS,HDFC0001234
UTR310020878,2026-04-13 15:46:00,REV/CHGBK/RZP/88e31c43/ADJ,DEBIT,4500.0,35382532.57,CORP FIN OPS,HDFC0001234
UTR613063229,2026-04-13 15:47:00,REV/CHGBK/RZP/18071949/ADJ,DEBIT,4500.0,35378032.57,CORP FIN OPS,HDFC0001234
UTR278105056,2026-04-13 15:48:00,REV/CHGBK/RZP/84fa304f/ADJ,DEBIT,4500.0,35373532.57,CORP FIN OPS,HDFC0001234
UTR838080015,2026-04-13 15:49:00,REV/CHGBK/RZP/019b074e/ADJ,DEBIT,4500.0,35369032.57,CORP FIN OPS,HDFC0001234
UTR508860220,2026-04-13 15:50:00,REV/CHGBK/RZP/1a299440/ADJ,DEBIT,4500.0,35364532.57,CORP FIN OPS,HDFC0001234
UTR419029495,2026-04-13 15:51:00,REV/CHGBK/RZP/27895b46/ADJ,DEBIT,4500.0,35360032.57,CORP FIN OPS,HDFC0001234
UTR288880588,2026-04-13 15:52:00,REV/CHGBK/RZP/e2c23342/ADJ,DEBIT,4500.0,35355532.57,CORP FIN OPS,HDFC0001234
UTR319895371,2026-04-13 15:53:00,REV/CHGBK/RZP/3941f84c/ADJ,DEBIT,4500.0,35351032.57,CORP FIN OPS,HDFC0001234
UTR418747625,2026-04-13 15:54:00,REV/CHGBK/RZP/f3031c4f/ADJ,DEBIT,4500.0,35346532.57,CORP FIN OPS,HDFC0001234
UTR964937710,2026-04-13 15:55:00,REV/CHGBK/RZP/f66c7947/ADJ,DEBIT,4500.0,35342032.57,CORP FIN OPS,HDFC0001234
UTR936590144,2026-04-13 15:56:00,REV/CHGBK/RZP/d46f0e46/ADJ,DEBIT,4500.0,35337532.57,CORP FIN OPS,HDFC0001234
UTR420179381,2026-04-13 15:57:00,REV/CHGBK/RZP/058bb74f/ADJ,DEBIT,4500.0,35333032.57,CORP FIN OPS,HDFC0001234
UTR820418839,2026-04-13 15:58:00,REV/CHGBK/RZP/1d3d7c4e/ADJ,DEBIT,4500.0,35328532.57,CORP FIN OPS,HDFC0001234
UTR299253012,2026-04-13 15:59:00,REV/CHGBK/RZP/6be7574b/ADJ,DEBIT,4500.0,35324032.57,CORP FIN OPS,HDFC0001234
UTR343486230,2026-04-13 16:00:00,REV/CHGBK/RZP/d90cf644/ADJ,DEBIT,4500.0,35319532.57,CORP FIN OPS,HDFC0001234
UTR526041566,2026-04-13 16:01:00,REV/CHGBK/RZP/cd325e4b/ADJ,DEBIT,4500.0,35315032.57,CORP FIN OPS,HDFC0001234
UTR552580253,2026-04-13 16:02:00,REV/CHGBK/RZP/bc97434d/ADJ,DEBIT,4500.0,35310532.57,CORP FIN OPS,HDFC0001234
UTR381247214,2026-04-13 16:03:00,REV/CHGBK/RZP/f0d46d41/ADJ,DEBIT,4500.0,35306032.57,CORP FIN OPS,HDFC0001234
UTR368705960,2026-04-13 16:04:00,REV/CHGBK/RZP/e41c5b44/ADJ,DEBIT,4500.0,35301532.57,CORP FIN OPS,HDFC0001234
UTR504916285,2026-04-13 16:05:00,REV/CHGBK/RZP/8b842b48/ADJ,DEBIT,4500.0,35297032.57,CORP FIN OPS,HDFC0001234
UTR516074078,2026-04-13 16:06:00,REV/CHGBK/RZP/ce7c4841/ADJ,DEBIT,4500.0,35292532.57,CORP FIN OPS,HDFC0001234
UTR123458559,2026-04-13 16:07:00,REV/CHGBK/RZP/8e7c2d4b/ADJ,DEBIT,4500.0,35288032.57,CORP FIN OPS,HDFC0001234
UTR691853451,2026-04-13 16:08:00,REV/CHGBK/RZP/781c3c43/ADJ,DEBIT,4500.0,35283532.57,CORP FIN OPS,HDFC0001234
UTR130394212,2026-04-13 16:09:00,REV/CHGBK/RZP/6ce88740/ADJ,DEBIT,4500.0,35279032.57,CORP FIN OPS,HDFC0001234
UTR336104362,2026-04-13 16:10:00,REV/CHGBK/RZP/061ffb4c/ADJ,DEBIT,4500.0,35274532.57,CORP FIN OPS,HDFC0001234
UTR999780330,2026-04-15 14:22:10,DIRECT-DEP/UNKNOWN-TRANSFER/REF#,CREDIT,12450.0,35286982.57,CORP FIN OPS,HDFC0001234
UTR999929321,2026-04-15 14:22:10,DIRECT-DEP/UNKNOWN-TRANSFER/REF#,CREDIT,12450.0,35299432.57,CORP FIN OPS,HDFC0001234
UTR999425062,2026-04-15 14:22:10,DIRECT-DEP/UNKNOWN-TRANSFER/REF#,CREDIT,12450.0,35311882.57,CORP FIN OPS,HDFC0001234
UTR999404285,2026-04-15 14:22:10,DIRECT-DEP/UNKNOWN-TRANSFER/REF#,CREDIT,12450.0,35324332.57,CORP FIN OPS,HDFC0001234
UTR999381495,2026-04-15 14:22:10,DIRECT-DEP/UNKNOWN-TRANSFER/REF#,CREDIT,12450.0,35336782.57,CORP FIN OPS,HDFC0001234
UTR999276366,2026-04-15 14:22:10,DIRECT-DEP/UNKNOWN-TRANSFER/REF#,CREDIT,12450.0,35349232.57,CORP FIN OPS,HDFC0001234
UTR999410935,2026-04-15 14:22:10,DIRECT-DEP/UNKNOWN-TRANSFER/REF#,CREDIT,12450.0,35361682.57,CORP FIN OPS,HDFC0001234
UTR999897734,2026-04-15 14:22:10,DIRECT-DEP/UNKNOWN-TRANSFER/REF#,CREDIT,12450.0,35374132.57,CORP FIN OPS,HDFC0001234
UTR999679597,2026-04-15 14:22:10,DIRECT-DEP/UNKNOWN-TRANSFER/REF#,CREDIT,12450.0,35386582.57,CORP FIN OPS,HDFC0001234
UTR999994442,2026-04-15 14:22:10,DIRECT-DEP/UNKNOWN-TRANSFER/REF#,CREDIT,12450.0,35399032.57,CORP FIN OPS,HDFC0001234
UTR999383903,2026-04-15 14:22:10,DIRECT-DEP/UNKNOWN-TRANSFER/REF#,CREDIT,12450.0,35411482.57,CORP FIN OPS,HDFC0001234
UTR999262845,2026-04-15 14:22:10,DIRECT-DEP/UNKNOWN-TRANSFER/REF#,CREDIT,12450.0,35423932.57,CORP FIN OPS,HDFC0001234
UTR999801918,2026-04-15 14:22:10,DIRECT-DEP/UNKNOWN-TRANSFER/REF#,CREDIT,12450.0,35436382.57,CORP FIN OPS,HDFC0001234
UTR999800609,2026-04-15 14:22:10,DIRECT-DEP/UNKNOWN-TRANSFER/REF#,CREDIT,12450.0,35448832.57,CORP FIN OPS,HDFC0001234
UTR999132314,2026-04-15 14:22:10,DIRECT-DEP/UNKNOWN-TRANSFER/REF#,CREDIT,12450.0,35461282.57,CORP FIN OPS,HDFC0001234
UTR999264984,2026-04-15 14:22:10,DIRECT-DEP/UNKNOWN-TRANSFER/REF#,CREDIT,12450.0,35473732.57,CORP FIN OPS,HDFC0001234
UTR999826796,2026-04-15 14:22:10,DIRECT-DEP/UNKNOWN-TRANSFER/REF#,CREDIT,12450.0,35486182.57,CORP FIN OPS,HDFC0001234
UTR999393088,2026-04-15 14:22:10,DIRECT-DEP/UNKNOWN-TRANSFER/REF#,CREDIT,12450.0,35498632.57,CORP FIN OPS,HDFC0001234
UTR999356534,2026-04-15 14:22:10,DIRECT-DEP/UNKNOWN-TRANSFER/REF#,CREDIT,12450.0,35511082.57,CORP FIN OPS,HDFC0001234
UTR999947784,2026-04-15 14:22:10,DIRECT-DEP/UNKNOWN-TRANSFER/REF#,CREDIT,12450.0,35523532.57,CORP FIN OPS,HDFC0001234
UTR999977431,2026-04-15 14:22:10,DIRECT-DEP/UNKNOWN-TRANSFER/REF#,CREDIT,12450.0,35535982.57,CORP FIN OPS,HDFC0001234
UTR999890560,2026-04-15 14:22:10,DIRECT-DEP/UNKNOWN-TRANSFER/REF#,CREDIT,12450.0,35548432.57,CORP FIN OPS,HDFC0001234
UTR999485724,2026-04-15 14:22:10,DIRECT-DEP/UNKNOWN-TRANSFER/REF#,CREDIT,12450.0,35560882.57,CORP FIN OPS,HDFC0001234
UTR999107678,2026-04-15 14:22:10,DIRECT-DEP/UNKNOWN-TRANSFER/REF#,CREDIT,12450.0,35573332.57,CORP FIN OPS,HDFC0001234
UTR999831598,2026-04-15 14:22:10,DIRECT-DEP/UNKNOWN-TRANSFER/REF#,CREDIT,12450.0,35585782.57,CORP FIN OPS,HDFC0001234
UTR999730113,2026-04-15 14:22:10,DIRECT-DEP/UNKNOWN-TRANSFER/REF#,CREDIT,12450.0,35598232.57,CORP FIN OPS,HDFC0001234
UTR999422594,2026-04-15 14:22:10,DIRECT-DEP/UNKNOWN-TRANSFER/REF#,CREDIT,12450.0,35610682.57,CORP FIN OPS,HDFC0001234
UTR999560553,2026-04-15 14:22:10,DIRECT-DEP/UNKNOWN-TRANSFER/REF#,CREDIT,12450.0,35623132.57,CORP FIN OPS,HDFC0001234
UTR999531334,2026-04-15 14:22:10,DIRECT-DEP/UNKNOWN-TRANSFER/REF#,CREDIT,12450.0,35635582.57,CORP FIN OPS,HDFC0001234
UTR999468089,2026-04-15 14:22:10,DIRECT-DEP/UNKNOWN-TRANSFER/REF#,CREDIT,12450.0,35648032.57,CORP FIN OPS,HDFC0001234
UTR999835630,2026-04-15 14:22:10,DIRECT-DEP/UNKNOWN-TRANSFER/REF#,CREDIT,12450.0,35660482.57,CORP FIN OPS,HDFC0001234
UTR999195275,2026-04-15 14:22:10,DIRECT-DEP/UNKNOWN-TRANSFER/REF#,CREDIT,12450.0,35672932.57,CORP FIN OPS,HDFC0001234
UTR999223748,2026-04-15 14:22:10,DIRECT-DEP/UNKNOWN-TRANSFER/REF#,CREDIT,12450.0,35685382.57,CORP FIN OPS,HDFC0001234
UTR999800771,2026-04-15 14:22:10,DIRECT-DEP/UNKNOWN-TRANSFER/REF#,CREDIT,12450.0,35697832.57,CORP FIN OPS,HDFC0001234
UTR999871582,2026-04-15 14:22:10,DIRECT-DEP/UNKNOWN-TRANSFER/REF#,CREDIT,12450.0,35710282.57,CORP FIN OPS,HDFC0001234
UTR999639758,2026-04-15 14:22:10,DIRECT-DEP/UNKNOWN-TRANSFER/REF#,CREDIT,12450.0,35722732.57,CORP FIN OPS,HDFC0001234
UTR999546480,2026-04-15 14:22:10,DIRECT-DEP/UNKNOWN-TRANSFER/REF#,CREDIT,12450.0,35735182.57,CORP FIN OPS,HDFC0001234
UTR999789302,2026-04-15 14:22:10,DIRECT-DEP/UNKNOWN-TRANSFER/REF#,CREDIT,12450.0,35747632.57,CORP FIN OPS,HDFC0001234
UTR999168289,2026-04-15 14:22:10,DIRECT-DEP/UNKNOWN-TRANSFER/REF#,CREDIT,12450.0,35760082.57,CORP FIN OPS,HDFC0001234
UTR999452702,2026-04-15 14:22:10,DIRECT-DEP/UNKNOWN-TRANSFER/REF#,CREDIT,12450.0,35772532.57,CORP FIN OPS,HDFC0001234
UTR999536761,2026-04-15 14:22:10,DIRECT-DEP/UNKNOWN-TRANSFER/REF#,CREDIT,12450.0,35784982.57,CORP FIN OPS,HDFC0001234
UTR999387272,2026-04-15 14:22:10,DIRECT-DEP/UNKNOWN-TRANSFER/REF#,CREDIT,12450.0,35797432.57,CORP FIN OPS,HDFC0001234
UTR999108456,2026-04-15 14:22:10,DIRECT-DEP/UNKNOWN-TRANSFER/REF#,CREDIT,12450.0,35809882.57,CORP FIN OPS,HDFC0001234
UTR999742450,2026-04-15 14:22:10,DIRECT-DEP/UNKNOWN-TRANSFER/REF#,CREDIT,12450.0,35822332.57,CORP FIN OPS,HDFC0001234
UTR999941698,2026-04-15 14:22:10,DIRECT-DEP/UNKNOWN-TRANSFER/REF#,CREDIT,12450.0,35834782.57,CORP FIN OPS,HDFC0001234
UTR999703935,2026-04-15 14:22:10,DIRECT-DEP/UNKNOWN-TRANSFER/REF#,CREDIT,12450.0,35847232.57,CORP FIN OPS,HDFC0001234
UTR999398851,2026-04-15 14:22:10,DIRECT-DEP/UNKNOWN-TRANSFER/REF#,CREDIT,12450.0,35859682.57,CORP FIN OPS,HDFC0001234
UTR999208055,2026-04-15 14:22:10,DIRECT-DEP/UNKNOWN-TRANSFER/REF#,CREDIT,12450.0,35872132.57,CORP FIN OPS,HDFC0001234
UTR999423935,2026-04-15 14:22:10,DIRECT-DEP/UNKNOWN-TRANSFER/REF#,CREDIT,12450.0,35884582.57,CORP FIN OPS,HDFC0001234
UTR999619037,2026-04-15 14:22:10,DIRECT-DEP/UNKNOWN-TRANSFER/REF#,CREDIT,12450.0,35897032.57,CORP FIN OPS,HDFC0001234
