order_id,order_date,customer_id,customer_location,payment_method,discount_applied,gross_amount,currency,status
ORD-2026-1001,2026-04-01 09:15:01,CUST-5012,Delhi,UPI,0.0,11252.48,INR,COMPLETED
ORD-2026-1002,2026-04-01 09:30:37,CUST-1488,Delhi,UPI,0.0,6617.87,INR,COMPLETED
ORD-2026-1003,2026-04-01 09:45:35,CUST-9928,Hyderabad,UPI,0.0,3383.15,INR,COMPLETED
ORD-2026-1004,2026-04-01 10:00:48,CUST-7924,Hyderabad,DEBIT_CARD,0.0,12184.38,INR,COMPLETED
ORD-2026-1005,2026-04-01 10:15:05,CUST-6881,Hyderabad,DEBIT_CARD,0.0,6008.95,INR,COMPLETED
ORD-2026-1006,2026-04-01 10:30:46,CUST-3045,Hyderabad,UPI,0.0,7161.66,INR,COMPLETED
ORD-2026-1007,2026-04-01 10:45:12,CUST-1750,Bengaluru,DEBIT_CARD,0.0,10716.29,INR,COMPLETED
ORD-2026-1008,2026-04-01 11:00:54,CUST-2654,Hyderabad,UPI,0.0,3875.47,INR,COMPLETED
ORD-2026-1009,2026-04-01 11:15:23,CUST-5374,Bengaluru,DEBIT_CARD,64.8,5651.43,INR,COMPLETED
ORD-2026-1010,2026-04-01 11:30:46,CUST-8573,Hyderabad,CREDIT_CARD,0.0,4049.76,INR,COMPLETED
ORD-2026-1011,2026-04-01 11:45:20,CUST-1916,Delhi,CREDIT_CARD,80.5,12721.35,INR,COMPLETED
ORD-2026-1012,2026-04-01 12:00:13,CUST-6155,Delhi,DEBIT_CARD,0.0,13740.47,INR,COMPLETED
ORD-2026-1013,2026-04-01 12:15:09,CUST-5040,Bengaluru,NETBANKING,0.0,4340.76,INR,COMPLETED
ORD-2026-1014,2026-04-01 12:30:57,CUST-6930,Delhi,NETBANKING,13.83,8961.23,INR,COMPLETED
ORD-2026-1015,2026-04-01 12:45:48,CUST-2796,Delhi,UPI,0.0,1183.19,INR,COMPLETED
ORD-2026-1016,2026-04-01 13:00:38,CUST-7252,Bengaluru,NETBANKING,52.91,1421.15,INR,COMPLETED
ORD-2026-1017,2026-04-01 13:15:43,CUST-9797,Hyderabad,UPI,0.0,10950.47,INR,COMPLETED
ORD-2026-1018,2026-04-01 13:30:18,CUST-8433,Delhi,UPI,87.59,6804.1,INR,COMPLETED
ORD-2026-1019,2026-04-01 13:45:58,CUST-5889,Bengaluru,CREDIT_CARD,0.0,2042.96,INR,COMPLETED
ORD-2026-1020,2026-04-01 14:00:48,CUST-9689,Delhi,CREDIT_CARD,0.0,2842.46,INR,COMPLETED
ORD-2026-1021,2026-04-01 14:15:07,CUST-6038,Delhi,UPI,0.0,13971.93,INR,COMPLETED
ORD-2026-1022,2026-04-01 14:30:05,CUST-2133,Bengaluru,UPI,0.0,11112.66,INR,COMPLETED
ORD-2026-1023,2026-04-01 14:45:35,CUST-9645,Bengaluru,NETBANKING,0.0,2894.34,INR,COMPLETED
ORD-2026-1024,2026-04-01 15:00:19,CUST-7118,Hyderabad,CREDIT_CARD,45.15,6285.39,INR,COMPLETED
ORD-2026-1025,2026-04-01 15:15:21,CUST-4770,Bengaluru,CREDIT_CARD,0.0,805.0,INR,COMPLETED
ORD-2026-1026,2026-04-01 15:30:14,CUST-1514,Hyderabad,UPI,0.0,1477.3,INR,COMPLETED
ORD-2026-1027,2026-04-01 15:45:31,CUST-3167,Bengaluru,DEBIT_CARD,57.1,3606.43,INR,COMPLETED
ORD-2026-1028,2026-04-01 16:00:51,CUST-2545,Delhi,CREDIT_CARD,0.0,6402.37,INR,COMPLETED
ORD-2026-1029,2026-04-01 16:15:26,CUST-1887,Bengaluru,NETBANKING,0.0,7271.86,INR,COMPLETED
ORD-2026-1030,2026-04-01 16:30:03,CUST-6559,Delhi,UPI,0.0,6338.01,INR,COMPLETED
ORD-2026-1031,2026-04-01 16:45:08,CUST-5563,Hyderabad,NETBANKING,0.0,6617.28,INR,COMPLETED
ORD-2026-1032,2026-04-01 17:00:51,CUST-2604,Delhi,NETBANKING,0.0,12989.56,INR,COMPLETED
ORD-2026-1033,2026-04-01 17:15:05,CUST-4872,Delhi,UPI,0.0,13932.32,INR,COMPLETED
ORD-2026-1034,2026-04-01 17:30:57,CUST-7209,Delhi,CREDIT_CARD,26.52,1350.21,INR,COMPLETED
ORD-2026-1035,2026-04-01 17:45:18,CUST-8973,Delhi,NETBANKING,0.0,6633.61,INR,COMPLETED
ORD-2026-1036,2026-04-01 18:00:37,CUST-1998,Bengaluru,UPI,0.0,11168.19,INR,COMPLETED
ORD-2026-1037,2026-04-01 18:15:32,CUST-9701,Delhi,NETBANKING,0.0,13831.11,INR,COMPLETED
ORD-2026-1038,2026-04-01 18:30:54,CUST-2113,Bengaluru,UPI,40.38,3194.46,INR,COMPLETED
ORD-2026-1039,2026-04-01 18:45:38,CUST-2343,Hyderabad,CREDIT_CARD,0.0,1076.25,INR,COMPLETED
ORD-2026-1040,2026-04-01 19:00:13,CUST-6147,Delhi,DEBIT_CARD,0.0,10211.03,INR,COMPLETED
ORD-2026-1041,2026-04-01 19:15:20,CUST-2188,Delhi,DEBIT_CARD,0.0,13970.77,INR,COMPLETED
ORD-2026-1042,2026-04-01 19:30:04,CUST-9288,Hyderabad,UPI,0.0,8295.7,INR,COMPLETED
ORD-2026-1043,2026-04-01 19:45:56,CUST-5669,Delhi,UPI,0.0,4042.12,INR,COMPLETED
ORD-2026-1044,2026-04-01 20:00:51,CUST-1128,Bengaluru,DEBIT_CARD,29.94,9982.66,INR,COMPLETED
ORD-2026-1045,2026-04-01 20:15:56,CUST-2891,Delhi,UPI,0.0,2447.22,INR,COMPLETED
ORD-2026-1046,2026-04-01 20:30:38,CUST-6617,Delhi,DEBIT_CARD,0.0,3554.13,INR,COMPLETED
ORD-2026-1047,2026-04-01 20:45:16,CUST-1832,Delhi,NETBANKING,0.0,13627.38,INR,COMPLETED
ORD-2026-1048,2026-04-01 21:00:00,CUST-3143,Bengaluru,DEBIT_CARD,16.16,5336.57,INR,COMPLETED
ORD-2026-1049,2026-04-01 21:15:35,CUST-2232,Bengaluru,NETBANKING,54.56,640.21,INR,COMPLETED
ORD-2026-1050,2026-04-01 21:30:35,CUST-3088,Delhi,DEBIT_CARD,0.0,2647.36,INR,COMPLETED
ORD-2026-1051,2026-04-01 21:45:57,CUST-5088,Bengaluru,UPI,0.0,5688.23,INR,COMPLETED
ORD-2026-1052,2026-04-01 22:00:39,CUST-4878,Delhi,NETBANKING,81.08,11367.43,INR,COMPLETED
ORD-2026-1053,2026-04-01 22:15:11,CUST-6442,Hyderabad,UPI,86.41,11180.18,INR,COMPLETED
ORD-2026-1054,2026-04-01 22:30:10,CUST-2771,Hyderabad,CREDIT_CARD,85.86,11916.93,INR,COMPLETED
ORD-2026-1055,2026-04-01 22:45:22,CUST-4728,Delhi,CREDIT_CARD,0.0,4925.27,INR,COMPLETED
ORD-2026-1056,2026-04-01 23:00:21,CUST-2137,Hyderabad,NETBANKING,0.0,4539.74,INR,COMPLETED
ORD-2026-1057,2026-04-01 23:15:43,CUST-9785,Hyderabad,NETBANKING,11.53,14726.67,INR,COMPLETED
ORD-2026-1058,2026-04-01 23:30:16,CUST-8119,Hyderabad,CREDIT_CARD,0.0,1054.73,INR,COMPLETED
ORD-2026-1059,2026-04-01 23:45:38,CUST-2894,Hyderabad,NETBANKING,19.01,14771.42,INR,COMPLETED
ORD-2026-1060,2026-04-02 00:00:00,CUST-9821,Bengaluru,NETBANKING,0.0,8038.85,INR,COMPLETED
ORD-2026-1061,2026-04-02 00:15:27,CUST-6409,Bengaluru,CREDIT_CARD,0.0,1514.62,INR,COMPLETED
ORD-2026-1062,2026-04-02 00:30:19,CUST-6344,Hyderabad,DEBIT_CARD,0.0,10169.95,INR,COMPLETED
ORD-2026-1063,2026-04-02 00:45:26,CUST-7211,Bengaluru,CREDIT_CARD,0.0,10141.48,INR,COMPLETED
ORD-2026-1064,2026-04-02 01:00:35,CUST-5978,Hyderabad,DEBIT_CARD,0.0,12589.01,INR,COMPLETED
ORD-2026-1065,2026-04-02 01:15:28,CUST-4501,Bengaluru,DEBIT_CARD,0.0,6911.32,INR,COMPLETED
ORD-2026-1066,2026-04-02 01:30:05,CUST-6491,Delhi,CREDIT_CARD,75.11,4614.9,INR,COMPLETED
ORD-2026-1067,2026-04-02 01:45:51,CUST-1400,Delhi,DEBIT_CARD,0.0,3387.38,INR,COMPLETED
ORD-2026-1068,2026-04-02 02:00:29,CUST-4185,Bengaluru,UPI,0.0,6509.39,INR,COMPLETED
ORD-2026-1069,2026-04-02 02:15:15,CUST-1090,Delhi,NETBANKING,0.0,2639.78,INR,COMPLETED
ORD-2026-1070,2026-04-02 02:30:33,CUST-5082,Delhi,CREDIT_CARD,0.0,7235.97,INR,COMPLETED
ORD-2026-1071,2026-04-02 02:45:42,CUST-6198,Hyderabad,NETBANKING,0.0,8201.41,INR,COMPLETED
ORD-2026-1072,2026-04-02 03:00:53,CUST-8305,Delhi,NETBANKING,0.0,13649.39,INR,COMPLETED
ORD-2026-1073,2026-04-02 03:15:16,CUST-5543,Bengaluru,NETBANKING,0.0,11400.76,INR,COMPLETED
ORD-2026-1074,2026-04-02 03:30:04,CUST-4841,Hyderabad,DEBIT_CARD,0.0,10846.4,INR,COMPLETED
ORD-2026-1075,2026-04-02 03:45:08,CUST-7275,Bengaluru,UPI,0.0,2687.04,INR,COMPLETED
ORD-2026-1076,2026-04-02 04:00:26,CUST-9890,Hyderabad,UPI,0.0,6410.19,INR,COMPLETED
ORD-2026-1077,2026-04-02 04:15:24,CUST-1320,Bengaluru,NETBANKING,0.0,13620.16,INR,COMPLETED
ORD-2026-1078,2026-04-02 04:30:48,CUST-7865,Bengaluru,DEBIT_CARD,0.0,6154.81,INR,COMPLETED
ORD-2026-1079,2026-04-02 04:45:14,CUST-8956,Delhi,CREDIT_CARD,0.0,4457.56,INR,COMPLETED
ORD-2026-1080,2026-04-02 05:00:46,CUST-8657,Delhi,NETBANKING,53.41,2893.15,INR,COMPLETED
ORD-2026-1081,2026-04-02 05:15:05,CUST-3223,Hyderabad,UPI,0.0,9819.87,INR,COMPLETED
ORD-2026-1082,2026-04-02 05:30:20,CUST-6355,Hyderabad,NETBANKING,0.0,3569.07,INR,COMPLETED
ORD-2026-1083,2026-04-02 05:45:16,CUST-8705,Delhi,DEBIT_CARD,0.0,12606.21,INR,COMPLETED
ORD-2026-1084,2026-04-02 06:00:41,CUST-1659,Delhi,DEBIT_CARD,19.94,1494.97,INR,COMPLETED
ORD-2026-1085,2026-04-02 06:15:08,CUST-2874,Bengaluru,CREDIT_CARD,46.5,7366.64,INR,COMPLETED
ORD-2026-1086,2026-04-02 06:30:38,CUST-2876,Delhi,DEBIT_CARD,10.81,9305.09,INR,COMPLETED
ORD-2026-1087,2026-04-02 06:45:43,CUST-7149,Hyderabad,DEBIT_CARD,19.83,13666.38,INR,COMPLETED
ORD-2026-1088,2026-04-02 07:00:44,CUST-2983,Bengaluru,CREDIT_CARD,0.0,11700.97,INR,COMPLETED
ORD-2026-1089,2026-04-02 07:15:42,CUST-9289,Bengaluru,NETBANKING,0.0,5873.28,INR,COMPLETED
ORD-2026-1090,2026-04-02 07:30:06,CUST-6934,Bengaluru,NETBANKING,45.97,6786.09,INR,COMPLETED
ORD-2026-1091,2026-04-02 07:45:11,CUST-5425,Bengaluru,NETBANKING,53.82,11140.03,INR,COMPLETED
ORD-2026-1092,2026-04-02 08:00:27,CUST-5397,Hyderabad,NETBANKING,83.07,12473.15,INR,COMPLETED
ORD-2026-1093,2026-04-02 08:15:15,CUST-7209,Hyderabad,DEBIT_CARD,0.0,11381.91,INR,COMPLETED
ORD-2026-1094,2026-04-02 08:30:13,CUST-5232,Hyderabad,CREDIT_CARD,0.0,5644.96,INR,COMPLETED
ORD-2026-1095,2026-04-02 08:45:00,CUST-4130,Delhi,DEBIT_CARD,0.0,7991.1,INR,COMPLETED
ORD-2026-1096,2026-04-02 09:00:35,CUST-8800,Bengaluru,NETBANKING,0.0,11493.39,INR,COMPLETED
ORD-2026-1097,2026-04-02 09:15:05,CUST-7625,Bengaluru,UPI,0.0,4766.42,INR,COMPLETED
ORD-2026-1098,2026-04-02 09:30:35,CUST-7971,Bengaluru,DEBIT_CARD,0.0,8198.37,INR,COMPLETED
ORD-2026-1099,2026-04-02 09:45:17,CUST-4777,Delhi,NETBANKING,0.0,4946.03,INR,COMPLETED
ORD-2026-1100,2026-04-02 10:00:47,CUST-4033,Delhi,UPI,0.0,8270.03,INR,COMPLETED
ORD-2026-1101,2026-04-02 10:15:37,CUST-9595,Bengaluru,DEBIT_CARD,0.0,14660.8,INR,COMPLETED
ORD-2026-1102,2026-04-02 10:30:14,CUST-5952,Delhi,CREDIT_CARD,0.0,5732.78,INR,COMPLETED
ORD-2026-1103,2026-04-02 10:45:03,CUST-3068,Bengaluru,DEBIT_CARD,49.09,8523.71,INR,COMPLETED
ORD-2026-1104,2026-04-02 11:00:30,CUST-4020,Delhi,DEBIT_CARD,0.0,6886.8,INR,COMPLETED
ORD-2026-1105,2026-04-02 11:15:52,CUST-9056,Delhi,UPI,0.0,1447.48,INR,COMPLETED
ORD-2026-1106,2026-04-02 11:30:09,CUST-5978,Delhi,UPI,11.85,2663.36,INR,COMPLETED
ORD-2026-1107,2026-04-02 11:45:38,CUST-4697,Bengaluru,NETBANKING,0.0,9143.84,INR,COMPLETED
ORD-2026-1108,2026-04-02 12:00:27,CUST-1986,Bengaluru,DEBIT_CARD,9.92,4928.01,INR,COMPLETED
ORD-2026-1109,2026-04-02 12:15:13,CUST-2330,Delhi,CREDIT_CARD,0.0,4337.37,INR,COMPLETED
ORD-2026-1110,2026-04-02 12:30:10,CUST-8381,Bengaluru,UPI,0.0,538.8,INR,COMPLETED
ORD-2026-1111,2026-04-02 12:45:14,CUST-5632,Bengaluru,UPI,7.12,4677.52,INR,COMPLETED
ORD-2026-1112,2026-04-02 13:00:37,CUST-4241,Hyderabad,DEBIT_CARD,0.0,10087.15,INR,COMPLETED
ORD-2026-1113,2026-04-02 13:15:52,CUST-1977,Delhi,CREDIT_CARD,0.0,2562.43,INR,COMPLETED
ORD-2026-1114,2026-04-02 13:30:07,CUST-5982,Bengaluru,DEBIT_CARD,0.0,7296.12,INR,COMPLETED
ORD-2026-1115,2026-04-02 13:45:28,CUST-1653,Hyderabad,NETBANKING,0.0,1666.41,INR,COMPLETED
ORD-2026-1116,2026-04-02 14:00:05,CUST-1339,Bengaluru,DEBIT_CARD,57.62,3819.4,INR,COMPLETED
ORD-2026-1117,2026-04-02 14:15:33,CUST-5557,Delhi,CREDIT_CARD,43.59,9946.89,INR,COMPLETED
ORD-2026-1118,2026-04-02 14:30:05,CUST-7690,Hyderabad,NETBANKING,0.0,7315.15,INR,COMPLETED
ORD-2026-1119,2026-04-02 14:45:26,CUST-5722,Bengaluru,CREDIT_CARD,81.36,10558.27,INR,COMPLETED
ORD-2026-1120,2026-04-02 15:00:29,CUST-5135,Hyderabad,UPI,0.0,1776.87,INR,COMPLETED
ORD-2026-1121,2026-04-02 15:15:55,CUST-1018,Bengaluru,NETBANKING,46.2,7961.65,INR,COMPLETED
ORD-2026-1122,2026-04-02 15:30:23,CUST-9167,Bengaluru,CREDIT_CARD,0.0,9528.19,INR,COMPLETED
ORD-2026-1123,2026-04-02 15:45:35,CUST-5719,Hyderabad,CREDIT_CARD,48.47,2399.69,INR,COMPLETED
ORD-2026-1124,2026-04-02 16:00:10,CUST-1224,Bengaluru,CREDIT_CARD,0.0,5005.88,INR,COMPLETED
ORD-2026-1125,2026-04-02 16:15:29,CUST-3522,Hyderabad,UPI,29.19,14232.38,INR,COMPLETED
ORD-2026-1126,2026-04-02 16:30:53,CUST-8736,Delhi,DEBIT_CARD,0.0,7496.24,INR,COMPLETED
ORD-2026-1127,2026-04-02 16:45:12,CUST-9327,Bengaluru,NETBANKING,86.4,13867.09,INR,COMPLETED
ORD-2026-1128,2026-04-02 17:00:21,CUST-9318,Hyderabad,NETBANKING,28.28,14046.6,INR,COMPLETED
ORD-2026-1129,2026-04-02 17:15:55,CUST-9824,Hyderabad,NETBANKING,0.0,2654.63,INR,COMPLETED
ORD-2026-1130,2026-04-02 17:30:29,CUST-4090,Bengaluru,NETBANKING,0.0,14026.36,INR,COMPLETED
ORD-2026-1131,2026-04-02 17:45:02,CUST-8749,Bengaluru,CREDIT_CARD,38.12,5113.56,INR,COMPLETED
ORD-2026-1132,2026-04-02 18:00:02,CUST-6439,Delhi,CREDIT_CARD,44.03,2330.57,INR,COMPLETED
ORD-2026-1133,2026-04-02 18:15:00,CUST-7717,Bengaluru,NETBANKING,7.48,10975.44,INR,COMPLETED
ORD-2026-1134,2026-04-02 18:30:39,CUST-2315,Hyderabad,DEBIT_CARD,85.93,10544.22,INR,COMPLETED
ORD-2026-1135,2026-04-02 18:45:45,CUST-8994,Bengaluru,DEBIT_CARD,0.0,13367.86,INR,COMPLETED
ORD-2026-1136,2026-04-02 19:00:43,CUST-4727,Bengaluru,CREDIT_CARD,0.0,13853.47,INR,COMPLETED
ORD-2026-1137,2026-04-02 19:15:28,CUST-5906,Delhi,UPI,0.0,2912.29,INR,COMPLETED
ORD-2026-1138,2026-04-02 19:30:18,CUST-8056,Delhi,UPI,0.0,5697.72,INR,COMPLETED
ORD-2026-1139,2026-04-02 19:45:11,CUST-7267,Bengaluru,CREDIT_CARD,0.0,1645.04,INR,COMPLETED
ORD-2026-1140,2026-04-02 20:00:29,CUST-8529,Hyderabad,CREDIT_CARD,0.0,9749.62,INR,COMPLETED
ORD-2026-1141,2026-04-02 20:15:57,CUST-9955,Delhi,NETBANKING,0.0,4670.66,INR,COMPLETED
ORD-2026-1142,2026-04-02 20:30:27,CUST-8484,Hyderabad,DEBIT_CARD,0.0,10509.55,INR,COMPLETED
ORD-2026-1143,2026-04-02 20:45:06,CUST-6881,Bengaluru,NETBANKING,0.0,3939.48,INR,COMPLETED
ORD-2026-1144,2026-04-02 21:00:53,CUST-5497,Delhi,DEBIT_CARD,0.0,10044.33,INR,COMPLETED
ORD-2026-1145,2026-04-02 21:15:58,CUST-9138,Hyderabad,UPI,0.0,9292.89,INR,COMPLETED
ORD-2026-1146,2026-04-02 21:30:40,CUST-5106,Bengaluru,DEBIT_CARD,0.0,3256.91,INR,COMPLETED
ORD-2026-1147,2026-04-02 21:45:06,CUST-1645,Hyderabad,CREDIT_CARD,0.0,13599.35,INR,COMPLETED
ORD-2026-1148,2026-04-02 22:00:08,CUST-5835,Hyderabad,DEBIT_CARD,0.0,1806.93,INR,COMPLETED
ORD-2026-1149,2026-04-02 22:15:50,CUST-6994,Bengaluru,CREDIT_CARD,0.0,8321.41,INR,COMPLETED
ORD-2026-1150,2026-04-02 22:30:58,CUST-8894,Hyderabad,CREDIT_CARD,0.0,12458.0,INR,COMPLETED
ORD-2026-1151,2026-04-02 22:45:29,CUST-3306,Delhi,UPI,72.42,14461.95,INR,COMPLETED
ORD-2026-1152,2026-04-02 23:00:50,CUST-5332,Bengaluru,DEBIT_CARD,0.0,6221.33,INR,COMPLETED
ORD-2026-1153,2026-04-02 23:15:24,CUST-7086,Delhi,DEBIT_CARD,0.0,12425.05,INR,COMPLETED
ORD-2026-1154,2026-04-02 23:30:39,CUST-6374,Bengaluru,UPI,0.0,13321.41,INR,COMPLETED
ORD-2026-1155,2026-04-02 23:45:58,CUST-7689,Delhi,NETBANKING,0.0,10665.62,INR,COMPLETED
ORD-2026-1156,2026-04-03 00:00:07,CUST-9807,Delhi,DEBIT_CARD,0.0,1909.28,INR,COMPLETED
ORD-2026-1157,2026-04-03 00:15:37,CUST-3531,Hyderabad,NETBANKING,0.0,11262.9,INR,COMPLETED
ORD-2026-1158,2026-04-03 00:30:39,CUST-5583,Delhi,NETBANKING,0.0,6417.68,INR,COMPLETED
ORD-2026-1159,2026-04-03 00:45:28,CUST-6942,Delhi,NETBANKING,36.73,14283.05,INR,COMPLETED
ORD-2026-1160,2026-04-03 01:00:25,CUST-3001,Hyderabad,DEBIT_CARD,0.0,4500.28,INR,COMPLETED
ORD-2026-1161,2026-04-03 01:15:03,CUST-4990,Delhi,UPI,0.0,11908.52,INR,COMPLETED
ORD-2026-1162,2026-04-03 01:30:53,CUST-4394,Bengaluru,UPI,0.0,11594.78,INR,COMPLETED
ORD-2026-1163,2026-04-03 01:45:50,CUST-1046,Hyderabad,DEBIT_CARD,14.47,13557.7,INR,COMPLETED
ORD-2026-1164,2026-04-03 02:00:07,CUST-1422,Delhi,DEBIT_CARD,0.0,10085.34,INR,COMPLETED
ORD-2026-1165,2026-04-03 02:15:20,CUST-5347,Delhi,CREDIT_CARD,0.0,728.83,INR,COMPLETED
ORD-2026-1166,2026-04-03 02:30:47,CUST-8344,Hyderabad,UPI,0.0,1421.59,INR,COMPLETED
ORD-2026-1167,2026-04-03 02:45:32,CUST-1710,Bengaluru,NETBANKING,0.0,3712.47,INR,COMPLETED
ORD-2026-1168,2026-04-03 03:00:41,CUST-1996,Hyderabad,DEBIT_CARD,42.63,14478.38,INR,COMPLETED
ORD-2026-1169,2026-04-03 03:15:45,CUST-2204,Delhi,NETBANKING,0.0,13690.66,INR,COMPLETED
ORD-2026-1170,2026-04-03 03:30:08,CUST-9984,Bengaluru,UPI,0.0,4487.73,INR,COMPLETED
ORD-2026-1171,2026-04-03 03:45:32,CUST-2624,Bengaluru,DEBIT_CARD,0.0,9278.69,INR,COMPLETED
ORD-2026-1172,2026-04-03 04:00:28,CUST-7779,Hyderabad,CREDIT_CARD,39.87,13377.32,INR,COMPLETED
ORD-2026-1173,2026-04-03 04:15:20,CUST-5176,Hyderabad,UPI,68.68,6688.08,INR,COMPLETED
ORD-2026-1174,2026-04-03 04:30:05,CUST-2527,Hyderabad,UPI,0.0,12560.69,INR,COMPLETED
ORD-2026-1175,2026-04-03 04:45:35,CUST-6400,Bengaluru,DEBIT_CARD,0.0,1369.72,INR,COMPLETED
ORD-2026-1176,2026-04-03 05:00:55,CUST-1842,Hyderabad,NETBANKING,0.0,13779.73,INR,COMPLETED
ORD-2026-1177,2026-04-03 05:15:36,CUST-3535,Bengaluru,UPI,0.0,7857.48,INR,COMPLETED
ORD-2026-1178,2026-04-03 05:30:23,CUST-5564,Bengaluru,DEBIT_CARD,0.0,2165.84,INR,COMPLETED
ORD-2026-1179,2026-04-03 05:45:38,CUST-5381,Delhi,UPI,0.0,13971.72,INR,COMPLETED
ORD-2026-1180,2026-04-03 06:00:22,CUST-3347,Bengaluru,DEBIT_CARD,0.0,588.53,INR,COMPLETED
ORD-2026-1181,2026-04-03 06:15:40,CUST-2503,Bengaluru,CREDIT_CARD,0.0,14591.25,INR,COMPLETED
ORD-2026-1182,2026-04-03 06:30:29,CUST-7062,Hyderabad,NETBANKING,0.0,5442.99,INR,COMPLETED
ORD-2026-1183,2026-04-03 06:45:56,CUST-3579,Bengaluru,UPI,0.0,1262.83,INR,COMPLETED
ORD-2026-1184,2026-04-03 07:00:42,CUST-8242,Hyderabad,DEBIT_CARD,0.0,6648.21,INR,COMPLETED
ORD-2026-1185,2026-04-03 07:15:22,CUST-5640,Bengaluru,UPI,0.0,6733.75,INR,COMPLETED
ORD-2026-1186,2026-04-03 07:30:14,CUST-1897,Delhi,DEBIT_CARD,0.0,6231.32,INR,COMPLETED
ORD-2026-1187,2026-04-03 07:45:18,CUST-1126,Hyderabad,CREDIT_CARD,0.0,5257.77,INR,COMPLETED
ORD-2026-1188,2026-04-03 08:00:34,CUST-9196,Bengaluru,CREDIT_CARD,80.62,10703.23,INR,COMPLETED
ORD-2026-1189,2026-04-03 08:15:55,CUST-8147,Delhi,NETBANKING,0.0,11259.6,INR,COMPLETED
ORD-2026-1190,2026-04-03 08:30:27,CUST-7843,Hyderabad,DEBIT_CARD,0.0,8814.3,INR,COMPLETED
ORD-2026-1191,2026-04-03 08:45:51,CUST-8538,Bengaluru,DEBIT_CARD,8.81,14240.41,INR,COMPLETED
ORD-2026-1192,2026-04-03 09:00:37,CUST-2288,Hyderabad,CREDIT_CARD,74.58,6306.52,INR,COMPLETED
ORD-2026-1193,2026-04-03 09:15:04,CUST-2868,Bengaluru,DEBIT_CARD,0.0,7902.01,INR,COMPLETED
ORD-2026-1194,2026-04-03 09:30:46,CUST-3419,Delhi,DEBIT_CARD,0.0,14394.24,INR,COMPLETED
ORD-2026-1195,2026-04-03 09:45:38,CUST-2234,Delhi,CREDIT_CARD,62.79,2716.61,INR,COMPLETED
ORD-2026-1196,2026-04-03 10:00:43,CUST-6295,Bengaluru,NETBANKING,0.0,13900.24,INR,COMPLETED
ORD-2026-1197,2026-04-03 10:15:30,CUST-5961,Hyderabad,UPI,0.0,6912.02,INR,COMPLETED
ORD-2026-1198,2026-04-03 10:30:19,CUST-1616,Delhi,UPI,0.0,7195.27,INR,COMPLETED
ORD-2026-1199,2026-04-03 10:45:41,CUST-2479,Bengaluru,UPI,0.0,13031.63,INR,COMPLETED
ORD-2026-1200,2026-04-03 11:00:37,CUST-1672,Hyderabad,NETBANKING,57.17,8537.59,INR,COMPLETED
ORD-2026-1201,2026-04-03 11:15:30,CUST-2013,Hyderabad,DEBIT_CARD,0.0,7769.83,INR,COMPLETED
ORD-2026-1202,2026-04-03 11:30:05,CUST-3827,Delhi,DEBIT_CARD,0.0,7815.96,INR,COMPLETED
ORD-2026-1203,2026-04-03 11:45:33,CUST-3600,Hyderabad,NETBANKING,0.0,8079.85,INR,COMPLETED
ORD-2026-1204,2026-04-03 12:00:26,CUST-1857,Bengaluru,NETBANKING,0.0,11729.74,INR,COMPLETED
ORD-2026-1205,2026-04-03 12:15:35,CUST-5655,Hyderabad,DEBIT_CARD,0.0,10336.5,INR,COMPLETED
ORD-2026-1206,2026-04-03 12:30:05,CUST-3317,Hyderabad,CREDIT_CARD,0.0,8949.72,INR,COMPLETED
ORD-2026-1207,2026-04-03 12:45:08,CUST-2388,Hyderabad,NETBANKING,0.0,9128.1,INR,COMPLETED
ORD-2026-1208,2026-04-03 13:00:42,CUST-9624,Delhi,DEBIT_CARD,0.0,10691.05,INR,COMPLETED
ORD-2026-1209,2026-04-03 13:15:23,CUST-4509,Hyderabad,DEBIT_CARD,48.63,4978.56,INR,COMPLETED
ORD-2026-1210,2026-04-03 13:30:04,CUST-2657,Bengaluru,CREDIT_CARD,0.0,4788.99,INR,COMPLETED
ORD-2026-1211,2026-04-03 13:45:42,CUST-3147,Bengaluru,UPI,0.0,5383.08,INR,COMPLETED
ORD-2026-1212,2026-04-03 14:00:49,CUST-3712,Bengaluru,CREDIT_CARD,0.0,9558.74,INR,COMPLETED
ORD-2026-1213,2026-04-03 14:15:46,CUST-8277,Bengaluru,DEBIT_CARD,0.0,3944.19,INR,COMPLETED
ORD-2026-1214,2026-04-03 14:30:14,CUST-6070,Hyderabad,NETBANKING,19.4,8243.16,INR,COMPLETED
ORD-2026-1215,2026-04-03 14:45:29,CUST-7256,Bengaluru,NETBANKING,0.0,11656.86,INR,COMPLETED
ORD-2026-1216,2026-04-03 15:00:08,CUST-1854,Bengaluru,CREDIT_CARD,0.0,13158.53,INR,COMPLETED
ORD-2026-1217,2026-04-03 15:15:45,CUST-3042,Hyderabad,UPI,0.0,12765.44,INR,COMPLETED
ORD-2026-1218,2026-04-03 15:30:57,CUST-8167,Delhi,DEBIT_CARD,22.2,7943.61,INR,COMPLETED
ORD-2026-1219,2026-04-03 15:45:26,CUST-9224,Hyderabad,DEBIT_CARD,0.0,1272.22,INR,COMPLETED
ORD-2026-1220,2026-04-03 16:00:01,CUST-2623,Bengaluru,DEBIT_CARD,0.0,5120.93,INR,COMPLETED
ORD-2026-1221,2026-04-03 16:15:02,CUST-8740,Bengaluru,CREDIT_CARD,75.88,4659.75,INR,COMPLETED
ORD-2026-1222,2026-04-03 16:30:39,CUST-2298,Delhi,NETBANKING,0.0,576.14,INR,COMPLETED
ORD-2026-1223,2026-04-03 16:45:46,CUST-7934,Delhi,CREDIT_CARD,0.0,9328.76,INR,COMPLETED
ORD-2026-1224,2026-04-03 17:00:03,CUST-8489,Delhi,DEBIT_CARD,0.0,3957.37,INR,COMPLETED
ORD-2026-1225,2026-04-03 17:15:40,CUST-4963,Bengaluru,UPI,0.0,7972.95,INR,COMPLETED
ORD-2026-1226,2026-04-03 17:30:39,CUST-7825,Delhi,UPI,0.0,5615.83,INR,COMPLETED
ORD-2026-1227,2026-04-03 17:45:33,CUST-9316,Bengaluru,DEBIT_CARD,0.0,8389.19,INR,COMPLETED
ORD-2026-1228,2026-04-03 18:00:40,CUST-7116,Hyderabad,UPI,0.0,6109.78,INR,COMPLETED
ORD-2026-1229,2026-04-03 18:15:22,CUST-2698,Bengaluru,UPI,0.0,3996.33,INR,COMPLETED
ORD-2026-1230,2026-04-03 18:30:22,CUST-3868,Bengaluru,CREDIT_CARD,0.0,8417.2,INR,COMPLETED
ORD-2026-1231,2026-04-03 18:45:40,CUST-3209,Delhi,NETBANKING,0.0,3143.03,INR,COMPLETED
ORD-2026-1232,2026-04-03 19:00:18,CUST-4268,Delhi,UPI,0.0,3423.07,INR,COMPLETED
ORD-2026-1233,2026-04-03 19:15:52,CUST-5150,Delhi,NETBANKING,0.0,8373.95,INR,COMPLETED
ORD-2026-1234,2026-04-03 19:30:55,CUST-6438,Hyderabad,DEBIT_CARD,0.0,11822.2,INR,COMPLETED
ORD-2026-1235,2026-04-03 19:45:56,CUST-8204,Hyderabad,NETBANKING,0.0,6300.32,INR,COMPLETED
ORD-2026-1236,2026-04-03 20:00:44,CUST-9507,Hyderabad,NETBANKING,72.71,7714.09,INR,COMPLETED
ORD-2026-1237,2026-04-03 20:15:38,CUST-3956,Bengaluru,NETBANKING,0.0,14928.92,INR,COMPLETED
ORD-2026-1238,2026-04-03 20:30:20,CUST-6021,Hyderabad,UPI,0.0,10083.33,INR,COMPLETED
ORD-2026-1239,2026-04-03 20:45:28,CUST-1693,Bengaluru,CREDIT_CARD,35.26,5597.43,INR,COMPLETED
ORD-2026-1240,2026-04-03 21:00:50,CUST-2229,Bengaluru,DEBIT_CARD,0.0,14244.61,INR,COMPLETED
ORD-2026-1241,2026-04-03 21:15:09,CUST-8179,Delhi,CREDIT_CARD,0.0,12805.7,INR,COMPLETED
ORD-2026-1242,2026-04-03 21:30:24,CUST-1530,Bengaluru,DEBIT_CARD,0.0,14267.27,INR,COMPLETED
ORD-2026-1243,2026-04-03 21:45:28,CUST-3255,Bengaluru,DEBIT_CARD,0.0,11564.72,INR,COMPLETED
ORD-2026-1244,2026-04-03 22:00:07,CUST-4048,Hyderabad,DEBIT_CARD,0.0,875.74,INR,COMPLETED
ORD-2026-1245,2026-04-03 22:15:16,CUST-8311,Delhi,UPI,28.56,11736.99,INR,COMPLETED
ORD-2026-1246,2026-04-03 22:30:08,CUST-8406,Delhi,CREDIT_CARD,44.51,12865.98,INR,COMPLETED
ORD-2026-1247,2026-04-03 22:45:22,CUST-9882,Hyderabad,DEBIT_CARD,85.14,10788.34,INR,COMPLETED
ORD-2026-1248,2026-04-03 23:00:32,CUST-4292,Delhi,CREDIT_CARD,0.0,3751.5,INR,COMPLETED
ORD-2026-1249,2026-04-03 23:15:23,CUST-7044,Hyderabad,UPI,55.16,8533.31,INR,COMPLETED
ORD-2026-1250,2026-04-03 23:30:04,CUST-8842,Bengaluru,UPI,0.0,4984.72,INR,COMPLETED
ORD-2026-1251,2026-04-03 23:45:08,CUST-2215,Hyderabad,UPI,0.0,14599.51,INR,COMPLETED
ORD-2026-1252,2026-04-04 00:00:56,CUST-3981,Delhi,DEBIT_CARD,0.0,12521.28,INR,COMPLETED
ORD-2026-1253,2026-04-04 00:15:33,CUST-3697,Delhi,UPI,0.0,2718.72,INR,COMPLETED
ORD-2026-1254,2026-04-04 00:30:33,CUST-2292,Hyderabad,CREDIT_CARD,0.0,13476.43,INR,COMPLETED
ORD-2026-1255,2026-04-04 00:45:40,CUST-9740,Delhi,DEBIT_CARD,0.0,4890.96,INR,COMPLETED
ORD-2026-1256,2026-04-04 01:00:42,CUST-6531,Bengaluru,CREDIT_CARD,0.0,9554.95,INR,COMPLETED
ORD-2026-1257,2026-04-04 01:15:02,CUST-5336,Bengaluru,UPI,0.0,14253.93,INR,COMPLETED
ORD-2026-1258,2026-04-04 01:30:39,CUST-9159,Bengaluru,NETBANKING,0.0,9765.37,INR,COMPLETED
ORD-2026-1259,2026-04-04 01:45:15,CUST-7653,Hyderabad,DEBIT_CARD,0.0,12167.98,INR,COMPLETED
ORD-2026-1260,2026-04-04 02:00:10,CUST-8933,Hyderabad,UPI,0.0,6874.28,INR,COMPLETED
ORD-2026-1261,2026-04-04 02:15:55,CUST-6658,Hyderabad,CREDIT_CARD,0.0,10916.26,INR,COMPLETED
ORD-2026-1262,2026-04-04 02:30:20,CUST-3007,Hyderabad,UPI,0.0,4005.2,INR,COMPLETED
ORD-2026-1263,2026-04-04 02:45:03,CUST-7293,Bengaluru,UPI,0.0,4708.07,INR,COMPLETED
ORD-2026-1264,2026-04-04 03:00:46,CUST-3610,Hyderabad,DEBIT_CARD,46.68,5034.37,INR,COMPLETED
ORD-2026-1265,2026-04-04 03:15:01,CUST-7442,Bengaluru,NETBANKING,0.0,1805.71,INR,COMPLETED
ORD-2026-1266,2026-04-04 03:30:22,CUST-5609,Hyderabad,CREDIT_CARD,0.0,1205.54,INR,COMPLETED
ORD-2026-1267,2026-04-04 03:45:18,CUST-2761,Hyderabad,NETBANKING,0.0,8282.02,INR,COMPLETED
ORD-2026-1268,2026-04-04 04:00:23,CUST-1838,Bengaluru,DEBIT_CARD,0.0,1156.01,INR,COMPLETED
ORD-2026-1269,2026-04-04 04:15:24,CUST-5582,Bengaluru,DEBIT_CARD,0.0,7811.71,INR,COMPLETED
ORD-2026-1270,2026-04-04 04:30:25,CUST-6555,Bengaluru,CREDIT_CARD,75.5,5911.38,INR,COMPLETED
ORD-2026-1271,2026-04-04 04:45:32,CUST-1637,Delhi,NETBANKING,0.0,1083.7,INR,COMPLETED
ORD-2026-1272,2026-04-04 05:00:33,CUST-9446,Delhi,NETBANKING,0.0,7126.33,INR,COMPLETED
ORD-2026-1273,2026-04-04 05:15:25,CUST-5902,Bengaluru,DEBIT_CARD,0.0,14863.93,INR,COMPLETED
ORD-2026-1274,2026-04-04 05:30:45,CUST-8780,Delhi,NETBANKING,0.0,8662.4,INR,COMPLETED
ORD-2026-1275,2026-04-04 05:45:26,CUST-1436,Bengaluru,UPI,0.0,8963.68,INR,COMPLETED
ORD-2026-1276,2026-04-04 06:00:03,CUST-3793,Bengaluru,CREDIT_CARD,0.0,8961.09,INR,COMPLETED
ORD-2026-1277,2026-04-04 06:15:09,CUST-4968,Delhi,NETBANKING,0.0,12414.09,INR,COMPLETED
ORD-2026-1278,2026-04-04 06:30:12,CUST-6139,Hyderabad,UPI,0.0,774.59,INR,COMPLETED
ORD-2026-1279,2026-04-04 06:45:32,CUST-8726,Bengaluru,CREDIT_CARD,0.0,11737.1,INR,COMPLETED
ORD-2026-1280,2026-04-04 07:00:13,CUST-8837,Bengaluru,CREDIT_CARD,0.0,8632.86,INR,COMPLETED
ORD-2026-1281,2026-04-04 07:15:58,CUST-9950,Hyderabad,NETBANKING,0.0,8230.34,INR,COMPLETED
ORD-2026-1282,2026-04-04 07:30:30,CUST-5038,Hyderabad,DEBIT_CARD,0.0,3287.83,INR,COMPLETED
ORD-2026-1283,2026-04-04 07:45:45,CUST-9011,Hyderabad,DEBIT_CARD,0.0,3505.53,INR,COMPLETED
ORD-2026-1284,2026-04-04 08:00:07,CUST-9899,Hyderabad,DEBIT_CARD,39.45,8815.41,INR,COMPLETED
ORD-2026-1285,2026-04-04 08:15:02,CUST-2294,Hyderabad,CREDIT_CARD,65.6,4670.64,INR,COMPLETED
ORD-2026-1286,2026-04-04 08:30:13,CUST-9824,Hyderabad,NETBANKING,69.62,3429.99,INR,COMPLETED
ORD-2026-1287,2026-04-04 08:45:39,CUST-4920,Delhi,UPI,0.0,11242.92,INR,COMPLETED
ORD-2026-1288,2026-04-04 09:00:14,CUST-7771,Hyderabad,CREDIT_CARD,0.0,1261.12,INR,COMPLETED
ORD-2026-1289,2026-04-04 09:15:35,CUST-3587,Hyderabad,CREDIT_CARD,0.0,14679.71,INR,COMPLETED
ORD-2026-1290,2026-04-04 09:30:41,CUST-5706,Hyderabad,NETBANKING,0.0,3392.11,INR,COMPLETED
ORD-2026-1291,2026-04-04 09:45:41,CUST-9767,Bengaluru,UPI,0.0,8824.93,INR,COMPLETED
ORD-2026-1292,2026-04-04 10:00:56,CUST-1595,Hyderabad,CREDIT_CARD,0.0,12645.27,INR,COMPLETED
ORD-2026-1293,2026-04-04 10:15:00,CUST-2758,Hyderabad,DEBIT_CARD,0.0,4826.69,INR,COMPLETED
ORD-2026-1294,2026-04-04 10:30:56,CUST-9261,Hyderabad,NETBANKING,0.0,14109.13,INR,COMPLETED
ORD-2026-1295,2026-04-04 10:45:21,CUST-8518,Bengaluru,UPI,0.0,2856.17,INR,COMPLETED
ORD-2026-1296,2026-04-04 11:00:47,CUST-5833,Bengaluru,UPI,0.0,5388.13,INR,COMPLETED
ORD-2026-1297,2026-04-04 11:15:54,CUST-7643,Hyderabad,CREDIT_CARD,0.0,9761.52,INR,COMPLETED
ORD-2026-1298,2026-04-04 11:30:42,CUST-3303,Hyderabad,NETBANKING,0.0,1883.08,INR,COMPLETED
ORD-2026-1299,2026-04-04 11:45:16,CUST-8319,Hyderabad,UPI,30.19,6061.83,INR,COMPLETED
ORD-2026-1300,2026-04-04 12:00:16,CUST-4871,Delhi,UPI,0.0,9978.41,INR,COMPLETED
ORD-2026-1301,2026-04-04 12:15:25,CUST-6095,Bengaluru,DEBIT_CARD,0.0,10448.07,INR,COMPLETED
ORD-2026-1302,2026-04-04 12:30:14,CUST-3188,Hyderabad,DEBIT_CARD,0.0,3677.36,INR,COMPLETED
ORD-2026-1303,2026-04-04 12:45:44,CUST-8714,Bengaluru,DEBIT_CARD,82.56,8463.9,INR,COMPLETED
ORD-2026-1304,2026-04-04 13:00:48,CUST-2341,Bengaluru,CREDIT_CARD,0.0,9139.31,INR,COMPLETED
ORD-2026-1305,2026-04-04 13:15:58,CUST-2011,Bengaluru,DEBIT_CARD,20.22,8680.45,INR,COMPLETED
ORD-2026-1306,2026-04-04 13:30:20,CUST-8239,Delhi,CREDIT_CARD,0.0,12890.05,INR,COMPLETED
ORD-2026-1307,2026-04-04 13:45:05,CUST-8298,Delhi,NETBANKING,0.0,13533.9,INR,COMPLETED
ORD-2026-1308,2026-04-04 14:00:29,CUST-8575,Bengaluru,NETBANKING,72.33,8676.71,INR,COMPLETED
ORD-2026-1309,2026-04-04 14:15:47,CUST-2196,Delhi,DEBIT_CARD,0.0,3659.57,INR,COMPLETED
ORD-2026-1310,2026-04-04 14:30:34,CUST-2130,Hyderabad,UPI,0.0,14914.79,INR,COMPLETED
ORD-2026-1311,2026-04-04 14:45:49,CUST-7887,Hyderabad,CREDIT_CARD,38.25,9802.11,INR,COMPLETED
ORD-2026-1312,2026-04-04 15:00:05,CUST-9835,Delhi,NETBANKING,0.0,10399.59,INR,COMPLETED
ORD-2026-1313,2026-04-04 15:15:11,CUST-7439,Bengaluru,UPI,0.0,14896.28,INR,COMPLETED
ORD-2026-1314,2026-04-04 15:30:48,CUST-5888,Hyderabad,UPI,0.0,829.66,INR,COMPLETED
ORD-2026-1315,2026-04-04 15:45:34,CUST-4762,Delhi,NETBANKING,0.0,5999.51,INR,COMPLETED
ORD-2026-1316,2026-04-04 16:00:59,CUST-2848,Delhi,DEBIT_CARD,41.92,13190.52,INR,COMPLETED
ORD-2026-1317,2026-04-04 16:15:15,CUST-2653,Bengaluru,UPI,0.0,3488.18,INR,COMPLETED
ORD-2026-1318,2026-04-04 16:30:15,CUST-7590,Hyderabad,UPI,0.0,11237.85,INR,COMPLETED
ORD-2026-1319,2026-04-04 16:45:08,CUST-5739,Delhi,UPI,73.15,7806.49,INR,COMPLETED
ORD-2026-1320,2026-04-04 17:00:19,CUST-9540,Delhi,DEBIT_CARD,0.0,13205.75,INR,COMPLETED
ORD-2026-1321,2026-04-04 17:15:35,CUST-3869,Bengaluru,UPI,0.0,14253.54,INR,COMPLETED
ORD-2026-1322,2026-04-04 17:30:03,CUST-7244,Bengaluru,NETBANKING,0.0,14598.21,INR,COMPLETED
ORD-2026-1323,2026-04-04 17:45:09,CUST-4012,Bengaluru,NETBANKING,0.0,4848.38,INR,COMPLETED
ORD-2026-1324,2026-04-04 18:00:09,CUST-1944,Bengaluru,DEBIT_CARD,0.0,12183.75,INR,COMPLETED
ORD-2026-1325,2026-04-04 18:15:15,CUST-6411,Bengaluru,CREDIT_CARD,0.0,4197.44,INR,COMPLETED
ORD-2026-1326,2026-04-04 18:30:34,CUST-4120,Delhi,DEBIT_CARD,0.0,11006.48,INR,COMPLETED
ORD-2026-1327,2026-04-04 18:45:55,CUST-4555,Hyderabad,UPI,0.0,1555.37,INR,COMPLETED
ORD-2026-1328,2026-04-04 19:00:13,CUST-2922,Bengaluru,DEBIT_CARD,47.89,14088.82,INR,COMPLETED
ORD-2026-1329,2026-04-04 19:15:58,CUST-6269,Hyderabad,CREDIT_CARD,0.0,3970.3,INR,COMPLETED
ORD-2026-1330,2026-04-04 19:30:16,CUST-9147,Hyderabad,DEBIT_CARD,0.0,5714.85,INR,COMPLETED
ORD-2026-1331,2026-04-04 19:45:48,CUST-4328,Hyderabad,NETBANKING,0.0,12676.1,INR,COMPLETED
ORD-2026-1332,2026-04-04 20:00:09,CUST-7841,Hyderabad,CREDIT_CARD,0.0,735.19,INR,COMPLETED
ORD-2026-1333,2026-04-04 20:15:36,CUST-9180,Bengaluru,CREDIT_CARD,0.0,12583.76,INR,COMPLETED
ORD-2026-1334,2026-04-04 20:30:48,CUST-9037,Hyderabad,DEBIT_CARD,0.0,12413.08,INR,COMPLETED
ORD-2026-1335,2026-04-04 20:45:08,CUST-9000,Delhi,DEBIT_CARD,54.21,10944.55,INR,COMPLETED
ORD-2026-1336,2026-04-04 21:00:33,CUST-2217,Bengaluru,UPI,0.0,990.44,INR,COMPLETED
ORD-2026-1337,2026-04-04 21:15:08,CUST-4791,Delhi,NETBANKING,0.0,12716.9,INR,COMPLETED
ORD-2026-1338,2026-04-04 21:30:29,CUST-8916,Bengaluru,CREDIT_CARD,0.0,5911.41,INR,COMPLETED
ORD-2026-1339,2026-04-04 21:45:00,CUST-5501,Bengaluru,NETBANKING,1.71,742.53,INR,COMPLETED
ORD-2026-1340,2026-04-04 22:00:51,CUST-3937,Delhi,NETBANKING,52.44,14125.82,INR,COMPLETED
ORD-2026-1341,2026-04-04 22:15:33,CUST-6807,Hyderabad,CREDIT_CARD,0.0,4160.06,INR,COMPLETED
ORD-2026-1342,2026-04-04 22:30:29,CUST-4700,Hyderabad,DEBIT_CARD,0.0,8692.53,INR,COMPLETED
ORD-2026-1343,2026-04-04 22:45:05,CUST-7179,Bengaluru,UPI,0.0,6376.54,INR,COMPLETED
ORD-2026-1344,2026-04-04 23:00:44,CUST-9189,Hyderabad,UPI,0.0,2985.06,INR,COMPLETED
ORD-2026-1345,2026-04-04 23:15:57,CUST-1697,Delhi,UPI,0.0,8158.31,INR,COMPLETED
ORD-2026-1346,2026-04-04 23:30:17,CUST-2218,Bengaluru,NETBANKING,89.93,1175.15,INR,COMPLETED
ORD-2026-1347,2026-04-04 23:45:11,CUST-6152,Delhi,UPI,58.7,13967.11,INR,COMPLETED
ORD-2026-1348,2026-04-05 00:00:59,CUST-3661,Bengaluru,NETBANKING,0.0,1615.59,INR,COMPLETED
ORD-2026-1349,2026-04-05 00:15:43,CUST-6435,Hyderabad,NETBANKING,0.0,13499.62,INR,COMPLETED
ORD-2026-1350,2026-04-05 00:30:32,CUST-6666,Delhi,UPI,0.0,11309.12,INR,COMPLETED
ORD-2026-1351,2026-04-05 00:45:21,CUST-7499,Hyderabad,UPI,0.0,9274.95,INR,COMPLETED
ORD-2026-1352,2026-04-05 01:00:31,CUST-7150,Hyderabad,NETBANKING,0.0,3808.01,INR,COMPLETED
ORD-2026-1353,2026-04-05 01:15:05,CUST-5839,Delhi,NETBANKING,0.0,11696.43,INR,COMPLETED
ORD-2026-1354,2026-04-05 01:30:24,CUST-3527,Bengaluru,DEBIT_CARD,0.0,10819.32,INR,COMPLETED
ORD-2026-1355,2026-04-05 01:45:05,CUST-6050,Hyderabad,UPI,0.0,575.33,INR,COMPLETED
ORD-2026-1356,2026-04-05 02:00:08,CUST-8061,Hyderabad,UPI,0.0,1765.81,INR,COMPLETED
ORD-2026-1357,2026-04-05 02:15:06,CUST-6798,Bengaluru,NETBANKING,0.0,880.8,INR,COMPLETED
ORD-2026-1358,2026-04-05 02:30:00,CUST-7353,Delhi,DEBIT_CARD,0.0,4731.79,INR,COMPLETED
ORD-2026-1359,2026-04-05 02:45:33,CUST-7237,Delhi,CREDIT_CARD,0.0,2958.95,INR,COMPLETED
ORD-2026-1360,2026-04-05 03:00:09,CUST-8121,Hyderabad,DEBIT_CARD,0.0,1417.37,INR,COMPLETED
ORD-2026-1361,2026-04-05 03:15:23,CUST-5040,Bengaluru,UPI,0.0,4149.65,INR,COMPLETED
ORD-2026-1362,2026-04-05 03:30:06,CUST-1110,Hyderabad,CREDIT_CARD,0.0,2464.6,INR,COMPLETED
ORD-2026-1363,2026-04-05 03:45:51,CUST-8212,Hyderabad,NETBANKING,0.0,13001.88,INR,COMPLETED
ORD-2026-1364,2026-04-05 04:00:20,CUST-4290,Hyderabad,CREDIT_CARD,0.0,9246.56,INR,COMPLETED
ORD-2026-1365,2026-04-05 04:15:47,CUST-9044,Bengaluru,DEBIT_CARD,0.0,10576.89,INR,COMPLETED
ORD-2026-1366,2026-04-05 04:30:17,CUST-7437,Hyderabad,NETBANKING,0.0,12339.17,INR,COMPLETED
ORD-2026-1367,2026-04-05 04:45:34,CUST-1440,Bengaluru,CREDIT_CARD,0.0,3108.94,INR,COMPLETED
ORD-2026-1368,2026-04-05 05:00:51,CUST-2133,Hyderabad,CREDIT_CARD,0.0,4724.3,INR,COMPLETED
ORD-2026-1369,2026-04-05 05:15:16,CUST-7932,Hyderabad,DEBIT_CARD,0.0,10050.61,INR,COMPLETED
ORD-2026-1370,2026-04-05 05:30:37,CUST-9300,Bengaluru,NETBANKING,0.0,6311.67,INR,COMPLETED
ORD-2026-1371,2026-04-05 05:45:57,CUST-2392,Delhi,DEBIT_CARD,0.0,12278.31,INR,COMPLETED
ORD-2026-1372,2026-04-05 06:00:41,CUST-7547,Hyderabad,DEBIT_CARD,43.05,9383.83,INR,COMPLETED
ORD-2026-1373,2026-04-05 06:15:16,CUST-9499,Bengaluru,UPI,0.0,3719.02,INR,COMPLETED
ORD-2026-1374,2026-04-05 06:30:23,CUST-9199,Delhi,CREDIT_CARD,0.0,6171.45,INR,COMPLETED
ORD-2026-1375,2026-04-05 06:45:06,CUST-2406,Delhi,NETBANKING,73.02,4783.77,INR,COMPLETED
ORD-2026-1376,2026-04-05 07:00:29,CUST-9537,Hyderabad,DEBIT_CARD,0.0,11871.91,INR,COMPLETED
ORD-2026-1377,2026-04-05 07:15:46,CUST-6225,Delhi,NETBANKING,0.0,10603.07,INR,COMPLETED
ORD-2026-1378,2026-04-05 07:30:01,CUST-2791,Bengaluru,UPI,92.99,12813.11,INR,COMPLETED
ORD-2026-1379,2026-04-05 07:45:11,CUST-6422,Bengaluru,CREDIT_CARD,0.0,8502.7,INR,COMPLETED
ORD-2026-1380,2026-04-05 08:00:40,CUST-8080,Hyderabad,CREDIT_CARD,0.0,3174.55,INR,COMPLETED
ORD-2026-1381,2026-04-05 08:15:37,CUST-1072,Bengaluru,CREDIT_CARD,0.0,6728.52,INR,COMPLETED
ORD-2026-1382,2026-04-05 08:30:36,CUST-9796,Delhi,UPI,0.0,1975.4,INR,COMPLETED
ORD-2026-1383,2026-04-05 08:45:07,CUST-9019,Bengaluru,NETBANKING,31.34,4304.12,INR,COMPLETED
ORD-2026-1384,2026-04-05 09:00:37,CUST-6766,Hyderabad,NETBANKING,0.0,2156.37,INR,COMPLETED
ORD-2026-1385,2026-04-05 09:15:37,CUST-3194,Hyderabad,DEBIT_CARD,0.0,1728.9,INR,COMPLETED
ORD-2026-1386,2026-04-05 09:30:11,CUST-3316,Bengaluru,UPI,0.0,5912.94,INR,COMPLETED
ORD-2026-1387,2026-04-05 09:45:24,CUST-8973,Bengaluru,CREDIT_CARD,0.0,6634.06,INR,COMPLETED
ORD-2026-1388,2026-04-05 10:00:10,CUST-3298,Delhi,CREDIT_CARD,0.0,7599.81,INR,COMPLETED
ORD-2026-1389,2026-04-05 10:15:55,CUST-1157,Hyderabad,UPI,0.0,5706.07,INR,COMPLETED
ORD-2026-1390,2026-04-05 10:30:35,CUST-9109,Hyderabad,NETBANKING,0.0,7828.85,INR,COMPLETED
ORD-2026-1391,2026-04-05 10:45:31,CUST-1505,Delhi,NETBANKING,0.0,2925.18,INR,COMPLETED
ORD-2026-1392,2026-04-05 11:00:18,CUST-8492,Bengaluru,CREDIT_CARD,0.0,2939.03,INR,COMPLETED
ORD-2026-1393,2026-04-05 11:15:35,CUST-2871,Hyderabad,NETBANKING,0.0,7906.69,INR,COMPLETED
ORD-2026-1394,2026-04-05 11:30:52,CUST-8231,Bengaluru,DEBIT_CARD,0.0,11473.4,INR,COMPLETED
ORD-2026-1395,2026-04-05 11:45:47,CUST-5055,Hyderabad,UPI,3.22,12536.03,INR,COMPLETED
ORD-2026-1396,2026-04-05 12:00:28,CUST-2923,Delhi,DEBIT_CARD,0.0,13046.71,INR,COMPLETED
ORD-2026-1397,2026-04-05 12:15:39,CUST-3719,Bengaluru,DEBIT_CARD,0.0,9675.17,INR,COMPLETED
ORD-2026-1398,2026-04-05 12:30:36,CUST-5605,Bengaluru,CREDIT_CARD,0.0,5586.82,INR,COMPLETED
ORD-2026-1399,2026-04-05 12:45:36,CUST-9428,Bengaluru,DEBIT_CARD,13.56,4376.47,INR,COMPLETED
ORD-2026-1400,2026-04-05 13:00:58,CUST-5543,Bengaluru,NETBANKING,0.0,1359.65,INR,COMPLETED
ORD-2026-1401,2026-04-05 13:15:45,CUST-5055,Bengaluru,CREDIT_CARD,0.0,5170.4,INR,COMPLETED
ORD-2026-1402,2026-04-05 13:30:26,CUST-2237,Bengaluru,DEBIT_CARD,0.0,5940.0,INR,COMPLETED
ORD-2026-1403,2026-04-05 13:45:25,CUST-5558,Bengaluru,UPI,36.91,7976.4,INR,COMPLETED
ORD-2026-1404,2026-04-05 14:00:00,CUST-2526,Bengaluru,DEBIT_CARD,63.48,13099.16,INR,COMPLETED
ORD-2026-1405,2026-04-05 14:15:50,CUST-4568,Hyderabad,DEBIT_CARD,49.47,8249.15,INR,COMPLETED
ORD-2026-1406,2026-04-05 14:30:35,CUST-8951,Hyderabad,DEBIT_CARD,76.23,8880.04,INR,COMPLETED
ORD-2026-1407,2026-04-05 14:45:40,CUST-8529,Delhi,UPI,0.0,11866.4,INR,COMPLETED
ORD-2026-1408,2026-04-05 15:00:29,CUST-8009,Delhi,NETBANKING,90.94,509.8,INR,COMPLETED
ORD-2026-1409,2026-04-05 15:15:55,CUST-5489,Delhi,DEBIT_CARD,0.0,14024.52,INR,COMPLETED
ORD-2026-1410,2026-04-05 15:30:23,CUST-3711,Delhi,UPI,0.0,10135.38,INR,COMPLETED
ORD-2026-1411,2026-04-05 15:45:41,CUST-2559,Delhi,CREDIT_CARD,0.0,1822.39,INR,COMPLETED
ORD-2026-1412,2026-04-05 16:00:14,CUST-8291,Delhi,CREDIT_CARD,0.0,8031.94,INR,COMPLETED
ORD-2026-1413,2026-04-05 16:15:55,CUST-3165,Hyderabad,UPI,0.0,6623.55,INR,COMPLETED
ORD-2026-1414,2026-04-05 16:30:46,CUST-2690,Hyderabad,UPI,0.0,12186.37,INR,COMPLETED
ORD-2026-1415,2026-04-05 16:45:49,CUST-3181,Bengaluru,CREDIT_CARD,14.29,12293.83,INR,COMPLETED
ORD-2026-1416,2026-04-05 17:00:39,CUST-8210,Hyderabad,UPI,0.0,9925.29,INR,COMPLETED
ORD-2026-1417,2026-04-05 17:15:39,CUST-4559,Delhi,CREDIT_CARD,14.0,10455.21,INR,COMPLETED
ORD-2026-1418,2026-04-05 17:30:22,CUST-6152,Delhi,NETBANKING,0.0,14467.11,INR,COMPLETED
ORD-2026-1419,2026-04-05 17:45:15,CUST-5668,Bengaluru,UPI,0.0,8524.25,INR,COMPLETED
ORD-2026-1420,2026-04-05 18:00:33,CUST-4090,Bengaluru,DEBIT_CARD,0.0,9300.44,INR,COMPLETED
ORD-2026-1421,2026-04-05 18:15:50,CUST-4921,Hyderabad,UPI,0.0,13519.73,INR,COMPLETED
ORD-2026-1422,2026-04-05 18:30:40,CUST-9655,Delhi,NETBANKING,93.39,9111.98,INR,COMPLETED
ORD-2026-1423,2026-04-05 18:45:55,CUST-7895,Hyderabad,NETBANKING,0.0,12665.11,INR,COMPLETED
ORD-2026-1424,2026-04-05 19:00:49,CUST-2106,Delhi,NETBANKING,0.0,1558.38,INR,COMPLETED
ORD-2026-1425,2026-04-05 19:15:50,CUST-5693,Bengaluru,UPI,0.0,6270.64,INR,COMPLETED
ORD-2026-1426,2026-04-05 19:30:27,CUST-2350,Bengaluru,NETBANKING,0.0,10676.25,INR,COMPLETED
ORD-2026-1427,2026-04-05 19:45:05,CUST-9377,Delhi,CREDIT_CARD,15.54,4993.65,INR,COMPLETED
ORD-2026-1428,2026-04-05 20:00:37,CUST-2083,Hyderabad,NETBANKING,0.0,9697.27,INR,COMPLETED
ORD-2026-1429,2026-04-05 20:15:15,CUST-8118,Delhi,CREDIT_CARD,0.0,1750.09,INR,COMPLETED
ORD-2026-1430,2026-04-05 20:30:19,CUST-3877,Delhi,UPI,0.0,10158.15,INR,COMPLETED
ORD-2026-1431,2026-04-05 20:45:10,CUST-6680,Bengaluru,UPI,0.0,7697.99,INR,COMPLETED
ORD-2026-1432,2026-04-05 21:00:23,CUST-5403,Bengaluru,DEBIT_CARD,77.14,2340.49,INR,COMPLETED
ORD-2026-1433,2026-04-05 21:15:17,CUST-5308,Bengaluru,DEBIT_CARD,62.75,8095.89,INR,COMPLETED
ORD-2026-1434,2026-04-05 21:30:32,CUST-9185,Bengaluru,NETBANKING,0.0,5721.8,INR,COMPLETED
ORD-2026-1435,2026-04-05 21:45:57,CUST-2889,Delhi,DEBIT_CARD,0.0,8821.73,INR,COMPLETED
ORD-2026-1436,2026-04-05 22:00:54,CUST-5006,Delhi,UPI,0.0,13012.46,INR,COMPLETED
ORD-2026-1437,2026-04-05 22:15:59,CUST-1579,Bengaluru,CREDIT_CARD,71.4,14424.96,INR,COMPLETED
ORD-2026-1438,2026-04-05 22:30:14,CUST-7819,Bengaluru,NETBANKING,0.0,5166.13,INR,COMPLETED
ORD-2026-1439,2026-04-05 22:45:36,CUST-9225,Bengaluru,UPI,17.93,5905.72,INR,COMPLETED
ORD-2026-1440,2026-04-05 23:00:25,CUST-8620,Hyderabad,UPI,0.0,1499.43,INR,COMPLETED
ORD-2026-1441,2026-04-05 23:15:35,CUST-7044,Delhi,DEBIT_CARD,0.0,7122.82,INR,COMPLETED
ORD-2026-1442,2026-04-05 23:30:39,CUST-7033,Bengaluru,DEBIT_CARD,99.78,4017.47,INR,COMPLETED
ORD-2026-1443,2026-04-05 23:45:57,CUST-5016,Delhi,CREDIT_CARD,0.0,8425.11,INR,COMPLETED
ORD-2026-1444,2026-04-06 00:00:14,CUST-1157,Hyderabad,UPI,0.0,8352.41,INR,COMPLETED
ORD-2026-1445,2026-04-06 00:15:54,CUST-6038,Delhi,NETBANKING,0.0,11202.2,INR,COMPLETED
ORD-2026-1446,2026-04-06 00:30:31,CUST-3332,Bengaluru,NETBANKING,0.0,14437.18,INR,COMPLETED
ORD-2026-1447,2026-04-06 00:45:26,CUST-7102,Hyderabad,CREDIT_CARD,8.49,10662.28,INR,COMPLETED
ORD-2026-1448,2026-04-06 01:00:52,CUST-2020,Hyderabad,CREDIT_CARD,0.0,6218.09,INR,COMPLETED
ORD-2026-1449,2026-04-06 01:15:16,CUST-7438,Bengaluru,CREDIT_CARD,32.63,12838.25,INR,COMPLETED
ORD-2026-1450,2026-04-06 01:30:04,CUST-3230,Bengaluru,DEBIT_CARD,0.0,14181.54,INR,COMPLETED
ORD-2026-1451,2026-04-06 01:45:29,CUST-2978,Bengaluru,CREDIT_CARD,0.0,5053.48,INR,COMPLETED
ORD-2026-1452,2026-04-06 02:00:19,CUST-2964,Delhi,CREDIT_CARD,0.0,7218.53,INR,COMPLETED
ORD-2026-1453,2026-04-06 02:15:44,CUST-4522,Hyderabad,DEBIT_CARD,0.0,9247.89,INR,COMPLETED
ORD-2026-1454,2026-04-06 02:30:25,CUST-5896,Hyderabad,CREDIT_CARD,17.39,7945.17,INR,COMPLETED
ORD-2026-1455,2026-04-06 02:45:35,CUST-5093,Delhi,NETBANKING,0.0,11347.14,INR,COMPLETED
ORD-2026-1456,2026-04-06 03:00:00,CUST-4641,Delhi,CREDIT_CARD,0.0,1394.2,INR,COMPLETED
ORD-2026-1457,2026-04-06 03:15:40,CUST-2376,Bengaluru,DEBIT_CARD,0.0,14094.84,INR,COMPLETED
ORD-2026-1458,2026-04-06 03:30:01,CUST-4239,Bengaluru,UPI,0.0,14958.84,INR,COMPLETED
ORD-2026-1459,2026-04-06 03:45:57,CUST-6432,Delhi,UPI,0.0,12785.49,INR,COMPLETED
ORD-2026-1460,2026-04-06 04:00:10,CUST-8096,Bengaluru,UPI,0.0,13899.91,INR,COMPLETED
ORD-2026-1461,2026-04-06 04:15:43,CUST-6799,Delhi,NETBANKING,27.5,6686.63,INR,COMPLETED
ORD-2026-1462,2026-04-06 04:30:39,CUST-5026,Bengaluru,CREDIT_CARD,0.0,9478.06,INR,COMPLETED
ORD-2026-1463,2026-04-06 04:45:03,CUST-7275,Delhi,NETBANKING,0.0,1771.96,INR,COMPLETED
ORD-2026-1464,2026-04-06 05:00:51,CUST-1319,Hyderabad,CREDIT_CARD,0.0,8383.02,INR,COMPLETED
ORD-2026-1465,2026-04-06 05:15:34,CUST-6636,Bengaluru,NETBANKING,0.0,11830.81,INR,COMPLETED
ORD-2026-1466,2026-04-06 05:30:01,CUST-4588,Delhi,DEBIT_CARD,77.85,5123.72,INR,COMPLETED
ORD-2026-1467,2026-04-06 05:45:33,CUST-4813,Delhi,NETBANKING,0.0,5682.78,INR,COMPLETED
ORD-2026-1468,2026-04-06 06:00:34,CUST-1916,Delhi,CREDIT_CARD,0.0,12336.13,INR,COMPLETED
ORD-2026-1469,2026-04-06 06:15:22,CUST-3846,Delhi,NETBANKING,0.0,14060.49,INR,COMPLETED
ORD-2026-1470,2026-04-06 06:30:01,CUST-6761,Bengaluru,DEBIT_CARD,0.0,10700.07,INR,COMPLETED
ORD-2026-1471,2026-04-06 06:45:34,CUST-9035,Delhi,CREDIT_CARD,0.0,4981.27,INR,COMPLETED
ORD-2026-1472,2026-04-06 07:00:33,CUST-6435,Bengaluru,CREDIT_CARD,0.0,7430.84,INR,COMPLETED
ORD-2026-1473,2026-04-06 07:15:11,CUST-6301,Delhi,DEBIT_CARD,0.0,13822.32,INR,COMPLETED
ORD-2026-1474,2026-04-06 07:30:54,CUST-6978,Delhi,CREDIT_CARD,0.0,8131.28,INR,COMPLETED
ORD-2026-1475,2026-04-06 07:45:37,CUST-5944,Hyderabad,NETBANKING,0.0,1964.97,INR,COMPLETED
ORD-2026-1476,2026-04-06 08:00:50,CUST-8982,Bengaluru,NETBANKING,0.0,9769.36,INR,COMPLETED
ORD-2026-1477,2026-04-06 08:15:42,CUST-3872,Hyderabad,DEBIT_CARD,0.0,9039.78,INR,COMPLETED
ORD-2026-1478,2026-04-06 08:30:11,CUST-7415,Bengaluru,DEBIT_CARD,0.0,11068.05,INR,COMPLETED
ORD-2026-1479,2026-04-06 08:45:14,CUST-2705,Hyderabad,DEBIT_CARD,0.0,9774.88,INR,COMPLETED
ORD-2026-1480,2026-04-06 09:00:15,CUST-6234,Delhi,UPI,0.0,5528.75,INR,COMPLETED
ORD-2026-1481,2026-04-06 09:15:00,CUST-5088,Bengaluru,DEBIT_CARD,0.0,4345.58,INR,COMPLETED
ORD-2026-1482,2026-04-06 09:30:46,CUST-7323,Hyderabad,UPI,0.0,518.58,INR,COMPLETED
ORD-2026-1483,2026-04-06 09:45:31,CUST-6754,Bengaluru,NETBANKING,0.0,13285.67,INR,COMPLETED
ORD-2026-1484,2026-04-06 10:00:50,CUST-4695,Delhi,NETBANKING,0.0,13028.74,INR,COMPLETED
ORD-2026-1485,2026-04-06 10:15:18,CUST-5278,Delhi,UPI,0.0,791.13,INR,COMPLETED
ORD-2026-1486,2026-04-06 10:30:10,CUST-9962,Delhi,NETBANKING,0.0,11113.78,INR,COMPLETED
ORD-2026-1487,2026-04-06 10:45:45,CUST-3703,Bengaluru,NETBANKING,15.71,949.4,INR,COMPLETED
ORD-2026-1488,2026-04-06 11:00:12,CUST-9849,Hyderabad,DEBIT_CARD,0.0,6434.56,INR,COMPLETED
ORD-2026-1489,2026-04-06 11:15:03,CUST-9043,Delhi,CREDIT_CARD,0.0,6197.08,INR,COMPLETED
ORD-2026-1490,2026-04-06 11:30:05,CUST-8869,Delhi,NETBANKING,0.0,4770.97,INR,COMPLETED
ORD-2026-1491,2026-04-06 11:45:18,CUST-8758,Delhi,CREDIT_CARD,0.0,14667.34,INR,COMPLETED
ORD-2026-1492,2026-04-06 12:00:31,CUST-5341,Delhi,NETBANKING,0.0,13475.72,INR,COMPLETED
ORD-2026-1493,2026-04-06 12:15:56,CUST-4056,Hyderabad,CREDIT_CARD,0.0,6030.96,INR,COMPLETED
ORD-2026-1494,2026-04-06 12:30:16,CUST-5400,Bengaluru,NETBANKING,0.0,3780.51,INR,COMPLETED
ORD-2026-1495,2026-04-06 12:45:05,CUST-9871,Hyderabad,UPI,58.97,10188.05,INR,COMPLETED
ORD-2026-1496,2026-04-06 13:00:53,CUST-9561,Hyderabad,UPI,68.71,6113.04,INR,COMPLETED
ORD-2026-1497,2026-04-06 13:15:19,CUST-1568,Bengaluru,CREDIT_CARD,0.0,1644.85,INR,COMPLETED
ORD-2026-1498,2026-04-06 13:30:48,CUST-3738,Delhi,CREDIT_CARD,12.62,7011.08,INR,COMPLETED
ORD-2026-1499,2026-04-06 13:45:43,CUST-3422,Bengaluru,UPI,0.0,6813.2,INR,COMPLETED
ORD-2026-1500,2026-04-06 14:00:05,CUST-7510,Bengaluru,UPI,0.0,6127.44,INR,COMPLETED
ORD-2026-1501,2026-04-06 14:15:58,CUST-9561,Hyderabad,NETBANKING,0.0,13165.26,INR,COMPLETED
ORD-2026-1502,2026-04-06 14:30:37,CUST-2641,Delhi,CREDIT_CARD,0.0,8948.82,INR,COMPLETED
ORD-2026-1503,2026-04-06 14:45:56,CUST-7732,Hyderabad,DEBIT_CARD,0.0,5486.1,INR,COMPLETED
ORD-2026-1504,2026-04-06 15:00:02,CUST-7602,Delhi,NETBANKING,0.0,2996.9,INR,COMPLETED
ORD-2026-1505,2026-04-06 15:15:02,CUST-6431,Bengaluru,NETBANKING,0.0,6238.99,INR,COMPLETED
ORD-2026-1506,2026-04-06 15:30:58,CUST-7102,Delhi,NETBANKING,0.0,4394.47,INR,COMPLETED
ORD-2026-1507,2026-04-06 15:45:17,CUST-2609,Delhi,DEBIT_CARD,0.0,12721.28,INR,COMPLETED
ORD-2026-1508,2026-04-06 16:00:49,CUST-5414,Bengaluru,NETBANKING,0.0,12474.44,INR,COMPLETED
ORD-2026-1509,2026-04-06 16:15:12,CUST-7671,Bengaluru,UPI,0.0,6904.89,INR,COMPLETED
ORD-2026-1510,2026-04-06 16:30:32,CUST-2075,Hyderabad,DEBIT_CARD,0.0,11976.61,INR,COMPLETED
ORD-2026-1511,2026-04-06 16:45:56,CUST-3846,Delhi,CREDIT_CARD,20.07,8745.75,INR,COMPLETED
ORD-2026-1512,2026-04-06 17:00:29,CUST-6904,Bengaluru,CREDIT_CARD,0.0,1233.11,INR,COMPLETED
ORD-2026-1513,2026-04-06 17:15:32,CUST-3029,Bengaluru,NETBANKING,0.0,6255.66,INR,COMPLETED
ORD-2026-1514,2026-04-06 17:30:38,CUST-8775,Bengaluru,NETBANKING,0.0,6968.5,INR,COMPLETED
ORD-2026-1515,2026-04-06 17:45:47,CUST-2480,Hyderabad,CREDIT_CARD,0.0,12547.62,INR,COMPLETED
ORD-2026-1516,2026-04-06 18:00:49,CUST-4626,Bengaluru,CREDIT_CARD,0.0,14491.31,INR,COMPLETED
ORD-2026-1517,2026-04-06 18:15:26,CUST-1145,Hyderabad,DEBIT_CARD,64.74,7942.58,INR,COMPLETED
ORD-2026-1518,2026-04-06 18:30:14,CUST-6004,Bengaluru,UPI,64.27,4159.66,INR,COMPLETED
ORD-2026-1519,2026-04-06 18:45:54,CUST-5128,Delhi,NETBANKING,0.0,5556.28,INR,COMPLETED
ORD-2026-1520,2026-04-06 19:00:37,CUST-9380,Bengaluru,NETBANKING,83.94,1983.53,INR,COMPLETED
ORD-2026-1521,2026-04-06 19:15:43,CUST-2045,Hyderabad,DEBIT_CARD,64.06,2067.52,INR,COMPLETED
ORD-2026-1522,2026-04-06 19:30:45,CUST-5895,Delhi,DEBIT_CARD,0.0,14306.72,INR,COMPLETED
ORD-2026-1523,2026-04-06 19:45:51,CUST-7620,Bengaluru,CREDIT_CARD,0.0,12931.07,INR,COMPLETED
ORD-2026-1524,2026-04-06 20:00:41,CUST-5843,Hyderabad,UPI,40.46,7711.91,INR,COMPLETED
ORD-2026-1525,2026-04-06 20:15:37,CUST-4111,Hyderabad,UPI,0.0,10767.0,INR,COMPLETED
ORD-2026-1526,2026-04-06 20:30:58,CUST-6873,Bengaluru,NETBANKING,0.0,14139.69,INR,COMPLETED
ORD-2026-1527,2026-04-06 20:45:06,CUST-5237,Bengaluru,CREDIT_CARD,76.29,7326.32,INR,COMPLETED
ORD-2026-1528,2026-04-06 21:00:05,CUST-4659,Bengaluru,DEBIT_CARD,42.05,3722.68,INR,COMPLETED
ORD-2026-1529,2026-04-06 21:15:37,CUST-2929,Hyderabad,DEBIT_CARD,0.0,4763.74,INR,COMPLETED
ORD-2026-1530,2026-04-06 21:30:30,CUST-9199,Delhi,UPI,38.17,13396.68,INR,COMPLETED
ORD-2026-1531,2026-04-06 21:45:03,CUST-3470,Delhi,NETBANKING,34.27,13127.31,INR,COMPLETED
ORD-2026-1532,2026-04-06 22:00:09,CUST-3954,Delhi,NETBANKING,0.0,5087.56,INR,COMPLETED
ORD-2026-1533,2026-04-06 22:15:40,CUST-8406,Hyderabad,CREDIT_CARD,0.0,1341.2,INR,COMPLETED
ORD-2026-1534,2026-04-06 22:30:48,CUST-2442,Delhi,CREDIT_CARD,0.0,2797.31,INR,COMPLETED
ORD-2026-1535,2026-04-06 22:45:25,CUST-8821,Hyderabad,NETBANKING,0.0,6720.87,INR,COMPLETED
ORD-2026-1536,2026-04-06 23:00:23,CUST-6279,Bengaluru,CREDIT_CARD,0.0,14275.99,INR,COMPLETED
ORD-2026-1537,2026-04-06 23:15:40,CUST-4707,Bengaluru,UPI,31.21,11137.25,INR,COMPLETED
ORD-2026-1538,2026-04-06 23:30:32,CUST-3736,Delhi,NETBANKING,29.82,9035.72,INR,COMPLETED
ORD-2026-1539,2026-04-06 23:45:46,CUST-9587,Hyderabad,NETBANKING,0.0,8044.18,INR,COMPLETED
ORD-2026-1540,2026-04-07 00:00:57,CUST-4087,Delhi,CREDIT_CARD,91.82,7607.59,INR,COMPLETED
ORD-2026-1541,2026-04-07 00:15:14,CUST-3149,Delhi,UPI,0.0,3752.66,INR,COMPLETED
ORD-2026-1542,2026-04-07 00:30:23,CUST-1612,Hyderabad,CREDIT_CARD,25.58,10811.1,INR,COMPLETED
ORD-2026-1543,2026-04-07 00:45:38,CUST-2771,Bengaluru,UPI,4.82,14922.86,INR,COMPLETED
ORD-2026-1544,2026-04-07 01:00:28,CUST-9966,Hyderabad,NETBANKING,0.0,6013.68,INR,COMPLETED
ORD-2026-1545,2026-04-07 01:15:43,CUST-5933,Hyderabad,CREDIT_CARD,0.0,9639.51,INR,COMPLETED
ORD-2026-1546,2026-04-07 01:30:38,CUST-7862,Delhi,DEBIT_CARD,0.0,10660.53,INR,COMPLETED
ORD-2026-1547,2026-04-07 01:45:18,CUST-2741,Hyderabad,UPI,0.0,2153.18,INR,COMPLETED
ORD-2026-1548,2026-04-07 02:00:12,CUST-7713,Hyderabad,DEBIT_CARD,0.0,5689.87,INR,COMPLETED
ORD-2026-1549,2026-04-07 02:15:58,CUST-8875,Hyderabad,NETBANKING,0.0,3511.56,INR,COMPLETED
ORD-2026-1550,2026-04-07 02:30:58,CUST-9095,Delhi,UPI,77.95,2101.25,INR,COMPLETED
ORD-2026-1551,2026-04-07 02:45:57,CUST-4787,Hyderabad,UPI,29.6,4210.44,INR,COMPLETED
ORD-2026-1552,2026-04-07 03:00:06,CUST-1646,Hyderabad,UPI,0.0,12291.09,INR,COMPLETED
ORD-2026-1553,2026-04-07 03:15:47,CUST-1751,Delhi,DEBIT_CARD,66.34,2180.57,INR,COMPLETED
ORD-2026-1554,2026-04-07 03:30:57,CUST-5395,Bengaluru,DEBIT_CARD,0.0,6846.86,INR,COMPLETED
ORD-2026-1555,2026-04-07 03:45:07,CUST-8479,Hyderabad,DEBIT_CARD,68.99,6311.27,INR,COMPLETED
ORD-2026-1556,2026-04-07 04:00:41,CUST-3732,Delhi,NETBANKING,0.0,13348.8,INR,COMPLETED
ORD-2026-1557,2026-04-07 04:15:54,CUST-7816,Bengaluru,UPI,0.0,2811.23,INR,COMPLETED
ORD-2026-1558,2026-04-07 04:30:11,CUST-6875,Bengaluru,NETBANKING,0.0,9364.19,INR,COMPLETED
ORD-2026-1559,2026-04-07 04:45:58,CUST-7738,Hyderabad,CREDIT_CARD,0.0,7577.78,INR,COMPLETED
ORD-2026-1560,2026-04-07 05:00:45,CUST-9598,Bengaluru,DEBIT_CARD,0.0,13090.82,INR,COMPLETED
ORD-2026-1561,2026-04-07 05:15:55,CUST-9570,Bengaluru,CREDIT_CARD,0.0,5405.36,INR,COMPLETED
ORD-2026-1562,2026-04-07 05:30:42,CUST-8895,Hyderabad,NETBANKING,0.0,11036.45,INR,COMPLETED
ORD-2026-1563,2026-04-07 05:45:09,CUST-1894,Delhi,NETBANKING,0.0,12665.98,INR,COMPLETED
ORD-2026-1564,2026-04-07 06:00:54,CUST-3709,Delhi,NETBANKING,0.0,7689.61,INR,COMPLETED
ORD-2026-1565,2026-04-07 06:15:17,CUST-4648,Bengaluru,CREDIT_CARD,0.0,1230.09,INR,COMPLETED
ORD-2026-1566,2026-04-07 06:30:29,CUST-8341,Delhi,CREDIT_CARD,44.71,6940.74,INR,COMPLETED
ORD-2026-1567,2026-04-07 06:45:47,CUST-2681,Hyderabad,NETBANKING,0.0,9973.91,INR,COMPLETED
ORD-2026-1568,2026-04-07 07:00:52,CUST-5990,Bengaluru,UPI,0.0,1817.99,INR,COMPLETED
ORD-2026-1569,2026-04-07 07:15:21,CUST-1889,Delhi,NETBANKING,33.2,5768.47,INR,COMPLETED
ORD-2026-1570,2026-04-07 07:30:45,CUST-8414,Delhi,NETBANKING,0.0,10028.92,INR,COMPLETED
ORD-2026-1571,2026-04-07 07:45:21,CUST-5783,Bengaluru,CREDIT_CARD,0.0,5649.52,INR,COMPLETED
ORD-2026-1572,2026-04-07 08:00:02,CUST-9067,Delhi,UPI,74.25,13504.72,INR,COMPLETED
ORD-2026-1573,2026-04-07 08:15:16,CUST-4072,Delhi,UPI,39.29,9357.35,INR,COMPLETED
ORD-2026-1574,2026-04-07 08:30:21,CUST-7790,Delhi,CREDIT_CARD,83.75,2062.6,INR,COMPLETED
ORD-2026-1575,2026-04-07 08:45:49,CUST-8493,Bengaluru,UPI,0.0,13430.44,INR,COMPLETED
ORD-2026-1576,2026-04-07 09:00:00,CUST-1795,Bengaluru,CREDIT_CARD,83.88,8190.28,INR,COMPLETED
ORD-2026-1577,2026-04-07 09:15:37,CUST-3103,Delhi,CREDIT_CARD,0.0,3017.93,INR,COMPLETED
ORD-2026-1578,2026-04-07 09:30:56,CUST-5067,Hyderabad,DEBIT_CARD,0.0,6077.61,INR,COMPLETED
ORD-2026-1579,2026-04-07 09:45:51,CUST-7762,Bengaluru,DEBIT_CARD,0.0,2433.89,INR,COMPLETED
ORD-2026-1580,2026-04-07 10:00:35,CUST-4560,Delhi,DEBIT_CARD,0.0,12980.26,INR,COMPLETED
ORD-2026-1581,2026-04-07 10:15:22,CUST-3173,Bengaluru,DEBIT_CARD,0.0,13857.28,INR,COMPLETED
ORD-2026-1582,2026-04-07 10:30:07,CUST-8870,Bengaluru,DEBIT_CARD,0.0,11531.24,INR,COMPLETED
ORD-2026-1583,2026-04-07 10:45:43,CUST-9747,Hyderabad,NETBANKING,42.24,11344.1,INR,COMPLETED
ORD-2026-1584,2026-04-07 11:00:01,CUST-1869,Bengaluru,UPI,0.0,6022.62,INR,COMPLETED
ORD-2026-1585,2026-04-07 11:15:43,CUST-2016,Bengaluru,CREDIT_CARD,0.0,4133.13,INR,COMPLETED
ORD-2026-1586,2026-04-07 11:30:22,CUST-2679,Bengaluru,UPI,73.95,12303.38,INR,COMPLETED
ORD-2026-1587,2026-04-07 11:45:15,CUST-5712,Bengaluru,NETBANKING,0.0,7908.37,INR,COMPLETED
ORD-2026-1588,2026-04-07 12:00:26,CUST-6122,Bengaluru,NETBANKING,0.0,14372.18,INR,COMPLETED
ORD-2026-1589,2026-04-07 12:15:39,CUST-8259,Delhi,DEBIT_CARD,70.46,13098.32,INR,COMPLETED
ORD-2026-1590,2026-04-07 12:30:34,CUST-4218,Bengaluru,DEBIT_CARD,29.42,11207.53,INR,COMPLETED
ORD-2026-1591,2026-04-07 12:45:11,CUST-9418,Delhi,UPI,0.0,14455.89,INR,COMPLETED
ORD-2026-1592,2026-04-07 13:00:16,CUST-5178,Delhi,DEBIT_CARD,0.0,2385.96,INR,COMPLETED
ORD-2026-1593,2026-04-07 13:15:09,CUST-1833,Bengaluru,CREDIT_CARD,0.0,13965.11,INR,COMPLETED
ORD-2026-1594,2026-04-07 13:30:50,CUST-6866,Delhi,DEBIT_CARD,0.0,8803.82,INR,COMPLETED
ORD-2026-1595,2026-04-07 13:45:33,CUST-9276,Delhi,CREDIT_CARD,0.0,1488.56,INR,COMPLETED
ORD-2026-1596,2026-04-07 14:00:05,CUST-4495,Bengaluru,NETBANKING,0.0,5566.34,INR,COMPLETED
ORD-2026-1597,2026-04-07 14:15:48,CUST-8780,Bengaluru,DEBIT_CARD,98.11,9465.07,INR,COMPLETED
ORD-2026-1598,2026-04-07 14:30:42,CUST-4937,Bengaluru,UPI,0.0,5517.11,INR,COMPLETED
ORD-2026-1599,2026-04-07 14:45:43,CUST-7248,Delhi,CREDIT_CARD,0.0,13342.07,INR,COMPLETED
ORD-2026-1600,2026-04-07 15:00:58,CUST-7143,Bengaluru,DEBIT_CARD,44.56,7994.58,INR,COMPLETED
ORD-2026-1601,2026-04-07 15:15:12,CUST-2349,Delhi,DEBIT_CARD,0.0,5144.53,INR,COMPLETED
ORD-2026-1602,2026-04-07 15:30:40,CUST-4492,Bengaluru,UPI,0.0,1449.34,INR,COMPLETED
ORD-2026-1603,2026-04-07 15:45:53,CUST-8130,Bengaluru,CREDIT_CARD,7.21,10689.77,INR,COMPLETED
ORD-2026-1604,2026-04-07 16:00:29,CUST-1620,Delhi,CREDIT_CARD,0.0,10894.59,INR,COMPLETED
ORD-2026-1605,2026-04-07 16:15:04,CUST-4729,Hyderabad,DEBIT_CARD,0.0,8836.95,INR,COMPLETED
ORD-2026-1606,2026-04-07 16:30:27,CUST-7381,Bengaluru,NETBANKING,0.0,5087.86,INR,COMPLETED
ORD-2026-1607,2026-04-07 16:45:48,CUST-1745,Bengaluru,UPI,35.77,11316.29,INR,COMPLETED
ORD-2026-1608,2026-04-07 17:00:18,CUST-5937,Bengaluru,UPI,0.0,11909.93,INR,COMPLETED
ORD-2026-1609,2026-04-07 17:15:24,CUST-1504,Hyderabad,NETBANKING,0.0,6229.14,INR,COMPLETED
ORD-2026-1610,2026-04-07 17:30:25,CUST-9941,Hyderabad,CREDIT_CARD,14.41,12053.17,INR,COMPLETED
ORD-2026-1611,2026-04-07 17:45:35,CUST-3316,Delhi,DEBIT_CARD,0.0,13184.12,INR,COMPLETED
ORD-2026-1612,2026-04-07 18:00:34,CUST-2394,Hyderabad,NETBANKING,0.0,8439.12,INR,COMPLETED
ORD-2026-1613,2026-04-07 18:15:26,CUST-9397,Delhi,DEBIT_CARD,0.0,13631.61,INR,COMPLETED
ORD-2026-1614,2026-04-07 18:30:07,CUST-1891,Bengaluru,DEBIT_CARD,0.0,3129.69,INR,COMPLETED
ORD-2026-1615,2026-04-07 18:45:18,CUST-5107,Delhi,UPI,0.0,10239.44,INR,COMPLETED
ORD-2026-1616,2026-04-07 19:00:21,CUST-4842,Delhi,NETBANKING,0.0,5678.51,INR,COMPLETED
ORD-2026-1617,2026-04-07 19:15:31,CUST-6008,Bengaluru,CREDIT_CARD,0.0,7034.37,INR,COMPLETED
ORD-2026-1618,2026-04-07 19:30:27,CUST-6131,Delhi,DEBIT_CARD,0.0,2945.27,INR,COMPLETED
ORD-2026-1619,2026-04-07 19:45:17,CUST-3200,Bengaluru,NETBANKING,0.0,12681.6,INR,COMPLETED
ORD-2026-1620,2026-04-07 20:00:28,CUST-6004,Hyderabad,NETBANKING,0.0,5701.75,INR,COMPLETED
ORD-2026-1621,2026-04-07 20:15:53,CUST-3293,Bengaluru,UPI,0.0,4568.93,INR,COMPLETED
ORD-2026-1622,2026-04-07 20:30:46,CUST-1305,Bengaluru,UPI,0.0,1593.3,INR,COMPLETED
ORD-2026-1623,2026-04-07 20:45:49,CUST-1600,Bengaluru,NETBANKING,0.0,9055.53,INR,COMPLETED
ORD-2026-1624,2026-04-07 21:00:41,CUST-6993,Hyderabad,NETBANKING,0.0,11740.36,INR,COMPLETED
ORD-2026-1625,2026-04-07 21:15:29,CUST-2483,Hyderabad,DEBIT_CARD,0.0,7766.29,INR,COMPLETED
ORD-2026-1626,2026-04-07 21:30:43,CUST-9423,Delhi,CREDIT_CARD,0.0,2904.73,INR,COMPLETED
ORD-2026-1627,2026-04-07 21:45:46,CUST-6878,Delhi,CREDIT_CARD,0.0,7510.8,INR,COMPLETED
ORD-2026-1628,2026-04-07 22:00:16,CUST-1701,Bengaluru,CREDIT_CARD,0.0,5856.81,INR,COMPLETED
ORD-2026-1629,2026-04-07 22:15:30,CUST-1760,Delhi,DEBIT_CARD,32.41,13809.58,INR,COMPLETED
ORD-2026-1630,2026-04-07 22:30:16,CUST-3848,Hyderabad,DEBIT_CARD,0.0,8890.16,INR,COMPLETED
ORD-2026-1631,2026-04-07 22:45:33,CUST-4651,Bengaluru,UPI,0.0,4148.0,INR,COMPLETED
ORD-2026-1632,2026-04-07 23:00:50,CUST-1108,Bengaluru,DEBIT_CARD,43.99,7490.6,INR,COMPLETED
ORD-2026-1633,2026-04-07 23:15:32,CUST-4465,Delhi,UPI,0.0,9830.42,INR,COMPLETED
ORD-2026-1634,2026-04-07 23:30:42,CUST-6410,Bengaluru,UPI,0.0,3840.02,INR,COMPLETED
ORD-2026-1635,2026-04-07 23:45:30,CUST-3641,Bengaluru,NETBANKING,2.24,3555.21,INR,COMPLETED
ORD-2026-1636,2026-04-08 00:00:37,CUST-9399,Delhi,CREDIT_CARD,14.69,2836.37,INR,COMPLETED
ORD-2026-1637,2026-04-08 00:15:33,CUST-1305,Bengaluru,DEBIT_CARD,0.0,14394.46,INR,COMPLETED
ORD-2026-1638,2026-04-08 00:30:13,CUST-8723,Hyderabad,DEBIT_CARD,0.0,7013.45,INR,COMPLETED
ORD-2026-1639,2026-04-08 00:45:38,CUST-3979,Bengaluru,NETBANKING,0.0,2569.33,INR,COMPLETED
ORD-2026-1640,2026-04-08 01:00:43,CUST-8429,Bengaluru,CREDIT_CARD,0.0,5468.73,INR,COMPLETED
ORD-2026-1641,2026-04-08 01:15:24,CUST-1271,Delhi,NETBANKING,0.0,2417.09,INR,COMPLETED
ORD-2026-1642,2026-04-08 01:30:52,CUST-2577,Delhi,NETBANKING,0.0,2668.64,INR,COMPLETED
ORD-2026-1643,2026-04-08 01:45:56,CUST-9246,Delhi,UPI,0.0,11866.09,INR,COMPLETED
ORD-2026-1644,2026-04-08 02:00:34,CUST-8069,Bengaluru,CREDIT_CARD,0.0,12499.07,INR,COMPLETED
ORD-2026-1645,2026-04-08 02:15:14,CUST-8899,Hyderabad,NETBANKING,0.0,14107.11,INR,COMPLETED
ORD-2026-1646,2026-04-08 02:30:27,CUST-8817,Delhi,UPI,8.38,2441.31,INR,COMPLETED
ORD-2026-1647,2026-04-08 02:45:16,CUST-1116,Bengaluru,NETBANKING,0.0,3240.8,INR,COMPLETED
ORD-2026-1648,2026-04-08 03:00:24,CUST-6175,Hyderabad,UPI,0.0,9990.92,INR,COMPLETED
ORD-2026-1649,2026-04-08 03:15:41,CUST-5281,Bengaluru,NETBANKING,0.0,8987.87,INR,COMPLETED
ORD-2026-1650,2026-04-08 03:30:25,CUST-7770,Bengaluru,DEBIT_CARD,0.0,11447.09,INR,COMPLETED
ORD-2026-1651,2026-04-08 03:45:35,CUST-5157,Hyderabad,CREDIT_CARD,0.0,8546.21,INR,COMPLETED
ORD-2026-1652,2026-04-08 04:00:47,CUST-2951,Bengaluru,NETBANKING,0.0,2501.99,INR,COMPLETED
ORD-2026-1653,2026-04-08 04:15:13,CUST-6544,Bengaluru,CREDIT_CARD,0.0,7870.98,INR,COMPLETED
ORD-2026-1654,2026-04-08 04:30:10,CUST-1086,Delhi,UPI,47.17,6142.0,INR,COMPLETED
ORD-2026-1655,2026-04-08 04:45:05,CUST-4633,Hyderabad,NETBANKING,0.0,1429.17,INR,COMPLETED
ORD-2026-1656,2026-04-08 05:00:59,CUST-9536,Hyderabad,NETBANKING,0.0,14774.5,INR,COMPLETED
ORD-2026-1657,2026-04-08 05:15:49,CUST-9099,Hyderabad,UPI,0.0,12393.32,INR,COMPLETED
ORD-2026-1658,2026-04-08 05:30:02,CUST-9364,Bengaluru,DEBIT_CARD,0.0,11867.41,INR,COMPLETED
ORD-2026-1659,2026-04-08 05:45:02,CUST-1004,Delhi,CREDIT_CARD,0.0,5716.23,INR,COMPLETED
ORD-2026-1660,2026-04-08 06:00:22,CUST-7642,Bengaluru,NETBANKING,0.0,10210.1,INR,COMPLETED
ORD-2026-1661,2026-04-08 06:15:58,CUST-5661,Bengaluru,UPI,91.5,1807.4,INR,COMPLETED
ORD-2026-1662,2026-04-08 06:30:14,CUST-4187,Hyderabad,DEBIT_CARD,57.49,9292.27,INR,COMPLETED
ORD-2026-1663,2026-04-08 06:45:32,CUST-2185,Bengaluru,CREDIT_CARD,0.0,2043.74,INR,COMPLETED
ORD-2026-1664,2026-04-08 07:00:52,CUST-5098,Bengaluru,DEBIT_CARD,0.0,12004.14,INR,COMPLETED
ORD-2026-1665,2026-04-08 07:15:49,CUST-6565,Hyderabad,NETBANKING,0.0,4027.46,INR,COMPLETED
ORD-2026-1666,2026-04-08 07:30:30,CUST-2106,Hyderabad,UPI,0.0,2185.89,INR,COMPLETED
ORD-2026-1667,2026-04-08 07:45:26,CUST-9462,Bengaluru,CREDIT_CARD,0.0,14353.96,INR,COMPLETED
ORD-2026-1668,2026-04-08 08:00:18,CUST-6603,Delhi,DEBIT_CARD,0.0,1848.64,INR,COMPLETED
ORD-2026-1669,2026-04-08 08:15:20,CUST-5408,Delhi,NETBANKING,68.31,5626.3,INR,COMPLETED
ORD-2026-1670,2026-04-08 08:30:47,CUST-4965,Hyderabad,NETBANKING,0.0,3395.16,INR,COMPLETED
ORD-2026-1671,2026-04-08 08:45:22,CUST-2747,Delhi,CREDIT_CARD,67.58,2761.94,INR,COMPLETED
ORD-2026-1672,2026-04-08 09:00:39,CUST-9871,Delhi,NETBANKING,37.12,596.04,INR,COMPLETED
ORD-2026-1673,2026-04-08 09:15:57,CUST-5501,Hyderabad,NETBANKING,0.0,14787.74,INR,COMPLETED
ORD-2026-1674,2026-04-08 09:30:14,CUST-3101,Delhi,DEBIT_CARD,0.0,11377.46,INR,COMPLETED
ORD-2026-1675,2026-04-08 09:45:34,CUST-6689,Hyderabad,NETBANKING,77.59,972.16,INR,COMPLETED
ORD-2026-1676,2026-04-08 10:00:44,CUST-6171,Bengaluru,UPI,0.0,8013.97,INR,COMPLETED
ORD-2026-1677,2026-04-08 10:15:37,CUST-6924,Bengaluru,CREDIT_CARD,18.72,1960.84,INR,COMPLETED
ORD-2026-1678,2026-04-08 10:30:30,CUST-6621,Hyderabad,CREDIT_CARD,0.0,14398.64,INR,COMPLETED
ORD-2026-1679,2026-04-08 10:45:44,CUST-6981,Hyderabad,CREDIT_CARD,0.0,11406.84,INR,COMPLETED
ORD-2026-1680,2026-04-08 11:00:43,CUST-2636,Bengaluru,CREDIT_CARD,0.0,3814.22,INR,COMPLETED
ORD-2026-1681,2026-04-08 11:15:54,CUST-3389,Bengaluru,NETBANKING,0.0,6022.81,INR,COMPLETED
ORD-2026-1682,2026-04-08 11:30:11,CUST-3203,Bengaluru,UPI,0.0,6612.05,INR,COMPLETED
ORD-2026-1683,2026-04-08 11:45:19,CUST-1781,Hyderabad,DEBIT_CARD,0.0,4139.12,INR,COMPLETED
ORD-2026-1684,2026-04-08 12:00:13,CUST-8807,Bengaluru,UPI,0.0,12300.36,INR,COMPLETED
ORD-2026-1685,2026-04-08 12:15:23,CUST-5222,Hyderabad,DEBIT_CARD,0.0,5724.45,INR,COMPLETED
ORD-2026-1686,2026-04-08 12:30:38,CUST-9821,Delhi,DEBIT_CARD,28.46,3384.89,INR,COMPLETED
ORD-2026-1687,2026-04-08 12:45:49,CUST-2284,Hyderabad,NETBANKING,0.0,11179.63,INR,COMPLETED
ORD-2026-1688,2026-04-08 13:00:40,CUST-6527,Hyderabad,CREDIT_CARD,0.0,12211.9,INR,COMPLETED
ORD-2026-1689,2026-04-08 13:15:54,CUST-2296,Delhi,NETBANKING,0.0,13652.56,INR,COMPLETED
ORD-2026-1690,2026-04-08 13:30:18,CUST-7479,Hyderabad,DEBIT_CARD,78.1,10801.29,INR,COMPLETED
ORD-2026-1691,2026-04-08 13:45:26,CUST-1378,Delhi,NETBANKING,0.0,2926.11,INR,COMPLETED
ORD-2026-1692,2026-04-08 14:00:44,CUST-4450,Delhi,DEBIT_CARD,0.0,11371.23,INR,COMPLETED
ORD-2026-1693,2026-04-08 14:15:59,CUST-9985,Delhi,UPI,0.0,13241.02,INR,COMPLETED
ORD-2026-1694,2026-04-08 14:30:06,CUST-3544,Delhi,UPI,0.0,4305.56,INR,COMPLETED
ORD-2026-1695,2026-04-08 14:45:15,CUST-8260,Bengaluru,DEBIT_CARD,0.0,11195.1,INR,COMPLETED
ORD-2026-1696,2026-04-08 15:00:02,CUST-6328,Hyderabad,CREDIT_CARD,0.0,10121.46,INR,COMPLETED
ORD-2026-1697,2026-04-08 15:15:28,CUST-9835,Delhi,DEBIT_CARD,0.0,2459.17,INR,COMPLETED
ORD-2026-1698,2026-04-08 15:30:33,CUST-9745,Hyderabad,NETBANKING,48.17,9776.9,INR,COMPLETED
ORD-2026-1699,2026-04-08 15:45:28,CUST-7753,Hyderabad,UPI,0.0,4964.09,INR,COMPLETED
ORD-2026-1700,2026-04-08 16:00:33,CUST-3233,Hyderabad,UPI,0.0,12323.01,INR,COMPLETED
ORD-2026-1701,2026-04-08 16:15:44,CUST-8816,Hyderabad,UPI,0.0,13870.28,INR,COMPLETED
ORD-2026-1702,2026-04-08 16:30:14,CUST-9981,Hyderabad,DEBIT_CARD,0.0,12053.13,INR,COMPLETED
ORD-2026-1703,2026-04-08 16:45:25,CUST-7385,Hyderabad,NETBANKING,0.0,4123.49,INR,COMPLETED
ORD-2026-1704,2026-04-08 17:00:40,CUST-5454,Hyderabad,NETBANKING,0.0,3973.65,INR,COMPLETED
ORD-2026-1705,2026-04-08 17:15:12,CUST-3988,Delhi,DEBIT_CARD,0.0,12875.49,INR,COMPLETED
ORD-2026-1706,2026-04-08 17:30:39,CUST-9060,Delhi,NETBANKING,0.0,7065.12,INR,COMPLETED
ORD-2026-1707,2026-04-08 17:45:34,CUST-2675,Hyderabad,UPI,0.0,820.9,INR,COMPLETED
ORD-2026-1708,2026-04-08 18:00:46,CUST-2477,Delhi,NETBANKING,0.0,618.96,INR,COMPLETED
ORD-2026-1709,2026-04-08 18:15:19,CUST-9165,Hyderabad,DEBIT_CARD,0.0,11893.02,INR,COMPLETED
ORD-2026-1710,2026-04-08 18:30:21,CUST-3393,Delhi,UPI,0.0,1663.23,INR,COMPLETED
ORD-2026-1711,2026-04-08 18:45:34,CUST-4148,Hyderabad,UPI,82.83,7317.13,INR,COMPLETED
ORD-2026-1712,2026-04-08 19:00:49,CUST-5049,Bengaluru,CREDIT_CARD,19.92,14637.1,INR,COMPLETED
ORD-2026-1713,2026-04-08 19:15:33,CUST-4415,Hyderabad,UPI,0.0,10157.11,INR,COMPLETED
ORD-2026-1714,2026-04-08 19:30:40,CUST-9534,Delhi,DEBIT_CARD,0.0,11059.44,INR,COMPLETED
ORD-2026-1715,2026-04-08 19:45:23,CUST-4568,Delhi,DEBIT_CARD,0.0,13369.03,INR,COMPLETED
ORD-2026-1716,2026-04-08 20:00:10,CUST-2960,Hyderabad,DEBIT_CARD,0.0,12018.66,INR,COMPLETED
ORD-2026-1717,2026-04-08 20:15:37,CUST-8786,Bengaluru,UPI,0.0,11860.39,INR,COMPLETED
ORD-2026-1718,2026-04-08 20:30:15,CUST-2497,Bengaluru,UPI,0.0,2786.63,INR,COMPLETED
ORD-2026-1719,2026-04-08 20:45:03,CUST-3521,Bengaluru,UPI,0.0,5655.01,INR,COMPLETED
ORD-2026-1720,2026-04-08 21:00:14,CUST-6690,Hyderabad,CREDIT_CARD,0.0,5092.72,INR,COMPLETED
ORD-2026-1721,2026-04-08 21:15:22,CUST-5107,Delhi,NETBANKING,0.0,11003.79,INR,COMPLETED
ORD-2026-1722,2026-04-08 21:30:44,CUST-4057,Bengaluru,DEBIT_CARD,0.0,7606.33,INR,COMPLETED
ORD-2026-1723,2026-04-08 21:45:17,CUST-3627,Delhi,NETBANKING,0.0,13081.1,INR,COMPLETED
ORD-2026-1724,2026-04-08 22:00:34,CUST-1011,Bengaluru,DEBIT_CARD,0.0,5823.13,INR,COMPLETED
ORD-2026-1725,2026-04-08 22:15:39,CUST-4912,Hyderabad,CREDIT_CARD,0.0,12924.02,INR,COMPLETED
ORD-2026-1726,2026-04-08 22:30:12,CUST-9151,Bengaluru,NETBANKING,0.0,8099.01,INR,COMPLETED
ORD-2026-1727,2026-04-08 22:45:41,CUST-2577,Bengaluru,DEBIT_CARD,0.0,5169.35,INR,COMPLETED
ORD-2026-1728,2026-04-08 23:00:55,CUST-2753,Hyderabad,CREDIT_CARD,0.0,953.47,INR,COMPLETED
ORD-2026-1729,2026-04-08 23:15:42,CUST-5193,Delhi,NETBANKING,0.0,7603.69,INR,COMPLETED
ORD-2026-1730,2026-04-08 23:30:00,CUST-4419,Bengaluru,UPI,0.0,13988.06,INR,COMPLETED
ORD-2026-1731,2026-04-08 23:45:29,CUST-1994,Hyderabad,UPI,0.0,12114.79,INR,COMPLETED
ORD-2026-1732,2026-04-09 00:00:03,CUST-5355,Bengaluru,DEBIT_CARD,0.0,12442.82,INR,COMPLETED
ORD-2026-1733,2026-04-09 00:15:13,CUST-2591,Delhi,DEBIT_CARD,0.0,14428.51,INR,COMPLETED
ORD-2026-1734,2026-04-09 00:30:12,CUST-5075,Bengaluru,NETBANKING,0.0,3300.23,INR,COMPLETED
ORD-2026-1735,2026-04-09 00:45:47,CUST-6864,Bengaluru,NETBANKING,0.0,2029.96,INR,COMPLETED
ORD-2026-1736,2026-04-09 01:00:56,CUST-3955,Bengaluru,NETBANKING,0.0,2009.48,INR,COMPLETED
ORD-2026-1737,2026-04-09 01:15:38,CUST-6772,Hyderabad,CREDIT_CARD,0.0,6923.68,INR,COMPLETED
ORD-2026-1738,2026-04-09 01:30:48,CUST-6299,Bengaluru,DEBIT_CARD,0.0,9681.99,INR,COMPLETED
ORD-2026-1739,2026-04-09 01:45:49,CUST-5162,Hyderabad,CREDIT_CARD,44.75,8478.46,INR,COMPLETED
ORD-2026-1740,2026-04-09 02:00:46,CUST-5660,Bengaluru,UPI,0.0,1002.61,INR,COMPLETED
ORD-2026-1741,2026-04-09 02:15:19,CUST-4519,Hyderabad,DEBIT_CARD,0.0,14773.72,INR,COMPLETED
ORD-2026-1742,2026-04-09 02:30:32,CUST-3534,Delhi,DEBIT_CARD,0.0,8566.68,INR,COMPLETED
ORD-2026-1743,2026-04-09 02:45:16,CUST-5093,Delhi,CREDIT_CARD,0.0,5822.7,INR,COMPLETED
ORD-2026-1744,2026-04-09 03:00:36,CUST-4562,Bengaluru,UPI,0.0,6297.07,INR,COMPLETED
ORD-2026-1745,2026-04-09 03:15:11,CUST-2562,Bengaluru,NETBANKING,0.0,7580.01,INR,COMPLETED
ORD-2026-1746,2026-04-09 03:30:05,CUST-6478,Hyderabad,NETBANKING,43.43,11811.77,INR,COMPLETED
ORD-2026-1747,2026-04-09 03:45:41,CUST-1187,Bengaluru,CREDIT_CARD,0.0,12817.43,INR,COMPLETED
ORD-2026-1748,2026-04-09 04:00:19,CUST-6231,Bengaluru,UPI,0.0,8103.56,INR,COMPLETED
ORD-2026-1749,2026-04-09 04:15:03,CUST-7436,Hyderabad,CREDIT_CARD,0.0,10267.71,INR,COMPLETED
ORD-2026-1750,2026-04-09 04:30:14,CUST-7460,Delhi,UPI,0.0,6763.07,INR,COMPLETED
ORD-2026-1751,2026-04-09 04:45:36,CUST-9980,Hyderabad,NETBANKING,0.0,11307.07,INR,COMPLETED
ORD-2026-1752,2026-04-09 05:00:49,CUST-3209,Hyderabad,NETBANKING,0.0,10619.12,INR,COMPLETED
ORD-2026-1753,2026-04-09 05:15:41,CUST-9589,Delhi,NETBANKING,0.0,8784.29,INR,COMPLETED
ORD-2026-1754,2026-04-09 05:30:20,CUST-2467,Delhi,NETBANKING,0.0,10428.7,INR,COMPLETED
ORD-2026-1755,2026-04-09 05:45:12,CUST-1396,Hyderabad,DEBIT_CARD,0.0,5150.71,INR,COMPLETED
ORD-2026-1756,2026-04-09 06:00:39,CUST-1735,Delhi,NETBANKING,0.0,2614.37,INR,COMPLETED
ORD-2026-1757,2026-04-09 06:15:54,CUST-1893,Delhi,CREDIT_CARD,92.67,1744.31,INR,COMPLETED
ORD-2026-1758,2026-04-09 06:30:21,CUST-2823,Hyderabad,DEBIT_CARD,0.0,10560.03,INR,COMPLETED
ORD-2026-1759,2026-04-09 06:45:47,CUST-4339,Bengaluru,DEBIT_CARD,0.0,8301.08,INR,COMPLETED
ORD-2026-1760,2026-04-09 07:00:39,CUST-3315,Bengaluru,NETBANKING,0.0,11083.89,INR,COMPLETED
ORD-2026-1761,2026-04-09 07:15:37,CUST-9631,Delhi,NETBANKING,0.0,13637.58,INR,COMPLETED
ORD-2026-1762,2026-04-09 07:30:50,CUST-5444,Delhi,DEBIT_CARD,0.0,10599.64,INR,COMPLETED
ORD-2026-1763,2026-04-09 07:45:24,CUST-6901,Delhi,UPI,0.0,10075.41,INR,COMPLETED
ORD-2026-1764,2026-04-09 08:00:14,CUST-9331,Bengaluru,NETBANKING,0.0,14707.0,INR,COMPLETED
ORD-2026-1765,2026-04-09 08:15:55,CUST-2442,Delhi,NETBANKING,0.0,9158.04,INR,COMPLETED
ORD-2026-1766,2026-04-09 08:30:02,CUST-9673,Hyderabad,UPI,0.0,4087.19,INR,COMPLETED
ORD-2026-1767,2026-04-09 08:45:22,CUST-6822,Bengaluru,CREDIT_CARD,0.0,10422.51,INR,COMPLETED
ORD-2026-1768,2026-04-09 09:00:40,CUST-7343,Delhi,DEBIT_CARD,94.91,4236.35,INR,COMPLETED
ORD-2026-1769,2026-04-09 09:15:57,CUST-3248,Delhi,CREDIT_CARD,0.0,6196.28,INR,COMPLETED
ORD-2026-1770,2026-04-09 09:30:15,CUST-7987,Hyderabad,CREDIT_CARD,32.93,8807.03,INR,COMPLETED
ORD-2026-1771,2026-04-09 09:45:41,CUST-9869,Bengaluru,CREDIT_CARD,86.26,2509.36,INR,COMPLETED
ORD-2026-1772,2026-04-09 10:00:58,CUST-3378,Bengaluru,CREDIT_CARD,91.71,14648.77,INR,COMPLETED
ORD-2026-1773,2026-04-09 10:15:35,CUST-2939,Delhi,UPI,0.0,8227.94,INR,COMPLETED
ORD-2026-1774,2026-04-09 10:30:48,CUST-7783,Hyderabad,UPI,0.0,5120.97,INR,COMPLETED
ORD-2026-1775,2026-04-09 10:45:49,CUST-3155,Delhi,DEBIT_CARD,0.0,3225.04,INR,COMPLETED
ORD-2026-1776,2026-04-09 11:00:36,CUST-4804,Delhi,DEBIT_CARD,0.0,9379.25,INR,COMPLETED
ORD-2026-1777,2026-04-09 11:15:44,CUST-3196,Bengaluru,UPI,46.88,11807.48,INR,COMPLETED
ORD-2026-1778,2026-04-09 11:30:54,CUST-8763,Delhi,DEBIT_CARD,0.0,6118.17,INR,COMPLETED
ORD-2026-1779,2026-04-09 11:45:26,CUST-1245,Hyderabad,UPI,22.26,11585.81,INR,COMPLETED
ORD-2026-1780,2026-04-09 12:00:04,CUST-8197,Bengaluru,CREDIT_CARD,0.0,3067.63,INR,COMPLETED
ORD-2026-1781,2026-04-09 12:15:56,CUST-7633,Delhi,NETBANKING,0.0,4078.37,INR,COMPLETED
ORD-2026-1782,2026-04-09 12:30:46,CUST-9784,Bengaluru,NETBANKING,0.0,5037.01,INR,COMPLETED
ORD-2026-1783,2026-04-09 12:45:33,CUST-8485,Delhi,UPI,24.57,2085.09,INR,COMPLETED
ORD-2026-1784,2026-04-09 13:00:47,CUST-7347,Bengaluru,NETBANKING,0.0,1069.15,INR,COMPLETED
ORD-2026-1785,2026-04-09 13:15:28,CUST-5989,Hyderabad,CREDIT_CARD,0.0,6271.58,INR,COMPLETED
ORD-2026-1786,2026-04-09 13:30:58,CUST-9470,Delhi,DEBIT_CARD,0.0,1290.93,INR,COMPLETED
ORD-2026-1787,2026-04-09 13:45:05,CUST-2854,Delhi,NETBANKING,0.0,10978.38,INR,COMPLETED
ORD-2026-1788,2026-04-09 14:00:26,CUST-1408,Delhi,CREDIT_CARD,0.0,5190.18,INR,COMPLETED
ORD-2026-1789,2026-04-09 14:15:05,CUST-3686,Bengaluru,CREDIT_CARD,0.0,4126.19,INR,COMPLETED
ORD-2026-1790,2026-04-09 14:30:45,CUST-6946,Delhi,UPI,0.0,7016.28,INR,COMPLETED
ORD-2026-1791,2026-04-09 14:45:35,CUST-3799,Hyderabad,CREDIT_CARD,0.0,6018.8,INR,COMPLETED
ORD-2026-1792,2026-04-09 15:00:55,CUST-1840,Hyderabad,CREDIT_CARD,0.0,2596.81,INR,COMPLETED
ORD-2026-1793,2026-04-09 15:15:18,CUST-2926,Delhi,NETBANKING,0.35,9583.57,INR,COMPLETED
ORD-2026-1794,2026-04-09 15:30:29,CUST-9169,Bengaluru,DEBIT_CARD,60.8,7715.6,INR,COMPLETED
ORD-2026-1795,2026-04-09 15:45:37,CUST-8434,Hyderabad,CREDIT_CARD,0.0,10062.32,INR,COMPLETED
ORD-2026-1796,2026-04-09 16:00:15,CUST-5556,Bengaluru,UPI,0.0,13291.43,INR,COMPLETED
ORD-2026-1797,2026-04-09 16:15:11,CUST-6718,Delhi,CREDIT_CARD,0.0,2649.71,INR,COMPLETED
ORD-2026-1798,2026-04-09 16:30:58,CUST-2784,Hyderabad,DEBIT_CARD,16.13,1771.69,INR,COMPLETED
ORD-2026-1799,2026-04-09 16:45:47,CUST-1587,Delhi,CREDIT_CARD,0.0,8895.01,INR,COMPLETED
ORD-2026-1800,2026-04-09 17:00:52,CUST-8001,Bengaluru,DEBIT_CARD,0.0,1481.17,INR,COMPLETED
ORD-2026-1801,2026-04-09 17:15:44,CUST-6393,Bengaluru,CREDIT_CARD,0.0,12961.42,INR,COMPLETED
ORD-2026-1802,2026-04-09 17:30:03,CUST-9666,Delhi,CREDIT_CARD,0.0,2084.88,INR,COMPLETED
ORD-2026-1803,2026-04-09 17:45:38,CUST-5254,Bengaluru,DEBIT_CARD,0.0,12793.07,INR,COMPLETED
ORD-2026-1804,2026-04-09 18:00:39,CUST-9514,Bengaluru,DEBIT_CARD,0.0,8658.2,INR,COMPLETED
ORD-2026-1805,2026-04-09 18:15:14,CUST-4171,Delhi,CREDIT_CARD,0.0,10774.51,INR,COMPLETED
ORD-2026-1806,2026-04-09 18:30:47,CUST-7793,Hyderabad,UPI,0.0,12797.01,INR,COMPLETED
ORD-2026-1807,2026-04-09 18:45:40,CUST-5614,Hyderabad,CREDIT_CARD,0.0,3417.21,INR,COMPLETED
ORD-2026-1808,2026-04-09 19:00:35,CUST-1100,Delhi,DEBIT_CARD,0.0,5196.9,INR,COMPLETED
ORD-2026-1809,2026-04-09 19:15:46,CUST-1477,Delhi,NETBANKING,0.0,8749.36,INR,COMPLETED
ORD-2026-1810,2026-04-09 19:30:30,CUST-1582,Bengaluru,DEBIT_CARD,0.0,13784.36,INR,COMPLETED
ORD-2026-1811,2026-04-09 19:45:57,CUST-6490,Hyderabad,NETBANKING,0.0,13045.75,INR,COMPLETED
ORD-2026-1812,2026-04-09 20:00:53,CUST-6169,Bengaluru,UPI,0.0,8055.56,INR,COMPLETED
ORD-2026-1813,2026-04-09 20:15:04,CUST-5595,Delhi,DEBIT_CARD,0.0,14559.39,INR,COMPLETED
ORD-2026-1814,2026-04-09 20:30:38,CUST-2914,Hyderabad,CREDIT_CARD,0.0,6148.71,INR,COMPLETED
ORD-2026-1815,2026-04-09 20:45:17,CUST-9143,Delhi,UPI,0.0,6501.11,INR,COMPLETED
ORD-2026-1816,2026-04-09 21:00:33,CUST-2838,Hyderabad,DEBIT_CARD,0.0,4883.62,INR,COMPLETED
ORD-2026-1817,2026-04-09 21:15:28,CUST-8907,Bengaluru,CREDIT_CARD,0.0,7836.92,INR,COMPLETED
ORD-2026-1818,2026-04-09 21:30:46,CUST-6084,Hyderabad,NETBANKING,0.0,13171.25,INR,COMPLETED
ORD-2026-1819,2026-04-09 21:45:46,CUST-7350,Bengaluru,CREDIT_CARD,11.58,1030.01,INR,COMPLETED
ORD-2026-1820,2026-04-09 22:00:43,CUST-2426,Hyderabad,UPI,0.0,12797.8,INR,COMPLETED
ORD-2026-1821,2026-04-09 22:15:33,CUST-6119,Delhi,UPI,0.0,11609.61,INR,COMPLETED
ORD-2026-1822,2026-04-09 22:30:12,CUST-5532,Bengaluru,CREDIT_CARD,0.0,3291.91,INR,COMPLETED
ORD-2026-1823,2026-04-09 22:45:17,CUST-5483,Delhi,UPI,0.0,2665.15,INR,COMPLETED
ORD-2026-1824,2026-04-09 23:00:13,CUST-6218,Hyderabad,UPI,0.0,8366.67,INR,COMPLETED
ORD-2026-1825,2026-04-09 23:15:15,CUST-6101,Bengaluru,DEBIT_CARD,54.06,2983.49,INR,COMPLETED
ORD-2026-1826,2026-04-09 23:30:30,CUST-1826,Delhi,CREDIT_CARD,0.0,13597.74,INR,COMPLETED
ORD-2026-1827,2026-04-09 23:45:25,CUST-8304,Bengaluru,NETBANKING,0.0,3095.25,INR,COMPLETED
ORD-2026-1828,2026-04-10 00:00:48,CUST-9740,Delhi,CREDIT_CARD,75.57,10227.62,INR,COMPLETED
ORD-2026-1829,2026-04-10 00:15:52,CUST-8672,Delhi,CREDIT_CARD,0.0,12134.08,INR,COMPLETED
ORD-2026-1830,2026-04-10 00:30:30,CUST-4666,Delhi,NETBANKING,61.69,3859.57,INR,COMPLETED
ORD-2026-1831,2026-04-10 00:45:11,CUST-6412,Hyderabad,NETBANKING,0.0,10644.41,INR,COMPLETED
ORD-2026-1832,2026-04-10 01:00:30,CUST-8842,Hyderabad,UPI,28.23,2136.86,INR,COMPLETED
ORD-2026-1833,2026-04-10 01:15:06,CUST-2752,Hyderabad,CREDIT_CARD,0.0,6382.45,INR,COMPLETED
ORD-2026-1834,2026-04-10 01:30:29,CUST-7773,Delhi,DEBIT_CARD,0.0,6311.84,INR,COMPLETED
ORD-2026-1835,2026-04-10 01:45:24,CUST-4411,Bengaluru,CREDIT_CARD,0.0,1457.87,INR,COMPLETED
ORD-2026-1836,2026-04-10 02:00:36,CUST-9921,Bengaluru,NETBANKING,0.0,11916.24,INR,COMPLETED
ORD-2026-1837,2026-04-10 02:15:47,CUST-8972,Delhi,UPI,0.0,13997.52,INR,COMPLETED
ORD-2026-1838,2026-04-10 02:30:06,CUST-3886,Hyderabad,DEBIT_CARD,6.96,12419.33,INR,COMPLETED
ORD-2026-1839,2026-04-10 02:45:20,CUST-2007,Delhi,NETBANKING,0.0,7667.28,INR,COMPLETED
ORD-2026-1840,2026-04-10 03:00:48,CUST-3444,Hyderabad,UPI,0.0,2627.52,INR,COMPLETED
ORD-2026-1841,2026-04-10 03:15:12,CUST-6187,Hyderabad,NETBANKING,0.0,3482.09,INR,COMPLETED
ORD-2026-1842,2026-04-10 03:30:45,CUST-6640,Delhi,DEBIT_CARD,0.0,14747.41,INR,COMPLETED
ORD-2026-1843,2026-04-10 03:45:54,CUST-5819,Delhi,NETBANKING,0.0,2349.56,INR,COMPLETED
ORD-2026-1844,2026-04-10 04:00:00,CUST-6885,Delhi,UPI,86.57,10698.63,INR,COMPLETED
ORD-2026-1845,2026-04-10 04:15:44,CUST-6212,Bengaluru,NETBANKING,0.0,9057.38,INR,COMPLETED
ORD-2026-1846,2026-04-10 04:30:34,CUST-3841,Hyderabad,NETBANKING,0.0,3562.63,INR,COMPLETED
ORD-2026-1847,2026-04-10 04:45:53,CUST-7835,Delhi,NETBANKING,0.0,13904.99,INR,COMPLETED
ORD-2026-1848,2026-04-10 05:00:00,CUST-1257,Delhi,CREDIT_CARD,0.0,1540.32,INR,COMPLETED
ORD-2026-1849,2026-04-10 05:15:08,CUST-7813,Hyderabad,NETBANKING,69.54,1727.62,INR,COMPLETED
ORD-2026-1850,2026-04-10 05:30:32,CUST-8373,Hyderabad,CREDIT_CARD,0.0,6649.81,INR,COMPLETED
ORD-2026-1851,2026-04-10 05:45:38,CUST-9161,Bengaluru,NETBANKING,0.0,607.73,INR,COMPLETED
ORD-2026-1852,2026-04-10 06:00:59,CUST-7012,Delhi,DEBIT_CARD,56.81,8419.41,INR,COMPLETED
ORD-2026-1853,2026-04-10 06:15:37,CUST-2311,Delhi,DEBIT_CARD,0.0,7482.23,INR,COMPLETED
ORD-2026-1854,2026-04-10 06:30:33,CUST-2449,Delhi,DEBIT_CARD,0.0,1634.4,INR,COMPLETED
ORD-2026-1855,2026-04-10 06:45:43,CUST-6119,Bengaluru,UPI,0.0,9688.47,INR,COMPLETED
ORD-2026-1856,2026-04-10 07:00:30,CUST-8687,Bengaluru,UPI,0.0,7083.5,INR,COMPLETED
ORD-2026-1857,2026-04-10 07:15:18,CUST-5981,Bengaluru,DEBIT_CARD,0.0,2928.87,INR,COMPLETED
ORD-2026-1858,2026-04-10 07:30:40,CUST-3770,Bengaluru,UPI,0.0,7360.83,INR,COMPLETED
ORD-2026-1859,2026-04-10 07:45:18,CUST-3077,Bengaluru,UPI,0.0,7529.02,INR,COMPLETED
ORD-2026-1860,2026-04-10 08:00:08,CUST-5509,Hyderabad,DEBIT_CARD,0.0,9429.07,INR,COMPLETED
ORD-2026-1861,2026-04-10 08:15:47,CUST-8317,Hyderabad,CREDIT_CARD,26.13,2691.47,INR,COMPLETED
ORD-2026-1862,2026-04-10 08:30:11,CUST-1542,Hyderabad,CREDIT_CARD,96.73,12090.89,INR,COMPLETED
ORD-2026-1863,2026-04-10 08:45:48,CUST-7277,Delhi,CREDIT_CARD,0.0,14906.99,INR,COMPLETED
ORD-2026-1864,2026-04-10 09:00:36,CUST-6653,Delhi,CREDIT_CARD,0.0,11148.24,INR,COMPLETED
ORD-2026-1865,2026-04-10 09:15:03,CUST-7533,Hyderabad,UPI,0.0,2930.21,INR,COMPLETED
ORD-2026-1866,2026-04-10 09:30:43,CUST-8775,Hyderabad,CREDIT_CARD,0.0,10731.31,INR,COMPLETED
ORD-2026-1867,2026-04-10 09:45:18,CUST-8353,Hyderabad,UPI,0.0,13944.73,INR,COMPLETED
ORD-2026-1868,2026-04-10 10:00:06,CUST-6797,Hyderabad,UPI,0.0,13806.83,INR,COMPLETED
ORD-2026-1869,2026-04-10 10:15:17,CUST-2610,Hyderabad,DEBIT_CARD,0.0,4372.77,INR,COMPLETED
ORD-2026-1870,2026-04-10 10:30:49,CUST-4961,Bengaluru,NETBANKING,0.0,10291.72,INR,COMPLETED
ORD-2026-1871,2026-04-10 10:45:21,CUST-3947,Hyderabad,CREDIT_CARD,0.0,10326.91,INR,COMPLETED
ORD-2026-1872,2026-04-10 11:00:53,CUST-7737,Delhi,UPI,0.0,1485.3,INR,COMPLETED
ORD-2026-1873,2026-04-10 11:15:22,CUST-5641,Hyderabad,NETBANKING,0.0,3681.54,INR,COMPLETED
ORD-2026-1874,2026-04-10 11:30:03,CUST-4552,Bengaluru,UPI,0.0,14108.33,INR,COMPLETED
ORD-2026-1875,2026-04-10 11:45:05,CUST-3128,Hyderabad,UPI,0.0,12918.39,INR,COMPLETED
ORD-2026-1876,2026-04-10 12:00:44,CUST-5826,Hyderabad,CREDIT_CARD,0.0,3171.81,INR,COMPLETED
ORD-2026-1877,2026-04-10 12:15:59,CUST-7995,Bengaluru,NETBANKING,76.99,14931.09,INR,COMPLETED
ORD-2026-1878,2026-04-10 12:30:49,CUST-2022,Hyderabad,DEBIT_CARD,0.0,1572.96,INR,COMPLETED
ORD-2026-1879,2026-04-10 12:45:11,CUST-9056,Delhi,DEBIT_CARD,0.0,6888.34,INR,COMPLETED
ORD-2026-1880,2026-04-10 13:00:06,CUST-8065,Delhi,NETBANKING,0.0,2586.15,INR,COMPLETED
ORD-2026-1881,2026-04-10 13:15:45,CUST-1571,Delhi,NETBANKING,0.0,4255.45,INR,COMPLETED
ORD-2026-1882,2026-04-10 13:30:01,CUST-3438,Bengaluru,DEBIT_CARD,0.0,13499.43,INR,COMPLETED
ORD-2026-1883,2026-04-10 13:45:17,CUST-6403,Hyderabad,NETBANKING,0.0,2698.31,INR,COMPLETED
ORD-2026-1884,2026-04-10 14:00:30,CUST-2148,Bengaluru,NETBANKING,0.0,6822.84,INR,COMPLETED
ORD-2026-1885,2026-04-10 14:15:07,CUST-6880,Hyderabad,NETBANKING,0.0,8725.04,INR,COMPLETED
ORD-2026-1886,2026-04-10 14:30:40,CUST-2485,Hyderabad,UPI,0.0,14956.73,INR,COMPLETED
ORD-2026-1887,2026-04-10 14:45:53,CUST-5750,Bengaluru,UPI,0.0,7164.77,INR,COMPLETED
ORD-2026-1888,2026-04-10 15:00:24,CUST-5896,Bengaluru,UPI,0.0,10080.64,INR,COMPLETED
ORD-2026-1889,2026-04-10 15:15:05,CUST-8175,Bengaluru,DEBIT_CARD,0.0,13335.61,INR,COMPLETED
ORD-2026-1890,2026-04-10 15:30:46,CUST-4907,Hyderabad,CREDIT_CARD,0.0,14947.56,INR,COMPLETED
ORD-2026-1891,2026-04-10 15:45:34,CUST-8361,Delhi,DEBIT_CARD,0.0,14491.83,INR,COMPLETED
ORD-2026-1892,2026-04-10 16:00:02,CUST-4468,Bengaluru,DEBIT_CARD,0.0,6379.86,INR,COMPLETED
ORD-2026-1893,2026-04-10 16:15:37,CUST-2180,Delhi,CREDIT_CARD,0.0,3878.29,INR,COMPLETED
ORD-2026-1894,2026-04-10 16:30:30,CUST-1750,Delhi,UPI,0.0,13654.09,INR,COMPLETED
ORD-2026-1895,2026-04-10 16:45:11,CUST-6035,Delhi,UPI,0.0,9673.59,INR,COMPLETED
ORD-2026-1896,2026-04-10 17:00:52,CUST-2870,Hyderabad,UPI,0.0,12353.32,INR,COMPLETED
ORD-2026-1897,2026-04-10 17:15:51,CUST-6527,Bengaluru,CREDIT_CARD,0.0,3438.3,INR,COMPLETED
ORD-2026-1898,2026-04-10 17:30:43,CUST-3250,Hyderabad,UPI,79.31,8851.52,INR,COMPLETED
ORD-2026-1899,2026-04-10 17:45:37,CUST-2035,Delhi,UPI,0.0,3014.99,INR,COMPLETED
ORD-2026-1900,2026-04-10 18:00:10,CUST-3703,Hyderabad,NETBANKING,0.0,10596.29,INR,COMPLETED
ORD-2026-1901,2026-04-10 18:15:08,CUST-7162,Delhi,UPI,0.0,1949.53,INR,COMPLETED
ORD-2026-1902,2026-04-10 18:30:00,CUST-2460,Bengaluru,UPI,0.0,604.75,INR,COMPLETED
ORD-2026-1903,2026-04-10 18:45:44,CUST-8798,Bengaluru,NETBANKING,0.0,12207.47,INR,COMPLETED
ORD-2026-1904,2026-04-10 19:00:28,CUST-3859,Bengaluru,DEBIT_CARD,0.0,6474.45,INR,COMPLETED
ORD-2026-1905,2026-04-10 19:15:31,CUST-2442,Bengaluru,CREDIT_CARD,30.12,9374.72,INR,COMPLETED
ORD-2026-1906,2026-04-10 19:30:35,CUST-2925,Bengaluru,UPI,61.89,3916.77,INR,COMPLETED
ORD-2026-1907,2026-04-10 19:45:49,CUST-4409,Hyderabad,CREDIT_CARD,0.0,9583.73,INR,COMPLETED
ORD-2026-1908,2026-04-10 20:00:54,CUST-8772,Hyderabad,CREDIT_CARD,0.0,14544.32,INR,COMPLETED
ORD-2026-1909,2026-04-10 20:15:03,CUST-5670,Delhi,UPI,0.0,9850.48,INR,COMPLETED
ORD-2026-1910,2026-04-10 20:30:02,CUST-1859,Bengaluru,NETBANKING,0.0,2014.11,INR,COMPLETED
ORD-2026-1911,2026-04-10 20:45:31,CUST-2160,Delhi,UPI,0.0,7966.1,INR,COMPLETED
ORD-2026-1912,2026-04-10 21:00:12,CUST-6336,Delhi,DEBIT_CARD,0.0,11332.76,INR,COMPLETED
ORD-2026-1913,2026-04-10 21:15:15,CUST-4276,Hyderabad,CREDIT_CARD,7.35,11197.34,INR,COMPLETED
ORD-2026-1914,2026-04-10 21:30:03,CUST-3374,Delhi,NETBANKING,45.5,13412.09,INR,COMPLETED
ORD-2026-1915,2026-04-10 21:45:29,CUST-6875,Hyderabad,DEBIT_CARD,0.0,10937.41,INR,COMPLETED
ORD-2026-1916,2026-04-10 22:00:44,CUST-5597,Delhi,UPI,0.0,8745.65,INR,COMPLETED
ORD-2026-1917,2026-04-10 22:15:26,CUST-6629,Delhi,NETBANKING,60.36,2982.42,INR,COMPLETED
ORD-2026-1918,2026-04-10 22:30:35,CUST-2416,Hyderabad,CREDIT_CARD,48.92,12897.56,INR,COMPLETED
ORD-2026-1919,2026-04-10 22:45:53,CUST-1237,Bengaluru,NETBANKING,0.0,7210.06,INR,COMPLETED
ORD-2026-1920,2026-04-10 23:00:27,CUST-3440,Bengaluru,CREDIT_CARD,41.78,8902.27,INR,COMPLETED
ORD-2026-1921,2026-04-10 23:15:30,CUST-9261,Delhi,UPI,0.0,11135.41,INR,COMPLETED
ORD-2026-1922,2026-04-10 23:30:51,CUST-2605,Hyderabad,NETBANKING,0.0,12071.25,INR,COMPLETED
ORD-2026-1923,2026-04-10 23:45:44,CUST-4571,Delhi,UPI,0.0,11110.9,INR,COMPLETED
ORD-2026-1924,2026-04-11 00:00:01,CUST-5994,Delhi,UPI,0.0,7456.85,INR,COMPLETED
ORD-2026-1925,2026-04-11 00:15:29,CUST-3271,Bengaluru,UPI,0.0,7224.53,INR,COMPLETED
ORD-2026-1926,2026-04-11 00:30:29,CUST-1022,Bengaluru,DEBIT_CARD,0.0,10706.58,INR,COMPLETED
ORD-2026-1927,2026-04-11 00:45:02,CUST-5420,Bengaluru,DEBIT_CARD,54.24,4800.55,INR,COMPLETED
ORD-2026-1928,2026-04-11 01:00:05,CUST-6500,Bengaluru,CREDIT_CARD,51.47,9496.6,INR,COMPLETED
ORD-2026-1929,2026-04-11 01:15:07,CUST-8624,Bengaluru,DEBIT_CARD,0.0,6052.85,INR,COMPLETED
ORD-2026-1930,2026-04-11 01:30:35,CUST-4354,Delhi,CREDIT_CARD,23.86,10720.67,INR,COMPLETED
ORD-2026-1931,2026-04-11 01:45:47,CUST-4437,Bengaluru,NETBANKING,0.0,14117.65,INR,COMPLETED
ORD-2026-1932,2026-04-11 02:00:32,CUST-5540,Delhi,DEBIT_CARD,0.0,10363.29,INR,COMPLETED
ORD-2026-1933,2026-04-11 02:15:31,CUST-3010,Hyderabad,NETBANKING,0.0,7771.03,INR,COMPLETED
ORD-2026-1934,2026-04-11 02:30:39,CUST-2075,Delhi,DEBIT_CARD,45.79,5838.11,INR,COMPLETED
ORD-2026-1935,2026-04-11 02:45:57,CUST-2260,Delhi,NETBANKING,0.0,3092.77,INR,COMPLETED
ORD-2026-1936,2026-04-11 03:00:09,CUST-9530,Bengaluru,CREDIT_CARD,0.0,13187.4,INR,COMPLETED
ORD-2026-1937,2026-04-11 03:15:22,CUST-1351,Hyderabad,CREDIT_CARD,0.0,6591.88,INR,COMPLETED
ORD-2026-1938,2026-04-11 03:30:41,CUST-6616,Bengaluru,CREDIT_CARD,0.0,5370.22,INR,COMPLETED
ORD-2026-1939,2026-04-11 03:45:37,CUST-9686,Bengaluru,NETBANKING,0.0,10154.9,INR,COMPLETED
ORD-2026-1940,2026-04-11 04:00:10,CUST-4715,Hyderabad,CREDIT_CARD,0.0,11944.38,INR,COMPLETED
ORD-2026-1941,2026-04-11 04:15:09,CUST-8469,Delhi,UPI,0.0,5620.25,INR,COMPLETED
ORD-2026-1942,2026-04-11 04:30:11,CUST-3514,Delhi,DEBIT_CARD,0.0,12670.31,INR,COMPLETED
ORD-2026-1943,2026-04-11 04:45:08,CUST-7056,Delhi,DEBIT_CARD,0.0,6892.89,INR,COMPLETED
ORD-2026-1944,2026-04-11 05:00:42,CUST-6633,Delhi,UPI,0.0,5095.68,INR,COMPLETED
ORD-2026-1945,2026-04-11 05:15:19,CUST-1408,Hyderabad,CREDIT_CARD,76.85,2261.61,INR,COMPLETED
ORD-2026-1946,2026-04-11 05:30:00,CUST-9948,Bengaluru,DEBIT_CARD,0.0,14567.18,INR,COMPLETED
ORD-2026-1947,2026-04-11 05:45:57,CUST-3409,Bengaluru,DEBIT_CARD,0.0,4702.49,INR,COMPLETED
ORD-2026-1948,2026-04-11 06:00:07,CUST-1656,Delhi,DEBIT_CARD,0.0,11108.79,INR,COMPLETED
ORD-2026-1949,2026-04-11 06:15:25,CUST-4610,Hyderabad,DEBIT_CARD,0.0,9454.07,INR,COMPLETED
ORD-2026-1950,2026-04-11 06:30:38,CUST-9625,Delhi,UPI,0.0,9799.03,INR,COMPLETED
ORD-2026-1951,2026-04-11 06:45:01,CUST-8298,Bengaluru,DEBIT_CARD,0.0,1712.05,INR,COMPLETED
ORD-2026-1952,2026-04-11 07:00:12,CUST-9381,Delhi,NETBANKING,36.11,7611.75,INR,COMPLETED
ORD-2026-1953,2026-04-11 07:15:23,CUST-1199,Hyderabad,NETBANKING,0.0,6098.63,INR,COMPLETED
ORD-2026-1954,2026-04-11 07:30:55,CUST-4533,Bengaluru,NETBANKING,74.15,8634.98,INR,COMPLETED
ORD-2026-1955,2026-04-11 07:45:18,CUST-7944,Bengaluru,NETBANKING,13.96,2874.96,INR,COMPLETED
ORD-2026-1956,2026-04-11 08:00:09,CUST-8776,Bengaluru,UPI,6.61,3512.86,INR,COMPLETED
ORD-2026-1957,2026-04-11 08:15:05,CUST-5478,Hyderabad,NETBANKING,0.0,595.97,INR,COMPLETED
ORD-2026-1958,2026-04-11 08:30:11,CUST-5742,Bengaluru,CREDIT_CARD,0.0,12568.11,INR,COMPLETED
ORD-2026-1959,2026-04-11 08:45:19,CUST-8593,Delhi,DEBIT_CARD,0.0,7664.46,INR,COMPLETED
ORD-2026-1960,2026-04-11 09:00:19,CUST-8742,Delhi,CREDIT_CARD,0.0,14362.39,INR,COMPLETED
ORD-2026-1961,2026-04-11 09:15:11,CUST-5009,Delhi,NETBANKING,0.0,7632.35,INR,COMPLETED
ORD-2026-1962,2026-04-11 09:30:04,CUST-6927,Bengaluru,NETBANKING,0.0,9183.92,INR,COMPLETED
ORD-2026-1963,2026-04-11 09:45:43,CUST-2959,Hyderabad,DEBIT_CARD,0.0,7402.59,INR,COMPLETED
ORD-2026-1964,2026-04-11 10:00:54,CUST-1958,Delhi,UPI,0.0,4263.29,INR,COMPLETED
ORD-2026-1965,2026-04-11 10:15:10,CUST-6917,Hyderabad,CREDIT_CARD,0.0,1266.88,INR,COMPLETED
ORD-2026-1966,2026-04-11 10:30:18,CUST-2258,Bengaluru,UPI,0.0,4729.13,INR,COMPLETED
ORD-2026-1967,2026-04-11 10:45:38,CUST-9908,Hyderabad,CREDIT_CARD,82.68,11413.11,INR,COMPLETED
ORD-2026-1968,2026-04-11 11:00:43,CUST-6939,Delhi,DEBIT_CARD,0.0,10620.53,INR,COMPLETED
ORD-2026-1969,2026-04-11 11:15:08,CUST-7111,Hyderabad,CREDIT_CARD,0.0,8013.48,INR,COMPLETED
ORD-2026-1970,2026-04-11 11:30:13,CUST-4622,Delhi,UPI,0.0,2741.05,INR,COMPLETED
ORD-2026-1971,2026-04-11 11:45:26,CUST-2251,Delhi,UPI,92.34,7177.12,INR,COMPLETED
ORD-2026-1972,2026-04-11 12:00:44,CUST-8240,Bengaluru,DEBIT_CARD,0.0,5757.24,INR,COMPLETED
ORD-2026-1973,2026-04-11 12:15:19,CUST-2943,Delhi,CREDIT_CARD,0.0,917.01,INR,COMPLETED
ORD-2026-1974,2026-04-11 12:30:14,CUST-4438,Delhi,CREDIT_CARD,42.48,4957.71,INR,COMPLETED
ORD-2026-1975,2026-04-11 12:45:04,CUST-8934,Hyderabad,UPI,0.0,772.69,INR,COMPLETED
ORD-2026-1976,2026-04-11 13:00:50,CUST-1971,Hyderabad,UPI,0.0,10066.94,INR,COMPLETED
ORD-2026-1977,2026-04-11 13:15:04,CUST-1168,Delhi,UPI,0.0,4873.86,INR,COMPLETED
ORD-2026-1978,2026-04-11 13:30:57,CUST-6759,Delhi,CREDIT_CARD,0.0,3400.35,INR,COMPLETED
ORD-2026-1979,2026-04-11 13:45:22,CUST-9202,Bengaluru,DEBIT_CARD,0.0,5606.95,INR,COMPLETED
ORD-2026-1980,2026-04-11 14:00:06,CUST-1229,Bengaluru,UPI,0.0,12384.0,INR,COMPLETED
ORD-2026-1981,2026-04-11 14:15:57,CUST-1070,Bengaluru,DEBIT_CARD,0.0,11433.26,INR,COMPLETED
ORD-2026-1982,2026-04-11 14:30:23,CUST-4033,Hyderabad,NETBANKING,0.0,10622.93,INR,COMPLETED
ORD-2026-1983,2026-04-11 14:45:24,CUST-9425,Delhi,CREDIT_CARD,0.0,6649.33,INR,COMPLETED
ORD-2026-1984,2026-04-11 15:00:29,CUST-3226,Hyderabad,DEBIT_CARD,0.0,2099.58,INR,COMPLETED
ORD-2026-1985,2026-04-11 15:15:46,CUST-6375,Hyderabad,DEBIT_CARD,0.0,1088.82,INR,COMPLETED
ORD-2026-1986,2026-04-11 15:30:38,CUST-8273,Delhi,NETBANKING,0.0,11174.53,INR,COMPLETED
ORD-2026-1987,2026-04-11 15:45:12,CUST-8793,Bengaluru,NETBANKING,0.0,12923.22,INR,COMPLETED
ORD-2026-1988,2026-04-11 16:00:43,CUST-8177,Bengaluru,NETBANKING,0.0,2024.99,INR,COMPLETED
ORD-2026-1989,2026-04-11 16:15:09,CUST-2666,Bengaluru,UPI,97.79,6224.77,INR,COMPLETED
ORD-2026-1990,2026-04-11 16:30:21,CUST-7623,Delhi,DEBIT_CARD,0.0,3403.82,INR,COMPLETED
ORD-2026-1991,2026-04-11 16:45:17,CUST-5472,Bengaluru,NETBANKING,35.61,11589.85,INR,COMPLETED
ORD-2026-1992,2026-04-11 17:00:31,CUST-3414,Hyderabad,NETBANKING,0.0,7915.51,INR,COMPLETED
ORD-2026-1993,2026-04-11 17:15:31,CUST-3205,Delhi,NETBANKING,0.0,3846.92,INR,COMPLETED
ORD-2026-1994,2026-04-11 17:30:31,CUST-3934,Hyderabad,UPI,0.0,10332.56,INR,COMPLETED
ORD-2026-1995,2026-04-11 17:45:39,CUST-2253,Bengaluru,CREDIT_CARD,0.0,9536.87,INR,COMPLETED
ORD-2026-1996,2026-04-11 18:00:50,CUST-5809,Bengaluru,NETBANKING,0.0,7257.32,INR,COMPLETED
ORD-2026-1997,2026-04-11 18:15:21,CUST-9856,Bengaluru,DEBIT_CARD,0.0,12237.48,INR,COMPLETED
ORD-2026-1998,2026-04-11 18:30:27,CUST-2951,Hyderabad,UPI,0.0,13261.82,INR,COMPLETED
ORD-2026-1999,2026-04-11 18:45:29,CUST-3897,Bengaluru,NETBANKING,0.0,1021.73,INR,COMPLETED
ORD-2026-2000,2026-04-11 19:00:10,CUST-3203,Hyderabad,DEBIT_CARD,0.0,7626.45,INR,COMPLETED
ORD-2026-2001,2026-04-11 19:15:36,CUST-9837,Bengaluru,UPI,0.0,10287.86,INR,COMPLETED
ORD-2026-2002,2026-04-11 19:30:03,CUST-9105,Bengaluru,CREDIT_CARD,61.69,6175.08,INR,COMPLETED
ORD-2026-2003,2026-04-11 19:45:03,CUST-1739,Delhi,DEBIT_CARD,34.89,908.13,INR,COMPLETED
ORD-2026-2004,2026-04-11 20:00:48,CUST-6591,Hyderabad,UPI,0.0,13424.47,INR,COMPLETED
ORD-2026-2005,2026-04-11 20:15:22,CUST-5001,Delhi,DEBIT_CARD,0.0,1318.51,INR,COMPLETED
ORD-2026-2006,2026-04-11 20:30:58,CUST-5995,Delhi,UPI,0.0,10475.87,INR,COMPLETED
ORD-2026-2007,2026-04-11 20:45:29,CUST-7921,Bengaluru,DEBIT_CARD,0.0,10037.63,INR,COMPLETED
ORD-2026-2008,2026-04-11 21:00:44,CUST-1364,Hyderabad,DEBIT_CARD,0.0,7310.65,INR,COMPLETED
ORD-2026-2009,2026-04-11 21:15:06,CUST-2639,Bengaluru,DEBIT_CARD,0.0,12220.74,INR,COMPLETED
ORD-2026-2010,2026-04-11 21:30:32,CUST-6563,Delhi,NETBANKING,0.0,12266.13,INR,COMPLETED
ORD-2026-2011,2026-04-11 21:45:12,CUST-2234,Bengaluru,NETBANKING,0.0,7705.8,INR,COMPLETED
ORD-2026-2012,2026-04-11 22:00:19,CUST-7586,Delhi,UPI,0.0,14945.3,INR,COMPLETED
ORD-2026-2013,2026-04-11 22:15:37,CUST-2102,Bengaluru,UPI,47.53,5384.15,INR,COMPLETED
ORD-2026-2014,2026-04-11 22:30:41,CUST-9268,Hyderabad,DEBIT_CARD,0.0,12444.21,INR,COMPLETED
ORD-2026-2015,2026-04-11 22:45:26,CUST-9443,Hyderabad,DEBIT_CARD,0.0,6333.36,INR,COMPLETED
ORD-2026-2016,2026-04-11 23:00:40,CUST-4056,Bengaluru,CREDIT_CARD,0.0,10698.31,INR,COMPLETED
ORD-2026-2017,2026-04-11 23:15:17,CUST-9728,Bengaluru,NETBANKING,90.68,14088.86,INR,COMPLETED
ORD-2026-2018,2026-04-11 23:30:33,CUST-8577,Delhi,UPI,0.0,3409.4,INR,COMPLETED
ORD-2026-2019,2026-04-11 23:45:26,CUST-2055,Bengaluru,DEBIT_CARD,0.0,5120.47,INR,COMPLETED
ORD-2026-2020,2026-04-12 00:00:41,CUST-4868,Hyderabad,DEBIT_CARD,0.0,2828.47,INR,COMPLETED
ORD-2026-2021,2026-04-12 00:15:15,CUST-6087,Hyderabad,CREDIT_CARD,0.0,12057.15,INR,COMPLETED
ORD-2026-2022,2026-04-12 00:30:41,CUST-4309,Delhi,NETBANKING,0.0,13632.01,INR,COMPLETED
ORD-2026-2023,2026-04-12 00:45:42,CUST-1691,Bengaluru,DEBIT_CARD,0.0,8485.24,INR,COMPLETED
ORD-2026-2024,2026-04-12 01:00:55,CUST-6143,Bengaluru,UPI,0.0,13499.33,INR,COMPLETED
ORD-2026-2025,2026-04-12 01:15:57,CUST-2479,Hyderabad,NETBANKING,72.42,5769.8,INR,COMPLETED
ORD-2026-2026,2026-04-12 01:30:36,CUST-2976,Bengaluru,CREDIT_CARD,0.0,11149.97,INR,COMPLETED
ORD-2026-2027,2026-04-12 01:45:56,CUST-3003,Hyderabad,DEBIT_CARD,0.0,1808.61,INR,COMPLETED
ORD-2026-2028,2026-04-12 02:00:51,CUST-4865,Hyderabad,NETBANKING,0.0,11351.43,INR,COMPLETED
ORD-2026-2029,2026-04-12 02:15:17,CUST-5166,Bengaluru,CREDIT_CARD,0.0,6872.39,INR,COMPLETED
ORD-2026-2030,2026-04-12 02:30:07,CUST-7943,Hyderabad,DEBIT_CARD,0.0,5089.1,INR,COMPLETED
ORD-2026-2031,2026-04-12 02:45:30,CUST-6049,Delhi,CREDIT_CARD,0.0,10877.23,INR,COMPLETED
ORD-2026-2032,2026-04-12 03:00:53,CUST-1895,Bengaluru,UPI,67.16,11222.02,INR,COMPLETED
ORD-2026-2033,2026-04-12 03:15:19,CUST-6945,Bengaluru,NETBANKING,0.0,9764.76,INR,COMPLETED
ORD-2026-2034,2026-04-12 03:30:24,CUST-7438,Hyderabad,NETBANKING,0.0,614.06,INR,COMPLETED
ORD-2026-2035,2026-04-12 03:45:13,CUST-3625,Hyderabad,CREDIT_CARD,0.0,12961.54,INR,COMPLETED
ORD-2026-2036,2026-04-12 04:00:50,CUST-2312,Hyderabad,NETBANKING,0.0,991.28,INR,COMPLETED
ORD-2026-2037,2026-04-12 04:15:27,CUST-2644,Delhi,DEBIT_CARD,0.0,13213.04,INR,COMPLETED
ORD-2026-2038,2026-04-12 04:30:22,CUST-9973,Bengaluru,UPI,0.0,6602.62,INR,COMPLETED
ORD-2026-2039,2026-04-12 04:45:48,CUST-4010,Bengaluru,UPI,0.0,1255.43,INR,COMPLETED
ORD-2026-2040,2026-04-12 05:00:25,CUST-6006,Hyderabad,CREDIT_CARD,0.0,3401.09,INR,COMPLETED
ORD-2026-2041,2026-04-12 05:15:33,CUST-3131,Bengaluru,CREDIT_CARD,0.0,10846.68,INR,COMPLETED
ORD-2026-2042,2026-04-12 05:30:30,CUST-3187,Hyderabad,DEBIT_CARD,0.0,13165.83,INR,COMPLETED
ORD-2026-2043,2026-04-12 05:45:12,CUST-7022,Delhi,DEBIT_CARD,0.0,1723.78,INR,COMPLETED
ORD-2026-2044,2026-04-12 06:00:01,CUST-4747,Delhi,CREDIT_CARD,19.83,13885.13,INR,COMPLETED
ORD-2026-2045,2026-04-12 06:15:25,CUST-5262,Delhi,CREDIT_CARD,0.0,9461.06,INR,COMPLETED
ORD-2026-2046,2026-04-12 06:30:07,CUST-9615,Hyderabad,CREDIT_CARD,0.0,704.67,INR,COMPLETED
ORD-2026-2047,2026-04-12 06:45:07,CUST-4328,Delhi,NETBANKING,81.34,3755.02,INR,COMPLETED
ORD-2026-2048,2026-04-12 07:00:31,CUST-8066,Delhi,DEBIT_CARD,0.0,6040.07,INR,COMPLETED
ORD-2026-2049,2026-04-12 07:15:43,CUST-3955,Hyderabad,DEBIT_CARD,0.0,3245.77,INR,COMPLETED
ORD-2026-2050,2026-04-12 07:30:15,CUST-5068,Hyderabad,DEBIT_CARD,0.0,9456.36,INR,COMPLETED
ORD-2026-2051,2026-04-12 07:45:05,CUST-3182,Hyderabad,NETBANKING,39.76,649.64,INR,COMPLETED
ORD-2026-2052,2026-04-12 08:00:45,CUST-5198,Delhi,NETBANKING,0.0,6637.72,INR,COMPLETED
ORD-2026-2053,2026-04-12 08:15:21,CUST-8715,Hyderabad,UPI,93.93,14000.44,INR,COMPLETED
ORD-2026-2054,2026-04-12 08:30:00,CUST-7241,Hyderabad,UPI,67.13,4178.02,INR,COMPLETED
ORD-2026-2055,2026-04-12 08:45:37,CUST-3783,Bengaluru,UPI,0.0,3100.9,INR,COMPLETED
ORD-2026-2056,2026-04-12 09:00:08,CUST-9690,Hyderabad,NETBANKING,0.0,1799.9,INR,COMPLETED
ORD-2026-2057,2026-04-12 09:15:08,CUST-5603,Bengaluru,DEBIT_CARD,0.0,7738.55,INR,COMPLETED
ORD-2026-2058,2026-04-12 09:30:39,CUST-5321,Bengaluru,DEBIT_CARD,0.0,12529.04,INR,COMPLETED
ORD-2026-2059,2026-04-12 09:45:31,CUST-3478,Bengaluru,DEBIT_CARD,65.74,11573.29,INR,COMPLETED
ORD-2026-2060,2026-04-12 10:00:03,CUST-1894,Delhi,NETBANKING,0.0,3239.34,INR,COMPLETED
ORD-2026-2061,2026-04-12 10:15:45,CUST-2900,Hyderabad,DEBIT_CARD,0.0,7273.43,INR,COMPLETED
ORD-2026-2062,2026-04-12 10:30:29,CUST-3425,Delhi,NETBANKING,0.0,7648.33,INR,COMPLETED
ORD-2026-2063,2026-04-12 10:45:53,CUST-9335,Hyderabad,DEBIT_CARD,0.0,2940.28,INR,COMPLETED
ORD-2026-2064,2026-04-12 11:00:00,CUST-3958,Hyderabad,CREDIT_CARD,24.62,8127.22,INR,COMPLETED
ORD-2026-2065,2026-04-12 11:15:56,CUST-5657,Bengaluru,UPI,12.2,5265.54,INR,COMPLETED
ORD-2026-2066,2026-04-12 11:30:53,CUST-1473,Delhi,UPI,0.0,5191.31,INR,COMPLETED
ORD-2026-2067,2026-04-12 11:45:29,CUST-5412,Bengaluru,NETBANKING,0.0,9611.17,INR,COMPLETED
ORD-2026-2068,2026-04-12 12:00:41,CUST-8423,Hyderabad,UPI,99.98,9524.29,INR,COMPLETED
ORD-2026-2069,2026-04-12 12:15:55,CUST-5635,Hyderabad,CREDIT_CARD,0.0,1205.89,INR,COMPLETED
ORD-2026-2070,2026-04-12 12:30:35,CUST-7248,Delhi,UPI,0.0,14302.55,INR,COMPLETED
ORD-2026-2071,2026-04-12 12:45:05,CUST-4411,Delhi,CREDIT_CARD,0.0,797.42,INR,COMPLETED
ORD-2026-2072,2026-04-12 13:00:48,CUST-3525,Delhi,DEBIT_CARD,0.0,14339.27,INR,COMPLETED
ORD-2026-2073,2026-04-12 13:15:47,CUST-6080,Bengaluru,NETBANKING,0.0,12192.12,INR,COMPLETED
ORD-2026-2074,2026-04-12 13:30:53,CUST-4274,Hyderabad,UPI,0.0,5828.12,INR,COMPLETED
ORD-2026-2075,2026-04-12 13:45:17,CUST-7931,Delhi,NETBANKING,0.0,8664.33,INR,COMPLETED
ORD-2026-2076,2026-04-12 14:00:11,CUST-7979,Delhi,DEBIT_CARD,0.0,6794.54,INR,COMPLETED
ORD-2026-2077,2026-04-12 14:15:43,CUST-3540,Hyderabad,NETBANKING,0.0,3751.34,INR,COMPLETED
ORD-2026-2078,2026-04-12 14:30:18,CUST-2297,Hyderabad,UPI,0.0,7289.18,INR,COMPLETED
ORD-2026-2079,2026-04-12 14:45:33,CUST-1781,Bengaluru,DEBIT_CARD,0.0,6702.11,INR,COMPLETED
ORD-2026-2080,2026-04-12 15:00:32,CUST-2548,Hyderabad,UPI,0.0,6661.25,INR,COMPLETED
ORD-2026-2081,2026-04-12 15:15:16,CUST-9248,Delhi,DEBIT_CARD,0.0,8990.73,INR,COMPLETED
ORD-2026-2082,2026-04-12 15:30:11,CUST-7438,Delhi,NETBANKING,0.0,11899.57,INR,COMPLETED
ORD-2026-2083,2026-04-12 15:45:37,CUST-8371,Bengaluru,DEBIT_CARD,34.13,10999.37,INR,COMPLETED
ORD-2026-2084,2026-04-12 16:00:11,CUST-5248,Bengaluru,CREDIT_CARD,0.0,1634.2,INR,COMPLETED
ORD-2026-2085,2026-04-12 16:15:00,CUST-1217,Delhi,UPI,0.0,6226.54,INR,COMPLETED
ORD-2026-2086,2026-04-12 16:30:55,CUST-8974,Hyderabad,NETBANKING,0.0,10036.9,INR,COMPLETED
ORD-2026-2087,2026-04-12 16:45:43,CUST-7471,Hyderabad,DEBIT_CARD,0.0,14465.55,INR,COMPLETED
ORD-2026-2088,2026-04-12 17:00:12,CUST-1260,Bengaluru,UPI,85.9,2122.73,INR,COMPLETED
ORD-2026-2089,2026-04-12 17:15:41,CUST-4961,Hyderabad,NETBANKING,85.82,2604.74,INR,COMPLETED
ORD-2026-2090,2026-04-12 17:30:19,CUST-3427,Hyderabad,CREDIT_CARD,0.0,11660.96,INR,COMPLETED
ORD-2026-2091,2026-04-12 17:45:47,CUST-8947,Hyderabad,CREDIT_CARD,0.0,10687.67,INR,COMPLETED
ORD-2026-2092,2026-04-12 18:00:18,CUST-7418,Delhi,CREDIT_CARD,0.0,8756.74,INR,COMPLETED
ORD-2026-2093,2026-04-12 18:15:26,CUST-5764,Delhi,NETBANKING,0.0,12804.94,INR,COMPLETED
ORD-2026-2094,2026-04-12 18:30:14,CUST-9655,Delhi,NETBANKING,0.0,10857.21,INR,COMPLETED
ORD-2026-2095,2026-04-12 18:45:17,CUST-7834,Hyderabad,UPI,0.0,13446.72,INR,COMPLETED
ORD-2026-2096,2026-04-12 19:00:44,CUST-3643,Hyderabad,DEBIT_CARD,0.0,6825.34,INR,COMPLETED
ORD-2026-2097,2026-04-12 19:15:14,CUST-6556,Bengaluru,DEBIT_CARD,71.52,7860.72,INR,COMPLETED
ORD-2026-2098,2026-04-12 19:30:46,CUST-7829,Bengaluru,CREDIT_CARD,0.0,10815.09,INR,COMPLETED
ORD-2026-2099,2026-04-12 19:45:51,CUST-3654,Bengaluru,NETBANKING,0.0,14578.65,INR,COMPLETED
ORD-2026-2100,2026-04-12 20:00:42,CUST-3839,Delhi,UPI,0.0,7501.9,INR,COMPLETED
ORD-2026-2101,2026-04-12 20:15:50,CUST-9089,Hyderabad,UPI,0.0,6531.77,INR,COMPLETED
ORD-2026-2102,2026-04-12 20:30:01,CUST-5273,Hyderabad,UPI,0.0,5702.41,INR,COMPLETED
ORD-2026-2103,2026-04-12 20:45:51,CUST-8055,Delhi,UPI,0.0,1423.15,INR,COMPLETED
ORD-2026-2104,2026-04-12 21:00:16,CUST-6820,Delhi,CREDIT_CARD,0.0,14908.11,INR,COMPLETED
ORD-2026-2105,2026-04-12 21:15:54,CUST-9444,Bengaluru,DEBIT_CARD,0.0,10506.97,INR,COMPLETED
ORD-2026-2106,2026-04-12 21:30:59,CUST-8489,Delhi,UPI,78.17,14220.88,INR,COMPLETED
ORD-2026-2107,2026-04-12 21:45:52,CUST-9311,Delhi,UPI,0.0,8655.86,INR,COMPLETED
ORD-2026-2108,2026-04-12 22:00:10,CUST-8233,Bengaluru,CREDIT_CARD,0.0,11061.06,INR,COMPLETED
ORD-2026-2109,2026-04-12 22:15:23,CUST-3257,Delhi,CREDIT_CARD,43.91,5351.81,INR,COMPLETED
ORD-2026-2110,2026-04-12 22:30:15,CUST-8760,Hyderabad,UPI,0.0,12604.79,INR,COMPLETED
ORD-2026-2111,2026-04-12 22:45:17,CUST-7799,Hyderabad,UPI,0.0,5900.33,INR,COMPLETED
ORD-2026-2112,2026-04-12 23:00:26,CUST-3260,Hyderabad,CREDIT_CARD,0.0,11914.63,INR,COMPLETED
ORD-2026-2113,2026-04-12 23:15:54,CUST-6927,Delhi,NETBANKING,0.0,7984.25,INR,COMPLETED
ORD-2026-2114,2026-04-12 23:30:45,CUST-2140,Delhi,UPI,0.0,12190.58,INR,COMPLETED
ORD-2026-2115,2026-04-12 23:45:03,CUST-1607,Bengaluru,CREDIT_CARD,15.1,6202.36,INR,COMPLETED
ORD-2026-2116,2026-04-13 00:00:40,CUST-9516,Hyderabad,UPI,0.0,14710.68,INR,COMPLETED
ORD-2026-2117,2026-04-13 00:15:47,CUST-6638,Delhi,DEBIT_CARD,90.02,5048.58,INR,COMPLETED
ORD-2026-2118,2026-04-13 00:30:25,CUST-4360,Bengaluru,CREDIT_CARD,0.0,6969.74,INR,COMPLETED
ORD-2026-2119,2026-04-13 00:45:44,CUST-7627,Delhi,NETBANKING,8.43,5506.13,INR,COMPLETED
ORD-2026-2120,2026-04-13 01:00:46,CUST-3064,Bengaluru,DEBIT_CARD,28.39,10923.77,INR,COMPLETED
ORD-2026-2121,2026-04-13 01:15:21,CUST-3621,Delhi,DEBIT_CARD,0.0,11477.17,INR,COMPLETED
ORD-2026-2122,2026-04-13 01:30:53,CUST-7926,Bengaluru,DEBIT_CARD,0.0,11725.29,INR,COMPLETED
ORD-2026-2123,2026-04-13 01:45:40,CUST-3028,Delhi,DEBIT_CARD,0.0,7858.74,INR,COMPLETED
ORD-2026-2124,2026-04-13 02:00:19,CUST-1085,Hyderabad,NETBANKING,0.0,8800.31,INR,COMPLETED
ORD-2026-2125,2026-04-13 02:15:19,CUST-3293,Bengaluru,CREDIT_CARD,0.0,4625.76,INR,COMPLETED
ORD-2026-2126,2026-04-13 02:30:20,CUST-4154,Hyderabad,CREDIT_CARD,0.0,7988.55,INR,COMPLETED
ORD-2026-2127,2026-04-13 02:45:53,CUST-2511,Delhi,NETBANKING,0.0,6474.77,INR,COMPLETED
ORD-2026-2128,2026-04-13 03:00:13,CUST-7050,Bengaluru,NETBANKING,0.0,6969.38,INR,COMPLETED
ORD-2026-2129,2026-04-13 03:15:55,CUST-9172,Bengaluru,NETBANKING,0.0,4323.56,INR,COMPLETED
ORD-2026-2130,2026-04-13 03:30:46,CUST-3668,Delhi,NETBANKING,0.0,14612.45,INR,COMPLETED
ORD-2026-2131,2026-04-13 03:45:08,CUST-9408,Bengaluru,NETBANKING,0.0,14536.46,INR,COMPLETED
ORD-2026-2132,2026-04-13 04:00:30,CUST-3569,Bengaluru,NETBANKING,0.0,972.81,INR,COMPLETED
ORD-2026-2133,2026-04-13 04:15:07,CUST-5744,Delhi,NETBANKING,0.0,2252.56,INR,COMPLETED
ORD-2026-2134,2026-04-13 04:30:23,CUST-8961,Delhi,DEBIT_CARD,0.0,4897.27,INR,COMPLETED
ORD-2026-2135,2026-04-13 04:45:03,CUST-5999,Hyderabad,NETBANKING,0.0,14083.9,INR,COMPLETED
ORD-2026-2136,2026-04-13 05:00:00,CUST-6712,Delhi,NETBANKING,41.76,2273.75,INR,COMPLETED
ORD-2026-2137,2026-04-13 05:15:28,CUST-7181,Hyderabad,DEBIT_CARD,83.37,13554.17,INR,COMPLETED
ORD-2026-2138,2026-04-13 05:30:40,CUST-8371,Bengaluru,CREDIT_CARD,0.0,7183.57,INR,COMPLETED
ORD-2026-2139,2026-04-13 05:45:51,CUST-7711,Hyderabad,DEBIT_CARD,0.0,9559.17,INR,COMPLETED
ORD-2026-2140,2026-04-13 06:00:02,CUST-8259,Bengaluru,DEBIT_CARD,0.0,14392.15,INR,COMPLETED
ORD-2026-2141,2026-04-13 06:15:01,CUST-6060,Bengaluru,CREDIT_CARD,0.0,8793.92,INR,COMPLETED
ORD-2026-2142,2026-04-13 06:30:12,CUST-9877,Bengaluru,UPI,0.0,14349.94,INR,COMPLETED
ORD-2026-2143,2026-04-13 06:45:32,CUST-2970,Bengaluru,CREDIT_CARD,17.97,13504.53,INR,COMPLETED
ORD-2026-2144,2026-04-13 07:00:15,CUST-8278,Delhi,DEBIT_CARD,60.69,12530.51,INR,COMPLETED
ORD-2026-2145,2026-04-13 07:15:31,CUST-1381,Hyderabad,UPI,0.0,12998.63,INR,COMPLETED
ORD-2026-2146,2026-04-13 07:30:55,CUST-7258,Hyderabad,UPI,0.0,8154.58,INR,COMPLETED
ORD-2026-2147,2026-04-13 07:45:09,CUST-2468,Delhi,CREDIT_CARD,0.0,3148.7,INR,COMPLETED
ORD-2026-2148,2026-04-13 08:00:39,CUST-3973,Delhi,CREDIT_CARD,0.0,14436.29,INR,COMPLETED
ORD-2026-2149,2026-04-13 08:15:06,CUST-7763,Hyderabad,NETBANKING,0.0,5140.6,INR,COMPLETED
ORD-2026-2150,2026-04-13 08:30:03,CUST-4874,Hyderabad,UPI,0.0,3437.11,INR,COMPLETED
ORD-2026-2151,2026-04-13 08:45:07,CUST-6215,Hyderabad,NETBANKING,0.0,4404.67,INR,COMPLETED
ORD-2026-2152,2026-04-13 09:00:01,CUST-4829,Delhi,NETBANKING,0.0,6408.66,INR,COMPLETED
ORD-2026-2153,2026-04-13 09:15:15,CUST-3057,Hyderabad,UPI,0.0,11563.19,INR,COMPLETED
ORD-2026-2154,2026-04-13 09:30:54,CUST-4333,Delhi,UPI,0.0,9719.09,INR,COMPLETED
ORD-2026-2155,2026-04-13 09:45:27,CUST-8401,Delhi,CREDIT_CARD,0.0,14439.61,INR,COMPLETED
ORD-2026-2156,2026-04-13 10:00:10,CUST-8900,Hyderabad,DEBIT_CARD,0.0,507.87,INR,COMPLETED
ORD-2026-2157,2026-04-13 10:15:22,CUST-4485,Bengaluru,NETBANKING,28.13,12715.36,INR,COMPLETED
ORD-2026-2158,2026-04-13 10:30:19,CUST-3014,Delhi,UPI,0.0,1800.87,INR,COMPLETED
ORD-2026-2159,2026-04-13 10:45:13,CUST-6215,Bengaluru,NETBANKING,63.52,9351.46,INR,COMPLETED
ORD-2026-2160,2026-04-13 11:00:17,CUST-6269,Hyderabad,NETBANKING,0.0,4065.96,INR,COMPLETED
ORD-2026-2161,2026-04-13 11:15:58,CUST-1033,Bengaluru,DEBIT_CARD,0.0,10531.75,INR,COMPLETED
ORD-2026-2162,2026-04-13 11:30:35,CUST-9011,Hyderabad,CREDIT_CARD,0.0,13481.39,INR,COMPLETED
ORD-2026-2163,2026-04-13 11:45:34,CUST-8293,Bengaluru,UPI,0.0,948.74,INR,COMPLETED
ORD-2026-2164,2026-04-13 12:00:52,CUST-7336,Delhi,NETBANKING,81.19,9219.01,INR,COMPLETED
ORD-2026-2165,2026-04-13 12:15:29,CUST-4161,Hyderabad,UPI,0.0,5871.97,INR,COMPLETED
ORD-2026-2166,2026-04-13 12:30:48,CUST-6862,Delhi,UPI,0.0,4576.45,INR,COMPLETED
ORD-2026-2167,2026-04-13 12:45:14,CUST-9090,Hyderabad,DEBIT_CARD,0.0,3896.74,INR,COMPLETED
ORD-2026-2168,2026-04-13 13:00:12,CUST-7489,Delhi,CREDIT_CARD,56.91,14771.82,INR,COMPLETED
ORD-2026-2169,2026-04-13 13:15:12,CUST-3875,Delhi,CREDIT_CARD,0.0,10067.66,INR,COMPLETED
ORD-2026-2170,2026-04-13 13:30:08,CUST-4734,Bengaluru,UPI,0.0,4264.55,INR,COMPLETED
ORD-2026-2171,2026-04-13 13:45:01,CUST-9731,Bengaluru,CREDIT_CARD,0.0,14883.29,INR,COMPLETED
ORD-2026-2172,2026-04-13 14:00:00,CUST-1849,Hyderabad,NETBANKING,0.0,14099.41,INR,COMPLETED
ORD-2026-2173,2026-04-13 14:15:43,CUST-9119,Hyderabad,DEBIT_CARD,0.0,8015.28,INR,COMPLETED
ORD-2026-2174,2026-04-13 14:30:17,CUST-9723,Hyderabad,CREDIT_CARD,0.0,13816.68,INR,COMPLETED
ORD-2026-2175,2026-04-13 14:45:05,CUST-1415,Bengaluru,CREDIT_CARD,0.0,13261.43,INR,COMPLETED
ORD-2026-2176,2026-04-13 15:00:04,CUST-4225,Delhi,NETBANKING,0.0,13796.43,INR,COMPLETED
ORD-2026-2177,2026-04-13 15:15:01,CUST-1393,Bengaluru,UPI,0.0,7459.51,INR,COMPLETED
ORD-2026-2178,2026-04-13 15:30:06,CUST-6583,Delhi,DEBIT_CARD,51.97,7366.86,INR,COMPLETED
ORD-2026-2179,2026-04-13 15:45:49,CUST-8184,Delhi,UPI,0.0,9199.49,INR,COMPLETED
ORD-2026-2180,2026-04-13 16:00:05,CUST-1546,Hyderabad,UPI,0.0,14630.62,INR,COMPLETED
ORD-2026-2181,2026-04-13 16:15:50,CUST-8240,Delhi,UPI,0.0,2349.27,INR,COMPLETED
ORD-2026-2182,2026-04-13 16:30:04,CUST-1914,Bengaluru,NETBANKING,0.0,1976.5,INR,COMPLETED
ORD-2026-2183,2026-04-13 16:45:06,CUST-7735,Delhi,NETBANKING,78.75,9450.88,INR,COMPLETED
ORD-2026-2184,2026-04-13 17:00:29,CUST-8014,Bengaluru,UPI,0.0,6066.84,INR,COMPLETED
ORD-2026-2185,2026-04-13 17:15:29,CUST-4153,Delhi,UPI,0.0,7999.59,INR,COMPLETED
ORD-2026-2186,2026-04-13 17:30:37,CUST-4172,Bengaluru,UPI,0.0,11946.54,INR,COMPLETED
ORD-2026-2187,2026-04-13 17:45:26,CUST-8284,Delhi,DEBIT_CARD,0.0,7480.29,INR,COMPLETED
ORD-2026-2188,2026-04-13 18:00:03,CUST-8140,Bengaluru,UPI,75.44,2351.37,INR,COMPLETED
ORD-2026-2189,2026-04-13 18:15:30,CUST-6618,Hyderabad,CREDIT_CARD,0.0,4975.78,INR,COMPLETED
ORD-2026-2190,2026-04-13 18:30:15,CUST-1894,Hyderabad,CREDIT_CARD,0.0,7853.06,INR,COMPLETED
ORD-2026-2191,2026-04-13 18:45:21,CUST-8794,Bengaluru,CREDIT_CARD,0.0,3245.66,INR,COMPLETED
ORD-2026-2192,2026-04-13 19:00:36,CUST-5909,Hyderabad,DEBIT_CARD,0.0,14464.44,INR,COMPLETED
ORD-2026-2193,2026-04-13 19:15:56,CUST-1691,Hyderabad,NETBANKING,0.0,11943.28,INR,COMPLETED
ORD-2026-2194,2026-04-13 19:30:14,CUST-4492,Delhi,CREDIT_CARD,0.0,7264.78,INR,COMPLETED
ORD-2026-2195,2026-04-13 19:45:24,CUST-4018,Delhi,DEBIT_CARD,0.0,3477.09,INR,COMPLETED
ORD-2026-2196,2026-04-13 20:00:35,CUST-5760,Hyderabad,DEBIT_CARD,0.0,2170.24,INR,COMPLETED
ORD-2026-2197,2026-04-13 20:15:01,CUST-5654,Delhi,DEBIT_CARD,0.0,3387.28,INR,COMPLETED
ORD-2026-2198,2026-04-13 20:30:54,CUST-3925,Delhi,CREDIT_CARD,0.0,8540.32,INR,COMPLETED
ORD-2026-2199,2026-04-13 20:45:01,CUST-3248,Hyderabad,UPI,0.0,12555.96,INR,COMPLETED
ORD-2026-2200,2026-04-13 21:00:19,CUST-7056,Hyderabad,DEBIT_CARD,0.0,7114.95,INR,COMPLETED
ORD-2026-2201,2026-04-13 21:15:56,CUST-2941,Delhi,NETBANKING,13.08,10808.66,INR,COMPLETED
ORD-2026-2202,2026-04-13 21:30:24,CUST-6209,Bengaluru,CREDIT_CARD,0.0,10568.13,INR,COMPLETED
ORD-2026-2203,2026-04-13 21:45:48,CUST-4098,Bengaluru,CREDIT_CARD,0.0,9432.41,INR,COMPLETED
ORD-2026-2204,2026-04-13 22:00:03,CUST-5588,Delhi,DEBIT_CARD,96.84,9627.16,INR,COMPLETED
ORD-2026-2205,2026-04-13 22:15:05,CUST-2062,Delhi,CREDIT_CARD,0.0,11877.65,INR,COMPLETED
ORD-2026-2206,2026-04-13 22:30:33,CUST-6272,Bengaluru,DEBIT_CARD,0.0,7231.88,INR,COMPLETED
ORD-2026-2207,2026-04-13 22:45:45,CUST-8762,Hyderabad,NETBANKING,0.0,14358.4,INR,COMPLETED
ORD-2026-2208,2026-04-13 23:00:13,CUST-4325,Hyderabad,UPI,39.59,3683.13,INR,COMPLETED
ORD-2026-2209,2026-04-13 23:15:56,CUST-3575,Hyderabad,NETBANKING,0.0,5967.7,INR,COMPLETED
ORD-2026-2210,2026-04-13 23:30:18,CUST-6760,Delhi,CREDIT_CARD,0.0,6945.33,INR,COMPLETED
ORD-2026-2211,2026-04-13 23:45:28,CUST-7700,Hyderabad,DEBIT_CARD,31.7,7279.49,INR,COMPLETED
ORD-2026-2212,2026-04-14 00:00:11,CUST-5351,Bengaluru,UPI,0.0,6904.48,INR,COMPLETED
ORD-2026-2213,2026-04-14 00:15:32,CUST-2280,Hyderabad,DEBIT_CARD,9.84,8426.45,INR,COMPLETED
ORD-2026-2214,2026-04-14 00:30:34,CUST-4221,Bengaluru,DEBIT_CARD,0.0,3404.45,INR,COMPLETED
ORD-2026-2215,2026-04-14 00:45:45,CUST-3258,Bengaluru,DEBIT_CARD,0.0,9258.49,INR,COMPLETED
ORD-2026-2216,2026-04-14 01:00:49,CUST-6679,Hyderabad,UPI,82.19,4842.38,INR,COMPLETED
ORD-2026-2217,2026-04-14 01:15:30,CUST-3445,Hyderabad,UPI,0.0,9984.32,INR,COMPLETED
ORD-2026-2218,2026-04-14 01:30:14,CUST-8679,Bengaluru,CREDIT_CARD,34.07,7979.47,INR,COMPLETED
ORD-2026-2219,2026-04-14 01:45:27,CUST-7843,Delhi,DEBIT_CARD,0.0,11666.9,INR,COMPLETED
ORD-2026-2220,2026-04-14 02:00:23,CUST-3102,Hyderabad,UPI,0.97,2514.78,INR,COMPLETED
ORD-2026-2221,2026-04-14 02:15:14,CUST-7608,Bengaluru,DEBIT_CARD,0.0,6577.64,INR,COMPLETED
ORD-2026-2222,2026-04-14 02:30:36,CUST-3279,Delhi,UPI,99.43,11887.69,INR,COMPLETED
ORD-2026-2223,2026-04-14 02:45:24,CUST-7400,Delhi,NETBANKING,0.0,3460.97,INR,COMPLETED
ORD-2026-2224,2026-04-14 03:00:06,CUST-8397,Bengaluru,NETBANKING,9.32,5268.2,INR,COMPLETED
ORD-2026-2225,2026-04-14 03:15:52,CUST-9005,Delhi,CREDIT_CARD,0.0,10490.86,INR,COMPLETED
ORD-2026-2226,2026-04-14 03:30:18,CUST-5769,Bengaluru,NETBANKING,0.0,3485.44,INR,COMPLETED
ORD-2026-2227,2026-04-14 03:45:23,CUST-3815,Hyderabad,UPI,41.09,8018.71,INR,COMPLETED
ORD-2026-2228,2026-04-14 04:00:08,CUST-8835,Bengaluru,UPI,0.0,8278.57,INR,COMPLETED
ORD-2026-2229,2026-04-14 04:15:19,CUST-8778,Delhi,CREDIT_CARD,0.0,6766.91,INR,COMPLETED
ORD-2026-2230,2026-04-14 04:30:45,CUST-5512,Delhi,CREDIT_CARD,0.0,10430.12,INR,COMPLETED
ORD-2026-2231,2026-04-14 04:45:04,CUST-5044,Bengaluru,NETBANKING,0.0,12456.45,INR,COMPLETED
ORD-2026-2232,2026-04-14 05:00:29,CUST-1640,Bengaluru,NETBANKING,0.0,7209.08,INR,COMPLETED
ORD-2026-2233,2026-04-14 05:15:22,CUST-5873,Hyderabad,NETBANKING,0.0,10654.59,INR,COMPLETED
ORD-2026-2234,2026-04-14 05:30:15,CUST-8079,Hyderabad,CREDIT_CARD,0.0,3103.88,INR,COMPLETED
ORD-2026-2235,2026-04-14 05:45:36,CUST-1715,Delhi,CREDIT_CARD,15.79,1885.25,INR,COMPLETED
ORD-2026-2236,2026-04-14 06:00:58,CUST-4559,Hyderabad,DEBIT_CARD,0.0,1467.79,INR,COMPLETED
ORD-2026-2237,2026-04-14 06:15:23,CUST-2723,Bengaluru,UPI,0.0,1609.74,INR,COMPLETED
ORD-2026-2238,2026-04-14 06:30:28,CUST-4397,Bengaluru,NETBANKING,0.0,2890.17,INR,COMPLETED
ORD-2026-2239,2026-04-14 06:45:40,CUST-8567,Hyderabad,UPI,0.0,10570.04,INR,COMPLETED
ORD-2026-2240,2026-04-14 07:00:02,CUST-2878,Bengaluru,CREDIT_CARD,32.71,655.69,INR,COMPLETED
ORD-2026-2241,2026-04-14 07:15:31,CUST-2352,Bengaluru,NETBANKING,0.0,7189.68,INR,COMPLETED
ORD-2026-2242,2026-04-14 07:30:08,CUST-5573,Delhi,NETBANKING,0.0,7326.42,INR,COMPLETED
ORD-2026-2243,2026-04-14 07:45:11,CUST-9759,Bengaluru,UPI,0.0,4765.1,INR,COMPLETED
ORD-2026-2244,2026-04-14 08:00:43,CUST-8219,Hyderabad,UPI,0.0,4462.16,INR,COMPLETED
ORD-2026-2245,2026-04-14 08:15:57,CUST-4541,Hyderabad,UPI,0.0,10288.14,INR,COMPLETED
ORD-2026-2246,2026-04-14 08:30:24,CUST-8274,Delhi,UPI,0.0,10510.03,INR,COMPLETED
ORD-2026-2247,2026-04-14 08:45:49,CUST-5091,Hyderabad,NETBANKING,20.0,3425.2,INR,COMPLETED
ORD-2026-2248,2026-04-14 09:00:01,CUST-6523,Delhi,NETBANKING,0.0,14844.71,INR,COMPLETED
ORD-2026-2249,2026-04-14 09:15:51,CUST-3750,Bengaluru,CREDIT_CARD,0.0,12613.08,INR,COMPLETED
ORD-2026-2250,2026-04-14 09:30:52,CUST-4105,Bengaluru,UPI,0.0,5243.55,INR,COMPLETED
ORD-2026-2251,2026-04-14 09:45:27,CUST-4502,Delhi,NETBANKING,0.0,2251.66,INR,COMPLETED
ORD-2026-2252,2026-04-14 10:00:25,CUST-1196,Hyderabad,UPI,0.0,9982.9,INR,COMPLETED
ORD-2026-2253,2026-04-14 10:15:42,CUST-7045,Delhi,UPI,0.0,12318.73,INR,COMPLETED
ORD-2026-2254,2026-04-14 10:30:19,CUST-9185,Delhi,NETBANKING,0.0,11629.4,INR,COMPLETED
ORD-2026-2255,2026-04-14 10:45:06,CUST-7366,Bengaluru,CREDIT_CARD,77.14,9198.07,INR,COMPLETED
ORD-2026-2256,2026-04-14 11:00:40,CUST-6209,Bengaluru,DEBIT_CARD,0.0,11544.89,INR,COMPLETED
ORD-2026-2257,2026-04-14 11:15:38,CUST-8354,Hyderabad,UPI,0.0,13725.5,INR,COMPLETED
ORD-2026-2258,2026-04-14 11:30:37,CUST-1217,Delhi,CREDIT_CARD,0.0,10717.12,INR,COMPLETED
ORD-2026-2259,2026-04-14 11:45:19,CUST-8020,Delhi,UPI,0.0,3927.75,INR,COMPLETED
ORD-2026-2260,2026-04-14 12:00:31,CUST-3484,Hyderabad,CREDIT_CARD,0.0,4800.91,INR,COMPLETED
ORD-2026-2261,2026-04-14 12:15:38,CUST-8270,Bengaluru,CREDIT_CARD,13.43,14833.99,INR,COMPLETED
ORD-2026-2262,2026-04-14 12:30:33,CUST-7797,Bengaluru,UPI,75.06,11980.81,INR,COMPLETED
ORD-2026-2263,2026-04-14 12:45:15,CUST-1885,Bengaluru,DEBIT_CARD,80.15,3484.35,INR,COMPLETED
ORD-2026-2264,2026-04-14 13:00:55,CUST-6269,Delhi,CREDIT_CARD,0.0,6031.55,INR,COMPLETED
ORD-2026-2265,2026-04-14 13:15:55,CUST-4153,Delhi,UPI,0.0,7628.81,INR,COMPLETED
ORD-2026-2266,2026-04-14 13:30:05,CUST-9992,Delhi,CREDIT_CARD,0.0,3018.3,INR,COMPLETED
ORD-2026-2267,2026-04-14 13:45:46,CUST-3689,Bengaluru,NETBANKING,0.0,7272.58,INR,COMPLETED
ORD-2026-2268,2026-04-14 14:00:15,CUST-8344,Bengaluru,CREDIT_CARD,0.0,4894.96,INR,COMPLETED
ORD-2026-2269,2026-04-14 14:15:05,CUST-6891,Hyderabad,NETBANKING,0.0,14289.69,INR,COMPLETED
ORD-2026-2270,2026-04-14 14:30:27,CUST-8101,Delhi,NETBANKING,79.36,7826.74,INR,COMPLETED
ORD-2026-2271,2026-04-14 14:45:27,CUST-5918,Bengaluru,NETBANKING,0.0,12883.61,INR,COMPLETED
ORD-2026-2272,2026-04-14 15:00:24,CUST-8431,Hyderabad,CREDIT_CARD,0.0,7222.94,INR,COMPLETED
ORD-2026-2273,2026-04-14 15:15:04,CUST-8688,Delhi,NETBANKING,0.0,5331.9,INR,COMPLETED
ORD-2026-2274,2026-04-14 15:30:00,CUST-7131,Hyderabad,UPI,0.0,12994.0,INR,COMPLETED
ORD-2026-2275,2026-04-14 15:45:47,CUST-9020,Hyderabad,NETBANKING,0.0,5910.6,INR,COMPLETED
ORD-2026-2276,2026-04-14 16:00:26,CUST-3039,Hyderabad,UPI,16.24,13332.49,INR,COMPLETED
ORD-2026-2277,2026-04-14 16:15:16,CUST-6711,Bengaluru,NETBANKING,0.0,11683.42,INR,COMPLETED
ORD-2026-2278,2026-04-14 16:30:03,CUST-7947,Bengaluru,DEBIT_CARD,0.0,9938.14,INR,COMPLETED
ORD-2026-2279,2026-04-14 16:45:58,CUST-1462,Bengaluru,UPI,0.0,12290.33,INR,COMPLETED
ORD-2026-2280,2026-04-14 17:00:29,CUST-3414,Hyderabad,DEBIT_CARD,0.0,14191.85,INR,COMPLETED
ORD-2026-2281,2026-04-14 17:15:07,CUST-7297,Hyderabad,CREDIT_CARD,0.0,11679.1,INR,COMPLETED
ORD-2026-2282,2026-04-14 17:30:10,CUST-5143,Bengaluru,CREDIT_CARD,0.0,12531.37,INR,COMPLETED
ORD-2026-2283,2026-04-14 17:45:37,CUST-7743,Bengaluru,NETBANKING,10.93,4965.69,INR,COMPLETED
ORD-2026-2284,2026-04-14 18:00:17,CUST-7520,Bengaluru,DEBIT_CARD,0.0,11356.59,INR,COMPLETED
ORD-2026-2285,2026-04-14 18:15:00,CUST-7845,Bengaluru,NETBANKING,0.0,1904.62,INR,COMPLETED
ORD-2026-2286,2026-04-14 18:30:10,CUST-4053,Bengaluru,NETBANKING,0.0,3057.82,INR,COMPLETED
ORD-2026-2287,2026-04-14 18:45:07,CUST-4482,Delhi,CREDIT_CARD,0.0,7034.58,INR,COMPLETED
ORD-2026-2288,2026-04-14 19:00:16,CUST-7697,Hyderabad,CREDIT_CARD,0.0,14752.73,INR,COMPLETED
ORD-2026-2289,2026-04-14 19:15:55,CUST-2307,Hyderabad,UPI,0.0,9728.29,INR,COMPLETED
ORD-2026-2290,2026-04-14 19:30:21,CUST-4846,Hyderabad,DEBIT_CARD,0.0,930.17,INR,COMPLETED
ORD-2026-2291,2026-04-14 19:45:00,CUST-1118,Bengaluru,UPI,0.0,1385.32,INR,COMPLETED
ORD-2026-2292,2026-04-14 20:00:13,CUST-1118,Hyderabad,UPI,0.0,8073.85,INR,COMPLETED
ORD-2026-2293,2026-04-14 20:15:30,CUST-8036,Hyderabad,DEBIT_CARD,0.0,11475.22,INR,COMPLETED
ORD-2026-2294,2026-04-14 20:30:23,CUST-7200,Bengaluru,DEBIT_CARD,0.0,10143.64,INR,COMPLETED
ORD-2026-2295,2026-04-14 20:45:00,CUST-7583,Bengaluru,DEBIT_CARD,92.5,7125.33,INR,COMPLETED
ORD-2026-2296,2026-04-14 21:00:55,CUST-5072,Hyderabad,UPI,0.0,8194.13,INR,COMPLETED
ORD-2026-2297,2026-04-14 21:15:32,CUST-4079,Delhi,NETBANKING,95.75,6490.34,INR,COMPLETED
ORD-2026-2298,2026-04-14 21:30:40,CUST-1749,Bengaluru,DEBIT_CARD,0.0,5722.98,INR,COMPLETED
ORD-2026-2299,2026-04-14 21:45:31,CUST-2333,Hyderabad,CREDIT_CARD,0.0,6302.4,INR,COMPLETED
ORD-2026-2300,2026-04-14 22:00:46,CUST-4196,Bengaluru,UPI,0.0,6080.45,INR,COMPLETED
ORD-2026-2301,2026-04-14 22:15:08,CUST-2426,Hyderabad,UPI,99.63,7719.91,INR,COMPLETED
ORD-2026-2302,2026-04-14 22:30:07,CUST-9858,Delhi,CREDIT_CARD,0.0,7491.44,INR,COMPLETED
ORD-2026-2303,2026-04-14 22:45:06,CUST-1478,Delhi,UPI,32.65,6805.95,INR,COMPLETED
ORD-2026-2304,2026-04-14 23:00:46,CUST-8803,Bengaluru,DEBIT_CARD,0.0,4235.61,INR,COMPLETED
ORD-2026-2305,2026-04-14 23:15:05,CUST-6452,Delhi,NETBANKING,76.63,12035.34,INR,COMPLETED
ORD-2026-2306,2026-04-14 23:30:41,CUST-7252,Bengaluru,UPI,0.0,5476.77,INR,COMPLETED
ORD-2026-2307,2026-04-14 23:45:51,CUST-5244,Delhi,NETBANKING,0.0,3883.83,INR,COMPLETED
ORD-2026-2308,2026-04-15 00:00:21,CUST-4082,Bengaluru,UPI,57.28,11238.43,INR,COMPLETED
ORD-2026-2309,2026-04-15 00:15:36,CUST-6092,Delhi,DEBIT_CARD,0.0,11185.31,INR,COMPLETED
ORD-2026-2310,2026-04-15 00:30:27,CUST-6980,Bengaluru,NETBANKING,12.63,5134.82,INR,COMPLETED
ORD-2026-2311,2026-04-15 00:45:25,CUST-8546,Hyderabad,CREDIT_CARD,0.0,633.23,INR,COMPLETED
ORD-2026-2312,2026-04-15 01:00:43,CUST-5643,Delhi,CREDIT_CARD,0.0,7108.88,INR,COMPLETED
ORD-2026-2313,2026-04-15 01:15:38,CUST-9230,Bengaluru,UPI,0.0,5142.02,INR,COMPLETED
ORD-2026-2314,2026-04-15 01:30:40,CUST-9110,Hyderabad,NETBANKING,0.0,12515.97,INR,COMPLETED
ORD-2026-2315,2026-04-15 01:45:51,CUST-4450,Bengaluru,UPI,22.51,5330.6,INR,COMPLETED
ORD-2026-2316,2026-04-15 02:00:59,CUST-3933,Hyderabad,UPI,0.0,13048.76,INR,COMPLETED
ORD-2026-2317,2026-04-15 02:15:35,CUST-7921,Bengaluru,CREDIT_CARD,0.0,6188.14,INR,COMPLETED
ORD-2026-2318,2026-04-15 02:30:25,CUST-5637,Hyderabad,NETBANKING,0.0,1541.44,INR,COMPLETED
ORD-2026-2319,2026-04-15 02:45:06,CUST-1886,Bengaluru,NETBANKING,0.0,2398.06,INR,COMPLETED
ORD-2026-2320,2026-04-15 03:00:08,CUST-8904,Hyderabad,CREDIT_CARD,20.98,6907.31,INR,COMPLETED
ORD-2026-2321,2026-04-15 03:15:41,CUST-2670,Bengaluru,CREDIT_CARD,0.0,632.42,INR,COMPLETED
ORD-2026-2322,2026-04-15 03:30:27,CUST-3756,Delhi,NETBANKING,0.0,10351.96,INR,COMPLETED
ORD-2026-2323,2026-04-15 03:45:07,CUST-6545,Bengaluru,CREDIT_CARD,0.0,14714.01,INR,COMPLETED
ORD-2026-2324,2026-04-15 04:00:15,CUST-4946,Hyderabad,NETBANKING,0.0,992.9,INR,COMPLETED
ORD-2026-2325,2026-04-15 04:15:47,CUST-2468,Hyderabad,CREDIT_CARD,65.03,5942.89,INR,COMPLETED
ORD-2026-2326,2026-04-15 04:30:23,CUST-2910,Delhi,NETBANKING,0.0,668.24,INR,COMPLETED
ORD-2026-2327,2026-04-15 04:45:37,CUST-8856,Hyderabad,CREDIT_CARD,0.0,8808.24,INR,COMPLETED
ORD-2026-2328,2026-04-15 05:00:30,CUST-8105,Hyderabad,CREDIT_CARD,0.0,14999.34,INR,COMPLETED
ORD-2026-2329,2026-04-15 05:15:45,CUST-9806,Delhi,DEBIT_CARD,0.0,13678.77,INR,COMPLETED
ORD-2026-2330,2026-04-15 05:30:25,CUST-9788,Bengaluru,UPI,0.0,8562.87,INR,COMPLETED
ORD-2026-2331,2026-04-15 05:45:48,CUST-2922,Delhi,UPI,69.52,11418.33,INR,COMPLETED
ORD-2026-2332,2026-04-15 06:00:51,CUST-1641,Delhi,NETBANKING,0.0,5057.29,INR,COMPLETED
ORD-2026-2333,2026-04-15 06:15:35,CUST-1573,Delhi,CREDIT_CARD,50.61,4223.03,INR,COMPLETED
ORD-2026-2334,2026-04-15 06:30:42,CUST-5925,Delhi,CREDIT_CARD,51.94,501.24,INR,COMPLETED
ORD-2026-2335,2026-04-15 06:45:34,CUST-9035,Bengaluru,DEBIT_CARD,0.0,6951.34,INR,COMPLETED
ORD-2026-2336,2026-04-15 07:00:06,CUST-1732,Delhi,CREDIT_CARD,0.0,10107.95,INR,COMPLETED
ORD-2026-2337,2026-04-15 07:15:08,CUST-4539,Bengaluru,DEBIT_CARD,0.0,9231.09,INR,COMPLETED
ORD-2026-2338,2026-04-15 07:30:04,CUST-5270,Hyderabad,NETBANKING,0.0,8472.8,INR,COMPLETED
ORD-2026-2339,2026-04-15 07:45:29,CUST-5164,Bengaluru,NETBANKING,0.0,1707.18,INR,COMPLETED
ORD-2026-2340,2026-04-15 08:00:13,CUST-5413,Bengaluru,CREDIT_CARD,0.0,1523.09,INR,COMPLETED
ORD-2026-2341,2026-04-15 08:15:42,CUST-9379,Bengaluru,DEBIT_CARD,0.0,9892.68,INR,COMPLETED
ORD-2026-2342,2026-04-15 08:30:50,CUST-1424,Bengaluru,CREDIT_CARD,0.0,6787.59,INR,COMPLETED
ORD-2026-2343,2026-04-15 08:45:34,CUST-9984,Hyderabad,UPI,0.0,2094.86,INR,COMPLETED
ORD-2026-2344,2026-04-15 09:00:23,CUST-5476,Delhi,UPI,22.58,13684.06,INR,COMPLETED
ORD-2026-2345,2026-04-15 09:15:24,CUST-4640,Hyderabad,UPI,78.27,14702.54,INR,COMPLETED
ORD-2026-2346,2026-04-15 09:30:46,CUST-9021,Delhi,CREDIT_CARD,0.0,13194.92,INR,COMPLETED
ORD-2026-2347,2026-04-15 09:45:17,CUST-1785,Delhi,DEBIT_CARD,0.0,9308.27,INR,COMPLETED
ORD-2026-2348,2026-04-15 10:00:11,CUST-9711,Bengaluru,NETBANKING,0.0,5505.01,INR,COMPLETED
ORD-2026-2349,2026-04-15 10:15:37,CUST-1155,Bengaluru,NETBANKING,0.0,2349.8,INR,COMPLETED
ORD-2026-2350,2026-04-15 10:30:24,CUST-5380,Delhi,CREDIT_CARD,63.92,8729.63,INR,COMPLETED
ORD-2026-2351,2026-04-15 10:45:38,CUST-8500,Delhi,CREDIT_CARD,0.0,6564.53,INR,COMPLETED
ORD-2026-2352,2026-04-15 11:00:32,CUST-8008,Bengaluru,NETBANKING,88.14,4658.89,INR,COMPLETED
ORD-2026-2353,2026-04-15 11:15:40,CUST-6007,Hyderabad,CREDIT_CARD,0.0,12939.86,INR,COMPLETED
ORD-2026-2354,2026-04-15 11:30:04,CUST-2534,Delhi,UPI,0.0,11084.32,INR,COMPLETED
ORD-2026-2355,2026-04-15 11:45:59,CUST-1175,Hyderabad,DEBIT_CARD,0.0,7646.33,INR,COMPLETED
ORD-2026-2356,2026-04-15 12:00:31,CUST-9722,Bengaluru,CREDIT_CARD,0.0,7967.67,INR,COMPLETED
ORD-2026-2357,2026-04-15 12:15:00,CUST-9754,Bengaluru,CREDIT_CARD,0.0,10855.32,INR,COMPLETED
ORD-2026-2358,2026-04-15 12:30:38,CUST-3761,Bengaluru,UPI,76.37,7005.45,INR,COMPLETED
ORD-2026-2359,2026-04-15 12:45:23,CUST-9416,Hyderabad,CREDIT_CARD,42.27,12671.43,INR,COMPLETED
ORD-2026-2360,2026-04-15 13:00:07,CUST-5092,Bengaluru,CREDIT_CARD,85.78,5400.4,INR,COMPLETED
ORD-2026-2361,2026-04-15 13:15:18,CUST-1036,Bengaluru,DEBIT_CARD,0.0,4338.89,INR,COMPLETED
ORD-2026-2362,2026-04-15 13:30:59,CUST-9446,Delhi,CREDIT_CARD,89.25,14030.12,INR,COMPLETED
ORD-2026-2363,2026-04-15 13:45:22,CUST-8542,Hyderabad,UPI,0.0,585.42,INR,COMPLETED
ORD-2026-2364,2026-04-15 14:00:22,CUST-4050,Hyderabad,UPI,0.0,13407.85,INR,COMPLETED
ORD-2026-2365,2026-04-15 14:15:31,CUST-9668,Bengaluru,NETBANKING,41.07,3364.39,INR,COMPLETED
ORD-2026-2366,2026-04-15 14:30:09,CUST-5098,Delhi,UPI,0.0,11656.99,INR,COMPLETED
ORD-2026-2367,2026-04-15 14:45:27,CUST-9788,Hyderabad,DEBIT_CARD,0.0,13436.8,INR,COMPLETED
ORD-2026-2368,2026-04-15 15:00:10,CUST-8110,Delhi,NETBANKING,0.0,2528.18,INR,COMPLETED
ORD-2026-2369,2026-04-15 15:15:12,CUST-3190,Hyderabad,CREDIT_CARD,0.0,4631.05,INR,COMPLETED
ORD-2026-2370,2026-04-15 15:30:10,CUST-8852,Bengaluru,UPI,11.88,10159.97,INR,COMPLETED
ORD-2026-2371,2026-04-15 15:45:51,CUST-3087,Hyderabad,NETBANKING,0.0,10385.18,INR,COMPLETED
ORD-2026-2372,2026-04-15 16:00:32,CUST-7370,Delhi,NETBANKING,0.0,11026.92,INR,COMPLETED
ORD-2026-2373,2026-04-15 16:15:08,CUST-9192,Delhi,UPI,0.0,2755.36,INR,COMPLETED
ORD-2026-2374,2026-04-15 16:30:43,CUST-8039,Bengaluru,UPI,0.0,12532.62,INR,COMPLETED
ORD-2026-2375,2026-04-15 16:45:18,CUST-2353,Hyderabad,NETBANKING,0.0,4592.24,INR,COMPLETED
ORD-2026-2376,2026-04-15 17:00:17,CUST-5317,Bengaluru,CREDIT_CARD,0.0,11617.55,INR,COMPLETED
ORD-2026-2377,2026-04-15 17:15:12,CUST-2688,Bengaluru,NETBANKING,0.0,7371.45,INR,COMPLETED
ORD-2026-2378,2026-04-15 17:30:54,CUST-3436,Delhi,CREDIT_CARD,0.0,9072.34,INR,COMPLETED
ORD-2026-2379,2026-04-15 17:45:17,CUST-3395,Hyderabad,UPI,0.0,14860.78,INR,COMPLETED
ORD-2026-2380,2026-04-15 18:00:55,CUST-7673,Bengaluru,UPI,0.0,1238.85,INR,COMPLETED
ORD-2026-2381,2026-04-15 18:15:21,CUST-2005,Bengaluru,CREDIT_CARD,0.0,6678.1,INR,COMPLETED
ORD-2026-2382,2026-04-15 18:30:17,CUST-6751,Bengaluru,DEBIT_CARD,0.0,5771.85,INR,COMPLETED
ORD-2026-2383,2026-04-15 18:45:11,CUST-1854,Bengaluru,UPI,0.0,1092.89,INR,COMPLETED
ORD-2026-2384,2026-04-15 19:00:17,CUST-2650,Hyderabad,DEBIT_CARD,0.0,13672.99,INR,COMPLETED
ORD-2026-2385,2026-04-15 19:15:19,CUST-1223,Bengaluru,DEBIT_CARD,0.0,2117.16,INR,COMPLETED
ORD-2026-2386,2026-04-15 19:30:47,CUST-9664,Bengaluru,DEBIT_CARD,0.0,12245.51,INR,COMPLETED
ORD-2026-2387,2026-04-15 19:45:37,CUST-2742,Delhi,DEBIT_CARD,0.0,6068.72,INR,COMPLETED
ORD-2026-2388,2026-04-15 20:00:02,CUST-4120,Delhi,UPI,0.0,9005.14,INR,COMPLETED
ORD-2026-2389,2026-04-15 20:15:34,CUST-5939,Bengaluru,UPI,0.0,9475.65,INR,COMPLETED
ORD-2026-2390,2026-04-15 20:30:46,CUST-3094,Delhi,CREDIT_CARD,0.0,2728.25,INR,COMPLETED
ORD-2026-2391,2026-04-15 20:45:22,CUST-8347,Bengaluru,DEBIT_CARD,0.0,13476.24,INR,COMPLETED
ORD-2026-2392,2026-04-15 21:00:30,CUST-9255,Delhi,UPI,0.0,6575.56,INR,COMPLETED
ORD-2026-2393,2026-04-15 21:15:02,CUST-1996,Bengaluru,CREDIT_CARD,0.0,14359.14,INR,COMPLETED
ORD-2026-2394,2026-04-15 21:30:31,CUST-9412,Delhi,NETBANKING,0.0,10428.07,INR,COMPLETED
ORD-2026-2395,2026-04-15 21:45:35,CUST-7567,Bengaluru,NETBANKING,0.0,11800.9,INR,COMPLETED
ORD-2026-2396,2026-04-15 22:00:10,CUST-1145,Bengaluru,UPI,0.0,8792.52,INR,COMPLETED
ORD-2026-2397,2026-04-15 22:15:54,CUST-5399,Bengaluru,DEBIT_CARD,0.0,3694.88,INR,COMPLETED
ORD-2026-2398,2026-04-15 22:30:34,CUST-1640,Bengaluru,UPI,0.0,3954.14,INR,COMPLETED
ORD-2026-2399,2026-04-15 22:45:55,CUST-5079,Delhi,CREDIT_CARD,0.0,11964.01,INR,COMPLETED
ORD-2026-2400,2026-04-15 23:00:38,CUST-6317,Delhi,DEBIT_CARD,88.4,14597.17,INR,COMPLETED
ORD-2026-2401,2026-04-15 23:15:57,CUST-6318,Delhi,CREDIT_CARD,0.0,9366.49,INR,COMPLETED
ORD-2026-2402,2026-04-15 23:30:46,CUST-3895,Hyderabad,DEBIT_CARD,53.74,14495.8,INR,COMPLETED
ORD-2026-2403,2026-04-15 23:45:46,CUST-7258,Bengaluru,UPI,0.0,11313.66,INR,COMPLETED
ORD-2026-2404,2026-04-16 00:00:14,CUST-4341,Bengaluru,CREDIT_CARD,0.0,5201.81,INR,COMPLETED
ORD-2026-2405,2026-04-16 00:15:09,CUST-8109,Hyderabad,NETBANKING,0.0,6967.81,INR,COMPLETED
ORD-2026-2406,2026-04-16 00:30:31,CUST-4031,Delhi,UPI,0.0,3131.95,INR,COMPLETED
ORD-2026-2407,2026-04-16 00:45:18,CUST-3669,Delhi,CREDIT_CARD,68.74,805.19,INR,COMPLETED
ORD-2026-2408,2026-04-16 01:00:09,CUST-5018,Hyderabad,UPI,97.04,1544.71,INR,COMPLETED
ORD-2026-2409,2026-04-16 01:15:48,CUST-2633,Hyderabad,CREDIT_CARD,0.0,12215.89,INR,COMPLETED
ORD-2026-2410,2026-04-16 01:30:48,CUST-1716,Delhi,UPI,0.0,12542.5,INR,COMPLETED
ORD-2026-2411,2026-04-16 01:45:40,CUST-1153,Delhi,DEBIT_CARD,0.0,9194.74,INR,COMPLETED
ORD-2026-2412,2026-04-16 02:00:05,CUST-8871,Bengaluru,DEBIT_CARD,81.55,3433.66,INR,COMPLETED
ORD-2026-2413,2026-04-16 02:15:09,CUST-9905,Bengaluru,DEBIT_CARD,0.0,4035.23,INR,COMPLETED
ORD-2026-2414,2026-04-16 02:30:01,CUST-2684,Bengaluru,UPI,0.0,12461.41,INR,COMPLETED
ORD-2026-2415,2026-04-16 02:45:09,CUST-4675,Delhi,NETBANKING,0.0,517.55,INR,COMPLETED
ORD-2026-2416,2026-04-16 03:00:41,CUST-7303,Bengaluru,CREDIT_CARD,82.28,4659.27,INR,COMPLETED
ORD-2026-2417,2026-04-16 03:15:10,CUST-4678,Delhi,NETBANKING,28.18,14866.14,INR,COMPLETED
ORD-2026-2418,2026-04-16 03:30:23,CUST-2389,Delhi,DEBIT_CARD,0.0,13888.13,INR,COMPLETED
ORD-2026-2419,2026-04-16 03:45:33,CUST-3971,Bengaluru,NETBANKING,0.0,5355.24,INR,COMPLETED
ORD-2026-2420,2026-04-16 04:00:52,CUST-2702,Hyderabad,DEBIT_CARD,66.17,4661.58,INR,COMPLETED
ORD-2026-2421,2026-04-16 04:15:50,CUST-3435,Bengaluru,UPI,0.0,531.59,INR,COMPLETED
ORD-2026-2422,2026-04-16 04:30:28,CUST-8838,Delhi,NETBANKING,0.0,10959.48,INR,COMPLETED
ORD-2026-2423,2026-04-16 04:45:05,CUST-3089,Delhi,DEBIT_CARD,0.0,5184.27,INR,COMPLETED
ORD-2026-2424,2026-04-16 05:00:27,CUST-7782,Bengaluru,DEBIT_CARD,0.0,7478.68,INR,COMPLETED
ORD-2026-2425,2026-04-16 05:15:58,CUST-7859,Bengaluru,CREDIT_CARD,0.0,4065.67,INR,COMPLETED
ORD-2026-2426,2026-04-16 05:30:34,CUST-4770,Hyderabad,NETBANKING,0.0,8275.08,INR,COMPLETED
ORD-2026-2427,2026-04-16 05:45:33,CUST-4593,Bengaluru,NETBANKING,0.0,8879.21,INR,COMPLETED
ORD-2026-2428,2026-04-16 06:00:13,CUST-1281,Hyderabad,UPI,0.0,14911.63,INR,COMPLETED
ORD-2026-2429,2026-04-16 06:15:03,CUST-6912,Delhi,UPI,0.0,13714.75,INR,COMPLETED
ORD-2026-2430,2026-04-16 06:30:15,CUST-4679,Delhi,NETBANKING,0.0,3555.69,INR,COMPLETED
ORD-2026-2431,2026-04-16 06:45:46,CUST-7958,Hyderabad,CREDIT_CARD,0.0,882.03,INR,COMPLETED
ORD-2026-2432,2026-04-16 07:00:30,CUST-3591,Delhi,UPI,0.0,12642.84,INR,COMPLETED
ORD-2026-2433,2026-04-16 07:15:15,CUST-7823,Delhi,UPI,0.0,1617.45,INR,COMPLETED
ORD-2026-2434,2026-04-16 07:30:33,CUST-5907,Hyderabad,CREDIT_CARD,0.0,10629.18,INR,COMPLETED
ORD-2026-2435,2026-04-16 07:45:50,CUST-1216,Hyderabad,NETBANKING,0.0,9850.28,INR,COMPLETED
ORD-2026-2436,2026-04-16 08:00:38,CUST-9245,Delhi,UPI,0.0,11391.43,INR,COMPLETED
ORD-2026-2437,2026-04-16 08:15:43,CUST-8443,Bengaluru,NETBANKING,0.0,14249.51,INR,COMPLETED
ORD-2026-2438,2026-04-16 08:30:14,CUST-3569,Hyderabad,DEBIT_CARD,52.15,6643.22,INR,COMPLETED
ORD-2026-2439,2026-04-16 08:45:39,CUST-7427,Delhi,CREDIT_CARD,97.6,1311.95,INR,COMPLETED
ORD-2026-2440,2026-04-16 09:00:52,CUST-8821,Hyderabad,UPI,0.0,10540.19,INR,COMPLETED
ORD-2026-2441,2026-04-16 09:15:10,CUST-7086,Bengaluru,NETBANKING,0.0,1292.74,INR,COMPLETED
ORD-2026-2442,2026-04-16 09:30:06,CUST-6496,Delhi,UPI,0.0,1628.22,INR,COMPLETED
ORD-2026-2443,2026-04-16 09:45:04,CUST-1179,Hyderabad,UPI,0.0,3572.69,INR,COMPLETED
ORD-2026-2444,2026-04-16 10:00:15,CUST-1735,Bengaluru,UPI,48.38,4402.94,INR,COMPLETED
ORD-2026-2445,2026-04-16 10:15:19,CUST-6843,Hyderabad,DEBIT_CARD,50.02,622.94,INR,COMPLETED
ORD-2026-2446,2026-04-16 10:30:46,CUST-3122,Bengaluru,NETBANKING,0.0,5659.64,INR,COMPLETED
ORD-2026-2447,2026-04-16 10:45:57,CUST-2654,Bengaluru,NETBANKING,15.02,11251.04,INR,COMPLETED
ORD-2026-2448,2026-04-16 11:00:30,CUST-1612,Hyderabad,NETBANKING,0.0,9002.19,INR,COMPLETED
ORD-2026-2449,2026-04-16 11:15:05,CUST-2528,Bengaluru,NETBANKING,0.0,13335.46,INR,COMPLETED
ORD-2026-2450,2026-04-16 11:30:10,CUST-9218,Bengaluru,CREDIT_CARD,60.87,14904.54,INR,COMPLETED
ORD-2026-2451,2026-04-16 11:45:50,CUST-5765,Hyderabad,DEBIT_CARD,0.0,2402.36,INR,COMPLETED
ORD-2026-2452,2026-04-16 12:00:57,CUST-7350,Delhi,UPI,0.0,10835.06,INR,COMPLETED
ORD-2026-2453,2026-04-16 12:15:09,CUST-9151,Delhi,UPI,14.26,8720.06,INR,COMPLETED
ORD-2026-2454,2026-04-16 12:30:31,CUST-6139,Delhi,UPI,16.15,1864.65,INR,COMPLETED
ORD-2026-2455,2026-04-16 12:45:05,CUST-8548,Hyderabad,DEBIT_CARD,97.85,1531.44,INR,COMPLETED
ORD-2026-2456,2026-04-16 13:00:41,CUST-3031,Bengaluru,NETBANKING,0.0,13900.33,INR,COMPLETED
ORD-2026-2457,2026-04-16 13:15:26,CUST-3113,Hyderabad,DEBIT_CARD,0.0,12926.51,INR,COMPLETED
ORD-2026-2458,2026-04-16 13:30:05,CUST-9289,Hyderabad,DEBIT_CARD,0.0,10391.91,INR,COMPLETED
ORD-2026-2459,2026-04-16 13:45:39,CUST-1934,Bengaluru,UPI,0.0,14672.76,INR,COMPLETED
ORD-2026-2460,2026-04-16 14:00:09,CUST-5762,Hyderabad,UPI,0.0,12869.37,INR,COMPLETED
ORD-2026-2461,2026-04-16 14:15:14,CUST-8573,Bengaluru,UPI,0.0,6129.23,INR,COMPLETED
ORD-2026-2462,2026-04-16 14:30:41,CUST-8616,Delhi,NETBANKING,0.0,8259.18,INR,COMPLETED
ORD-2026-2463,2026-04-16 14:45:58,CUST-7503,Hyderabad,UPI,0.0,14413.45,INR,COMPLETED
ORD-2026-2464,2026-04-16 15:00:20,CUST-8967,Delhi,UPI,0.0,5465.14,INR,COMPLETED
ORD-2026-2465,2026-04-16 15:15:17,CUST-9930,Delhi,UPI,14.55,7091.39,INR,COMPLETED
ORD-2026-2466,2026-04-16 15:30:02,CUST-7230,Delhi,DEBIT_CARD,36.15,14823.26,INR,COMPLETED
ORD-2026-2467,2026-04-16 15:45:13,CUST-1375,Bengaluru,NETBANKING,0.0,1284.12,INR,COMPLETED
ORD-2026-2468,2026-04-16 16:00:09,CUST-7636,Delhi,CREDIT_CARD,0.0,1504.26,INR,COMPLETED
ORD-2026-2469,2026-04-16 16:15:55,CUST-4507,Bengaluru,NETBANKING,18.41,6585.97,INR,COMPLETED
ORD-2026-2470,2026-04-16 16:30:57,CUST-6603,Hyderabad,UPI,0.0,13573.81,INR,COMPLETED
ORD-2026-2471,2026-04-16 16:45:30,CUST-3632,Bengaluru,NETBANKING,0.0,7394.74,INR,COMPLETED
ORD-2026-2472,2026-04-16 17:00:52,CUST-4253,Delhi,NETBANKING,0.0,644.01,INR,COMPLETED
ORD-2026-2473,2026-04-16 17:15:42,CUST-6185,Delhi,CREDIT_CARD,0.0,14802.34,INR,COMPLETED
ORD-2026-2474,2026-04-16 17:30:55,CUST-7658,Hyderabad,CREDIT_CARD,0.0,5087.91,INR,COMPLETED
ORD-2026-2475,2026-04-16 17:45:53,CUST-8361,Bengaluru,NETBANKING,9.74,12930.37,INR,COMPLETED
ORD-2026-2476,2026-04-16 18:00:44,CUST-3721,Bengaluru,CREDIT_CARD,0.0,8418.25,INR,COMPLETED
ORD-2026-2477,2026-04-16 18:15:43,CUST-1235,Hyderabad,CREDIT_CARD,1.62,8864.13,INR,COMPLETED
ORD-2026-2478,2026-04-16 18:30:44,CUST-8471,Hyderabad,UPI,0.0,7737.39,INR,COMPLETED
ORD-2026-2479,2026-04-16 18:45:33,CUST-6502,Delhi,NETBANKING,45.88,14624.02,INR,COMPLETED
ORD-2026-2480,2026-04-16 19:00:38,CUST-8141,Hyderabad,CREDIT_CARD,0.0,2858.53,INR,COMPLETED
ORD-2026-2481,2026-04-16 19:15:40,CUST-2625,Delhi,NETBANKING,10.38,4607.1,INR,COMPLETED
ORD-2026-2482,2026-04-16 19:30:39,CUST-2698,Hyderabad,UPI,0.0,14021.2,INR,COMPLETED
ORD-2026-2483,2026-04-16 19:45:40,CUST-1534,Bengaluru,UPI,0.0,6939.5,INR,COMPLETED
ORD-2026-2484,2026-04-16 20:00:49,CUST-7243,Delhi,CREDIT_CARD,0.0,7092.13,INR,COMPLETED
ORD-2026-2485,2026-04-16 20:15:22,CUST-8601,Hyderabad,UPI,64.49,14530.43,INR,COMPLETED
ORD-2026-2486,2026-04-16 20:30:00,CUST-4668,Bengaluru,NETBANKING,0.0,14124.44,INR,COMPLETED
ORD-2026-2487,2026-04-16 20:45:53,CUST-7794,Bengaluru,DEBIT_CARD,0.0,13588.76,INR,COMPLETED
ORD-2026-2488,2026-04-16 21:00:00,CUST-7134,Bengaluru,UPI,59.99,880.58,INR,COMPLETED
ORD-2026-2489,2026-04-16 21:15:27,CUST-7412,Delhi,CREDIT_CARD,0.0,4006.55,INR,COMPLETED
ORD-2026-2490,2026-04-16 21:30:51,CUST-8030,Delhi,UPI,39.04,14013.14,INR,COMPLETED
ORD-2026-2491,2026-04-16 21:45:57,CUST-3595,Hyderabad,CREDIT_CARD,0.0,5112.81,INR,COMPLETED
ORD-2026-2492,2026-04-16 22:00:07,CUST-7422,Bengaluru,CREDIT_CARD,83.73,9655.9,INR,COMPLETED
ORD-2026-2493,2026-04-16 22:15:05,CUST-8166,Delhi,DEBIT_CARD,0.0,1852.35,INR,COMPLETED
ORD-2026-2494,2026-04-16 22:30:39,CUST-2290,Bengaluru,CREDIT_CARD,0.0,10759.85,INR,COMPLETED
ORD-2026-2495,2026-04-16 22:45:40,CUST-6867,Delhi,CREDIT_CARD,0.0,9656.78,INR,COMPLETED
ORD-2026-2496,2026-04-16 23:00:34,CUST-7194,Hyderabad,DEBIT_CARD,0.0,12686.62,INR,COMPLETED
ORD-2026-2497,2026-04-16 23:15:59,CUST-1379,Bengaluru,UPI,86.69,2584.66,INR,COMPLETED
ORD-2026-2498,2026-04-16 23:30:59,CUST-2754,Delhi,NETBANKING,0.0,9140.47,INR,COMPLETED
ORD-2026-2499,2026-04-16 23:45:04,CUST-6921,Delhi,UPI,0.0,7666.55,INR,COMPLETED
ORD-2026-2500,2026-04-17 00:00:26,CUST-2250,Delhi,UPI,0.0,1566.85,INR,COMPLETED
ORD-2026-2501,2026-04-17 00:15:58,CUST-3639,Delhi,DEBIT_CARD,0.0,7037.74,INR,COMPLETED
ORD-2026-2502,2026-04-17 00:30:07,CUST-6681,Hyderabad,UPI,60.0,14650.78,INR,COMPLETED
ORD-2026-2503,2026-04-17 00:45:47,CUST-2992,Delhi,CREDIT_CARD,0.0,4190.26,INR,COMPLETED
ORD-2026-2504,2026-04-17 01:00:33,CUST-3496,Delhi,UPI,11.48,7920.3,INR,COMPLETED
ORD-2026-2505,2026-04-17 01:15:20,CUST-2367,Bengaluru,UPI,0.0,2509.19,INR,COMPLETED
ORD-2026-2506,2026-04-17 01:30:30,CUST-2506,Hyderabad,DEBIT_CARD,0.0,3388.94,INR,COMPLETED
ORD-2026-2507,2026-04-17 01:45:47,CUST-8144,Bengaluru,DEBIT_CARD,92.23,12230.67,INR,COMPLETED
ORD-2026-2508,2026-04-17 02:00:43,CUST-5605,Hyderabad,CREDIT_CARD,0.0,12767.52,INR,COMPLETED
ORD-2026-2509,2026-04-17 02:15:50,CUST-8992,Hyderabad,DEBIT_CARD,42.37,3484.56,INR,COMPLETED
ORD-2026-2510,2026-04-17 02:30:39,CUST-7275,Hyderabad,DEBIT_CARD,0.0,2059.61,INR,COMPLETED
ORD-2026-2511,2026-04-17 02:45:52,CUST-3740,Delhi,DEBIT_CARD,25.31,1431.86,INR,COMPLETED
ORD-2026-2512,2026-04-17 03:00:52,CUST-9691,Hyderabad,DEBIT_CARD,0.0,13220.16,INR,COMPLETED
ORD-2026-2513,2026-04-17 03:15:27,CUST-6861,Delhi,CREDIT_CARD,0.0,11968.0,INR,COMPLETED
ORD-2026-2514,2026-04-17 03:30:09,CUST-3003,Delhi,DEBIT_CARD,0.0,11802.96,INR,COMPLETED
ORD-2026-2515,2026-04-17 03:45:29,CUST-6268,Delhi,DEBIT_CARD,0.0,8728.3,INR,COMPLETED
ORD-2026-2516,2026-04-17 04:00:13,CUST-2686,Bengaluru,DEBIT_CARD,0.0,8145.3,INR,COMPLETED
ORD-2026-2517,2026-04-17 04:15:36,CUST-7909,Bengaluru,UPI,0.0,13443.63,INR,COMPLETED
ORD-2026-2518,2026-04-17 04:30:12,CUST-9092,Hyderabad,DEBIT_CARD,0.0,1220.07,INR,COMPLETED
ORD-2026-2519,2026-04-17 04:45:07,CUST-3803,Bengaluru,NETBANKING,0.0,2299.34,INR,COMPLETED
ORD-2026-2520,2026-04-17 05:00:01,CUST-1076,Hyderabad,CREDIT_CARD,0.0,4633.04,INR,COMPLETED
ORD-2026-2521,2026-04-17 05:15:57,CUST-9642,Delhi,UPI,0.0,8235.27,INR,COMPLETED
ORD-2026-2522,2026-04-17 05:30:30,CUST-7800,Bengaluru,UPI,0.0,1879.24,INR,COMPLETED
ORD-2026-2523,2026-04-17 05:45:05,CUST-6131,Hyderabad,DEBIT_CARD,0.0,8568.53,INR,COMPLETED
ORD-2026-2524,2026-04-17 06:00:29,CUST-2989,Hyderabad,DEBIT_CARD,10.27,7653.38,INR,COMPLETED
ORD-2026-2525,2026-04-17 06:15:52,CUST-2722,Hyderabad,UPI,72.43,650.74,INR,COMPLETED
ORD-2026-2526,2026-04-17 06:30:12,CUST-7043,Bengaluru,CREDIT_CARD,93.41,10999.56,INR,COMPLETED
ORD-2026-2527,2026-04-17 06:45:07,CUST-5985,Delhi,DEBIT_CARD,0.0,1196.05,INR,COMPLETED
ORD-2026-2528,2026-04-17 07:00:17,CUST-3257,Bengaluru,NETBANKING,0.0,10630.64,INR,COMPLETED
ORD-2026-2529,2026-04-17 07:15:48,CUST-7771,Bengaluru,DEBIT_CARD,0.0,8969.89,INR,COMPLETED
ORD-2026-2530,2026-04-17 07:30:30,CUST-5596,Hyderabad,CREDIT_CARD,0.0,10088.4,INR,COMPLETED
ORD-2026-2531,2026-04-17 07:45:16,CUST-2356,Hyderabad,CREDIT_CARD,0.0,11609.93,INR,COMPLETED
ORD-2026-2532,2026-04-17 08:00:04,CUST-9103,Delhi,CREDIT_CARD,0.0,1589.59,INR,COMPLETED
ORD-2026-2533,2026-04-17 08:15:52,CUST-8989,Delhi,CREDIT_CARD,0.0,6083.37,INR,COMPLETED
ORD-2026-2534,2026-04-17 08:30:45,CUST-3523,Bengaluru,DEBIT_CARD,0.0,7083.32,INR,COMPLETED
ORD-2026-2535,2026-04-17 08:45:24,CUST-9412,Delhi,CREDIT_CARD,0.0,14638.44,INR,COMPLETED
ORD-2026-2536,2026-04-17 09:00:17,CUST-6032,Bengaluru,UPI,0.0,6634.86,INR,COMPLETED
ORD-2026-2537,2026-04-17 09:15:56,CUST-2805,Delhi,NETBANKING,0.0,2054.01,INR,COMPLETED
ORD-2026-2538,2026-04-17 09:30:01,CUST-9698,Hyderabad,CREDIT_CARD,0.0,7405.49,INR,COMPLETED
ORD-2026-2539,2026-04-17 09:45:22,CUST-3467,Hyderabad,UPI,0.0,6756.37,INR,COMPLETED
ORD-2026-2540,2026-04-17 10:00:28,CUST-2602,Delhi,DEBIT_CARD,0.0,4452.54,INR,COMPLETED
ORD-2026-2541,2026-04-17 10:15:12,CUST-7597,Delhi,NETBANKING,0.0,4763.09,INR,COMPLETED
ORD-2026-2542,2026-04-17 10:30:33,CUST-1817,Bengaluru,NETBANKING,0.0,6786.7,INR,COMPLETED
ORD-2026-2543,2026-04-17 10:45:03,CUST-5361,Delhi,CREDIT_CARD,0.0,13478.35,INR,COMPLETED
ORD-2026-2544,2026-04-17 11:00:56,CUST-7628,Hyderabad,DEBIT_CARD,0.0,9493.2,INR,COMPLETED
ORD-2026-2545,2026-04-17 11:15:13,CUST-4335,Hyderabad,DEBIT_CARD,0.0,2979.92,INR,COMPLETED
ORD-2026-2546,2026-04-17 11:30:00,CUST-9245,Bengaluru,DEBIT_CARD,0.0,1866.52,INR,COMPLETED
ORD-2026-2547,2026-04-17 11:45:15,CUST-2137,Delhi,DEBIT_CARD,0.0,2968.37,INR,COMPLETED
ORD-2026-2548,2026-04-17 12:00:42,CUST-6473,Delhi,CREDIT_CARD,0.0,7381.71,INR,COMPLETED
ORD-2026-2549,2026-04-17 12:15:10,CUST-1159,Bengaluru,UPI,0.0,10348.44,INR,COMPLETED
ORD-2026-2550,2026-04-17 12:30:31,CUST-8742,Delhi,UPI,0.0,13161.67,INR,COMPLETED
ORD-2026-2551,2026-04-17 12:45:33,CUST-3401,Delhi,DEBIT_CARD,0.0,7795.62,INR,COMPLETED
ORD-2026-2552,2026-04-17 13:00:31,CUST-9940,Hyderabad,DEBIT_CARD,0.0,11154.82,INR,COMPLETED
ORD-2026-2553,2026-04-17 13:15:00,CUST-5933,Bengaluru,DEBIT_CARD,0.0,12502.37,INR,COMPLETED
ORD-2026-2554,2026-04-17 13:30:07,CUST-9508,Bengaluru,NETBANKING,0.0,4414.09,INR,COMPLETED
ORD-2026-2555,2026-04-17 13:45:54,CUST-3320,Hyderabad,NETBANKING,0.0,3693.71,INR,COMPLETED
ORD-2026-2556,2026-04-17 14:00:23,CUST-2462,Delhi,NETBANKING,37.78,3491.46,INR,COMPLETED
ORD-2026-2557,2026-04-17 14:15:43,CUST-8360,Bengaluru,DEBIT_CARD,0.0,8401.29,INR,COMPLETED
ORD-2026-2558,2026-04-17 14:30:25,CUST-5526,Hyderabad,DEBIT_CARD,0.0,9042.64,INR,COMPLETED
ORD-2026-2559,2026-04-17 14:45:07,CUST-8455,Bengaluru,DEBIT_CARD,79.23,6785.16,INR,COMPLETED
ORD-2026-2560,2026-04-17 15:00:00,CUST-3410,Hyderabad,UPI,0.0,7734.44,INR,COMPLETED
ORD-2026-2561,2026-04-17 15:15:35,CUST-5974,Hyderabad,DEBIT_CARD,0.0,10132.64,INR,COMPLETED
ORD-2026-2562,2026-04-17 15:30:29,CUST-5636,Bengaluru,DEBIT_CARD,0.0,1093.82,INR,COMPLETED
ORD-2026-2563,2026-04-17 15:45:27,CUST-1010,Delhi,DEBIT_CARD,0.0,5607.71,INR,COMPLETED
ORD-2026-2564,2026-04-17 16:00:42,CUST-3540,Delhi,DEBIT_CARD,0.0,14398.6,INR,COMPLETED
ORD-2026-2565,2026-04-17 16:15:37,CUST-5764,Delhi,CREDIT_CARD,0.0,13814.77,INR,COMPLETED
ORD-2026-2566,2026-04-17 16:30:40,CUST-7539,Delhi,CREDIT_CARD,92.02,6100.49,INR,COMPLETED
ORD-2026-2567,2026-04-17 16:45:36,CUST-6283,Bengaluru,DEBIT_CARD,0.0,6819.34,INR,COMPLETED
ORD-2026-2568,2026-04-17 17:00:08,CUST-4268,Hyderabad,CREDIT_CARD,0.0,6536.53,INR,COMPLETED
ORD-2026-2569,2026-04-17 17:15:34,CUST-8158,Delhi,NETBANKING,0.0,3158.9,INR,COMPLETED
ORD-2026-2570,2026-04-17 17:30:59,CUST-6858,Hyderabad,DEBIT_CARD,0.0,10434.87,INR,COMPLETED
ORD-2026-2571,2026-04-17 17:45:26,CUST-1432,Hyderabad,NETBANKING,0.0,7188.62,INR,COMPLETED
ORD-2026-2572,2026-04-17 18:00:37,CUST-3085,Bengaluru,DEBIT_CARD,0.0,7927.0,INR,COMPLETED
ORD-2026-2573,2026-04-17 18:15:48,CUST-3063,Hyderabad,DEBIT_CARD,0.0,12754.06,INR,COMPLETED
ORD-2026-2574,2026-04-17 18:30:53,CUST-1896,Hyderabad,NETBANKING,64.99,1288.02,INR,COMPLETED
ORD-2026-2575,2026-04-17 18:45:52,CUST-8888,Bengaluru,UPI,0.0,4713.37,INR,COMPLETED
ORD-2026-2576,2026-04-17 19:00:47,CUST-9369,Bengaluru,UPI,0.0,8976.95,INR,COMPLETED
ORD-2026-2577,2026-04-17 19:15:09,CUST-9115,Delhi,CREDIT_CARD,0.0,8649.71,INR,COMPLETED
ORD-2026-2578,2026-04-17 19:30:40,CUST-1105,Hyderabad,CREDIT_CARD,0.0,5007.92,INR,COMPLETED
ORD-2026-2579,2026-04-17 19:45:04,CUST-2983,Bengaluru,UPI,0.0,500.52,INR,COMPLETED
ORD-2026-2580,2026-04-17 20:00:30,CUST-9287,Hyderabad,UPI,0.0,857.52,INR,COMPLETED
ORD-2026-2581,2026-04-17 20:15:30,CUST-4849,Bengaluru,DEBIT_CARD,0.0,14749.1,INR,COMPLETED
ORD-2026-2582,2026-04-17 20:30:54,CUST-3018,Hyderabad,NETBANKING,0.0,10043.31,INR,COMPLETED
ORD-2026-2583,2026-04-17 20:45:52,CUST-4943,Delhi,CREDIT_CARD,0.0,11296.68,INR,COMPLETED
ORD-2026-2584,2026-04-17 21:00:30,CUST-2638,Bengaluru,CREDIT_CARD,0.0,4705.52,INR,COMPLETED
ORD-2026-2585,2026-04-17 21:15:24,CUST-2758,Hyderabad,DEBIT_CARD,0.0,10615.96,INR,COMPLETED
ORD-2026-2586,2026-04-17 21:30:18,CUST-7380,Delhi,CREDIT_CARD,0.0,7127.69,INR,COMPLETED
ORD-2026-2587,2026-04-17 21:45:02,CUST-6811,Delhi,NETBANKING,0.0,13667.57,INR,COMPLETED
ORD-2026-2588,2026-04-17 22:00:17,CUST-3593,Hyderabad,NETBANKING,0.0,632.24,INR,COMPLETED
ORD-2026-2589,2026-04-17 22:15:57,CUST-7399,Bengaluru,CREDIT_CARD,0.0,10740.26,INR,COMPLETED
ORD-2026-2590,2026-04-17 22:30:41,CUST-6558,Hyderabad,CREDIT_CARD,0.0,10928.53,INR,COMPLETED
ORD-2026-2591,2026-04-17 22:45:50,CUST-5963,Hyderabad,CREDIT_CARD,0.0,11557.81,INR,COMPLETED
ORD-2026-2592,2026-04-17 23:00:24,CUST-3955,Bengaluru,NETBANKING,0.0,14457.05,INR,COMPLETED
ORD-2026-2593,2026-04-17 23:15:44,CUST-6703,Bengaluru,DEBIT_CARD,0.0,5199.11,INR,COMPLETED
ORD-2026-2594,2026-04-17 23:30:02,CUST-3607,Delhi,UPI,0.0,928.07,INR,COMPLETED
ORD-2026-2595,2026-04-17 23:45:59,CUST-6302,Delhi,NETBANKING,80.86,10350.17,INR,COMPLETED
ORD-2026-2596,2026-04-18 00:00:57,CUST-7292,Hyderabad,CREDIT_CARD,6.19,13270.95,INR,COMPLETED
ORD-2026-2597,2026-04-18 00:15:02,CUST-2194,Hyderabad,UPI,0.0,12778.63,INR,COMPLETED
ORD-2026-2598,2026-04-18 00:30:59,CUST-2763,Bengaluru,UPI,0.0,3023.97,INR,COMPLETED
ORD-2026-2599,2026-04-18 00:45:16,CUST-5687,Delhi,CREDIT_CARD,0.0,7620.99,INR,COMPLETED
ORD-2026-2600,2026-04-18 01:00:52,CUST-4150,Delhi,NETBANKING,0.0,8163.68,INR,COMPLETED
ORD-2026-2601,2026-04-18 01:15:13,CUST-3302,Delhi,UPI,0.0,981.97,INR,COMPLETED
ORD-2026-2602,2026-04-18 01:30:21,CUST-9653,Hyderabad,UPI,0.0,3186.91,INR,COMPLETED
ORD-2026-2603,2026-04-18 01:45:32,CUST-3258,Delhi,NETBANKING,0.0,5605.54,INR,COMPLETED
ORD-2026-2604,2026-04-18 02:00:55,CUST-2280,Delhi,NETBANKING,0.0,1527.58,INR,COMPLETED
ORD-2026-2605,2026-04-18 02:15:07,CUST-1843,Bengaluru,UPI,0.0,7731.33,INR,COMPLETED
ORD-2026-2606,2026-04-18 02:30:59,CUST-7396,Bengaluru,CREDIT_CARD,0.0,12508.15,INR,COMPLETED
ORD-2026-2607,2026-04-18 02:45:34,CUST-9482,Bengaluru,DEBIT_CARD,0.0,8842.66,INR,COMPLETED
ORD-2026-2608,2026-04-18 03:00:34,CUST-2816,Bengaluru,UPI,0.0,10614.01,INR,COMPLETED
ORD-2026-2609,2026-04-18 03:15:02,CUST-5274,Delhi,UPI,0.0,5401.66,INR,COMPLETED
ORD-2026-2610,2026-04-18 03:30:08,CUST-6400,Bengaluru,UPI,6.23,3461.38,INR,COMPLETED
ORD-2026-2611,2026-04-18 03:45:51,CUST-1579,Hyderabad,UPI,94.99,14245.97,INR,COMPLETED
ORD-2026-2612,2026-04-18 04:00:56,CUST-3121,Hyderabad,UPI,0.0,8495.67,INR,COMPLETED
ORD-2026-2613,2026-04-18 04:15:31,CUST-6738,Hyderabad,UPI,0.0,7860.26,INR,COMPLETED
ORD-2026-2614,2026-04-18 04:30:59,CUST-4214,Bengaluru,CREDIT_CARD,0.0,1302.67,INR,COMPLETED
ORD-2026-2615,2026-04-18 04:45:35,CUST-7342,Hyderabad,UPI,0.0,7491.51,INR,COMPLETED
ORD-2026-2616,2026-04-18 05:00:35,CUST-8175,Delhi,NETBANKING,98.25,2497.67,INR,COMPLETED
ORD-2026-2617,2026-04-18 05:15:21,CUST-1949,Delhi,DEBIT_CARD,0.0,6829.61,INR,COMPLETED
ORD-2026-2618,2026-04-18 05:30:14,CUST-9785,Bengaluru,UPI,0.0,6489.45,INR,COMPLETED
ORD-2026-2619,2026-04-18 05:45:55,CUST-1931,Delhi,UPI,0.0,10937.49,INR,COMPLETED
ORD-2026-2620,2026-04-18 06:00:02,CUST-5001,Hyderabad,CREDIT_CARD,0.0,5054.83,INR,COMPLETED
ORD-2026-2621,2026-04-18 06:15:42,CUST-2258,Delhi,NETBANKING,0.0,2274.46,INR,COMPLETED
ORD-2026-2622,2026-04-18 06:30:45,CUST-6848,Delhi,CREDIT_CARD,0.0,11160.67,INR,COMPLETED
ORD-2026-2623,2026-04-18 06:45:18,CUST-5001,Bengaluru,DEBIT_CARD,31.89,13100.08,INR,COMPLETED
ORD-2026-2624,2026-04-18 07:00:03,CUST-7731,Bengaluru,UPI,48.62,5526.21,INR,COMPLETED
ORD-2026-2625,2026-04-18 07:15:53,CUST-4777,Hyderabad,CREDIT_CARD,0.0,14651.11,INR,COMPLETED
ORD-2026-2626,2026-04-18 07:30:23,CUST-3325,Delhi,UPI,69.83,11011.21,INR,COMPLETED
ORD-2026-2627,2026-04-18 07:45:07,CUST-1553,Hyderabad,NETBANKING,0.0,808.7,INR,COMPLETED
ORD-2026-2628,2026-04-18 08:00:03,CUST-7290,Hyderabad,DEBIT_CARD,0.0,4546.84,INR,COMPLETED
ORD-2026-2629,2026-04-18 08:15:28,CUST-4370,Hyderabad,NETBANKING,0.0,1144.03,INR,COMPLETED
ORD-2026-2630,2026-04-18 08:30:42,CUST-9872,Hyderabad,UPI,91.01,4924.65,INR,COMPLETED
ORD-2026-2631,2026-04-18 08:45:51,CUST-4547,Delhi,DEBIT_CARD,0.0,11423.12,INR,COMPLETED
ORD-2026-2632,2026-04-18 09:00:55,CUST-1935,Delhi,NETBANKING,0.0,6699.46,INR,COMPLETED
ORD-2026-2633,2026-04-18 09:15:29,CUST-9501,Hyderabad,DEBIT_CARD,0.0,6645.61,INR,COMPLETED
ORD-2026-2634,2026-04-18 09:30:47,CUST-4903,Delhi,NETBANKING,28.07,14892.89,INR,COMPLETED
ORD-2026-2635,2026-04-18 09:45:15,CUST-5846,Hyderabad,DEBIT_CARD,0.0,11684.42,INR,COMPLETED
ORD-2026-2636,2026-04-18 10:00:17,CUST-1202,Delhi,DEBIT_CARD,0.0,10058.83,INR,COMPLETED
ORD-2026-2637,2026-04-18 10:15:54,CUST-8581,Delhi,DEBIT_CARD,0.0,3092.37,INR,COMPLETED
ORD-2026-2638,2026-04-18 10:30:22,CUST-4569,Hyderabad,UPI,0.0,7463.01,INR,COMPLETED
ORD-2026-2639,2026-04-18 10:45:35,CUST-2049,Hyderabad,DEBIT_CARD,0.0,5053.38,INR,COMPLETED
ORD-2026-2640,2026-04-18 11:00:55,CUST-4726,Bengaluru,DEBIT_CARD,0.0,7676.47,INR,COMPLETED
ORD-2026-2641,2026-04-18 11:15:14,CUST-1630,Delhi,UPI,0.0,2159.48,INR,COMPLETED
ORD-2026-2642,2026-04-18 11:30:35,CUST-1996,Bengaluru,DEBIT_CARD,97.53,10901.69,INR,COMPLETED
ORD-2026-2643,2026-04-18 11:45:45,CUST-4845,Hyderabad,DEBIT_CARD,0.0,1148.63,INR,COMPLETED
ORD-2026-2644,2026-04-18 12:00:07,CUST-4882,Delhi,NETBANKING,0.0,7910.02,INR,COMPLETED
ORD-2026-2645,2026-04-18 12:15:04,CUST-5638,Delhi,NETBANKING,0.0,9807.36,INR,COMPLETED
ORD-2026-2646,2026-04-18 12:30:26,CUST-7139,Hyderabad,DEBIT_CARD,29.41,13512.19,INR,COMPLETED
ORD-2026-2647,2026-04-18 12:45:02,CUST-3458,Bengaluru,CREDIT_CARD,0.0,4717.65,INR,COMPLETED
ORD-2026-2648,2026-04-18 13:00:32,CUST-9326,Bengaluru,CREDIT_CARD,0.0,10878.64,INR,COMPLETED
ORD-2026-2649,2026-04-18 13:15:53,CUST-3458,Hyderabad,NETBANKING,0.0,8948.95,INR,COMPLETED
ORD-2026-2650,2026-04-18 13:30:04,CUST-4679,Bengaluru,UPI,0.0,14400.06,INR,COMPLETED
ORD-2026-2651,2026-04-18 13:45:34,CUST-9646,Delhi,NETBANKING,0.0,11129.16,INR,COMPLETED
ORD-2026-2652,2026-04-18 14:00:20,CUST-5801,Delhi,NETBANKING,0.0,4403.15,INR,COMPLETED
ORD-2026-2653,2026-04-18 14:15:29,CUST-2890,Bengaluru,DEBIT_CARD,0.0,5064.84,INR,COMPLETED
ORD-2026-2654,2026-04-18 14:30:23,CUST-9284,Delhi,NETBANKING,65.33,1655.51,INR,COMPLETED
ORD-2026-2655,2026-04-18 14:45:50,CUST-3052,Bengaluru,CREDIT_CARD,0.0,6573.33,INR,COMPLETED
ORD-2026-2656,2026-04-18 15:00:16,CUST-6596,Hyderabad,CREDIT_CARD,0.0,12039.91,INR,COMPLETED
ORD-2026-2657,2026-04-18 15:15:32,CUST-9096,Bengaluru,NETBANKING,19.81,14757.09,INR,COMPLETED
ORD-2026-2658,2026-04-18 15:30:00,CUST-7858,Hyderabad,NETBANKING,0.0,2918.18,INR,COMPLETED
ORD-2026-2659,2026-04-18 15:45:47,CUST-1558,Hyderabad,NETBANKING,0.0,1964.43,INR,COMPLETED
ORD-2026-2660,2026-04-18 16:00:08,CUST-9672,Hyderabad,UPI,35.44,7966.01,INR,COMPLETED
ORD-2026-2661,2026-04-18 16:15:18,CUST-6515,Bengaluru,CREDIT_CARD,0.0,2225.93,INR,COMPLETED
ORD-2026-2662,2026-04-18 16:30:04,CUST-6815,Hyderabad,UPI,63.08,11211.85,INR,COMPLETED
ORD-2026-2663,2026-04-18 16:45:18,CUST-3205,Bengaluru,NETBANKING,0.0,11486.07,INR,COMPLETED
ORD-2026-2664,2026-04-18 17:00:09,CUST-7060,Bengaluru,UPI,0.0,13486.19,INR,COMPLETED
ORD-2026-2665,2026-04-18 17:15:11,CUST-5576,Delhi,DEBIT_CARD,0.0,7875.67,INR,COMPLETED
ORD-2026-2666,2026-04-18 17:30:36,CUST-9604,Bengaluru,DEBIT_CARD,0.0,8006.33,INR,COMPLETED
ORD-2026-2667,2026-04-18 17:45:24,CUST-3923,Delhi,DEBIT_CARD,0.0,5119.39,INR,COMPLETED
ORD-2026-2668,2026-04-18 18:00:33,CUST-6150,Delhi,CREDIT_CARD,0.0,4534.72,INR,COMPLETED
ORD-2026-2669,2026-04-18 18:15:18,CUST-8191,Delhi,UPI,28.85,4470.8,INR,COMPLETED
ORD-2026-2670,2026-04-18 18:30:59,CUST-5565,Delhi,UPI,0.0,3859.28,INR,COMPLETED
ORD-2026-2671,2026-04-18 18:45:38,CUST-9844,Bengaluru,CREDIT_CARD,0.0,13586.85,INR,COMPLETED
ORD-2026-2672,2026-04-18 19:00:53,CUST-7054,Delhi,NETBANKING,0.0,12424.77,INR,COMPLETED
ORD-2026-2673,2026-04-18 19:15:46,CUST-3067,Hyderabad,NETBANKING,0.0,6949.96,INR,COMPLETED
ORD-2026-2674,2026-04-18 19:30:28,CUST-9081,Hyderabad,UPI,0.0,13388.76,INR,COMPLETED
ORD-2026-2675,2026-04-18 19:45:42,CUST-6795,Delhi,DEBIT_CARD,0.0,2188.71,INR,COMPLETED
ORD-2026-2676,2026-04-18 20:00:20,CUST-6494,Hyderabad,UPI,0.0,2772.54,INR,COMPLETED
ORD-2026-2677,2026-04-18 20:15:45,CUST-1628,Hyderabad,UPI,0.0,10475.09,INR,COMPLETED
ORD-2026-2678,2026-04-18 20:30:53,CUST-1583,Bengaluru,DEBIT_CARD,0.0,8593.47,INR,COMPLETED
ORD-2026-2679,2026-04-18 20:45:24,CUST-4607,Bengaluru,CREDIT_CARD,0.0,13145.66,INR,COMPLETED
ORD-2026-2680,2026-04-18 21:00:52,CUST-9138,Hyderabad,CREDIT_CARD,0.0,3213.02,INR,COMPLETED
ORD-2026-2681,2026-04-18 21:15:33,CUST-4509,Delhi,UPI,0.0,12928.77,INR,COMPLETED
ORD-2026-2682,2026-04-18 21:30:11,CUST-5310,Bengaluru,CREDIT_CARD,0.0,1062.78,INR,COMPLETED
ORD-2026-2683,2026-04-18 21:45:22,CUST-3950,Hyderabad,CREDIT_CARD,87.5,7521.38,INR,COMPLETED
ORD-2026-2684,2026-04-18 22:00:31,CUST-7425,Bengaluru,NETBANKING,0.0,12052.82,INR,COMPLETED
ORD-2026-2685,2026-04-18 22:15:14,CUST-5706,Hyderabad,DEBIT_CARD,32.54,2129.33,INR,COMPLETED
ORD-2026-2686,2026-04-18 22:30:07,CUST-6224,Bengaluru,NETBANKING,0.0,3054.82,INR,COMPLETED
ORD-2026-2687,2026-04-18 22:45:45,CUST-8925,Hyderabad,NETBANKING,0.0,2356.84,INR,COMPLETED
ORD-2026-2688,2026-04-18 23:00:18,CUST-4524,Hyderabad,CREDIT_CARD,0.0,4384.9,INR,COMPLETED
ORD-2026-2689,2026-04-18 23:15:43,CUST-7412,Hyderabad,DEBIT_CARD,0.0,5105.47,INR,COMPLETED
ORD-2026-2690,2026-04-18 23:30:17,CUST-4587,Hyderabad,UPI,0.0,7539.83,INR,COMPLETED
ORD-2026-2691,2026-04-18 23:45:26,CUST-3728,Bengaluru,DEBIT_CARD,0.0,3709.0,INR,COMPLETED
ORD-2026-2692,2026-04-19 00:00:39,CUST-3117,Bengaluru,UPI,0.0,9355.9,INR,COMPLETED
ORD-2026-2693,2026-04-19 00:15:51,CUST-6460,Hyderabad,UPI,0.0,5998.23,INR,COMPLETED
ORD-2026-2694,2026-04-19 00:30:41,CUST-4448,Hyderabad,UPI,0.0,1213.62,INR,COMPLETED
ORD-2026-2695,2026-04-19 00:45:55,CUST-5754,Delhi,NETBANKING,33.15,10908.4,INR,COMPLETED
ORD-2026-2696,2026-04-19 01:00:02,CUST-9627,Delhi,CREDIT_CARD,0.0,12759.49,INR,COMPLETED
ORD-2026-2697,2026-04-19 01:15:02,CUST-5939,Delhi,NETBANKING,0.0,2775.71,INR,COMPLETED
ORD-2026-2698,2026-04-19 01:30:17,CUST-7190,Bengaluru,CREDIT_CARD,0.0,11373.77,INR,COMPLETED
ORD-2026-2699,2026-04-19 01:45:04,CUST-7805,Delhi,DEBIT_CARD,0.0,1571.41,INR,COMPLETED
ORD-2026-2700,2026-04-19 02:00:47,CUST-7408,Delhi,CREDIT_CARD,85.93,9028.84,INR,COMPLETED
ORD-2026-2701,2026-04-19 02:15:32,CUST-5950,Hyderabad,DEBIT_CARD,0.0,11280.51,INR,COMPLETED
ORD-2026-2702,2026-04-19 02:30:36,CUST-5771,Hyderabad,DEBIT_CARD,0.0,7335.31,INR,COMPLETED
ORD-2026-2703,2026-04-19 02:45:18,CUST-9736,Bengaluru,DEBIT_CARD,0.0,13661.15,INR,COMPLETED
ORD-2026-2704,2026-04-19 03:00:46,CUST-7106,Bengaluru,NETBANKING,0.0,6207.86,INR,COMPLETED
ORD-2026-2705,2026-04-19 03:15:01,CUST-4802,Hyderabad,CREDIT_CARD,0.0,6261.55,INR,COMPLETED
ORD-2026-2706,2026-04-19 03:30:41,CUST-3355,Bengaluru,UPI,9.54,5003.84,INR,COMPLETED
ORD-2026-2707,2026-04-19 03:45:37,CUST-3315,Hyderabad,CREDIT_CARD,0.0,4124.55,INR,COMPLETED
ORD-2026-2708,2026-04-19 04:00:49,CUST-7747,Hyderabad,CREDIT_CARD,0.0,7654.56,INR,COMPLETED
ORD-2026-2709,2026-04-19 04:15:20,CUST-7660,Delhi,CREDIT_CARD,0.0,10490.47,INR,COMPLETED
ORD-2026-2710,2026-04-19 04:30:34,CUST-4862,Hyderabad,NETBANKING,0.0,7747.32,INR,COMPLETED
ORD-2026-2711,2026-04-19 04:45:58,CUST-2269,Hyderabad,UPI,0.0,2023.14,INR,COMPLETED
ORD-2026-2712,2026-04-19 05:00:47,CUST-4233,Hyderabad,CREDIT_CARD,11.37,2261.43,INR,COMPLETED
ORD-2026-2713,2026-04-19 05:15:10,CUST-9594,Hyderabad,NETBANKING,0.0,9579.39,INR,COMPLETED
ORD-2026-2714,2026-04-19 05:30:25,CUST-2926,Hyderabad,NETBANKING,71.99,634.25,INR,COMPLETED
ORD-2026-2715,2026-04-19 05:45:20,CUST-7088,Bengaluru,DEBIT_CARD,0.0,9418.96,INR,COMPLETED
ORD-2026-2716,2026-04-19 06:00:43,CUST-7082,Bengaluru,DEBIT_CARD,0.0,3464.7,INR,COMPLETED
ORD-2026-2717,2026-04-19 06:15:13,CUST-3217,Delhi,NETBANKING,0.0,14074.94,INR,COMPLETED
ORD-2026-2718,2026-04-19 06:30:00,CUST-3936,Delhi,NETBANKING,0.0,5106.48,INR,COMPLETED
ORD-2026-2719,2026-04-19 06:45:12,CUST-2537,Bengaluru,DEBIT_CARD,0.0,3389.38,INR,COMPLETED
ORD-2026-2720,2026-04-19 07:00:39,CUST-3563,Delhi,UPI,0.0,7296.06,INR,COMPLETED
ORD-2026-2721,2026-04-19 07:15:40,CUST-4156,Hyderabad,CREDIT_CARD,0.0,704.88,INR,COMPLETED
ORD-2026-2722,2026-04-19 07:30:39,CUST-5173,Bengaluru,DEBIT_CARD,0.0,11621.34,INR,COMPLETED
ORD-2026-2723,2026-04-19 07:45:37,CUST-4546,Hyderabad,CREDIT_CARD,0.0,2710.12,INR,COMPLETED
ORD-2026-2724,2026-04-19 08:00:08,CUST-7274,Hyderabad,UPI,0.0,12054.82,INR,COMPLETED
ORD-2026-2725,2026-04-19 08:15:55,CUST-8756,Delhi,DEBIT_CARD,0.0,9430.36,INR,COMPLETED
ORD-2026-2726,2026-04-19 08:30:05,CUST-3400,Delhi,CREDIT_CARD,0.0,13978.43,INR,COMPLETED
ORD-2026-2727,2026-04-19 08:45:57,CUST-3244,Bengaluru,DEBIT_CARD,42.54,14562.71,INR,COMPLETED
ORD-2026-2728,2026-04-19 09:00:32,CUST-4944,Bengaluru,DEBIT_CARD,0.0,11520.11,INR,COMPLETED
ORD-2026-2729,2026-04-19 09:15:45,CUST-6107,Bengaluru,NETBANKING,0.0,7379.93,INR,COMPLETED
ORD-2026-2730,2026-04-19 09:30:40,CUST-3341,Hyderabad,CREDIT_CARD,0.0,12587.27,INR,COMPLETED
ORD-2026-2731,2026-04-19 09:45:07,CUST-8133,Bengaluru,DEBIT_CARD,0.0,8589.62,INR,COMPLETED
ORD-2026-2732,2026-04-19 10:00:49,CUST-7948,Delhi,DEBIT_CARD,0.0,10215.57,INR,COMPLETED
ORD-2026-2733,2026-04-19 10:15:23,CUST-1174,Delhi,NETBANKING,0.0,3095.58,INR,COMPLETED
ORD-2026-2734,2026-04-19 10:30:37,CUST-2541,Hyderabad,CREDIT_CARD,50.28,5000.67,INR,COMPLETED
ORD-2026-2735,2026-04-19 10:45:41,CUST-8843,Hyderabad,DEBIT_CARD,0.0,4486.8,INR,COMPLETED
ORD-2026-2736,2026-04-19 11:00:40,CUST-1498,Bengaluru,DEBIT_CARD,99.72,1329.79,INR,COMPLETED
ORD-2026-2737,2026-04-19 11:15:31,CUST-9938,Delhi,NETBANKING,0.0,3019.68,INR,COMPLETED
ORD-2026-2738,2026-04-19 11:30:47,CUST-3156,Delhi,CREDIT_CARD,0.0,3065.16,INR,COMPLETED
ORD-2026-2739,2026-04-19 11:45:28,CUST-2021,Hyderabad,UPI,0.0,9743.43,INR,COMPLETED
ORD-2026-2740,2026-04-19 12:00:41,CUST-1273,Hyderabad,DEBIT_CARD,84.82,9403.05,INR,COMPLETED
ORD-2026-2741,2026-04-19 12:15:46,CUST-9459,Delhi,CREDIT_CARD,40.32,14192.36,INR,COMPLETED
ORD-2026-2742,2026-04-19 12:30:04,CUST-9216,Delhi,UPI,0.0,3297.63,INR,COMPLETED
ORD-2026-2743,2026-04-19 12:45:02,CUST-4255,Bengaluru,CREDIT_CARD,0.0,4495.12,INR,COMPLETED
ORD-2026-2744,2026-04-19 13:00:19,CUST-6745,Delhi,UPI,0.0,4469.57,INR,COMPLETED
ORD-2026-2745,2026-04-19 13:15:36,CUST-2444,Delhi,UPI,18.25,13988.96,INR,COMPLETED
ORD-2026-2746,2026-04-19 13:30:37,CUST-1329,Delhi,CREDIT_CARD,0.0,9586.06,INR,COMPLETED
ORD-2026-2747,2026-04-19 13:45:05,CUST-5042,Hyderabad,DEBIT_CARD,64.23,13219.38,INR,COMPLETED
ORD-2026-2748,2026-04-19 14:00:03,CUST-5703,Delhi,CREDIT_CARD,0.0,6000.0,INR,COMPLETED
ORD-2026-2749,2026-04-19 14:15:14,CUST-5469,Delhi,DEBIT_CARD,0.0,12611.49,INR,COMPLETED
ORD-2026-2750,2026-04-19 14:30:28,CUST-9026,Hyderabad,DEBIT_CARD,0.0,4335.9,INR,COMPLETED
ORD-2026-2751,2026-04-19 14:45:53,CUST-3793,Delhi,NETBANKING,58.52,9649.88,INR,COMPLETED
ORD-2026-2752,2026-04-19 15:00:27,CUST-5729,Delhi,CREDIT_CARD,0.0,5530.36,INR,COMPLETED
ORD-2026-2753,2026-04-19 15:15:32,CUST-5230,Delhi,DEBIT_CARD,0.0,11714.43,INR,COMPLETED
ORD-2026-2754,2026-04-19 15:30:33,CUST-4054,Hyderabad,UPI,0.0,10045.82,INR,COMPLETED
ORD-2026-2755,2026-04-19 15:45:36,CUST-1554,Hyderabad,DEBIT_CARD,0.0,5979.7,INR,COMPLETED
ORD-2026-2756,2026-04-19 16:00:10,CUST-6483,Hyderabad,DEBIT_CARD,0.0,6610.41,INR,COMPLETED
ORD-2026-2757,2026-04-19 16:15:19,CUST-9958,Delhi,CREDIT_CARD,0.0,2859.81,INR,COMPLETED
ORD-2026-2758,2026-04-19 16:30:37,CUST-8126,Bengaluru,NETBANKING,0.0,8851.5,INR,COMPLETED
ORD-2026-2759,2026-04-19 16:45:46,CUST-6535,Hyderabad,CREDIT_CARD,0.0,5911.61,INR,COMPLETED
ORD-2026-2760,2026-04-19 17:00:59,CUST-9306,Delhi,UPI,0.0,13222.77,INR,COMPLETED
ORD-2026-2761,2026-04-19 17:15:25,CUST-3687,Bengaluru,DEBIT_CARD,0.0,9099.6,INR,COMPLETED
ORD-2026-2762,2026-04-19 17:30:48,CUST-6458,Delhi,CREDIT_CARD,30.93,2523.46,INR,COMPLETED
ORD-2026-2763,2026-04-19 17:45:29,CUST-8546,Delhi,CREDIT_CARD,0.0,6241.91,INR,COMPLETED
ORD-2026-2764,2026-04-19 18:00:19,CUST-4869,Delhi,CREDIT_CARD,0.0,1665.44,INR,COMPLETED
ORD-2026-2765,2026-04-19 18:15:43,CUST-7131,Delhi,CREDIT_CARD,0.0,8552.55,INR,COMPLETED
ORD-2026-2766,2026-04-19 18:30:30,CUST-7456,Bengaluru,UPI,0.0,8472.52,INR,COMPLETED
ORD-2026-2767,2026-04-19 18:45:53,CUST-4977,Delhi,NETBANKING,0.0,7220.52,INR,COMPLETED
ORD-2026-2768,2026-04-19 19:00:49,CUST-5639,Bengaluru,CREDIT_CARD,0.0,5243.12,INR,COMPLETED
ORD-2026-2769,2026-04-19 19:15:34,CUST-9000,Bengaluru,NETBANKING,0.0,1539.02,INR,COMPLETED
ORD-2026-2770,2026-04-19 19:30:14,CUST-3918,Delhi,UPI,0.0,13341.03,INR,COMPLETED
ORD-2026-2771,2026-04-19 19:45:39,CUST-7523,Delhi,UPI,0.0,9187.97,INR,COMPLETED
ORD-2026-2772,2026-04-19 20:00:12,CUST-5946,Hyderabad,NETBANKING,0.0,1141.59,INR,COMPLETED
ORD-2026-2773,2026-04-19 20:15:09,CUST-7337,Bengaluru,CREDIT_CARD,3.48,4631.98,INR,COMPLETED
ORD-2026-2774,2026-04-19 20:30:25,CUST-2743,Hyderabad,CREDIT_CARD,34.63,10393.93,INR,COMPLETED
ORD-2026-2775,2026-04-19 20:45:41,CUST-1200,Delhi,UPI,0.0,13005.76,INR,COMPLETED
ORD-2026-2776,2026-04-19 21:00:43,CUST-8964,Bengaluru,NETBANKING,40.17,7093.03,INR,COMPLETED
ORD-2026-2777,2026-04-19 21:15:19,CUST-2899,Bengaluru,UPI,90.82,6662.23,INR,COMPLETED
ORD-2026-2778,2026-04-19 21:30:45,CUST-9765,Hyderabad,DEBIT_CARD,0.0,5358.42,INR,COMPLETED
ORD-2026-2779,2026-04-19 21:45:34,CUST-2310,Delhi,NETBANKING,0.0,11514.36,INR,COMPLETED
ORD-2026-2780,2026-04-19 22:00:32,CUST-8454,Hyderabad,DEBIT_CARD,0.0,12286.11,INR,COMPLETED
ORD-2026-2781,2026-04-19 22:15:07,CUST-8540,Hyderabad,UPI,0.0,13084.5,INR,COMPLETED
ORD-2026-2782,2026-04-19 22:30:27,CUST-5852,Delhi,DEBIT_CARD,0.0,5393.2,INR,COMPLETED
ORD-2026-2783,2026-04-19 22:45:26,CUST-6318,Hyderabad,DEBIT_CARD,0.0,754.03,INR,COMPLETED
ORD-2026-2784,2026-04-19 23:00:22,CUST-9704,Bengaluru,UPI,0.0,11112.61,INR,COMPLETED
ORD-2026-2785,2026-04-19 23:15:34,CUST-3369,Bengaluru,UPI,0.0,1871.3,INR,COMPLETED
ORD-2026-2786,2026-04-19 23:30:44,CUST-9577,Bengaluru,DEBIT_CARD,0.0,9450.0,INR,COMPLETED
ORD-2026-2787,2026-04-19 23:45:02,CUST-2656,Hyderabad,DEBIT_CARD,0.0,2627.88,INR,COMPLETED
ORD-2026-2788,2026-04-20 00:00:21,CUST-5947,Hyderabad,UPI,0.0,13947.89,INR,COMPLETED
ORD-2026-2789,2026-04-20 00:15:41,CUST-2298,Hyderabad,DEBIT_CARD,79.36,11268.93,INR,COMPLETED
ORD-2026-2790,2026-04-20 00:30:39,CUST-4993,Bengaluru,DEBIT_CARD,0.0,7953.57,INR,COMPLETED
ORD-2026-2791,2026-04-20 00:45:13,CUST-8158,Hyderabad,NETBANKING,0.0,11530.43,INR,COMPLETED
ORD-2026-2792,2026-04-20 01:00:32,CUST-7531,Delhi,CREDIT_CARD,0.0,10235.87,INR,COMPLETED
ORD-2026-2793,2026-04-20 01:15:26,CUST-7788,Bengaluru,UPI,0.0,3503.48,INR,COMPLETED
ORD-2026-2794,2026-04-20 01:30:38,CUST-6212,Delhi,NETBANKING,0.0,11958.74,INR,COMPLETED
ORD-2026-2795,2026-04-20 01:45:04,CUST-8547,Bengaluru,DEBIT_CARD,0.0,9365.1,INR,COMPLETED
ORD-2026-2796,2026-04-20 02:00:24,CUST-1205,Hyderabad,DEBIT_CARD,0.0,7396.24,INR,COMPLETED
ORD-2026-2797,2026-04-20 02:15:09,CUST-9175,Delhi,NETBANKING,0.0,7198.24,INR,COMPLETED
ORD-2026-2798,2026-04-20 02:30:16,CUST-2287,Bengaluru,NETBANKING,0.0,6342.6,INR,COMPLETED
ORD-2026-2799,2026-04-20 02:45:13,CUST-9676,Hyderabad,UPI,0.0,11346.16,INR,COMPLETED
ORD-2026-2800,2026-04-20 03:00:43,CUST-3554,Bengaluru,DEBIT_CARD,0.0,7277.01,INR,COMPLETED
ORD-2026-2801,2026-04-20 03:15:27,CUST-1383,Hyderabad,DEBIT_CARD,0.0,6523.2,INR,COMPLETED
ORD-2026-2802,2026-04-20 03:30:58,CUST-7200,Bengaluru,CREDIT_CARD,12.35,8295.09,INR,COMPLETED
ORD-2026-2803,2026-04-20 03:45:07,CUST-3926,Delhi,CREDIT_CARD,0.0,8775.8,INR,COMPLETED
ORD-2026-2804,2026-04-20 04:00:35,CUST-4567,Hyderabad,NETBANKING,27.89,6423.48,INR,COMPLETED
ORD-2026-2805,2026-04-20 04:15:06,CUST-6206,Bengaluru,DEBIT_CARD,0.0,10131.4,INR,COMPLETED
ORD-2026-2806,2026-04-20 04:30:31,CUST-5690,Hyderabad,CREDIT_CARD,0.0,11474.01,INR,COMPLETED
ORD-2026-2807,2026-04-20 04:45:18,CUST-6473,Hyderabad,NETBANKING,0.0,548.39,INR,COMPLETED
ORD-2026-2808,2026-04-20 05:00:24,CUST-7850,Hyderabad,UPI,0.0,8912.29,INR,COMPLETED
ORD-2026-2809,2026-04-20 05:15:39,CUST-9247,Delhi,UPI,0.0,3750.79,INR,COMPLETED
ORD-2026-2810,2026-04-20 05:30:01,CUST-5095,Delhi,NETBANKING,0.0,5212.79,INR,COMPLETED
ORD-2026-2811,2026-04-20 05:45:23,CUST-7378,Bengaluru,UPI,0.0,829.43,INR,COMPLETED
ORD-2026-2812,2026-04-20 06:00:23,CUST-4920,Delhi,CREDIT_CARD,0.0,10984.37,INR,COMPLETED
ORD-2026-2813,2026-04-20 06:15:08,CUST-1506,Delhi,CREDIT_CARD,0.0,4748.24,INR,COMPLETED
ORD-2026-2814,2026-04-20 06:30:38,CUST-4963,Delhi,CREDIT_CARD,50.02,6932.97,INR,COMPLETED
ORD-2026-2815,2026-04-20 06:45:15,CUST-2144,Delhi,DEBIT_CARD,0.0,7202.08,INR,COMPLETED
ORD-2026-2816,2026-04-20 07:00:55,CUST-8703,Hyderabad,NETBANKING,0.0,8036.63,INR,COMPLETED
ORD-2026-2817,2026-04-20 07:15:34,CUST-9751,Bengaluru,DEBIT_CARD,0.0,2254.24,INR,COMPLETED
ORD-2026-2818,2026-04-20 07:30:18,CUST-1653,Hyderabad,UPI,0.0,12269.1,INR,COMPLETED
ORD-2026-2819,2026-04-20 07:45:27,CUST-2697,Delhi,NETBANKING,75.79,11917.64,INR,COMPLETED
ORD-2026-2820,2026-04-20 08:00:46,CUST-7764,Bengaluru,UPI,0.0,2949.83,INR,COMPLETED
ORD-2026-2821,2026-04-20 08:15:13,CUST-6407,Bengaluru,NETBANKING,0.0,4335.36,INR,COMPLETED
ORD-2026-2822,2026-04-20 08:30:48,CUST-5259,Hyderabad,NETBANKING,0.0,4048.56,INR,COMPLETED
ORD-2026-2823,2026-04-20 08:45:44,CUST-5510,Bengaluru,DEBIT_CARD,0.0,4239.87,INR,COMPLETED
ORD-2026-2824,2026-04-20 09:00:18,CUST-7076,Bengaluru,CREDIT_CARD,0.0,876.14,INR,COMPLETED
ORD-2026-2825,2026-04-20 09:15:10,CUST-5992,Hyderabad,DEBIT_CARD,0.0,8730.78,INR,COMPLETED
ORD-2026-2826,2026-04-20 09:30:47,CUST-3106,Delhi,DEBIT_CARD,0.0,12175.38,INR,COMPLETED
ORD-2026-2827,2026-04-20 09:45:14,CUST-4467,Bengaluru,DEBIT_CARD,0.0,906.07,INR,COMPLETED
ORD-2026-2828,2026-04-20 10:00:16,CUST-9332,Bengaluru,UPI,51.68,5780.35,INR,COMPLETED
ORD-2026-2829,2026-04-20 10:15:41,CUST-9209,Hyderabad,CREDIT_CARD,0.0,2760.21,INR,COMPLETED
ORD-2026-2830,2026-04-20 10:30:41,CUST-9605,Hyderabad,NETBANKING,0.0,2952.25,INR,COMPLETED
ORD-2026-2831,2026-04-20 10:45:42,CUST-6609,Delhi,UPI,0.0,14230.75,INR,COMPLETED
ORD-2026-2832,2026-04-20 11:00:38,CUST-2959,Bengaluru,CREDIT_CARD,0.0,11781.21,INR,COMPLETED
ORD-2026-2833,2026-04-20 11:15:36,CUST-1199,Bengaluru,NETBANKING,78.31,13734.19,INR,COMPLETED
ORD-2026-2834,2026-04-20 11:30:12,CUST-1538,Hyderabad,CREDIT_CARD,0.0,5771.62,INR,COMPLETED
ORD-2026-2835,2026-04-20 11:45:17,CUST-9761,Bengaluru,UPI,0.0,8522.62,INR,COMPLETED
ORD-2026-2836,2026-04-20 12:00:28,CUST-5062,Delhi,UPI,0.0,8717.18,INR,COMPLETED
ORD-2026-2837,2026-04-20 12:15:59,CUST-5015,Delhi,CREDIT_CARD,0.0,9936.7,INR,COMPLETED
ORD-2026-2838,2026-04-20 12:30:38,CUST-5546,Delhi,CREDIT_CARD,0.0,4353.57,INR,COMPLETED
ORD-2026-2839,2026-04-20 12:45:57,CUST-9561,Hyderabad,UPI,0.0,13595.44,INR,COMPLETED
ORD-2026-2840,2026-04-20 13:00:48,CUST-8606,Delhi,CREDIT_CARD,0.0,8928.42,INR,COMPLETED
ORD-2026-2841,2026-04-20 13:15:20,CUST-2196,Delhi,UPI,0.0,11955.23,INR,COMPLETED
ORD-2026-2842,2026-04-20 13:30:30,CUST-9886,Bengaluru,UPI,0.0,3362.25,INR,COMPLETED
ORD-2026-2843,2026-04-20 13:45:00,CUST-2827,Bengaluru,DEBIT_CARD,77.74,8934.85,INR,COMPLETED
ORD-2026-2844,2026-04-20 14:00:00,CUST-7671,Bengaluru,NETBANKING,0.0,4150.34,INR,COMPLETED
ORD-2026-2845,2026-04-20 14:15:32,CUST-5649,Bengaluru,CREDIT_CARD,0.0,7507.56,INR,COMPLETED
ORD-2026-2846,2026-04-20 14:30:17,CUST-9242,Hyderabad,CREDIT_CARD,0.0,10328.72,INR,COMPLETED
ORD-2026-2847,2026-04-20 14:45:00,CUST-9348,Hyderabad,CREDIT_CARD,0.0,5128.51,INR,COMPLETED
ORD-2026-2848,2026-04-20 15:00:48,CUST-5991,Delhi,UPI,44.32,6764.22,INR,COMPLETED
ORD-2026-2849,2026-04-20 15:15:49,CUST-4797,Delhi,CREDIT_CARD,0.0,2076.32,INR,COMPLETED
ORD-2026-2850,2026-04-20 15:30:30,CUST-5916,Bengaluru,DEBIT_CARD,0.0,1992.3,INR,COMPLETED
ORD-2026-2851,2026-04-20 15:45:10,CUST-7491,Delhi,CREDIT_CARD,61.01,3282.61,INR,COMPLETED
ORD-2026-2852,2026-04-20 16:00:30,CUST-7830,Bengaluru,DEBIT_CARD,0.0,9975.61,INR,COMPLETED
ORD-2026-2853,2026-04-20 16:15:59,CUST-5974,Hyderabad,NETBANKING,0.0,12915.44,INR,COMPLETED
ORD-2026-2854,2026-04-20 16:30:20,CUST-7968,Bengaluru,DEBIT_CARD,0.0,7020.76,INR,COMPLETED
ORD-2026-2855,2026-04-20 16:45:48,CUST-1906,Hyderabad,UPI,0.0,14129.82,INR,COMPLETED
ORD-2026-2856,2026-04-20 17:00:49,CUST-4313,Delhi,CREDIT_CARD,0.0,4476.01,INR,COMPLETED
ORD-2026-2857,2026-04-20 17:15:01,CUST-7265,Hyderabad,DEBIT_CARD,0.0,5166.76,INR,COMPLETED
ORD-2026-2858,2026-04-20 17:30:39,CUST-5488,Delhi,CREDIT_CARD,0.0,7792.68,INR,COMPLETED
ORD-2026-2859,2026-04-20 17:45:30,CUST-8698,Delhi,DEBIT_CARD,0.0,14151.67,INR,COMPLETED
ORD-2026-2860,2026-04-20 18:00:15,CUST-7144,Delhi,NETBANKING,0.0,4562.07,INR,COMPLETED
ORD-2026-2861,2026-04-20 18:15:34,CUST-5656,Delhi,DEBIT_CARD,0.0,5857.01,INR,COMPLETED
ORD-2026-2862,2026-04-20 18:30:20,CUST-7779,Delhi,UPI,58.98,14669.09,INR,COMPLETED
ORD-2026-2863,2026-04-20 18:45:05,CUST-6371,Bengaluru,CREDIT_CARD,0.0,6854.79,INR,COMPLETED
ORD-2026-2864,2026-04-20 19:00:33,CUST-1358,Delhi,DEBIT_CARD,0.0,12350.99,INR,COMPLETED
ORD-2026-2865,2026-04-20 19:15:57,CUST-4519,Delhi,DEBIT_CARD,0.0,11704.19,INR,COMPLETED
ORD-2026-2866,2026-04-20 19:30:23,CUST-5243,Hyderabad,NETBANKING,0.0,5328.68,INR,COMPLETED
ORD-2026-2867,2026-04-20 19:45:41,CUST-7493,Hyderabad,CREDIT_CARD,0.0,6456.29,INR,COMPLETED
ORD-2026-2868,2026-04-20 20:00:58,CUST-7119,Delhi,UPI,0.0,14849.82,INR,COMPLETED
ORD-2026-2869,2026-04-20 20:15:31,CUST-6468,Bengaluru,DEBIT_CARD,0.0,4598.37,INR,COMPLETED
ORD-2026-2870,2026-04-20 20:30:35,CUST-9712,Delhi,UPI,0.0,11818.53,INR,COMPLETED
ORD-2026-2871,2026-04-20 20:45:39,CUST-4127,Delhi,NETBANKING,0.0,9927.52,INR,COMPLETED
ORD-2026-2872,2026-04-20 21:00:28,CUST-3493,Bengaluru,DEBIT_CARD,0.0,13395.66,INR,COMPLETED
ORD-2026-2873,2026-04-20 21:15:33,CUST-8084,Delhi,DEBIT_CARD,0.0,11826.14,INR,COMPLETED
ORD-2026-2874,2026-04-20 21:30:39,CUST-1309,Delhi,UPI,0.0,12509.23,INR,COMPLETED
ORD-2026-2875,2026-04-20 21:45:54,CUST-6351,Bengaluru,CREDIT_CARD,0.0,3731.9,INR,COMPLETED
ORD-2026-2876,2026-04-20 22:00:59,CUST-3500,Delhi,CREDIT_CARD,0.0,5642.36,INR,COMPLETED
ORD-2026-2877,2026-04-20 22:15:06,CUST-1646,Delhi,DEBIT_CARD,0.0,880.26,INR,COMPLETED
ORD-2026-2878,2026-04-20 22:30:59,CUST-4421,Delhi,DEBIT_CARD,0.0,3836.51,INR,COMPLETED
ORD-2026-2879,2026-04-20 22:45:59,CUST-6821,Delhi,DEBIT_CARD,0.0,13838.23,INR,COMPLETED
ORD-2026-2880,2026-04-20 23:00:53,CUST-1416,Hyderabad,UPI,85.42,14246.2,INR,COMPLETED
ORD-2026-2881,2026-04-20 23:15:03,CUST-7540,Delhi,NETBANKING,0.0,6978.78,INR,COMPLETED
ORD-2026-2882,2026-04-20 23:30:05,CUST-9301,Bengaluru,UPI,0.0,14554.03,INR,COMPLETED
ORD-2026-2883,2026-04-20 23:45:07,CUST-6871,Bengaluru,CREDIT_CARD,41.51,14140.09,INR,COMPLETED
ORD-2026-2884,2026-04-21 00:00:51,CUST-8831,Hyderabad,UPI,0.0,7850.2,INR,COMPLETED
ORD-2026-2885,2026-04-21 00:15:00,CUST-7881,Hyderabad,UPI,10.01,6010.42,INR,COMPLETED
ORD-2026-2886,2026-04-21 00:30:27,CUST-5926,Delhi,DEBIT_CARD,8.45,14216.14,INR,COMPLETED
ORD-2026-2887,2026-04-21 00:45:56,CUST-5500,Bengaluru,NETBANKING,0.0,7334.74,INR,COMPLETED
ORD-2026-2888,2026-04-21 01:00:09,CUST-3905,Bengaluru,UPI,0.0,12787.51,INR,COMPLETED
ORD-2026-2889,2026-04-21 01:15:44,CUST-1638,Delhi,CREDIT_CARD,0.0,7312.28,INR,COMPLETED
ORD-2026-2890,2026-04-21 01:30:39,CUST-3580,Hyderabad,DEBIT_CARD,0.0,6515.71,INR,COMPLETED
ORD-2026-2891,2026-04-21 01:45:51,CUST-3975,Hyderabad,CREDIT_CARD,10.94,12249.64,INR,COMPLETED
ORD-2026-2892,2026-04-21 02:00:31,CUST-7613,Bengaluru,UPI,0.0,3459.11,INR,COMPLETED
ORD-2026-2893,2026-04-21 02:15:50,CUST-1466,Hyderabad,DEBIT_CARD,0.0,874.54,INR,COMPLETED
ORD-2026-2894,2026-04-21 02:30:02,CUST-9604,Delhi,NETBANKING,0.0,8322.39,INR,COMPLETED
ORD-2026-2895,2026-04-21 02:45:05,CUST-2086,Delhi,DEBIT_CARD,46.44,6588.3,INR,COMPLETED
ORD-2026-2896,2026-04-21 03:00:08,CUST-1011,Hyderabad,NETBANKING,0.0,12925.28,INR,COMPLETED
ORD-2026-2897,2026-04-21 03:15:42,CUST-2579,Hyderabad,CREDIT_CARD,0.0,8329.8,INR,COMPLETED
ORD-2026-2898,2026-04-21 03:30:14,CUST-3336,Delhi,CREDIT_CARD,0.0,7963.64,INR,COMPLETED
ORD-2026-2899,2026-04-21 03:45:45,CUST-2724,Delhi,UPI,0.0,6355.66,INR,COMPLETED
ORD-2026-2900,2026-04-21 04:00:45,CUST-9518,Bengaluru,DEBIT_CARD,0.0,14622.37,INR,COMPLETED
ORD-2026-2901,2026-04-21 04:15:27,CUST-3379,Bengaluru,CREDIT_CARD,0.0,5934.18,INR,COMPLETED
ORD-2026-2902,2026-04-21 04:30:40,CUST-4242,Delhi,NETBANKING,0.0,1196.27,INR,COMPLETED
ORD-2026-2903,2026-04-21 04:45:53,CUST-3652,Hyderabad,UPI,0.0,12024.2,INR,COMPLETED
ORD-2026-2904,2026-04-21 05:00:30,CUST-4076,Bengaluru,NETBANKING,97.08,12936.37,INR,COMPLETED
ORD-2026-2905,2026-04-21 05:15:13,CUST-5305,Bengaluru,NETBANKING,0.0,7071.31,INR,COMPLETED
ORD-2026-2906,2026-04-21 05:30:49,CUST-6527,Hyderabad,DEBIT_CARD,18.63,7960.12,INR,COMPLETED
ORD-2026-2907,2026-04-21 05:45:49,CUST-2581,Bengaluru,NETBANKING,76.33,8459.06,INR,COMPLETED
ORD-2026-2908,2026-04-21 06:00:50,CUST-1416,Bengaluru,UPI,0.0,5798.62,INR,COMPLETED
ORD-2026-2909,2026-04-21 06:15:53,CUST-5844,Delhi,NETBANKING,30.7,2111.49,INR,COMPLETED
ORD-2026-2910,2026-04-21 06:30:55,CUST-3991,Hyderabad,UPI,88.56,14589.36,INR,COMPLETED
ORD-2026-2911,2026-04-21 06:45:53,CUST-1273,Delhi,CREDIT_CARD,0.0,10368.33,INR,COMPLETED
ORD-2026-2912,2026-04-21 07:00:55,CUST-1769,Bengaluru,CREDIT_CARD,0.0,8193.14,INR,COMPLETED
ORD-2026-2913,2026-04-21 07:15:10,CUST-3713,Bengaluru,CREDIT_CARD,0.0,1952.0,INR,COMPLETED
ORD-2026-2914,2026-04-21 07:30:09,CUST-7947,Delhi,CREDIT_CARD,0.0,8341.91,INR,COMPLETED
ORD-2026-2915,2026-04-21 07:45:57,CUST-7901,Hyderabad,DEBIT_CARD,0.0,8065.35,INR,COMPLETED
ORD-2026-2916,2026-04-21 08:00:04,CUST-6105,Delhi,DEBIT_CARD,61.31,4144.27,INR,COMPLETED
ORD-2026-2917,2026-04-21 08:15:48,CUST-3355,Hyderabad,UPI,76.46,6450.45,INR,COMPLETED
ORD-2026-2918,2026-04-21 08:30:50,CUST-7865,Hyderabad,CREDIT_CARD,0.0,2811.92,INR,COMPLETED
ORD-2026-2919,2026-04-21 08:45:14,CUST-5525,Delhi,DEBIT_CARD,12.35,14468.68,INR,COMPLETED
ORD-2026-2920,2026-04-21 09:00:28,CUST-5513,Hyderabad,CREDIT_CARD,0.0,2564.92,INR,COMPLETED
ORD-2026-2921,2026-04-21 09:15:06,CUST-8718,Delhi,DEBIT_CARD,0.0,11689.04,INR,COMPLETED
ORD-2026-2922,2026-04-21 09:30:34,CUST-8444,Delhi,UPI,0.0,11272.22,INR,COMPLETED
ORD-2026-2923,2026-04-21 09:45:02,CUST-5185,Delhi,DEBIT_CARD,0.0,6031.77,INR,COMPLETED
ORD-2026-2924,2026-04-21 10:00:44,CUST-8983,Hyderabad,CREDIT_CARD,0.0,13049.84,INR,COMPLETED
ORD-2026-2925,2026-04-21 10:15:46,CUST-6940,Delhi,UPI,66.49,9248.08,INR,COMPLETED
ORD-2026-2926,2026-04-21 10:30:26,CUST-2723,Hyderabad,NETBANKING,73.24,1321.46,INR,COMPLETED
ORD-2026-2927,2026-04-21 10:45:42,CUST-6843,Delhi,DEBIT_CARD,0.0,12626.3,INR,COMPLETED
ORD-2026-2928,2026-04-21 11:00:15,CUST-4627,Bengaluru,NETBANKING,0.0,8993.87,INR,COMPLETED
ORD-2026-2929,2026-04-21 11:15:49,CUST-8993,Bengaluru,UPI,0.0,12480.78,INR,COMPLETED
ORD-2026-2930,2026-04-21 11:30:38,CUST-7268,Delhi,NETBANKING,0.0,8025.02,INR,COMPLETED
ORD-2026-2931,2026-04-21 11:45:36,CUST-4909,Hyderabad,UPI,0.0,1876.25,INR,COMPLETED
ORD-2026-2932,2026-04-21 12:00:52,CUST-1653,Hyderabad,NETBANKING,0.0,6209.3,INR,COMPLETED
ORD-2026-2933,2026-04-21 12:15:36,CUST-1610,Hyderabad,NETBANKING,62.81,13019.46,INR,COMPLETED
ORD-2026-2934,2026-04-21 12:30:42,CUST-4539,Bengaluru,NETBANKING,0.0,13667.18,INR,COMPLETED
ORD-2026-2935,2026-04-21 12:45:18,CUST-1464,Bengaluru,DEBIT_CARD,0.0,13849.71,INR,COMPLETED
ORD-2026-2936,2026-04-21 13:00:22,CUST-5074,Hyderabad,DEBIT_CARD,0.0,5609.49,INR,COMPLETED
ORD-2026-2937,2026-04-21 13:15:44,CUST-5311,Delhi,DEBIT_CARD,0.0,14869.15,INR,COMPLETED
ORD-2026-2938,2026-04-21 13:30:25,CUST-3818,Hyderabad,DEBIT_CARD,33.38,11423.13,INR,COMPLETED
ORD-2026-2939,2026-04-21 13:45:53,CUST-2481,Bengaluru,CREDIT_CARD,0.0,4934.61,INR,COMPLETED
ORD-2026-2940,2026-04-21 14:00:40,CUST-7270,Delhi,NETBANKING,0.0,3199.79,INR,COMPLETED
ORD-2026-2941,2026-04-21 14:15:22,CUST-8172,Hyderabad,NETBANKING,0.0,5386.52,INR,COMPLETED
ORD-2026-2942,2026-04-21 14:30:07,CUST-6087,Bengaluru,DEBIT_CARD,0.0,3251.95,INR,COMPLETED
ORD-2026-2943,2026-04-21 14:45:34,CUST-2244,Delhi,DEBIT_CARD,0.0,3079.67,INR,COMPLETED
ORD-2026-2944,2026-04-21 15:00:54,CUST-6573,Bengaluru,NETBANKING,0.0,4318.87,INR,COMPLETED
ORD-2026-2945,2026-04-21 15:15:06,CUST-5815,Bengaluru,NETBANKING,0.0,12752.64,INR,COMPLETED
ORD-2026-2946,2026-04-21 15:30:28,CUST-5028,Bengaluru,DEBIT_CARD,0.0,12478.94,INR,COMPLETED
ORD-2026-2947,2026-04-21 15:45:31,CUST-4587,Delhi,UPI,44.04,3754.79,INR,COMPLETED
ORD-2026-2948,2026-04-21 16:00:00,CUST-1340,Bengaluru,CREDIT_CARD,0.0,4803.5,INR,COMPLETED
ORD-2026-2949,2026-04-21 16:15:35,CUST-4149,Hyderabad,NETBANKING,0.0,8492.78,INR,COMPLETED
ORD-2026-2950,2026-04-21 16:30:40,CUST-7342,Bengaluru,NETBANKING,0.0,8844.12,INR,COMPLETED
ORD-2026-2951,2026-04-21 16:45:27,CUST-4845,Hyderabad,DEBIT_CARD,0.0,5868.31,INR,COMPLETED
ORD-2026-2952,2026-04-21 17:00:55,CUST-5045,Bengaluru,CREDIT_CARD,0.0,12497.99,INR,COMPLETED
ORD-2026-2953,2026-04-21 17:15:34,CUST-4732,Bengaluru,NETBANKING,0.0,5045.53,INR,COMPLETED
ORD-2026-2954,2026-04-21 17:30:17,CUST-1871,Hyderabad,CREDIT_CARD,0.0,8826.76,INR,COMPLETED
ORD-2026-2955,2026-04-21 17:45:04,CUST-3807,Delhi,NETBANKING,0.0,14320.88,INR,COMPLETED
ORD-2026-2956,2026-04-21 18:00:57,CUST-3422,Delhi,UPI,0.0,5540.24,INR,COMPLETED
ORD-2026-2957,2026-04-21 18:15:16,CUST-1451,Bengaluru,DEBIT_CARD,0.0,14236.59,INR,COMPLETED
ORD-2026-2958,2026-04-21 18:30:13,CUST-6076,Bengaluru,CREDIT_CARD,0.0,10096.11,INR,COMPLETED
ORD-2026-2959,2026-04-21 18:45:36,CUST-9322,Hyderabad,DEBIT_CARD,0.0,12077.04,INR,COMPLETED
ORD-2026-2960,2026-04-21 19:00:39,CUST-6871,Bengaluru,DEBIT_CARD,0.0,1268.08,INR,COMPLETED
ORD-2026-2961,2026-04-21 19:15:33,CUST-3641,Bengaluru,UPI,0.0,6498.82,INR,COMPLETED
ORD-2026-2962,2026-04-21 19:30:01,CUST-9109,Bengaluru,CREDIT_CARD,0.0,9916.4,INR,COMPLETED
ORD-2026-2963,2026-04-21 19:45:25,CUST-7347,Hyderabad,UPI,0.0,8823.04,INR,COMPLETED
ORD-2026-2964,2026-04-21 20:00:11,CUST-6818,Delhi,CREDIT_CARD,0.0,1890.02,INR,COMPLETED
ORD-2026-2965,2026-04-21 20:15:05,CUST-7576,Delhi,NETBANKING,0.0,3176.21,INR,COMPLETED
ORD-2026-2966,2026-04-21 20:30:21,CUST-2540,Bengaluru,UPI,0.0,7050.05,INR,COMPLETED
ORD-2026-2967,2026-04-21 20:45:35,CUST-7113,Delhi,UPI,0.0,1357.62,INR,COMPLETED
ORD-2026-2968,2026-04-21 21:00:00,CUST-6017,Delhi,UPI,56.81,5239.47,INR,COMPLETED
ORD-2026-2969,2026-04-21 21:15:11,CUST-9162,Delhi,UPI,0.0,3232.99,INR,COMPLETED
ORD-2026-2970,2026-04-21 21:30:55,CUST-3534,Bengaluru,UPI,0.0,10406.13,INR,COMPLETED
ORD-2026-2971,2026-04-21 21:45:45,CUST-3908,Bengaluru,NETBANKING,0.0,12766.61,INR,COMPLETED
ORD-2026-2972,2026-04-21 22:00:01,CUST-9807,Delhi,NETBANKING,31.17,9520.2,INR,COMPLETED
ORD-2026-2973,2026-04-21 22:15:22,CUST-9494,Delhi,UPI,49.77,10403.96,INR,COMPLETED
ORD-2026-2974,2026-04-21 22:30:58,CUST-8449,Bengaluru,CREDIT_CARD,0.0,5392.25,INR,COMPLETED
ORD-2026-2975,2026-04-21 22:45:07,CUST-2072,Hyderabad,NETBANKING,0.0,10196.22,INR,COMPLETED
ORD-2026-2976,2026-04-21 23:00:12,CUST-1681,Hyderabad,CREDIT_CARD,0.0,12013.78,INR,COMPLETED
ORD-2026-2977,2026-04-21 23:15:54,CUST-6251,Bengaluru,UPI,0.0,8037.74,INR,COMPLETED
ORD-2026-2978,2026-04-21 23:30:48,CUST-4292,Hyderabad,NETBANKING,0.0,8422.53,INR,COMPLETED
ORD-2026-2979,2026-04-21 23:45:40,CUST-8129,Hyderabad,CREDIT_CARD,0.0,6681.63,INR,COMPLETED
ORD-2026-2980,2026-04-22 00:00:06,CUST-8931,Bengaluru,NETBANKING,0.0,5161.96,INR,COMPLETED
ORD-2026-2981,2026-04-22 00:15:44,CUST-1682,Delhi,DEBIT_CARD,30.71,1299.18,INR,COMPLETED
ORD-2026-2982,2026-04-22 00:30:20,CUST-9753,Delhi,CREDIT_CARD,0.0,11219.23,INR,COMPLETED
ORD-2026-2983,2026-04-22 00:45:12,CUST-9810,Delhi,NETBANKING,68.42,5600.6,INR,COMPLETED
ORD-2026-2984,2026-04-22 01:00:23,CUST-1732,Delhi,CREDIT_CARD,0.0,10376.43,INR,COMPLETED
ORD-2026-2985,2026-04-22 01:15:20,CUST-4335,Hyderabad,CREDIT_CARD,0.0,1557.97,INR,COMPLETED
ORD-2026-2986,2026-04-22 01:30:02,CUST-4375,Bengaluru,UPI,0.0,13870.25,INR,COMPLETED
ORD-2026-2987,2026-04-22 01:45:57,CUST-6419,Delhi,UPI,82.66,3985.62,INR,COMPLETED
ORD-2026-2988,2026-04-22 02:00:02,CUST-5033,Bengaluru,NETBANKING,0.0,2760.97,INR,COMPLETED
ORD-2026-2989,2026-04-22 02:15:56,CUST-5466,Hyderabad,DEBIT_CARD,0.0,9973.38,INR,COMPLETED
ORD-2026-2990,2026-04-22 02:30:24,CUST-4104,Hyderabad,NETBANKING,0.0,4532.26,INR,COMPLETED
ORD-2026-2991,2026-04-22 02:45:02,CUST-8358,Delhi,NETBANKING,0.0,10592.03,INR,COMPLETED
ORD-2026-2992,2026-04-22 03:00:40,CUST-3603,Hyderabad,UPI,0.0,2158.52,INR,COMPLETED
ORD-2026-2993,2026-04-22 03:15:47,CUST-7524,Hyderabad,DEBIT_CARD,0.0,4219.24,INR,COMPLETED
ORD-2026-2994,2026-04-22 03:30:48,CUST-4311,Delhi,DEBIT_CARD,0.0,2231.31,INR,COMPLETED
ORD-2026-2995,2026-04-22 03:45:33,CUST-8683,Hyderabad,CREDIT_CARD,0.0,14935.6,INR,COMPLETED
ORD-2026-2996,2026-04-22 04:00:53,CUST-2369,Bengaluru,UPI,24.18,6126.93,INR,COMPLETED
ORD-2026-2997,2026-04-22 04:15:47,CUST-1672,Bengaluru,DEBIT_CARD,76.68,2570.0,INR,COMPLETED
ORD-2026-2998,2026-04-22 04:30:20,CUST-1232,Delhi,CREDIT_CARD,0.0,1134.49,INR,COMPLETED
ORD-2026-2999,2026-04-22 04:45:29,CUST-1924,Hyderabad,CREDIT_CARD,0.0,3409.41,INR,COMPLETED
ORD-2026-3000,2026-04-22 05:00:14,CUST-4184,Hyderabad,UPI,0.0,3167.47,INR,COMPLETED
ORD-2026-3001,2026-04-22 05:15:55,CUST-5026,Bengaluru,UPI,0.0,6887.69,INR,COMPLETED
ORD-2026-3002,2026-04-22 05:30:35,CUST-1929,Delhi,CREDIT_CARD,0.0,14480.56,INR,COMPLETED
ORD-2026-3003,2026-04-22 05:45:39,CUST-6270,Hyderabad,UPI,0.0,10947.0,INR,COMPLETED
ORD-2026-3004,2026-04-22 06:00:24,CUST-1957,Hyderabad,CREDIT_CARD,0.0,549.6,INR,COMPLETED
ORD-2026-3005,2026-04-22 06:15:02,CUST-2211,Delhi,CREDIT_CARD,0.0,8672.76,INR,COMPLETED
ORD-2026-3006,2026-04-22 06:30:18,CUST-7336,Hyderabad,NETBANKING,23.77,10441.34,INR,COMPLETED
ORD-2026-3007,2026-04-22 06:45:40,CUST-3509,Hyderabad,DEBIT_CARD,0.0,7097.27,INR,COMPLETED
ORD-2026-3008,2026-04-22 07:00:18,CUST-3856,Hyderabad,CREDIT_CARD,88.19,9737.85,INR,COMPLETED
ORD-2026-3009,2026-04-22 07:15:27,CUST-3359,Delhi,UPI,0.0,12179.03,INR,COMPLETED
ORD-2026-3010,2026-04-22 07:30:08,CUST-6782,Delhi,CREDIT_CARD,42.11,12681.96,INR,COMPLETED
ORD-2026-3011,2026-04-22 07:45:46,CUST-7364,Hyderabad,NETBANKING,0.0,7058.52,INR,COMPLETED
ORD-2026-3012,2026-04-22 08:00:08,CUST-4373,Delhi,NETBANKING,0.0,10987.96,INR,COMPLETED
ORD-2026-3013,2026-04-22 08:15:42,CUST-6954,Hyderabad,CREDIT_CARD,0.0,11869.82,INR,COMPLETED
ORD-2026-3014,2026-04-22 08:30:23,CUST-4498,Hyderabad,NETBANKING,0.0,9838.0,INR,COMPLETED
ORD-2026-3015,2026-04-22 08:45:19,CUST-7752,Delhi,NETBANKING,0.0,13617.8,INR,COMPLETED
ORD-2026-3016,2026-04-22 09:00:24,CUST-8074,Delhi,CREDIT_CARD,2.38,14088.27,INR,COMPLETED
ORD-2026-3017,2026-04-22 09:15:36,CUST-5478,Bengaluru,NETBANKING,0.0,10171.41,INR,COMPLETED
ORD-2026-3018,2026-04-22 09:30:25,CUST-4240,Delhi,CREDIT_CARD,0.0,8838.5,INR,COMPLETED
ORD-2026-3019,2026-04-22 09:45:08,CUST-8973,Hyderabad,CREDIT_CARD,0.0,11557.99,INR,COMPLETED
ORD-2026-3020,2026-04-22 10:00:43,CUST-2070,Delhi,UPI,0.0,1907.44,INR,COMPLETED
ORD-2026-3021,2026-04-22 10:15:20,CUST-6844,Delhi,DEBIT_CARD,0.0,14007.66,INR,COMPLETED
ORD-2026-3022,2026-04-22 10:30:23,CUST-6169,Bengaluru,DEBIT_CARD,44.66,9536.86,INR,COMPLETED
ORD-2026-3023,2026-04-22 10:45:19,CUST-3618,Delhi,CREDIT_CARD,0.0,1971.74,INR,COMPLETED
ORD-2026-3024,2026-04-22 11:00:10,CUST-8693,Bengaluru,NETBANKING,69.0,8644.13,INR,COMPLETED
ORD-2026-3025,2026-04-22 11:15:42,CUST-8289,Delhi,UPI,0.0,14208.33,INR,COMPLETED
ORD-2026-3026,2026-04-22 11:30:30,CUST-3792,Delhi,NETBANKING,0.0,6000.86,INR,COMPLETED
ORD-2026-3027,2026-04-22 11:45:37,CUST-8329,Delhi,DEBIT_CARD,94.66,8792.7,INR,COMPLETED
ORD-2026-3028,2026-04-22 12:00:05,CUST-2128,Delhi,DEBIT_CARD,0.0,13354.12,INR,COMPLETED
ORD-2026-3029,2026-04-22 12:15:58,CUST-4229,Bengaluru,NETBANKING,0.0,2667.55,INR,COMPLETED
ORD-2026-3030,2026-04-22 12:30:22,CUST-9105,Delhi,UPI,0.0,9240.78,INR,COMPLETED
ORD-2026-3031,2026-04-22 12:45:10,CUST-5140,Delhi,NETBANKING,0.0,5795.63,INR,COMPLETED
ORD-2026-3032,2026-04-22 13:00:31,CUST-3734,Delhi,UPI,0.0,5119.23,INR,COMPLETED
ORD-2026-3033,2026-04-22 13:15:28,CUST-6529,Delhi,DEBIT_CARD,0.0,14944.23,INR,COMPLETED
ORD-2026-3034,2026-04-22 13:30:42,CUST-1514,Delhi,NETBANKING,92.65,1663.54,INR,COMPLETED
ORD-2026-3035,2026-04-22 13:45:19,CUST-8702,Hyderabad,UPI,0.0,6019.73,INR,COMPLETED
ORD-2026-3036,2026-04-22 14:00:24,CUST-9398,Hyderabad,DEBIT_CARD,0.0,5366.71,INR,COMPLETED
ORD-2026-3037,2026-04-22 14:15:46,CUST-4160,Hyderabad,CREDIT_CARD,0.0,4293.03,INR,COMPLETED
ORD-2026-3038,2026-04-22 14:30:58,CUST-6220,Bengaluru,NETBANKING,2.3,10241.21,INR,COMPLETED
ORD-2026-3039,2026-04-22 14:45:15,CUST-7117,Delhi,UPI,0.0,1579.01,INR,COMPLETED
ORD-2026-3040,2026-04-22 15:00:55,CUST-1220,Bengaluru,CREDIT_CARD,87.02,1593.47,INR,COMPLETED
ORD-2026-3041,2026-04-22 15:15:09,CUST-8549,Bengaluru,UPI,78.61,8949.95,INR,COMPLETED
ORD-2026-3042,2026-04-22 15:30:03,CUST-4268,Bengaluru,UPI,18.56,10710.14,INR,COMPLETED
ORD-2026-3043,2026-04-22 15:45:00,CUST-4818,Delhi,UPI,0.0,6778.06,INR,COMPLETED
ORD-2026-3044,2026-04-22 16:00:20,CUST-4156,Hyderabad,NETBANKING,70.82,9569.05,INR,COMPLETED
ORD-2026-3045,2026-04-22 16:15:18,CUST-2003,Hyderabad,CREDIT_CARD,0.0,11107.69,INR,COMPLETED
ORD-2026-3046,2026-04-22 16:30:11,CUST-5313,Delhi,UPI,57.54,14625.76,INR,COMPLETED
ORD-2026-3047,2026-04-22 16:45:44,CUST-4083,Delhi,UPI,75.63,11544.16,INR,COMPLETED
ORD-2026-3048,2026-04-22 17:00:40,CUST-5861,Bengaluru,CREDIT_CARD,0.0,12622.59,INR,COMPLETED
ORD-2026-3049,2026-04-22 17:15:27,CUST-6648,Bengaluru,DEBIT_CARD,0.0,4138.77,INR,COMPLETED
ORD-2026-3050,2026-04-22 17:30:48,CUST-2009,Delhi,DEBIT_CARD,0.0,2838.33,INR,COMPLETED
ORD-2026-3051,2026-04-22 17:45:39,CUST-8046,Delhi,UPI,0.0,11456.93,INR,COMPLETED
ORD-2026-3052,2026-04-22 18:00:00,CUST-2445,Hyderabad,NETBANKING,0.0,14668.93,INR,COMPLETED
ORD-2026-3053,2026-04-22 18:15:36,CUST-6227,Hyderabad,UPI,0.0,4305.34,INR,COMPLETED
ORD-2026-3054,2026-04-22 18:30:23,CUST-9013,Hyderabad,NETBANKING,0.0,7745.58,INR,COMPLETED
ORD-2026-3055,2026-04-22 18:45:37,CUST-6781,Hyderabad,CREDIT_CARD,0.0,2973.02,INR,COMPLETED
ORD-2026-3056,2026-04-22 19:00:29,CUST-8608,Hyderabad,DEBIT_CARD,0.0,13095.89,INR,COMPLETED
ORD-2026-3057,2026-04-22 19:15:26,CUST-3284,Hyderabad,NETBANKING,0.0,14269.69,INR,COMPLETED
ORD-2026-3058,2026-04-22 19:30:23,CUST-3830,Delhi,CREDIT_CARD,0.0,702.28,INR,COMPLETED
ORD-2026-3059,2026-04-22 19:45:01,CUST-3455,Hyderabad,CREDIT_CARD,0.0,6173.73,INR,COMPLETED
ORD-2026-3060,2026-04-22 20:00:25,CUST-5549,Delhi,NETBANKING,0.0,2795.59,INR,COMPLETED
ORD-2026-3061,2026-04-22 20:15:27,CUST-3618,Hyderabad,NETBANKING,5.98,6809.06,INR,COMPLETED
ORD-2026-3062,2026-04-22 20:30:20,CUST-5740,Delhi,UPI,0.0,10737.35,INR,COMPLETED
ORD-2026-3063,2026-04-22 20:45:31,CUST-6046,Bengaluru,CREDIT_CARD,0.0,688.03,INR,COMPLETED
ORD-2026-3064,2026-04-22 21:00:39,CUST-2996,Bengaluru,DEBIT_CARD,0.0,6720.46,INR,COMPLETED
ORD-2026-3065,2026-04-22 21:15:23,CUST-3099,Hyderabad,DEBIT_CARD,0.0,12203.3,INR,COMPLETED
ORD-2026-3066,2026-04-22 21:30:01,CUST-7832,Delhi,UPI,0.0,6982.63,INR,COMPLETED
ORD-2026-3067,2026-04-22 21:45:40,CUST-8801,Hyderabad,CREDIT_CARD,0.0,13778.2,INR,COMPLETED
ORD-2026-3068,2026-04-22 22:00:12,CUST-6272,Bengaluru,DEBIT_CARD,0.0,13576.91,INR,COMPLETED
ORD-2026-3069,2026-04-22 22:15:31,CUST-1317,Hyderabad,CREDIT_CARD,0.0,8667.82,INR,COMPLETED
ORD-2026-3070,2026-04-22 22:30:48,CUST-6269,Delhi,NETBANKING,0.0,2651.15,INR,COMPLETED
ORD-2026-3071,2026-04-22 22:45:28,CUST-4165,Hyderabad,DEBIT_CARD,0.0,6148.86,INR,COMPLETED
ORD-2026-3072,2026-04-22 23:00:30,CUST-1050,Hyderabad,UPI,0.0,4075.49,INR,COMPLETED
ORD-2026-3073,2026-04-22 23:15:35,CUST-5468,Hyderabad,NETBANKING,0.0,2618.74,INR,COMPLETED
ORD-2026-3074,2026-04-22 23:30:12,CUST-2972,Hyderabad,CREDIT_CARD,0.0,14387.02,INR,COMPLETED
ORD-2026-3075,2026-04-22 23:45:51,CUST-5066,Hyderabad,CREDIT_CARD,0.0,7809.87,INR,COMPLETED
ORD-2026-3076,2026-04-23 00:00:19,CUST-3360,Hyderabad,UPI,0.0,4284.32,INR,COMPLETED
ORD-2026-3077,2026-04-23 00:15:05,CUST-3418,Hyderabad,NETBANKING,0.0,5845.16,INR,COMPLETED
ORD-2026-3078,2026-04-23 00:30:28,CUST-2765,Hyderabad,CREDIT_CARD,0.0,11497.69,INR,COMPLETED
ORD-2026-3079,2026-04-23 00:45:18,CUST-3105,Hyderabad,NETBANKING,12.39,2862.07,INR,COMPLETED
ORD-2026-3080,2026-04-23 01:00:23,CUST-7144,Bengaluru,NETBANKING,0.0,2555.42,INR,COMPLETED
ORD-2026-3081,2026-04-23 01:15:11,CUST-1565,Bengaluru,DEBIT_CARD,0.0,5235.85,INR,COMPLETED
ORD-2026-3082,2026-04-23 01:30:56,CUST-3160,Hyderabad,UPI,0.0,7919.77,INR,COMPLETED
ORD-2026-3083,2026-04-23 01:45:06,CUST-4850,Delhi,CREDIT_CARD,0.0,8080.32,INR,COMPLETED
ORD-2026-3084,2026-04-23 02:00:26,CUST-2139,Hyderabad,DEBIT_CARD,0.0,5481.81,INR,COMPLETED
ORD-2026-3085,2026-04-23 02:15:41,CUST-3539,Bengaluru,NETBANKING,81.44,11951.07,INR,COMPLETED
ORD-2026-3086,2026-04-23 02:30:48,CUST-5272,Delhi,CREDIT_CARD,0.0,13715.65,INR,COMPLETED
ORD-2026-3087,2026-04-23 02:45:03,CUST-4694,Hyderabad,UPI,0.0,9822.09,INR,COMPLETED
ORD-2026-3088,2026-04-23 03:00:55,CUST-6234,Hyderabad,CREDIT_CARD,0.0,2496.26,INR,COMPLETED
ORD-2026-3089,2026-04-23 03:15:01,CUST-5745,Hyderabad,NETBANKING,0.0,7898.58,INR,COMPLETED
ORD-2026-3090,2026-04-23 03:30:35,CUST-4278,Bengaluru,NETBANKING,0.0,1485.44,INR,COMPLETED
ORD-2026-3091,2026-04-23 03:45:00,CUST-2320,Bengaluru,NETBANKING,50.91,5566.03,INR,COMPLETED
ORD-2026-3092,2026-04-23 04:00:13,CUST-1120,Bengaluru,CREDIT_CARD,0.0,2707.71,INR,COMPLETED
ORD-2026-3093,2026-04-23 04:15:23,CUST-3619,Delhi,DEBIT_CARD,0.0,7907.75,INR,COMPLETED
ORD-2026-3094,2026-04-23 04:30:20,CUST-7432,Delhi,DEBIT_CARD,0.0,13519.96,INR,COMPLETED
ORD-2026-3095,2026-04-23 04:45:28,CUST-9385,Hyderabad,UPI,0.0,9248.83,INR,COMPLETED
ORD-2026-3096,2026-04-23 05:00:24,CUST-4368,Delhi,UPI,0.0,12167.22,INR,COMPLETED
ORD-2026-3097,2026-04-23 05:15:43,CUST-5970,Hyderabad,DEBIT_CARD,0.0,3607.97,INR,COMPLETED
ORD-2026-3098,2026-04-23 05:30:56,CUST-5134,Delhi,CREDIT_CARD,0.0,13323.52,INR,COMPLETED
ORD-2026-3099,2026-04-23 05:45:13,CUST-6471,Delhi,UPI,0.0,12529.01,INR,COMPLETED
ORD-2026-3100,2026-04-23 06:00:46,CUST-7402,Bengaluru,NETBANKING,0.0,5246.7,INR,COMPLETED
ORD-2026-3101,2026-04-23 06:15:35,CUST-5071,Delhi,NETBANKING,0.0,9152.74,INR,COMPLETED
ORD-2026-3102,2026-04-23 06:30:39,CUST-1183,Hyderabad,UPI,30.34,1225.41,INR,COMPLETED
ORD-2026-3103,2026-04-23 06:45:03,CUST-4125,Hyderabad,CREDIT_CARD,0.0,5836.72,INR,COMPLETED
ORD-2026-3104,2026-04-23 07:00:17,CUST-1366,Hyderabad,UPI,0.0,6553.56,INR,COMPLETED
ORD-2026-3105,2026-04-23 07:15:16,CUST-4353,Delhi,DEBIT_CARD,74.43,7125.45,INR,COMPLETED
ORD-2026-3106,2026-04-23 07:30:56,CUST-8807,Delhi,UPI,0.0,14000.12,INR,COMPLETED
ORD-2026-3107,2026-04-23 07:45:55,CUST-5475,Hyderabad,CREDIT_CARD,0.0,13353.38,INR,COMPLETED
ORD-2026-3108,2026-04-23 08:00:04,CUST-3511,Delhi,NETBANKING,0.0,11105.79,INR,COMPLETED
ORD-2026-3109,2026-04-23 08:15:01,CUST-8085,Hyderabad,NETBANKING,0.0,1038.84,INR,COMPLETED
ORD-2026-3110,2026-04-23 08:30:42,CUST-5601,Bengaluru,UPI,0.0,1413.65,INR,COMPLETED
ORD-2026-3111,2026-04-23 08:45:01,CUST-4081,Delhi,CREDIT_CARD,0.0,10233.02,INR,COMPLETED
ORD-2026-3112,2026-04-23 09:00:41,CUST-8132,Bengaluru,UPI,48.85,1139.79,INR,COMPLETED
ORD-2026-3113,2026-04-23 09:15:18,CUST-7017,Hyderabad,UPI,54.46,5778.5,INR,COMPLETED
ORD-2026-3114,2026-04-23 09:30:35,CUST-6254,Bengaluru,DEBIT_CARD,0.0,8341.12,INR,COMPLETED
ORD-2026-3115,2026-04-23 09:45:25,CUST-6692,Hyderabad,CREDIT_CARD,0.0,5895.59,INR,COMPLETED
ORD-2026-3116,2026-04-23 10:00:43,CUST-6903,Hyderabad,NETBANKING,0.0,8362.89,INR,COMPLETED
ORD-2026-3117,2026-04-23 10:15:59,CUST-8644,Hyderabad,CREDIT_CARD,0.0,5700.7,INR,COMPLETED
ORD-2026-3118,2026-04-23 10:30:21,CUST-3376,Bengaluru,CREDIT_CARD,0.0,7842.12,INR,COMPLETED
ORD-2026-3119,2026-04-23 10:45:08,CUST-4372,Bengaluru,CREDIT_CARD,0.0,14669.86,INR,COMPLETED
ORD-2026-3120,2026-04-23 11:00:56,CUST-9214,Bengaluru,NETBANKING,0.0,2122.26,INR,COMPLETED
ORD-2026-3121,2026-04-23 11:15:16,CUST-3698,Bengaluru,UPI,0.0,14050.33,INR,COMPLETED
ORD-2026-3122,2026-04-23 11:30:07,CUST-7116,Bengaluru,DEBIT_CARD,52.31,5219.57,INR,COMPLETED
ORD-2026-3123,2026-04-23 11:45:14,CUST-7684,Bengaluru,NETBANKING,0.0,8866.78,INR,COMPLETED
ORD-2026-3124,2026-04-23 12:00:41,CUST-4085,Bengaluru,CREDIT_CARD,0.0,7077.98,INR,COMPLETED
ORD-2026-3125,2026-04-23 12:15:31,CUST-2183,Bengaluru,UPI,24.18,2593.16,INR,COMPLETED
ORD-2026-3126,2026-04-23 12:30:34,CUST-4129,Delhi,DEBIT_CARD,0.0,9754.6,INR,COMPLETED
ORD-2026-3127,2026-04-23 12:45:13,CUST-2168,Delhi,UPI,0.0,3192.85,INR,COMPLETED
ORD-2026-3128,2026-04-23 13:00:22,CUST-1173,Bengaluru,NETBANKING,0.0,10092.98,INR,COMPLETED
ORD-2026-3129,2026-04-23 13:15:23,CUST-8020,Bengaluru,NETBANKING,0.0,3522.5,INR,COMPLETED
ORD-2026-3130,2026-04-23 13:30:43,CUST-1516,Hyderabad,UPI,0.0,7624.34,INR,COMPLETED
ORD-2026-3131,2026-04-23 13:45:30,CUST-7287,Bengaluru,DEBIT_CARD,0.0,12987.04,INR,COMPLETED
ORD-2026-3132,2026-04-23 14:00:31,CUST-7225,Delhi,DEBIT_CARD,75.9,14922.26,INR,COMPLETED
ORD-2026-3133,2026-04-23 14:15:16,CUST-2359,Delhi,NETBANKING,0.0,8384.16,INR,COMPLETED
ORD-2026-3134,2026-04-23 14:30:29,CUST-6527,Delhi,UPI,0.0,6007.84,INR,COMPLETED
ORD-2026-3135,2026-04-23 14:45:20,CUST-8392,Delhi,UPI,0.0,4992.3,INR,COMPLETED
ORD-2026-3136,2026-04-23 15:00:43,CUST-1462,Bengaluru,UPI,0.0,2361.57,INR,COMPLETED
ORD-2026-3137,2026-04-23 15:15:17,CUST-7359,Bengaluru,CREDIT_CARD,0.0,10608.4,INR,COMPLETED
ORD-2026-3138,2026-04-23 15:30:07,CUST-9046,Delhi,DEBIT_CARD,29.34,10624.14,INR,COMPLETED
ORD-2026-3139,2026-04-23 15:45:18,CUST-7991,Delhi,UPI,0.0,9216.25,INR,COMPLETED
ORD-2026-3140,2026-04-23 16:00:12,CUST-5080,Delhi,UPI,0.0,7491.12,INR,COMPLETED
ORD-2026-3141,2026-04-23 16:15:02,CUST-4660,Hyderabad,CREDIT_CARD,58.36,4883.01,INR,COMPLETED
ORD-2026-3142,2026-04-23 16:30:28,CUST-2902,Delhi,CREDIT_CARD,0.0,12222.07,INR,COMPLETED
ORD-2026-3143,2026-04-23 16:45:28,CUST-8044,Delhi,UPI,0.0,7694.11,INR,COMPLETED
ORD-2026-3144,2026-04-23 17:00:34,CUST-8760,Delhi,DEBIT_CARD,0.0,2041.76,INR,COMPLETED
ORD-2026-3145,2026-04-23 17:15:04,CUST-5305,Bengaluru,NETBANKING,0.0,1445.04,INR,COMPLETED
ORD-2026-3146,2026-04-23 17:30:07,CUST-2415,Bengaluru,CREDIT_CARD,0.0,849.58,INR,COMPLETED
ORD-2026-3147,2026-04-23 17:45:42,CUST-7116,Bengaluru,NETBANKING,0.0,14949.55,INR,COMPLETED
ORD-2026-3148,2026-04-23 18:00:26,CUST-1651,Delhi,CREDIT_CARD,0.0,2179.82,INR,COMPLETED
ORD-2026-3149,2026-04-23 18:15:44,CUST-7092,Delhi,CREDIT_CARD,0.0,6165.29,INR,COMPLETED
ORD-2026-3150,2026-04-23 18:30:33,CUST-9692,Delhi,UPI,0.0,10155.71,INR,COMPLETED
ORD-2026-3151,2026-04-23 18:45:58,CUST-8870,Delhi,CREDIT_CARD,0.0,4033.3,INR,COMPLETED
ORD-2026-3152,2026-04-23 19:00:30,CUST-3824,Hyderabad,NETBANKING,0.0,3604.78,INR,COMPLETED
ORD-2026-3153,2026-04-23 19:15:09,CUST-9353,Delhi,UPI,6.8,10172.69,INR,COMPLETED
ORD-2026-3154,2026-04-23 19:30:36,CUST-7774,Bengaluru,UPI,0.0,2888.62,INR,COMPLETED
ORD-2026-3155,2026-04-23 19:45:03,CUST-1703,Hyderabad,DEBIT_CARD,0.0,11409.38,INR,COMPLETED
ORD-2026-3156,2026-04-23 20:00:46,CUST-7402,Hyderabad,CREDIT_CARD,0.0,13996.31,INR,COMPLETED
ORD-2026-3157,2026-04-23 20:15:39,CUST-9348,Hyderabad,CREDIT_CARD,0.0,14266.12,INR,COMPLETED
ORD-2026-3158,2026-04-23 20:30:38,CUST-9145,Delhi,CREDIT_CARD,0.0,8058.25,INR,COMPLETED
ORD-2026-3159,2026-04-23 20:45:04,CUST-3384,Bengaluru,NETBANKING,0.0,8644.46,INR,COMPLETED
ORD-2026-3160,2026-04-23 21:00:17,CUST-6594,Hyderabad,NETBANKING,60.53,7235.35,INR,COMPLETED
ORD-2026-3161,2026-04-23 21:15:32,CUST-3248,Hyderabad,NETBANKING,0.0,7572.92,INR,COMPLETED
ORD-2026-3162,2026-04-23 21:30:21,CUST-2031,Hyderabad,NETBANKING,0.0,8224.72,INR,COMPLETED
ORD-2026-3163,2026-04-23 21:45:32,CUST-6311,Delhi,DEBIT_CARD,0.0,3803.71,INR,COMPLETED
ORD-2026-3164,2026-04-23 22:00:52,CUST-7742,Hyderabad,DEBIT_CARD,0.0,5357.48,INR,COMPLETED
ORD-2026-3165,2026-04-23 22:15:56,CUST-5833,Delhi,CREDIT_CARD,0.0,11909.95,INR,COMPLETED
ORD-2026-3166,2026-04-23 22:30:51,CUST-9521,Delhi,DEBIT_CARD,0.0,7209.01,INR,COMPLETED
ORD-2026-3167,2026-04-23 22:45:15,CUST-6527,Delhi,DEBIT_CARD,80.96,3483.14,INR,COMPLETED
ORD-2026-3168,2026-04-23 23:00:30,CUST-8521,Bengaluru,CREDIT_CARD,0.0,10897.1,INR,COMPLETED
ORD-2026-3169,2026-04-23 23:15:16,CUST-7169,Bengaluru,UPI,0.33,2304.22,INR,COMPLETED
ORD-2026-3170,2026-04-23 23:30:29,CUST-5539,Bengaluru,DEBIT_CARD,0.0,14053.89,INR,COMPLETED
ORD-2026-3171,2026-04-23 23:45:27,CUST-9020,Bengaluru,DEBIT_CARD,0.0,9607.63,INR,COMPLETED
ORD-2026-3172,2026-04-24 00:00:20,CUST-3967,Delhi,NETBANKING,0.0,2231.95,INR,COMPLETED
ORD-2026-3173,2026-04-24 00:15:02,CUST-5544,Delhi,UPI,0.0,12784.03,INR,COMPLETED
ORD-2026-3174,2026-04-24 00:30:59,CUST-7934,Delhi,CREDIT_CARD,0.0,11273.84,INR,COMPLETED
ORD-2026-3175,2026-04-24 00:45:00,CUST-5541,Hyderabad,UPI,0.0,2115.76,INR,COMPLETED
ORD-2026-3176,2026-04-24 01:00:38,CUST-5370,Bengaluru,CREDIT_CARD,0.0,8773.95,INR,COMPLETED
ORD-2026-3177,2026-04-24 01:15:35,CUST-4602,Delhi,CREDIT_CARD,82.51,8969.74,INR,COMPLETED
ORD-2026-3178,2026-04-24 01:30:10,CUST-5419,Hyderabad,UPI,0.0,1822.08,INR,COMPLETED
ORD-2026-3179,2026-04-24 01:45:14,CUST-3713,Delhi,NETBANKING,27.95,4009.36,INR,COMPLETED
ORD-2026-3180,2026-04-24 02:00:19,CUST-7335,Hyderabad,CREDIT_CARD,0.0,6810.3,INR,COMPLETED
ORD-2026-3181,2026-04-24 02:15:26,CUST-8250,Delhi,UPI,0.0,10830.16,INR,COMPLETED
ORD-2026-3182,2026-04-24 02:30:01,CUST-5451,Delhi,NETBANKING,49.15,8348.34,INR,COMPLETED
ORD-2026-3183,2026-04-24 02:45:01,CUST-7355,Hyderabad,DEBIT_CARD,0.0,7735.97,INR,COMPLETED
ORD-2026-3184,2026-04-24 03:00:04,CUST-7187,Delhi,CREDIT_CARD,0.0,9213.83,INR,COMPLETED
ORD-2026-3185,2026-04-24 03:15:22,CUST-5075,Bengaluru,CREDIT_CARD,0.0,6373.98,INR,COMPLETED
ORD-2026-3186,2026-04-24 03:30:38,CUST-1397,Bengaluru,NETBANKING,24.41,13227.09,INR,COMPLETED
ORD-2026-3187,2026-04-24 03:45:28,CUST-1358,Hyderabad,UPI,0.0,10839.51,INR,COMPLETED
ORD-2026-3188,2026-04-24 04:00:01,CUST-8296,Hyderabad,NETBANKING,0.0,7618.88,INR,COMPLETED
ORD-2026-3189,2026-04-24 04:15:17,CUST-5257,Hyderabad,DEBIT_CARD,0.0,5815.62,INR,COMPLETED
ORD-2026-3190,2026-04-24 04:30:24,CUST-4745,Delhi,CREDIT_CARD,0.0,5786.29,INR,COMPLETED
ORD-2026-3191,2026-04-24 04:45:39,CUST-1820,Hyderabad,UPI,0.0,10582.04,INR,COMPLETED
ORD-2026-3192,2026-04-24 05:00:09,CUST-8141,Hyderabad,NETBANKING,18.6,4750.72,INR,COMPLETED
ORD-2026-3193,2026-04-24 05:15:33,CUST-2511,Bengaluru,DEBIT_CARD,0.0,1468.29,INR,COMPLETED
ORD-2026-3194,2026-04-24 05:30:35,CUST-7934,Delhi,CREDIT_CARD,0.0,7318.6,INR,COMPLETED
ORD-2026-3195,2026-04-24 05:45:45,CUST-2663,Hyderabad,CREDIT_CARD,17.87,1617.19,INR,COMPLETED
ORD-2026-3196,2026-04-24 06:00:35,CUST-3931,Delhi,NETBANKING,0.0,11532.47,INR,COMPLETED
ORD-2026-3197,2026-04-24 06:15:20,CUST-5461,Bengaluru,CREDIT_CARD,50.09,12903.41,INR,COMPLETED
ORD-2026-3198,2026-04-24 06:30:08,CUST-8685,Delhi,NETBANKING,24.19,2921.52,INR,COMPLETED
ORD-2026-3199,2026-04-24 06:45:50,CUST-5027,Hyderabad,DEBIT_CARD,0.0,4549.52,INR,COMPLETED
ORD-2026-3200,2026-04-24 07:00:40,CUST-1692,Delhi,CREDIT_CARD,13.59,9287.16,INR,COMPLETED
ORD-2026-3201,2026-04-24 07:15:33,CUST-7471,Bengaluru,NETBANKING,0.0,12083.15,INR,COMPLETED
ORD-2026-3202,2026-04-24 07:30:41,CUST-6798,Bengaluru,NETBANKING,0.0,14177.64,INR,COMPLETED
ORD-2026-3203,2026-04-24 07:45:48,CUST-7679,Delhi,NETBANKING,0.0,4145.73,INR,COMPLETED
ORD-2026-3204,2026-04-24 08:00:13,CUST-7021,Hyderabad,CREDIT_CARD,0.0,1564.55,INR,COMPLETED
ORD-2026-3205,2026-04-24 08:15:24,CUST-1391,Hyderabad,NETBANKING,0.0,4843.01,INR,COMPLETED
ORD-2026-3206,2026-04-24 08:30:13,CUST-3411,Hyderabad,UPI,79.05,6815.29,INR,COMPLETED
ORD-2026-3207,2026-04-24 08:45:50,CUST-5005,Delhi,CREDIT_CARD,0.0,4878.6,INR,COMPLETED
ORD-2026-3208,2026-04-24 09:00:16,CUST-8640,Bengaluru,NETBANKING,0.0,7558.25,INR,COMPLETED
ORD-2026-3209,2026-04-24 09:15:08,CUST-1841,Delhi,NETBANKING,89.7,6529.1,INR,COMPLETED
ORD-2026-3210,2026-04-24 09:30:03,CUST-7333,Bengaluru,DEBIT_CARD,7.81,5583.05,INR,COMPLETED
ORD-2026-3211,2026-04-24 09:45:35,CUST-8855,Delhi,DEBIT_CARD,0.0,7418.07,INR,COMPLETED
ORD-2026-3212,2026-04-24 10:00:10,CUST-2659,Delhi,DEBIT_CARD,0.0,660.31,INR,COMPLETED
ORD-2026-3213,2026-04-24 10:15:01,CUST-9537,Hyderabad,DEBIT_CARD,0.0,7887.85,INR,COMPLETED
ORD-2026-3214,2026-04-24 10:30:29,CUST-6350,Hyderabad,DEBIT_CARD,0.0,5530.42,INR,COMPLETED
ORD-2026-3215,2026-04-24 10:45:56,CUST-8987,Hyderabad,UPI,0.0,6856.77,INR,COMPLETED
ORD-2026-3216,2026-04-24 11:00:09,CUST-7191,Hyderabad,UPI,0.0,14027.74,INR,COMPLETED
ORD-2026-3217,2026-04-24 11:15:09,CUST-4216,Delhi,DEBIT_CARD,0.0,11550.58,INR,COMPLETED
ORD-2026-3218,2026-04-24 11:30:14,CUST-5962,Delhi,NETBANKING,19.45,1107.43,INR,COMPLETED
ORD-2026-3219,2026-04-24 11:45:51,CUST-3484,Hyderabad,CREDIT_CARD,0.0,12475.87,INR,COMPLETED
ORD-2026-3220,2026-04-24 12:00:04,CUST-1613,Hyderabad,CREDIT_CARD,0.0,2869.18,INR,COMPLETED
ORD-2026-3221,2026-04-24 12:15:14,CUST-3713,Bengaluru,UPI,0.0,7290.45,INR,COMPLETED
ORD-2026-3222,2026-04-24 12:30:51,CUST-7096,Hyderabad,NETBANKING,25.81,13541.38,INR,COMPLETED
ORD-2026-3223,2026-04-24 12:45:42,CUST-3549,Bengaluru,DEBIT_CARD,0.0,5234.73,INR,COMPLETED
ORD-2026-3224,2026-04-24 13:00:49,CUST-4706,Delhi,DEBIT_CARD,0.0,13500.56,INR,COMPLETED
ORD-2026-3225,2026-04-24 13:15:19,CUST-7630,Delhi,DEBIT_CARD,30.03,7733.68,INR,COMPLETED
ORD-2026-3226,2026-04-24 13:30:52,CUST-4663,Delhi,UPI,24.87,2645.59,INR,COMPLETED
ORD-2026-3227,2026-04-24 13:45:44,CUST-6947,Hyderabad,UPI,0.0,8362.03,INR,COMPLETED
ORD-2026-3228,2026-04-24 14:00:05,CUST-8883,Bengaluru,DEBIT_CARD,0.0,4016.17,INR,COMPLETED
ORD-2026-3229,2026-04-24 14:15:27,CUST-8080,Delhi,UPI,0.0,6385.91,INR,COMPLETED
ORD-2026-3230,2026-04-24 14:30:07,CUST-8971,Hyderabad,DEBIT_CARD,39.63,4966.11,INR,COMPLETED
ORD-2026-3231,2026-04-24 14:45:27,CUST-5693,Delhi,NETBANKING,0.0,12817.03,INR,COMPLETED
ORD-2026-3232,2026-04-24 15:00:38,CUST-7174,Delhi,DEBIT_CARD,0.0,5243.57,INR,COMPLETED
ORD-2026-3233,2026-04-24 15:15:09,CUST-9071,Delhi,UPI,79.36,8335.37,INR,COMPLETED
ORD-2026-3234,2026-04-24 15:30:00,CUST-1535,Delhi,CREDIT_CARD,0.0,7332.52,INR,COMPLETED
ORD-2026-3235,2026-04-24 15:45:36,CUST-3706,Hyderabad,DEBIT_CARD,0.0,1769.04,INR,COMPLETED
ORD-2026-3236,2026-04-24 16:00:02,CUST-4149,Delhi,UPI,82.42,9408.27,INR,COMPLETED
ORD-2026-3237,2026-04-24 16:15:17,CUST-9619,Delhi,UPI,28.44,9103.87,INR,COMPLETED
ORD-2026-3238,2026-04-24 16:30:38,CUST-3578,Bengaluru,NETBANKING,0.0,12859.73,INR,COMPLETED
ORD-2026-3239,2026-04-24 16:45:31,CUST-5648,Delhi,UPI,0.0,9294.01,INR,COMPLETED
ORD-2026-3240,2026-04-24 17:00:30,CUST-6877,Bengaluru,CREDIT_CARD,0.0,12248.93,INR,COMPLETED
ORD-2026-3241,2026-04-24 17:15:26,CUST-4852,Hyderabad,NETBANKING,0.0,12201.01,INR,COMPLETED
ORD-2026-3242,2026-04-24 17:30:09,CUST-1602,Delhi,CREDIT_CARD,0.0,10696.9,INR,COMPLETED
ORD-2026-3243,2026-04-24 17:45:28,CUST-2203,Hyderabad,CREDIT_CARD,0.0,2328.59,INR,COMPLETED
ORD-2026-3244,2026-04-24 18:00:15,CUST-8132,Hyderabad,DEBIT_CARD,0.0,10920.29,INR,COMPLETED
ORD-2026-3245,2026-04-24 18:15:13,CUST-1554,Hyderabad,DEBIT_CARD,0.0,13486.05,INR,COMPLETED
ORD-2026-3246,2026-04-24 18:30:03,CUST-5131,Hyderabad,DEBIT_CARD,0.0,955.0,INR,COMPLETED
ORD-2026-3247,2026-04-24 18:45:42,CUST-6301,Hyderabad,NETBANKING,0.0,14515.01,INR,COMPLETED
ORD-2026-3248,2026-04-24 19:00:42,CUST-4014,Delhi,NETBANKING,16.42,5064.43,INR,COMPLETED
ORD-2026-3249,2026-04-24 19:15:05,CUST-6481,Delhi,NETBANKING,0.0,7559.97,INR,COMPLETED
ORD-2026-3250,2026-04-24 19:30:38,CUST-5552,Delhi,CREDIT_CARD,0.0,7682.69,INR,COMPLETED
ORD-2026-3251,2026-04-24 19:45:49,CUST-6910,Bengaluru,UPI,0.0,633.76,INR,COMPLETED
ORD-2026-3252,2026-04-24 20:00:00,CUST-9209,Delhi,DEBIT_CARD,0.0,2016.66,INR,COMPLETED
ORD-2026-3253,2026-04-24 20:15:25,CUST-4222,Hyderabad,DEBIT_CARD,0.0,13399.0,INR,COMPLETED
ORD-2026-3254,2026-04-24 20:30:29,CUST-9964,Hyderabad,UPI,0.0,14480.07,INR,COMPLETED
ORD-2026-3255,2026-04-24 20:45:02,CUST-1293,Hyderabad,NETBANKING,0.0,4625.04,INR,COMPLETED
ORD-2026-3256,2026-04-24 21:00:30,CUST-7836,Hyderabad,UPI,60.88,12528.52,INR,COMPLETED
ORD-2026-3257,2026-04-24 21:15:14,CUST-5919,Bengaluru,DEBIT_CARD,81.67,7014.43,INR,COMPLETED
ORD-2026-3258,2026-04-24 21:30:16,CUST-4755,Delhi,DEBIT_CARD,0.0,562.13,INR,COMPLETED
ORD-2026-3259,2026-04-24 21:45:15,CUST-8045,Delhi,NETBANKING,80.24,6256.21,INR,COMPLETED
ORD-2026-3260,2026-04-24 22:00:01,CUST-6016,Bengaluru,NETBANKING,0.0,7775.4,INR,COMPLETED
ORD-2026-3261,2026-04-24 22:15:42,CUST-2898,Delhi,CREDIT_CARD,38.9,8509.21,INR,COMPLETED
ORD-2026-3262,2026-04-24 22:30:34,CUST-1232,Bengaluru,DEBIT_CARD,0.0,10013.49,INR,COMPLETED
ORD-2026-3263,2026-04-24 22:45:01,CUST-5230,Delhi,CREDIT_CARD,0.0,1942.17,INR,COMPLETED
ORD-2026-3264,2026-04-24 23:00:10,CUST-4343,Bengaluru,DEBIT_CARD,0.0,13636.34,INR,COMPLETED
ORD-2026-3265,2026-04-24 23:15:34,CUST-2123,Delhi,DEBIT_CARD,87.32,10527.58,INR,COMPLETED
ORD-2026-3266,2026-04-24 23:30:49,CUST-5424,Delhi,CREDIT_CARD,0.0,11669.92,INR,COMPLETED
ORD-2026-3267,2026-04-24 23:45:32,CUST-9758,Hyderabad,DEBIT_CARD,0.0,11607.0,INR,COMPLETED
ORD-2026-3268,2026-04-25 00:00:22,CUST-6787,Delhi,DEBIT_CARD,0.0,11940.5,INR,COMPLETED
ORD-2026-3269,2026-04-25 00:15:01,CUST-2415,Delhi,DEBIT_CARD,0.0,13708.34,INR,COMPLETED
ORD-2026-3270,2026-04-25 00:30:52,CUST-4181,Hyderabad,CREDIT_CARD,75.73,10498.18,INR,COMPLETED
ORD-2026-3271,2026-04-25 00:45:21,CUST-8084,Delhi,UPI,77.59,12875.84,INR,COMPLETED
ORD-2026-3272,2026-04-25 01:00:12,CUST-8920,Bengaluru,CREDIT_CARD,0.0,9505.59,INR,COMPLETED
ORD-2026-3273,2026-04-25 01:15:59,CUST-9099,Bengaluru,CREDIT_CARD,0.0,13736.8,INR,COMPLETED
ORD-2026-3274,2026-04-25 01:30:23,CUST-1687,Delhi,DEBIT_CARD,0.0,3387.14,INR,COMPLETED
ORD-2026-3275,2026-04-25 01:45:42,CUST-6549,Hyderabad,DEBIT_CARD,0.0,14041.84,INR,COMPLETED
ORD-2026-3276,2026-04-25 02:00:05,CUST-2572,Bengaluru,DEBIT_CARD,0.0,2444.15,INR,COMPLETED
ORD-2026-3277,2026-04-25 02:15:37,CUST-9099,Bengaluru,UPI,72.59,2468.67,INR,COMPLETED
ORD-2026-3278,2026-04-25 02:30:39,CUST-6194,Delhi,UPI,0.0,12257.02,INR,COMPLETED
ORD-2026-3279,2026-04-25 02:45:18,CUST-2746,Delhi,NETBANKING,66.48,1064.61,INR,COMPLETED
ORD-2026-3280,2026-04-25 03:00:09,CUST-7750,Delhi,DEBIT_CARD,36.38,4569.69,INR,COMPLETED
ORD-2026-3281,2026-04-25 03:15:19,CUST-1428,Hyderabad,DEBIT_CARD,0.0,6399.63,INR,COMPLETED
ORD-2026-3282,2026-04-25 03:30:55,CUST-9600,Bengaluru,UPI,0.0,2492.66,INR,COMPLETED
ORD-2026-3283,2026-04-25 03:45:06,CUST-6468,Hyderabad,DEBIT_CARD,18.26,14632.27,INR,COMPLETED
ORD-2026-3284,2026-04-25 04:00:14,CUST-6103,Bengaluru,UPI,0.0,1211.64,INR,COMPLETED
ORD-2026-3285,2026-04-25 04:15:42,CUST-7613,Delhi,DEBIT_CARD,0.0,4814.42,INR,COMPLETED
ORD-2026-3286,2026-04-25 04:30:42,CUST-1852,Delhi,UPI,0.0,5332.36,INR,COMPLETED
ORD-2026-3287,2026-04-25 04:45:06,CUST-1696,Hyderabad,UPI,40.6,13425.33,INR,COMPLETED
ORD-2026-3288,2026-04-25 05:00:37,CUST-5056,Delhi,DEBIT_CARD,0.0,14125.03,INR,COMPLETED
ORD-2026-3289,2026-04-25 05:15:40,CUST-8705,Delhi,UPI,0.0,12277.6,INR,COMPLETED
ORD-2026-3290,2026-04-25 05:30:52,CUST-9350,Delhi,CREDIT_CARD,0.53,13025.47,INR,COMPLETED
ORD-2026-3291,2026-04-25 05:45:50,CUST-4072,Hyderabad,DEBIT_CARD,0.0,11082.84,INR,COMPLETED
ORD-2026-3292,2026-04-25 06:00:13,CUST-7364,Delhi,NETBANKING,29.27,9392.24,INR,COMPLETED
ORD-2026-3293,2026-04-25 06:15:37,CUST-5713,Hyderabad,NETBANKING,0.0,6467.37,INR,COMPLETED
ORD-2026-3294,2026-04-25 06:30:16,CUST-9153,Delhi,NETBANKING,40.55,9900.9,INR,COMPLETED
ORD-2026-3295,2026-04-25 06:45:08,CUST-2965,Bengaluru,DEBIT_CARD,0.0,8860.93,INR,COMPLETED
ORD-2026-3296,2026-04-25 07:00:14,CUST-1762,Bengaluru,UPI,0.0,14973.1,INR,COMPLETED
ORD-2026-3297,2026-04-25 07:15:17,CUST-1046,Bengaluru,CREDIT_CARD,0.0,14411.3,INR,COMPLETED
ORD-2026-3298,2026-04-25 07:30:26,CUST-4380,Hyderabad,UPI,0.0,2050.83,INR,COMPLETED
ORD-2026-3299,2026-04-25 07:45:55,CUST-7735,Hyderabad,UPI,0.0,5846.97,INR,COMPLETED
ORD-2026-3300,2026-04-25 08:00:42,CUST-3390,Delhi,DEBIT_CARD,0.0,3422.46,INR,COMPLETED
ORD-2026-3301,2026-04-25 08:15:31,CUST-8167,Delhi,CREDIT_CARD,0.0,14262.57,INR,COMPLETED
ORD-2026-3302,2026-04-25 08:30:10,CUST-1976,Bengaluru,NETBANKING,0.0,1390.37,INR,COMPLETED
ORD-2026-3303,2026-04-25 08:45:07,CUST-3305,Hyderabad,CREDIT_CARD,0.0,13278.95,INR,COMPLETED
ORD-2026-3304,2026-04-25 09:00:30,CUST-9676,Delhi,UPI,0.0,11892.58,INR,COMPLETED
ORD-2026-3305,2026-04-25 09:15:14,CUST-5515,Hyderabad,DEBIT_CARD,26.96,7015.47,INR,COMPLETED
ORD-2026-3306,2026-04-25 09:30:57,CUST-4840,Bengaluru,CREDIT_CARD,0.0,2435.56,INR,COMPLETED
ORD-2026-3307,2026-04-25 09:45:17,CUST-9552,Hyderabad,CREDIT_CARD,0.0,10958.02,INR,COMPLETED
ORD-2026-3308,2026-04-25 10:00:25,CUST-2755,Delhi,DEBIT_CARD,25.21,794.34,INR,COMPLETED
ORD-2026-3309,2026-04-25 10:15:31,CUST-1055,Delhi,CREDIT_CARD,32.74,14673.05,INR,COMPLETED
ORD-2026-3310,2026-04-25 10:30:36,CUST-8881,Delhi,NETBANKING,0.0,5448.8,INR,COMPLETED
ORD-2026-3311,2026-04-25 10:45:48,CUST-5455,Bengaluru,DEBIT_CARD,0.0,6660.31,INR,COMPLETED
ORD-2026-3312,2026-04-25 11:00:24,CUST-4215,Delhi,DEBIT_CARD,0.0,7341.89,INR,COMPLETED
ORD-2026-3313,2026-04-25 11:15:48,CUST-6462,Hyderabad,DEBIT_CARD,0.0,3996.92,INR,COMPLETED
ORD-2026-3314,2026-04-25 11:30:44,CUST-3244,Delhi,UPI,0.0,1605.89,INR,COMPLETED
ORD-2026-3315,2026-04-25 11:45:26,CUST-2189,Delhi,CREDIT_CARD,0.0,8257.22,INR,COMPLETED
ORD-2026-3316,2026-04-25 12:00:45,CUST-4514,Delhi,NETBANKING,0.0,2467.96,INR,COMPLETED
ORD-2026-3317,2026-04-25 12:15:58,CUST-2970,Hyderabad,DEBIT_CARD,0.0,9018.74,INR,COMPLETED
ORD-2026-3318,2026-04-25 12:30:21,CUST-2946,Delhi,CREDIT_CARD,79.11,13891.72,INR,COMPLETED
ORD-2026-3319,2026-04-25 12:45:30,CUST-9864,Delhi,CREDIT_CARD,0.0,10490.45,INR,COMPLETED
ORD-2026-3320,2026-04-25 13:00:59,CUST-4544,Hyderabad,UPI,10.01,12709.68,INR,COMPLETED
ORD-2026-3321,2026-04-25 13:15:17,CUST-6717,Hyderabad,CREDIT_CARD,0.0,501.35,INR,COMPLETED
ORD-2026-3322,2026-04-25 13:30:47,CUST-1349,Bengaluru,CREDIT_CARD,0.0,1913.91,INR,COMPLETED
ORD-2026-3323,2026-04-25 13:45:47,CUST-3939,Delhi,CREDIT_CARD,19.76,1155.46,INR,COMPLETED
ORD-2026-3324,2026-04-25 14:00:03,CUST-4696,Bengaluru,NETBANKING,0.0,10094.09,INR,COMPLETED
ORD-2026-3325,2026-04-25 14:15:40,CUST-5908,Bengaluru,CREDIT_CARD,0.0,11470.55,INR,COMPLETED
ORD-2026-3326,2026-04-25 14:30:53,CUST-8761,Hyderabad,UPI,0.0,13566.77,INR,COMPLETED
ORD-2026-3327,2026-04-25 14:45:34,CUST-7887,Delhi,UPI,0.0,3038.89,INR,COMPLETED
ORD-2026-3328,2026-04-25 15:00:09,CUST-8120,Delhi,CREDIT_CARD,0.0,6518.27,INR,COMPLETED
ORD-2026-3329,2026-04-25 15:15:33,CUST-9697,Bengaluru,DEBIT_CARD,91.71,10848.97,INR,COMPLETED
ORD-2026-3330,2026-04-25 15:30:10,CUST-9730,Bengaluru,NETBANKING,0.0,12517.25,INR,COMPLETED
ORD-2026-3331,2026-04-25 15:45:11,CUST-8292,Hyderabad,NETBANKING,0.0,9358.76,INR,COMPLETED
ORD-2026-3332,2026-04-25 16:00:51,CUST-1328,Delhi,CREDIT_CARD,0.0,11691.24,INR,COMPLETED
ORD-2026-3333,2026-04-25 16:15:59,CUST-2889,Bengaluru,NETBANKING,0.0,1819.86,INR,COMPLETED
ORD-2026-3334,2026-04-25 16:30:44,CUST-2854,Bengaluru,CREDIT_CARD,0.0,8236.37,INR,COMPLETED
ORD-2026-3335,2026-04-25 16:45:33,CUST-4797,Delhi,CREDIT_CARD,0.0,3106.99,INR,COMPLETED
ORD-2026-3336,2026-04-25 17:00:15,CUST-2369,Hyderabad,UPI,0.0,8315.54,INR,COMPLETED
ORD-2026-3337,2026-04-25 17:15:21,CUST-3921,Delhi,DEBIT_CARD,0.0,8459.16,INR,COMPLETED
ORD-2026-3338,2026-04-25 17:30:51,CUST-2464,Bengaluru,CREDIT_CARD,0.0,11955.41,INR,COMPLETED
ORD-2026-3339,2026-04-25 17:45:27,CUST-9957,Delhi,UPI,0.0,10953.34,INR,COMPLETED
ORD-2026-3340,2026-04-25 18:00:10,CUST-6532,Delhi,NETBANKING,0.0,10379.41,INR,COMPLETED
ORD-2026-3341,2026-04-25 18:15:49,CUST-1396,Bengaluru,UPI,0.0,10140.79,INR,COMPLETED
ORD-2026-3342,2026-04-25 18:30:51,CUST-2328,Delhi,CREDIT_CARD,0.0,9737.07,INR,COMPLETED
ORD-2026-3343,2026-04-25 18:45:28,CUST-9831,Bengaluru,UPI,0.0,11862.92,INR,COMPLETED
ORD-2026-3344,2026-04-25 19:00:46,CUST-6789,Hyderabad,UPI,0.0,2671.74,INR,COMPLETED
ORD-2026-3345,2026-04-25 19:15:16,CUST-9941,Delhi,DEBIT_CARD,0.0,2809.48,INR,COMPLETED
ORD-2026-3346,2026-04-25 19:30:18,CUST-2255,Delhi,NETBANKING,0.0,7621.52,INR,COMPLETED
ORD-2026-3347,2026-04-25 19:45:39,CUST-6146,Hyderabad,DEBIT_CARD,0.0,11930.49,INR,COMPLETED
ORD-2026-3348,2026-04-25 20:00:29,CUST-1800,Delhi,NETBANKING,0.0,880.64,INR,COMPLETED
ORD-2026-3349,2026-04-25 20:15:22,CUST-2453,Hyderabad,NETBANKING,0.0,9731.68,INR,COMPLETED
ORD-2026-3350,2026-04-25 20:30:24,CUST-4863,Hyderabad,CREDIT_CARD,0.0,8663.52,INR,COMPLETED
ORD-2026-3351,2026-04-25 20:45:23,CUST-6999,Hyderabad,CREDIT_CARD,78.51,10089.2,INR,COMPLETED
ORD-2026-3352,2026-04-25 21:00:35,CUST-8696,Delhi,UPI,0.0,10857.18,INR,COMPLETED
ORD-2026-3353,2026-04-25 21:15:38,CUST-8537,Bengaluru,NETBANKING,0.0,12912.37,INR,COMPLETED
ORD-2026-3354,2026-04-25 21:30:04,CUST-1769,Delhi,CREDIT_CARD,25.28,1380.32,INR,COMPLETED
ORD-2026-3355,2026-04-25 21:45:56,CUST-9671,Bengaluru,UPI,0.0,8559.0,INR,COMPLETED
ORD-2026-3356,2026-04-25 22:00:11,CUST-8760,Hyderabad,DEBIT_CARD,24.9,8438.43,INR,COMPLETED
ORD-2026-3357,2026-04-25 22:15:45,CUST-9656,Bengaluru,NETBANKING,0.0,11575.87,INR,COMPLETED
ORD-2026-3358,2026-04-25 22:30:43,CUST-7554,Bengaluru,CREDIT_CARD,0.0,1450.19,INR,COMPLETED
ORD-2026-3359,2026-04-25 22:45:36,CUST-6038,Hyderabad,CREDIT_CARD,0.0,9855.2,INR,COMPLETED
ORD-2026-3360,2026-04-25 23:00:48,CUST-7033,Bengaluru,CREDIT_CARD,0.0,10896.37,INR,COMPLETED
ORD-2026-3361,2026-04-25 23:15:13,CUST-5126,Delhi,NETBANKING,0.0,2009.35,INR,COMPLETED
ORD-2026-3362,2026-04-25 23:30:18,CUST-7387,Delhi,NETBANKING,0.0,14209.07,INR,COMPLETED
ORD-2026-3363,2026-04-25 23:45:55,CUST-4057,Hyderabad,DEBIT_CARD,0.0,13165.27,INR,COMPLETED
ORD-2026-3364,2026-04-26 00:00:34,CUST-5814,Delhi,DEBIT_CARD,91.14,10406.16,INR,COMPLETED
ORD-2026-3365,2026-04-26 00:15:30,CUST-7736,Hyderabad,UPI,51.3,5970.43,INR,COMPLETED
ORD-2026-3366,2026-04-26 00:30:49,CUST-2785,Hyderabad,UPI,0.0,3775.06,INR,COMPLETED
ORD-2026-3367,2026-04-26 00:45:21,CUST-3199,Hyderabad,CREDIT_CARD,0.0,11019.67,INR,COMPLETED
ORD-2026-3368,2026-04-26 01:00:43,CUST-1615,Hyderabad,UPI,0.0,10479.73,INR,COMPLETED
ORD-2026-3369,2026-04-26 01:15:13,CUST-4423,Hyderabad,DEBIT_CARD,0.0,13789.05,INR,COMPLETED
ORD-2026-3370,2026-04-26 01:30:20,CUST-3001,Hyderabad,DEBIT_CARD,0.0,13310.46,INR,COMPLETED
ORD-2026-3371,2026-04-26 01:45:05,CUST-8450,Bengaluru,CREDIT_CARD,0.0,1871.34,INR,COMPLETED
ORD-2026-3372,2026-04-26 02:00:34,CUST-4254,Delhi,UPI,0.0,1200.79,INR,COMPLETED
ORD-2026-3373,2026-04-26 02:15:13,CUST-6292,Delhi,CREDIT_CARD,0.0,2453.25,INR,COMPLETED
ORD-2026-3374,2026-04-26 02:30:46,CUST-2374,Bengaluru,UPI,0.0,1614.19,INR,COMPLETED
ORD-2026-3375,2026-04-26 02:45:06,CUST-9203,Hyderabad,DEBIT_CARD,0.0,7194.84,INR,COMPLETED
ORD-2026-3376,2026-04-26 03:00:00,CUST-4419,Delhi,UPI,2.94,13716.91,INR,COMPLETED
ORD-2026-3377,2026-04-26 03:15:07,CUST-9583,Delhi,DEBIT_CARD,0.0,8471.24,INR,COMPLETED
ORD-2026-3378,2026-04-26 03:30:40,CUST-5323,Bengaluru,DEBIT_CARD,0.0,10691.16,INR,COMPLETED
ORD-2026-3379,2026-04-26 03:45:46,CUST-1050,Bengaluru,UPI,0.0,13665.08,INR,COMPLETED
ORD-2026-3380,2026-04-26 04:00:50,CUST-1949,Delhi,DEBIT_CARD,0.0,5513.99,INR,COMPLETED
ORD-2026-3381,2026-04-26 04:15:55,CUST-5699,Delhi,UPI,0.0,8126.44,INR,COMPLETED
ORD-2026-3382,2026-04-26 04:30:33,CUST-1432,Bengaluru,CREDIT_CARD,0.0,7421.53,INR,COMPLETED
ORD-2026-3383,2026-04-26 04:45:52,CUST-4532,Bengaluru,CREDIT_CARD,0.0,10982.83,INR,COMPLETED
ORD-2026-3384,2026-04-26 05:00:15,CUST-6491,Hyderabad,UPI,0.0,7043.73,INR,COMPLETED
ORD-2026-3385,2026-04-26 05:15:44,CUST-5816,Delhi,DEBIT_CARD,0.0,11317.23,INR,COMPLETED
ORD-2026-3386,2026-04-26 05:30:53,CUST-1348,Hyderabad,UPI,0.0,5819.12,INR,COMPLETED
ORD-2026-3387,2026-04-26 05:45:27,CUST-1759,Bengaluru,NETBANKING,0.0,14511.17,INR,COMPLETED
ORD-2026-3388,2026-04-26 06:00:49,CUST-1690,Delhi,CREDIT_CARD,5.54,12774.79,INR,COMPLETED
ORD-2026-3389,2026-04-26 06:15:25,CUST-2448,Delhi,DEBIT_CARD,0.0,13325.82,INR,COMPLETED
ORD-2026-3390,2026-04-26 06:30:04,CUST-4487,Delhi,NETBANKING,76.76,5145.48,INR,COMPLETED
ORD-2026-3391,2026-04-26 06:45:03,CUST-9340,Bengaluru,DEBIT_CARD,0.0,12352.27,INR,COMPLETED
ORD-2026-3392,2026-04-26 07:00:31,CUST-8950,Hyderabad,UPI,0.0,9582.49,INR,COMPLETED
ORD-2026-3393,2026-04-26 07:15:13,CUST-5321,Hyderabad,CREDIT_CARD,0.0,14766.84,INR,COMPLETED
ORD-2026-3394,2026-04-26 07:30:15,CUST-1081,Bengaluru,UPI,78.02,4908.09,INR,COMPLETED
ORD-2026-3395,2026-04-26 07:45:30,CUST-9660,Delhi,DEBIT_CARD,0.0,13011.09,INR,COMPLETED
ORD-2026-3396,2026-04-26 08:00:23,CUST-3033,Delhi,CREDIT_CARD,0.0,9410.37,INR,COMPLETED
ORD-2026-3397,2026-04-26 08:15:44,CUST-1778,Bengaluru,NETBANKING,0.0,10562.52,INR,COMPLETED
ORD-2026-3398,2026-04-26 08:30:51,CUST-3978,Delhi,UPI,0.0,4695.57,INR,COMPLETED
ORD-2026-3399,2026-04-26 08:45:51,CUST-7893,Bengaluru,DEBIT_CARD,0.0,2901.22,INR,COMPLETED
ORD-2026-3400,2026-04-26 09:00:41,CUST-8474,Delhi,DEBIT_CARD,29.55,9267.57,INR,COMPLETED
ORD-2026-3401,2026-04-26 09:15:24,CUST-5066,Delhi,DEBIT_CARD,0.0,9733.27,INR,COMPLETED
ORD-2026-3402,2026-04-26 09:30:49,CUST-6072,Bengaluru,DEBIT_CARD,0.0,7756.36,INR,COMPLETED
ORD-2026-3403,2026-04-26 09:45:06,CUST-4654,Hyderabad,CREDIT_CARD,0.0,3181.84,INR,COMPLETED
ORD-2026-3404,2026-04-26 10:00:25,CUST-1897,Hyderabad,NETBANKING,0.0,8676.77,INR,COMPLETED
ORD-2026-3405,2026-04-26 10:15:09,CUST-2928,Hyderabad,NETBANKING,0.0,6270.91,INR,COMPLETED
ORD-2026-3406,2026-04-26 10:30:11,CUST-6070,Bengaluru,NETBANKING,72.44,11364.51,INR,COMPLETED
ORD-2026-3407,2026-04-26 10:45:42,CUST-6927,Bengaluru,CREDIT_CARD,0.0,10106.88,INR,COMPLETED
ORD-2026-3408,2026-04-26 11:00:57,CUST-1286,Hyderabad,CREDIT_CARD,89.73,8636.72,INR,COMPLETED
ORD-2026-3409,2026-04-26 11:15:09,CUST-8113,Hyderabad,UPI,0.0,13582.6,INR,COMPLETED
ORD-2026-3410,2026-04-26 11:30:37,CUST-9921,Bengaluru,CREDIT_CARD,0.0,11565.03,INR,COMPLETED
ORD-2026-3411,2026-04-26 11:45:50,CUST-7198,Hyderabad,DEBIT_CARD,0.0,8483.9,INR,COMPLETED
ORD-2026-3412,2026-04-26 12:00:35,CUST-7978,Delhi,CREDIT_CARD,0.0,7487.97,INR,COMPLETED
ORD-2026-3413,2026-04-26 12:15:51,CUST-6518,Delhi,CREDIT_CARD,0.0,8163.32,INR,COMPLETED
ORD-2026-3414,2026-04-26 12:30:34,CUST-6091,Bengaluru,DEBIT_CARD,0.0,2659.8,INR,COMPLETED
ORD-2026-3415,2026-04-26 12:45:53,CUST-8838,Delhi,UPI,0.0,14408.73,INR,COMPLETED
ORD-2026-3416,2026-04-26 13:00:38,CUST-7378,Delhi,NETBANKING,11.68,6164.76,INR,COMPLETED
ORD-2026-3417,2026-04-26 13:15:32,CUST-2330,Bengaluru,NETBANKING,0.0,3429.85,INR,COMPLETED
ORD-2026-3418,2026-04-26 13:30:03,CUST-7147,Bengaluru,DEBIT_CARD,0.0,14207.48,INR,COMPLETED
ORD-2026-3419,2026-04-26 13:45:18,CUST-2198,Bengaluru,DEBIT_CARD,0.0,9633.0,INR,COMPLETED
ORD-2026-3420,2026-04-26 14:00:49,CUST-9549,Delhi,NETBANKING,94.94,3069.24,INR,COMPLETED
ORD-2026-3421,2026-04-26 14:15:40,CUST-7035,Delhi,NETBANKING,0.0,2582.9,INR,COMPLETED
ORD-2026-3422,2026-04-26 14:30:57,CUST-8253,Bengaluru,UPI,0.0,7681.4,INR,COMPLETED
ORD-2026-3423,2026-04-26 14:45:45,CUST-3289,Bengaluru,UPI,0.0,14172.5,INR,COMPLETED
ORD-2026-3424,2026-04-26 15:00:08,CUST-2508,Bengaluru,CREDIT_CARD,72.5,5495.98,INR,COMPLETED
ORD-2026-3425,2026-04-26 15:15:59,CUST-1781,Delhi,NETBANKING,0.0,6074.86,INR,COMPLETED
ORD-2026-3426,2026-04-26 15:30:49,CUST-1372,Hyderabad,UPI,67.46,11777.23,INR,COMPLETED
ORD-2026-3427,2026-04-26 15:45:12,CUST-8436,Delhi,UPI,0.0,3377.37,INR,COMPLETED
ORD-2026-3428,2026-04-26 16:00:45,CUST-4319,Hyderabad,DEBIT_CARD,40.13,13993.86,INR,COMPLETED
ORD-2026-3429,2026-04-26 16:15:29,CUST-3691,Bengaluru,UPI,0.0,654.3,INR,COMPLETED
ORD-2026-3430,2026-04-26 16:30:24,CUST-7912,Delhi,CREDIT_CARD,97.95,2132.99,INR,COMPLETED
ORD-2026-3431,2026-04-26 16:45:31,CUST-6651,Hyderabad,CREDIT_CARD,0.0,8418.64,INR,COMPLETED
ORD-2026-3432,2026-04-26 17:00:04,CUST-9932,Hyderabad,NETBANKING,0.0,13425.31,INR,COMPLETED
ORD-2026-3433,2026-04-26 17:15:46,CUST-6292,Delhi,UPI,0.0,14437.95,INR,COMPLETED
ORD-2026-3434,2026-04-26 17:30:02,CUST-2548,Hyderabad,DEBIT_CARD,0.0,14609.64,INR,COMPLETED
ORD-2026-3435,2026-04-26 17:45:13,CUST-2664,Hyderabad,CREDIT_CARD,0.0,10389.71,INR,COMPLETED
ORD-2026-3436,2026-04-26 18:00:47,CUST-9411,Delhi,CREDIT_CARD,7.52,11968.58,INR,COMPLETED
ORD-2026-3437,2026-04-26 18:15:05,CUST-9785,Delhi,CREDIT_CARD,0.0,13233.63,INR,COMPLETED
ORD-2026-3438,2026-04-26 18:30:59,CUST-3811,Bengaluru,DEBIT_CARD,0.0,14618.34,INR,COMPLETED
ORD-2026-3439,2026-04-26 18:45:50,CUST-8175,Delhi,NETBANKING,0.0,11102.81,INR,COMPLETED
ORD-2026-3440,2026-04-26 19:00:15,CUST-9442,Delhi,CREDIT_CARD,0.0,13211.32,INR,COMPLETED
ORD-2026-3441,2026-04-26 19:15:01,CUST-8366,Bengaluru,NETBANKING,0.0,5407.83,INR,COMPLETED
ORD-2026-3442,2026-04-26 19:30:25,CUST-2949,Hyderabad,NETBANKING,0.0,10370.81,INR,COMPLETED
ORD-2026-3443,2026-04-26 19:45:55,CUST-4865,Hyderabad,NETBANKING,0.0,14103.82,INR,COMPLETED
ORD-2026-3444,2026-04-26 20:00:23,CUST-7162,Bengaluru,CREDIT_CARD,0.0,11585.77,INR,COMPLETED
ORD-2026-3445,2026-04-26 20:15:14,CUST-6372,Bengaluru,CREDIT_CARD,0.0,9623.04,INR,COMPLETED
ORD-2026-3446,2026-04-26 20:30:49,CUST-8328,Delhi,DEBIT_CARD,0.0,5358.24,INR,COMPLETED
ORD-2026-3447,2026-04-26 20:45:04,CUST-3854,Delhi,CREDIT_CARD,13.87,8081.14,INR,COMPLETED
ORD-2026-3448,2026-04-26 21:00:29,CUST-1646,Bengaluru,NETBANKING,0.0,11446.96,INR,COMPLETED
ORD-2026-3449,2026-04-26 21:15:27,CUST-9877,Hyderabad,DEBIT_CARD,0.0,9539.84,INR,COMPLETED
ORD-2026-3450,2026-04-26 21:30:57,CUST-6421,Delhi,CREDIT_CARD,69.18,13819.5,INR,COMPLETED
ORD-2026-3451,2026-04-26 21:45:46,CUST-5108,Bengaluru,NETBANKING,64.84,9174.23,INR,COMPLETED
ORD-2026-3452,2026-04-26 22:00:39,CUST-2081,Bengaluru,DEBIT_CARD,0.0,7926.98,INR,COMPLETED
ORD-2026-3453,2026-04-26 22:15:40,CUST-8501,Delhi,NETBANKING,0.0,8412.54,INR,COMPLETED
ORD-2026-3454,2026-04-26 22:30:22,CUST-4854,Bengaluru,UPI,0.0,13892.92,INR,COMPLETED
ORD-2026-3455,2026-04-26 22:45:12,CUST-4059,Delhi,NETBANKING,45.2,8319.42,INR,COMPLETED
ORD-2026-3456,2026-04-26 23:00:39,CUST-8559,Hyderabad,UPI,0.0,1420.48,INR,COMPLETED
ORD-2026-3457,2026-04-26 23:15:34,CUST-8151,Bengaluru,NETBANKING,0.0,2673.8,INR,COMPLETED
ORD-2026-3458,2026-04-26 23:30:33,CUST-9092,Bengaluru,CREDIT_CARD,0.0,8863.66,INR,COMPLETED
ORD-2026-3459,2026-04-26 23:45:33,CUST-4051,Bengaluru,DEBIT_CARD,0.0,509.49,INR,COMPLETED
ORD-2026-3460,2026-04-27 00:00:44,CUST-1489,Bengaluru,DEBIT_CARD,36.04,4405.24,INR,COMPLETED
ORD-2026-3461,2026-04-27 00:15:46,CUST-8481,Bengaluru,NETBANKING,0.0,9483.32,INR,COMPLETED
ORD-2026-3462,2026-04-27 00:30:10,CUST-9876,Delhi,UPI,0.0,4554.16,INR,COMPLETED
ORD-2026-3463,2026-04-27 00:45:16,CUST-9578,Hyderabad,DEBIT_CARD,0.0,3147.06,INR,COMPLETED
ORD-2026-3464,2026-04-27 01:00:22,CUST-5819,Delhi,CREDIT_CARD,0.0,12483.79,INR,COMPLETED
ORD-2026-3465,2026-04-27 01:15:34,CUST-5411,Hyderabad,CREDIT_CARD,22.22,11220.73,INR,COMPLETED
ORD-2026-3466,2026-04-27 01:30:21,CUST-5271,Delhi,UPI,0.0,6371.07,INR,COMPLETED
ORD-2026-3467,2026-04-27 01:45:48,CUST-8918,Delhi,CREDIT_CARD,34.34,5399.38,INR,COMPLETED
ORD-2026-3468,2026-04-27 02:00:37,CUST-4641,Hyderabad,CREDIT_CARD,0.0,3713.96,INR,COMPLETED
ORD-2026-3469,2026-04-27 02:15:14,CUST-9265,Delhi,DEBIT_CARD,0.0,12976.53,INR,COMPLETED
ORD-2026-3470,2026-04-27 02:30:01,CUST-9022,Bengaluru,DEBIT_CARD,0.0,14298.61,INR,COMPLETED
ORD-2026-3471,2026-04-27 02:45:39,CUST-8991,Bengaluru,DEBIT_CARD,0.0,5146.4,INR,COMPLETED
ORD-2026-3472,2026-04-27 03:00:12,CUST-2965,Bengaluru,CREDIT_CARD,82.43,4945.98,INR,COMPLETED
ORD-2026-3473,2026-04-27 03:15:58,CUST-8933,Delhi,UPI,0.0,7477.65,INR,COMPLETED
ORD-2026-3474,2026-04-27 03:30:15,CUST-1617,Delhi,DEBIT_CARD,21.02,4402.44,INR,COMPLETED
ORD-2026-3475,2026-04-27 03:45:20,CUST-2761,Hyderabad,UPI,20.23,4757.92,INR,COMPLETED
ORD-2026-3476,2026-04-27 04:00:39,CUST-7872,Hyderabad,CREDIT_CARD,0.0,13348.43,INR,COMPLETED
ORD-2026-3477,2026-04-27 04:15:15,CUST-8329,Hyderabad,UPI,0.0,12082.65,INR,COMPLETED
ORD-2026-3478,2026-04-27 04:30:44,CUST-2787,Hyderabad,DEBIT_CARD,79.25,13031.75,INR,COMPLETED
ORD-2026-3479,2026-04-27 04:45:29,CUST-9670,Delhi,DEBIT_CARD,0.0,6052.52,INR,COMPLETED
ORD-2026-3480,2026-04-27 05:00:35,CUST-3156,Hyderabad,NETBANKING,0.0,1372.06,INR,COMPLETED
ORD-2026-3481,2026-04-27 05:15:54,CUST-6706,Hyderabad,CREDIT_CARD,0.0,7956.71,INR,COMPLETED
ORD-2026-3482,2026-04-27 05:30:51,CUST-8014,Hyderabad,DEBIT_CARD,0.0,13736.95,INR,COMPLETED
ORD-2026-3483,2026-04-27 05:45:50,CUST-9829,Hyderabad,NETBANKING,0.0,11437.2,INR,COMPLETED
ORD-2026-3484,2026-04-27 06:00:45,CUST-6526,Bengaluru,CREDIT_CARD,27.96,5399.41,INR,COMPLETED
ORD-2026-3485,2026-04-27 06:15:37,CUST-6959,Hyderabad,DEBIT_CARD,0.0,6618.49,INR,COMPLETED
ORD-2026-3486,2026-04-27 06:30:32,CUST-2944,Delhi,DEBIT_CARD,42.81,2369.0,INR,COMPLETED
ORD-2026-3487,2026-04-27 06:45:08,CUST-1102,Delhi,UPI,0.0,14022.33,INR,COMPLETED
ORD-2026-3488,2026-04-27 07:00:40,CUST-4802,Delhi,DEBIT_CARD,13.11,3828.81,INR,COMPLETED
ORD-2026-3489,2026-04-27 07:15:51,CUST-6199,Delhi,UPI,0.0,5226.69,INR,COMPLETED
ORD-2026-3490,2026-04-27 07:30:02,CUST-7974,Bengaluru,DEBIT_CARD,0.0,8065.91,INR,COMPLETED
ORD-2026-3491,2026-04-27 07:45:18,CUST-9516,Bengaluru,UPI,0.0,4897.31,INR,COMPLETED
ORD-2026-3492,2026-04-27 08:00:09,CUST-4638,Hyderabad,NETBANKING,0.0,7743.97,INR,COMPLETED
ORD-2026-3493,2026-04-27 08:15:46,CUST-7771,Delhi,NETBANKING,0.0,14267.13,INR,COMPLETED
ORD-2026-3494,2026-04-27 08:30:47,CUST-7042,Hyderabad,DEBIT_CARD,0.0,10703.42,INR,COMPLETED
ORD-2026-3495,2026-04-27 08:45:45,CUST-2734,Bengaluru,CREDIT_CARD,0.0,8378.79,INR,COMPLETED
ORD-2026-3496,2026-04-27 09:00:08,CUST-3346,Bengaluru,UPI,0.0,3402.63,INR,COMPLETED
ORD-2026-3497,2026-04-27 09:15:03,CUST-1132,Delhi,UPI,0.0,5968.77,INR,COMPLETED
ORD-2026-3498,2026-04-27 09:30:10,CUST-8588,Hyderabad,DEBIT_CARD,0.0,3457.38,INR,COMPLETED
ORD-2026-3499,2026-04-27 09:45:25,CUST-2426,Bengaluru,NETBANKING,0.0,8020.88,INR,COMPLETED
ORD-2026-3500,2026-04-27 10:00:30,CUST-5265,Bengaluru,CREDIT_CARD,56.2,7231.79,INR,COMPLETED
ORD-2026-3501,2026-04-27 10:15:08,CUST-1535,Hyderabad,NETBANKING,0.0,5994.19,INR,COMPLETED
ORD-2026-3502,2026-04-27 10:30:24,CUST-4950,Bengaluru,NETBANKING,0.0,13544.95,INR,COMPLETED
ORD-2026-3503,2026-04-27 10:45:28,CUST-8680,Delhi,CREDIT_CARD,0.0,14425.08,INR,COMPLETED
ORD-2026-3504,2026-04-27 11:00:28,CUST-4559,Bengaluru,CREDIT_CARD,0.0,11914.57,INR,COMPLETED
ORD-2026-3505,2026-04-27 11:15:20,CUST-3542,Bengaluru,UPI,90.96,3135.94,INR,COMPLETED
ORD-2026-3506,2026-04-27 11:30:56,CUST-2651,Bengaluru,NETBANKING,0.0,2982.29,INR,COMPLETED
ORD-2026-3507,2026-04-27 11:45:40,CUST-3357,Delhi,UPI,32.51,4896.38,INR,COMPLETED
ORD-2026-3508,2026-04-27 12:00:54,CUST-4329,Hyderabad,CREDIT_CARD,0.0,13470.56,INR,COMPLETED
ORD-2026-3509,2026-04-27 12:15:07,CUST-8586,Bengaluru,DEBIT_CARD,0.0,7592.0,INR,COMPLETED
ORD-2026-3510,2026-04-27 12:30:51,CUST-5049,Delhi,CREDIT_CARD,0.0,6199.69,INR,COMPLETED
ORD-2026-3511,2026-04-27 12:45:51,CUST-9161,Bengaluru,DEBIT_CARD,0.0,14319.62,INR,COMPLETED
ORD-2026-3512,2026-04-27 13:00:38,CUST-8189,Delhi,CREDIT_CARD,0.0,12460.6,INR,COMPLETED
ORD-2026-3513,2026-04-27 13:15:04,CUST-6424,Delhi,NETBANKING,0.0,2850.3,INR,COMPLETED
ORD-2026-3514,2026-04-27 13:30:48,CUST-9154,Bengaluru,NETBANKING,0.0,8141.5,INR,COMPLETED
ORD-2026-3515,2026-04-27 13:45:37,CUST-9502,Delhi,DEBIT_CARD,0.0,14292.92,INR,COMPLETED
ORD-2026-3516,2026-04-27 14:00:08,CUST-7506,Bengaluru,UPI,0.0,12001.89,INR,COMPLETED
ORD-2026-3517,2026-04-27 14:15:02,CUST-5346,Bengaluru,CREDIT_CARD,0.0,13308.89,INR,COMPLETED
ORD-2026-3518,2026-04-27 14:30:33,CUST-8182,Hyderabad,NETBANKING,0.0,7800.18,INR,COMPLETED
ORD-2026-3519,2026-04-27 14:45:32,CUST-4879,Bengaluru,DEBIT_CARD,0.0,5681.78,INR,COMPLETED
ORD-2026-3520,2026-04-27 15:00:12,CUST-5949,Delhi,UPI,64.54,751.39,INR,COMPLETED
ORD-2026-3521,2026-04-27 15:15:29,CUST-3670,Delhi,DEBIT_CARD,57.05,1462.92,INR,COMPLETED
ORD-2026-3522,2026-04-27 15:30:49,CUST-3743,Bengaluru,UPI,74.93,2663.62,INR,COMPLETED
ORD-2026-3523,2026-04-27 15:45:05,CUST-8831,Hyderabad,UPI,0.0,4890.46,INR,COMPLETED
ORD-2026-3524,2026-04-27 16:00:39,CUST-1080,Bengaluru,CREDIT_CARD,0.0,12437.11,INR,COMPLETED
ORD-2026-3525,2026-04-27 16:15:13,CUST-9189,Delhi,UPI,0.0,10458.22,INR,COMPLETED
ORD-2026-3526,2026-04-27 16:30:03,CUST-3486,Delhi,CREDIT_CARD,0.0,9682.71,INR,COMPLETED
ORD-2026-3527,2026-04-27 16:45:26,CUST-3287,Delhi,NETBANKING,0.0,7265.02,INR,COMPLETED
ORD-2026-3528,2026-04-27 17:00:07,CUST-7597,Delhi,UPI,0.0,2134.29,INR,COMPLETED
ORD-2026-3529,2026-04-27 17:15:07,CUST-1522,Hyderabad,UPI,0.0,9453.87,INR,COMPLETED
ORD-2026-3530,2026-04-27 17:30:59,CUST-4507,Delhi,NETBANKING,0.0,4105.77,INR,COMPLETED
ORD-2026-3531,2026-04-27 17:45:24,CUST-9784,Delhi,NETBANKING,0.0,5391.04,INR,COMPLETED
ORD-2026-3532,2026-04-27 18:00:06,CUST-5621,Delhi,DEBIT_CARD,0.0,2669.66,INR,COMPLETED
ORD-2026-3533,2026-04-27 18:15:50,CUST-7468,Bengaluru,UPI,0.0,8596.61,INR,COMPLETED
ORD-2026-3534,2026-04-27 18:30:36,CUST-3205,Delhi,UPI,0.0,10141.39,INR,COMPLETED
ORD-2026-3535,2026-04-27 18:45:53,CUST-4172,Bengaluru,CREDIT_CARD,99.46,12436.95,INR,COMPLETED
ORD-2026-3536,2026-04-27 19:00:53,CUST-1020,Delhi,NETBANKING,0.0,11969.15,INR,COMPLETED
ORD-2026-3537,2026-04-27 19:15:49,CUST-9135,Delhi,DEBIT_CARD,0.0,10571.13,INR,COMPLETED
ORD-2026-3538,2026-04-27 19:30:07,CUST-4125,Hyderabad,NETBANKING,54.97,2557.25,INR,COMPLETED
ORD-2026-3539,2026-04-27 19:45:19,CUST-3135,Delhi,DEBIT_CARD,25.94,11557.3,INR,COMPLETED
ORD-2026-3540,2026-04-27 20:00:09,CUST-1881,Hyderabad,CREDIT_CARD,0.0,14856.45,INR,COMPLETED
ORD-2026-3541,2026-04-27 20:15:14,CUST-5553,Delhi,CREDIT_CARD,0.0,8584.16,INR,COMPLETED
ORD-2026-3542,2026-04-27 20:30:28,CUST-2398,Hyderabad,UPI,0.0,10923.19,INR,COMPLETED
ORD-2026-3543,2026-04-27 20:45:26,CUST-3072,Hyderabad,UPI,0.0,3808.92,INR,COMPLETED
ORD-2026-3544,2026-04-27 21:00:16,CUST-3598,Bengaluru,DEBIT_CARD,0.0,14317.26,INR,COMPLETED
ORD-2026-3545,2026-04-27 21:15:45,CUST-1530,Delhi,CREDIT_CARD,0.0,13063.59,INR,COMPLETED
ORD-2026-3546,2026-04-27 21:30:31,CUST-8396,Hyderabad,DEBIT_CARD,0.0,8684.21,INR,COMPLETED
ORD-2026-3547,2026-04-27 21:45:04,CUST-6702,Hyderabad,DEBIT_CARD,0.0,5877.88,INR,COMPLETED
ORD-2026-3548,2026-04-27 22:00:30,CUST-3242,Hyderabad,CREDIT_CARD,0.0,12702.89,INR,COMPLETED
ORD-2026-3549,2026-04-27 22:15:02,CUST-2941,Bengaluru,UPI,0.0,8546.65,INR,COMPLETED
ORD-2026-3550,2026-04-27 22:30:51,CUST-7759,Bengaluru,UPI,0.0,13716.28,INR,COMPLETED
ORD-2026-3551,2026-04-27 22:45:17,CUST-2474,Hyderabad,NETBANKING,0.0,11569.94,INR,COMPLETED
ORD-2026-3552,2026-04-27 23:00:34,CUST-2596,Bengaluru,UPI,0.0,690.37,INR,COMPLETED
ORD-2026-3553,2026-04-27 23:15:09,CUST-2772,Hyderabad,UPI,0.0,9094.84,INR,COMPLETED
ORD-2026-3554,2026-04-27 23:30:12,CUST-7694,Hyderabad,UPI,0.0,7871.26,INR,COMPLETED
ORD-2026-3555,2026-04-27 23:45:45,CUST-2305,Delhi,NETBANKING,28.77,3823.24,INR,COMPLETED
ORD-2026-3556,2026-04-28 00:00:19,CUST-7563,Delhi,DEBIT_CARD,0.0,3392.67,INR,COMPLETED
ORD-2026-3557,2026-04-28 00:15:01,CUST-3977,Hyderabad,UPI,0.0,8694.4,INR,COMPLETED
ORD-2026-3558,2026-04-28 00:30:27,CUST-5157,Hyderabad,DEBIT_CARD,0.0,10699.41,INR,COMPLETED
ORD-2026-3559,2026-04-28 00:45:21,CUST-4282,Bengaluru,UPI,0.0,3384.99,INR,COMPLETED
ORD-2026-3560,2026-04-28 01:00:59,CUST-8167,Hyderabad,NETBANKING,0.0,4186.21,INR,COMPLETED
ORD-2026-3561,2026-04-28 01:15:22,CUST-9595,Delhi,UPI,69.95,8984.63,INR,COMPLETED
ORD-2026-3562,2026-04-28 01:30:02,CUST-5358,Hyderabad,UPI,0.0,1334.92,INR,COMPLETED
ORD-2026-3563,2026-04-28 01:45:40,CUST-2111,Delhi,DEBIT_CARD,0.0,9045.06,INR,COMPLETED
ORD-2026-3564,2026-04-28 02:00:42,CUST-5133,Delhi,NETBANKING,0.0,7276.7,INR,COMPLETED
ORD-2026-3565,2026-04-28 02:15:15,CUST-2113,Bengaluru,DEBIT_CARD,0.0,8386.23,INR,COMPLETED
ORD-2026-3566,2026-04-28 02:30:00,CUST-2077,Hyderabad,DEBIT_CARD,0.0,5068.18,INR,COMPLETED
ORD-2026-3567,2026-04-28 02:45:38,CUST-5876,Bengaluru,DEBIT_CARD,82.17,7776.62,INR,COMPLETED
ORD-2026-3568,2026-04-28 03:00:40,CUST-2066,Delhi,NETBANKING,0.0,3743.37,INR,COMPLETED
ORD-2026-3569,2026-04-28 03:15:52,CUST-5794,Delhi,UPI,0.0,6511.36,INR,COMPLETED
ORD-2026-3570,2026-04-28 03:30:09,CUST-5696,Delhi,UPI,0.0,3636.11,INR,COMPLETED
ORD-2026-3571,2026-04-28 03:45:14,CUST-6280,Hyderabad,DEBIT_CARD,0.0,12548.29,INR,COMPLETED
ORD-2026-3572,2026-04-28 04:00:36,CUST-8308,Delhi,DEBIT_CARD,0.0,13723.56,INR,COMPLETED
ORD-2026-3573,2026-04-28 04:15:56,CUST-3286,Delhi,DEBIT_CARD,0.0,6746.41,INR,COMPLETED
ORD-2026-3574,2026-04-28 04:30:52,CUST-3810,Delhi,NETBANKING,0.0,13609.11,INR,COMPLETED
ORD-2026-3575,2026-04-28 04:45:42,CUST-5251,Delhi,CREDIT_CARD,90.19,10059.33,INR,COMPLETED
ORD-2026-3576,2026-04-28 05:00:15,CUST-9404,Bengaluru,UPI,0.0,5855.97,INR,COMPLETED
ORD-2026-3577,2026-04-28 05:15:57,CUST-2834,Delhi,NETBANKING,96.25,2625.79,INR,COMPLETED
ORD-2026-3578,2026-04-28 05:30:32,CUST-2156,Bengaluru,DEBIT_CARD,89.42,942.77,INR,COMPLETED
ORD-2026-3579,2026-04-28 05:45:48,CUST-6833,Bengaluru,CREDIT_CARD,0.0,2243.52,INR,COMPLETED
ORD-2026-3580,2026-04-28 06:00:32,CUST-1188,Bengaluru,NETBANKING,0.0,5920.09,INR,COMPLETED
ORD-2026-3581,2026-04-28 06:15:16,CUST-7861,Hyderabad,UPI,0.0,8331.38,INR,COMPLETED
ORD-2026-3582,2026-04-28 06:30:53,CUST-4095,Hyderabad,UPI,0.0,12717.59,INR,COMPLETED
ORD-2026-3583,2026-04-28 06:45:05,CUST-2376,Delhi,NETBANKING,0.0,11586.84,INR,COMPLETED
ORD-2026-3584,2026-04-28 07:00:38,CUST-9268,Delhi,DEBIT_CARD,0.0,10220.98,INR,COMPLETED
ORD-2026-3585,2026-04-28 07:15:37,CUST-8817,Bengaluru,NETBANKING,0.0,14177.42,INR,COMPLETED
ORD-2026-3586,2026-04-28 07:30:37,CUST-2931,Hyderabad,UPI,8.84,5642.3,INR,COMPLETED
ORD-2026-3587,2026-04-28 07:45:07,CUST-1721,Hyderabad,NETBANKING,64.23,5641.85,INR,COMPLETED
ORD-2026-3588,2026-04-28 08:00:18,CUST-4672,Hyderabad,NETBANKING,0.0,10275.79,INR,COMPLETED
ORD-2026-3589,2026-04-28 08:15:49,CUST-7523,Delhi,UPI,0.0,13999.65,INR,COMPLETED
ORD-2026-3590,2026-04-28 08:30:44,CUST-7165,Hyderabad,NETBANKING,0.0,9774.98,INR,COMPLETED
ORD-2026-3591,2026-04-28 08:45:27,CUST-8422,Bengaluru,DEBIT_CARD,0.0,871.51,INR,COMPLETED
ORD-2026-3592,2026-04-28 09:00:00,CUST-6538,Delhi,NETBANKING,0.0,2717.76,INR,COMPLETED
ORD-2026-3593,2026-04-28 09:15:48,CUST-7662,Hyderabad,DEBIT_CARD,0.0,4025.79,INR,COMPLETED
ORD-2026-3594,2026-04-28 09:30:32,CUST-4637,Hyderabad,UPI,0.0,14531.09,INR,COMPLETED
ORD-2026-3595,2026-04-28 09:45:02,CUST-3252,Hyderabad,CREDIT_CARD,0.0,13264.85,INR,COMPLETED
ORD-2026-3596,2026-04-28 10:00:38,CUST-7961,Delhi,NETBANKING,0.0,8848.38,INR,COMPLETED
ORD-2026-3597,2026-04-28 10:15:19,CUST-2850,Bengaluru,UPI,99.42,1570.87,INR,COMPLETED
ORD-2026-3598,2026-04-28 10:30:48,CUST-3674,Delhi,DEBIT_CARD,0.0,14813.47,INR,COMPLETED
ORD-2026-3599,2026-04-28 10:45:30,CUST-1006,Hyderabad,CREDIT_CARD,0.0,10935.86,INR,COMPLETED
ORD-2026-3600,2026-04-28 11:00:58,CUST-9372,Delhi,UPI,0.0,4190.43,INR,COMPLETED
ORD-2026-3601,2026-04-28 11:15:58,CUST-5561,Hyderabad,UPI,0.0,2900.81,INR,COMPLETED
ORD-2026-3602,2026-04-28 11:30:39,CUST-6208,Bengaluru,UPI,0.0,1911.74,INR,COMPLETED
ORD-2026-3603,2026-04-28 11:45:01,CUST-7822,Hyderabad,DEBIT_CARD,47.0,11921.62,INR,COMPLETED
ORD-2026-3604,2026-04-28 12:00:57,CUST-2070,Bengaluru,NETBANKING,0.0,13717.53,INR,COMPLETED
ORD-2026-3605,2026-04-28 12:15:34,CUST-1046,Hyderabad,UPI,0.0,8345.11,INR,COMPLETED
ORD-2026-3606,2026-04-28 12:30:17,CUST-5437,Hyderabad,CREDIT_CARD,0.0,1654.48,INR,COMPLETED
ORD-2026-3607,2026-04-28 12:45:39,CUST-7463,Bengaluru,CREDIT_CARD,0.0,3178.27,INR,COMPLETED
ORD-2026-3608,2026-04-28 13:00:39,CUST-5079,Bengaluru,NETBANKING,39.58,10115.94,INR,COMPLETED
ORD-2026-3609,2026-04-28 13:15:19,CUST-7244,Bengaluru,NETBANKING,0.0,13989.49,INR,COMPLETED
ORD-2026-3610,2026-04-28 13:30:37,CUST-6137,Bengaluru,DEBIT_CARD,0.0,4287.67,INR,COMPLETED
ORD-2026-3611,2026-04-28 13:45:38,CUST-1959,Bengaluru,CREDIT_CARD,0.0,10353.08,INR,COMPLETED
ORD-2026-3612,2026-04-28 14:00:59,CUST-1728,Hyderabad,CREDIT_CARD,0.0,6031.6,INR,COMPLETED
ORD-2026-3613,2026-04-28 14:15:27,CUST-2013,Delhi,UPI,53.78,10400.11,INR,COMPLETED
ORD-2026-3614,2026-04-28 14:30:13,CUST-5072,Hyderabad,NETBANKING,64.76,6608.11,INR,COMPLETED
ORD-2026-3615,2026-04-28 14:45:23,CUST-7209,Hyderabad,DEBIT_CARD,0.0,9192.66,INR,COMPLETED
ORD-2026-3616,2026-04-28 15:00:19,CUST-5099,Delhi,DEBIT_CARD,0.0,8190.12,INR,COMPLETED
ORD-2026-3617,2026-04-28 15:15:43,CUST-8125,Hyderabad,NETBANKING,0.0,13045.17,INR,COMPLETED
ORD-2026-3618,2026-04-28 15:30:16,CUST-6091,Hyderabad,DEBIT_CARD,0.0,2846.52,INR,COMPLETED
ORD-2026-3619,2026-04-28 15:45:48,CUST-9806,Delhi,NETBANKING,0.0,6924.89,INR,COMPLETED
ORD-2026-3620,2026-04-28 16:00:14,CUST-9297,Bengaluru,DEBIT_CARD,0.0,3288.17,INR,COMPLETED
ORD-2026-3621,2026-04-28 16:15:16,CUST-7246,Delhi,CREDIT_CARD,18.43,12084.48,INR,COMPLETED
ORD-2026-3622,2026-04-28 16:30:18,CUST-7496,Bengaluru,DEBIT_CARD,0.0,1285.79,INR,COMPLETED
ORD-2026-3623,2026-04-28 16:45:59,CUST-7971,Delhi,DEBIT_CARD,11.84,1278.64,INR,COMPLETED
ORD-2026-3624,2026-04-28 17:00:48,CUST-8015,Hyderabad,DEBIT_CARD,0.0,12073.78,INR,COMPLETED
ORD-2026-3625,2026-04-28 17:15:08,CUST-2103,Hyderabad,DEBIT_CARD,0.0,11575.23,INR,COMPLETED
ORD-2026-3626,2026-04-28 17:30:45,CUST-2512,Hyderabad,CREDIT_CARD,85.18,14760.66,INR,COMPLETED
ORD-2026-3627,2026-04-28 17:45:51,CUST-7361,Delhi,DEBIT_CARD,0.0,7997.51,INR,COMPLETED
ORD-2026-3628,2026-04-28 18:00:06,CUST-9458,Hyderabad,UPI,0.0,7381.49,INR,COMPLETED
ORD-2026-3629,2026-04-28 18:15:55,CUST-6871,Hyderabad,CREDIT_CARD,89.73,1647.42,INR,COMPLETED
ORD-2026-3630,2026-04-28 18:30:08,CUST-7693,Hyderabad,DEBIT_CARD,63.86,14916.13,INR,COMPLETED
ORD-2026-3631,2026-04-28 18:45:09,CUST-3697,Delhi,UPI,0.0,11091.48,INR,COMPLETED
ORD-2026-3632,2026-04-28 19:00:48,CUST-6605,Delhi,CREDIT_CARD,0.0,13325.22,INR,COMPLETED
ORD-2026-3633,2026-04-28 19:15:55,CUST-1787,Hyderabad,NETBANKING,0.0,11412.11,INR,COMPLETED
ORD-2026-3634,2026-04-28 19:30:16,CUST-3864,Hyderabad,CREDIT_CARD,0.0,14245.83,INR,COMPLETED
ORD-2026-3635,2026-04-28 19:45:20,CUST-6931,Hyderabad,CREDIT_CARD,0.0,13240.42,INR,COMPLETED
ORD-2026-3636,2026-04-28 20:00:16,CUST-7019,Hyderabad,NETBANKING,0.0,4929.79,INR,COMPLETED
ORD-2026-3637,2026-04-28 20:15:54,CUST-2825,Delhi,CREDIT_CARD,15.42,13260.79,INR,COMPLETED
ORD-2026-3638,2026-04-28 20:30:18,CUST-9048,Bengaluru,NETBANKING,73.34,11661.39,INR,COMPLETED
ORD-2026-3639,2026-04-28 20:45:28,CUST-7523,Delhi,NETBANKING,0.0,13566.97,INR,COMPLETED
ORD-2026-3640,2026-04-28 21:00:10,CUST-9829,Hyderabad,CREDIT_CARD,0.0,945.22,INR,COMPLETED
ORD-2026-3641,2026-04-28 21:15:57,CUST-1206,Bengaluru,UPI,0.0,7383.63,INR,COMPLETED
ORD-2026-3642,2026-04-28 21:30:38,CUST-5045,Delhi,UPI,0.0,11868.55,INR,COMPLETED
ORD-2026-3643,2026-04-28 21:45:24,CUST-4760,Hyderabad,CREDIT_CARD,0.0,9328.77,INR,COMPLETED
ORD-2026-3644,2026-04-28 22:00:39,CUST-6423,Delhi,CREDIT_CARD,1.18,13460.02,INR,COMPLETED
ORD-2026-3645,2026-04-28 22:15:32,CUST-7493,Hyderabad,UPI,0.0,1502.29,INR,COMPLETED
ORD-2026-3646,2026-04-28 22:30:53,CUST-3822,Hyderabad,UPI,0.0,6662.28,INR,COMPLETED
ORD-2026-3647,2026-04-28 22:45:16,CUST-9711,Delhi,DEBIT_CARD,87.9,6698.71,INR,COMPLETED
ORD-2026-3648,2026-04-28 23:00:30,CUST-4562,Hyderabad,UPI,0.0,9240.13,INR,COMPLETED
ORD-2026-3649,2026-04-28 23:15:00,CUST-6251,Delhi,UPI,0.0,9805.91,INR,COMPLETED
ORD-2026-3650,2026-04-28 23:30:29,CUST-9396,Bengaluru,CREDIT_CARD,0.0,14425.0,INR,COMPLETED
ORD-2026-3651,2026-04-28 23:45:51,CUST-7972,Bengaluru,NETBANKING,0.0,9520.43,INR,COMPLETED
ORD-2026-3652,2026-04-29 00:00:38,CUST-6152,Hyderabad,CREDIT_CARD,0.0,1383.35,INR,COMPLETED
ORD-2026-3653,2026-04-29 00:15:06,CUST-8363,Bengaluru,NETBANKING,0.0,4476.49,INR,COMPLETED
ORD-2026-3654,2026-04-29 00:30:51,CUST-9854,Bengaluru,CREDIT_CARD,71.05,1798.35,INR,COMPLETED
ORD-2026-3655,2026-04-29 00:45:57,CUST-4709,Bengaluru,DEBIT_CARD,0.0,3454.16,INR,COMPLETED
ORD-2026-3656,2026-04-29 01:00:36,CUST-3473,Delhi,CREDIT_CARD,65.95,11989.06,INR,COMPLETED
ORD-2026-3657,2026-04-29 01:15:25,CUST-3574,Bengaluru,UPI,0.0,13839.28,INR,COMPLETED
ORD-2026-3658,2026-04-29 01:30:45,CUST-4474,Delhi,UPI,0.0,8882.07,INR,COMPLETED
ORD-2026-3659,2026-04-29 01:45:00,CUST-3879,Delhi,UPI,0.0,3184.16,INR,COMPLETED
ORD-2026-3660,2026-04-29 02:00:29,CUST-2877,Delhi,NETBANKING,50.79,6792.57,INR,COMPLETED
ORD-2026-3661,2026-04-29 02:15:45,CUST-1183,Bengaluru,NETBANKING,0.0,6100.39,INR,COMPLETED
ORD-2026-3662,2026-04-29 02:30:24,CUST-5731,Delhi,CREDIT_CARD,23.52,12054.46,INR,COMPLETED
ORD-2026-3663,2026-04-29 02:45:41,CUST-2393,Bengaluru,DEBIT_CARD,0.0,4037.55,INR,COMPLETED
ORD-2026-3664,2026-04-29 03:00:17,CUST-3265,Delhi,NETBANKING,0.0,6606.53,INR,COMPLETED
ORD-2026-3665,2026-04-29 03:15:50,CUST-1059,Delhi,DEBIT_CARD,0.0,1916.04,INR,COMPLETED
ORD-2026-3666,2026-04-29 03:30:53,CUST-3988,Delhi,NETBANKING,0.0,11398.15,INR,COMPLETED
ORD-2026-3667,2026-04-29 03:45:47,CUST-8168,Delhi,DEBIT_CARD,0.0,9030.73,INR,COMPLETED
ORD-2026-3668,2026-04-29 04:00:27,CUST-7388,Hyderabad,UPI,0.0,6776.34,INR,COMPLETED
ORD-2026-3669,2026-04-29 04:15:57,CUST-7077,Hyderabad,UPI,70.9,9885.92,INR,COMPLETED
ORD-2026-3670,2026-04-29 04:30:00,CUST-9874,Hyderabad,CREDIT_CARD,0.0,12212.56,INR,COMPLETED
ORD-2026-3671,2026-04-29 04:45:30,CUST-1246,Hyderabad,DEBIT_CARD,0.0,1108.39,INR,COMPLETED
ORD-2026-3672,2026-04-29 05:00:26,CUST-5820,Bengaluru,CREDIT_CARD,0.0,8449.4,INR,COMPLETED
ORD-2026-3673,2026-04-29 05:15:10,CUST-8522,Delhi,NETBANKING,0.0,6132.01,INR,COMPLETED
ORD-2026-3674,2026-04-29 05:30:35,CUST-2938,Hyderabad,NETBANKING,0.0,8553.6,INR,COMPLETED
ORD-2026-3675,2026-04-29 05:45:50,CUST-6965,Delhi,NETBANKING,0.0,9408.3,INR,COMPLETED
ORD-2026-3676,2026-04-29 06:00:11,CUST-2270,Bengaluru,NETBANKING,0.0,5763.81,INR,COMPLETED
ORD-2026-3677,2026-04-29 06:15:44,CUST-3072,Delhi,UPI,13.27,9123.17,INR,COMPLETED
ORD-2026-3678,2026-04-29 06:30:54,CUST-9552,Bengaluru,DEBIT_CARD,0.0,14469.19,INR,COMPLETED
ORD-2026-3679,2026-04-29 06:45:00,CUST-2288,Bengaluru,NETBANKING,76.11,4889.52,INR,COMPLETED
ORD-2026-3680,2026-04-29 07:00:04,CUST-6918,Hyderabad,DEBIT_CARD,0.0,11867.49,INR,COMPLETED
ORD-2026-3681,2026-04-29 07:15:31,CUST-2478,Bengaluru,NETBANKING,0.0,7125.31,INR,COMPLETED
ORD-2026-3682,2026-04-29 07:30:38,CUST-2222,Delhi,DEBIT_CARD,0.0,3180.73,INR,COMPLETED
ORD-2026-3683,2026-04-29 07:45:05,CUST-7599,Delhi,CREDIT_CARD,0.0,9324.0,INR,COMPLETED
ORD-2026-3684,2026-04-29 08:00:38,CUST-6476,Bengaluru,CREDIT_CARD,0.0,14173.86,INR,COMPLETED
ORD-2026-3685,2026-04-29 08:15:51,CUST-5330,Bengaluru,UPI,0.0,10753.43,INR,COMPLETED
ORD-2026-3686,2026-04-29 08:30:52,CUST-5811,Hyderabad,CREDIT_CARD,0.0,8526.51,INR,COMPLETED
ORD-2026-3687,2026-04-29 08:45:20,CUST-9286,Delhi,UPI,0.0,6809.21,INR,COMPLETED
ORD-2026-3688,2026-04-29 09:00:54,CUST-9141,Delhi,CREDIT_CARD,0.0,13109.83,INR,COMPLETED
ORD-2026-3689,2026-04-29 09:15:04,CUST-4597,Bengaluru,UPI,41.0,9665.71,INR,COMPLETED
ORD-2026-3690,2026-04-29 09:30:10,CUST-3228,Hyderabad,NETBANKING,47.0,3563.45,INR,COMPLETED
ORD-2026-3691,2026-04-29 09:45:39,CUST-5587,Delhi,CREDIT_CARD,0.0,5257.43,INR,COMPLETED
ORD-2026-3692,2026-04-29 10:00:44,CUST-8415,Delhi,CREDIT_CARD,0.0,4296.35,INR,COMPLETED
ORD-2026-3693,2026-04-29 10:15:24,CUST-9884,Hyderabad,UPI,0.0,14153.16,INR,COMPLETED
ORD-2026-3694,2026-04-29 10:30:50,CUST-1966,Delhi,UPI,0.0,5595.77,INR,COMPLETED
ORD-2026-3695,2026-04-29 10:45:39,CUST-8599,Delhi,UPI,65.69,3081.0,INR,COMPLETED
ORD-2026-3696,2026-04-29 11:00:05,CUST-1714,Bengaluru,CREDIT_CARD,0.0,11339.21,INR,COMPLETED
ORD-2026-3697,2026-04-29 11:15:03,CUST-3230,Delhi,NETBANKING,0.0,12401.82,INR,COMPLETED
ORD-2026-3698,2026-04-29 11:30:51,CUST-6143,Bengaluru,UPI,0.0,6737.73,INR,COMPLETED
ORD-2026-3699,2026-04-29 11:45:53,CUST-2419,Bengaluru,DEBIT_CARD,0.0,14825.63,INR,COMPLETED
ORD-2026-3700,2026-04-29 12:00:18,CUST-3307,Bengaluru,DEBIT_CARD,0.0,3791.55,INR,COMPLETED
ORD-2026-3701,2026-04-29 12:15:22,CUST-5212,Hyderabad,CREDIT_CARD,76.6,2406.82,INR,COMPLETED
ORD-2026-3702,2026-04-29 12:30:39,CUST-9432,Delhi,UPI,20.22,11998.96,INR,COMPLETED
ORD-2026-3703,2026-04-29 12:45:13,CUST-2158,Delhi,UPI,0.0,13574.6,INR,COMPLETED
ORD-2026-3704,2026-04-29 13:00:49,CUST-7607,Delhi,CREDIT_CARD,0.0,8641.46,INR,COMPLETED
ORD-2026-3705,2026-04-29 13:15:57,CUST-6897,Hyderabad,NETBANKING,0.0,4803.16,INR,COMPLETED
ORD-2026-3706,2026-04-29 13:30:55,CUST-7892,Bengaluru,CREDIT_CARD,0.0,13816.75,INR,COMPLETED
ORD-2026-3707,2026-04-29 13:45:02,CUST-8336,Delhi,NETBANKING,0.0,11307.31,INR,COMPLETED
ORD-2026-3708,2026-04-29 14:00:59,CUST-4198,Bengaluru,DEBIT_CARD,0.0,8358.16,INR,COMPLETED
ORD-2026-3709,2026-04-29 14:15:24,CUST-5881,Hyderabad,DEBIT_CARD,54.02,13856.49,INR,COMPLETED
ORD-2026-3710,2026-04-29 14:30:28,CUST-5533,Bengaluru,DEBIT_CARD,0.0,12336.41,INR,COMPLETED
ORD-2026-3711,2026-04-29 14:45:39,CUST-2311,Hyderabad,NETBANKING,15.95,5365.67,INR,COMPLETED
ORD-2026-3712,2026-04-29 15:00:52,CUST-1557,Bengaluru,CREDIT_CARD,90.23,641.13,INR,COMPLETED
ORD-2026-3713,2026-04-29 15:15:02,CUST-6070,Bengaluru,UPI,0.0,7654.08,INR,COMPLETED
ORD-2026-3714,2026-04-29 15:30:56,CUST-2365,Delhi,UPI,0.0,3886.78,INR,COMPLETED
ORD-2026-3715,2026-04-29 15:45:06,CUST-1312,Delhi,NETBANKING,0.0,9214.89,INR,COMPLETED
ORD-2026-3716,2026-04-29 16:00:43,CUST-3902,Delhi,NETBANKING,0.0,6141.44,INR,COMPLETED
ORD-2026-3717,2026-04-29 16:15:20,CUST-5391,Bengaluru,DEBIT_CARD,68.26,12354.8,INR,COMPLETED
ORD-2026-3718,2026-04-29 16:30:42,CUST-8171,Hyderabad,UPI,0.0,2460.88,INR,COMPLETED
ORD-2026-3719,2026-04-29 16:45:00,CUST-7843,Bengaluru,DEBIT_CARD,7.89,2789.68,INR,COMPLETED
ORD-2026-3720,2026-04-29 17:00:55,CUST-3999,Hyderabad,DEBIT_CARD,65.47,10932.38,INR,COMPLETED
ORD-2026-3721,2026-04-29 17:15:40,CUST-6567,Delhi,DEBIT_CARD,0.0,13413.65,INR,COMPLETED
ORD-2026-3722,2026-04-29 17:30:06,CUST-4133,Delhi,NETBANKING,0.0,11592.28,INR,COMPLETED
ORD-2026-3723,2026-04-29 17:45:59,CUST-6999,Bengaluru,UPI,0.0,5631.05,INR,COMPLETED
ORD-2026-3724,2026-04-29 18:00:03,CUST-7433,Hyderabad,UPI,62.2,640.98,INR,COMPLETED
ORD-2026-3725,2026-04-29 18:15:13,CUST-2941,Delhi,UPI,0.0,10505.43,INR,COMPLETED
ORD-2026-3726,2026-04-29 18:30:56,CUST-1747,Bengaluru,UPI,0.0,3610.44,INR,COMPLETED
ORD-2026-3727,2026-04-29 18:45:04,CUST-2536,Delhi,DEBIT_CARD,33.68,8370.04,INR,COMPLETED
ORD-2026-3728,2026-04-29 19:00:22,CUST-4991,Hyderabad,CREDIT_CARD,0.0,5518.57,INR,COMPLETED
ORD-2026-3729,2026-04-29 19:15:23,CUST-1544,Delhi,CREDIT_CARD,0.0,6124.87,INR,COMPLETED
ORD-2026-3730,2026-04-29 19:30:41,CUST-8020,Bengaluru,UPI,0.0,778.71,INR,COMPLETED
ORD-2026-3731,2026-04-29 19:45:45,CUST-5305,Delhi,NETBANKING,0.0,6868.87,INR,COMPLETED
ORD-2026-3732,2026-04-29 20:00:32,CUST-3053,Bengaluru,NETBANKING,21.78,4372.31,INR,COMPLETED
ORD-2026-3733,2026-04-29 20:15:37,CUST-7143,Delhi,DEBIT_CARD,0.0,10633.89,INR,COMPLETED
ORD-2026-3734,2026-04-29 20:30:29,CUST-3575,Hyderabad,NETBANKING,0.0,5966.17,INR,COMPLETED
ORD-2026-3735,2026-04-29 20:45:22,CUST-2194,Hyderabad,CREDIT_CARD,0.0,12512.41,INR,COMPLETED
ORD-2026-3736,2026-04-29 21:00:08,CUST-4008,Hyderabad,DEBIT_CARD,0.0,13533.24,INR,COMPLETED
ORD-2026-3737,2026-04-29 21:15:37,CUST-4060,Bengaluru,DEBIT_CARD,70.25,1386.65,INR,COMPLETED
ORD-2026-3738,2026-04-29 21:30:19,CUST-2560,Delhi,CREDIT_CARD,0.0,5299.93,INR,COMPLETED
ORD-2026-3739,2026-04-29 21:45:36,CUST-7910,Bengaluru,UPI,0.0,1077.59,INR,COMPLETED
ORD-2026-3740,2026-04-29 22:00:40,CUST-9863,Bengaluru,UPI,51.04,11582.43,INR,COMPLETED
ORD-2026-3741,2026-04-29 22:15:09,CUST-2911,Delhi,UPI,0.0,13352.78,INR,COMPLETED
ORD-2026-3742,2026-04-29 22:30:39,CUST-5613,Bengaluru,CREDIT_CARD,0.0,13949.02,INR,COMPLETED
ORD-2026-3743,2026-04-29 22:45:35,CUST-9897,Hyderabad,DEBIT_CARD,0.0,11954.34,INR,COMPLETED
ORD-2026-3744,2026-04-29 23:00:10,CUST-7938,Hyderabad,CREDIT_CARD,0.0,9104.58,INR,COMPLETED
ORD-2026-3745,2026-04-29 23:15:26,CUST-3935,Delhi,CREDIT_CARD,14.15,10230.03,INR,COMPLETED
ORD-2026-3746,2026-04-29 23:30:11,CUST-8568,Hyderabad,DEBIT_CARD,69.49,1627.2,INR,COMPLETED
ORD-2026-3747,2026-04-29 23:45:58,CUST-2488,Hyderabad,UPI,22.56,6951.31,INR,COMPLETED
ORD-2026-3748,2026-04-30 00:00:11,CUST-3756,Delhi,UPI,0.0,3241.15,INR,COMPLETED
ORD-2026-3749,2026-04-30 00:15:22,CUST-9592,Delhi,CREDIT_CARD,0.0,13650.11,INR,COMPLETED
ORD-2026-3750,2026-04-30 00:30:43,CUST-2547,Hyderabad,UPI,0.0,5807.61,INR,COMPLETED
ORD-2026-3751,2026-04-30 00:45:13,CUST-6444,Bengaluru,NETBANKING,0.0,8265.19,INR,COMPLETED
ORD-2026-3752,2026-04-30 01:00:47,CUST-8707,Delhi,DEBIT_CARD,0.0,7224.38,INR,COMPLETED
ORD-2026-3753,2026-04-30 01:15:35,CUST-1824,Hyderabad,NETBANKING,47.88,7993.08,INR,COMPLETED
ORD-2026-3754,2026-04-30 01:30:35,CUST-3532,Bengaluru,CREDIT_CARD,47.96,14696.8,INR,COMPLETED
ORD-2026-3755,2026-04-30 01:45:56,CUST-1875,Bengaluru,DEBIT_CARD,0.0,5009.38,INR,COMPLETED
ORD-2026-3756,2026-04-30 02:00:46,CUST-3662,Delhi,CREDIT_CARD,0.0,11432.89,INR,COMPLETED
ORD-2026-3757,2026-04-30 02:15:18,CUST-4746,Delhi,CREDIT_CARD,0.0,8281.49,INR,COMPLETED
ORD-2026-3758,2026-04-30 02:30:16,CUST-5566,Hyderabad,UPI,65.48,1785.87,INR,COMPLETED
ORD-2026-3759,2026-04-30 02:45:55,CUST-2797,Delhi,CREDIT_CARD,0.0,8111.06,INR,COMPLETED
ORD-2026-3760,2026-04-30 03:00:00,CUST-1213,Delhi,CREDIT_CARD,0.0,10260.33,INR,COMPLETED
ORD-2026-3761,2026-04-30 03:15:17,CUST-3445,Delhi,UPI,13.06,14088.02,INR,COMPLETED
ORD-2026-3762,2026-04-30 03:30:22,CUST-3083,Bengaluru,NETBANKING,24.37,12832.05,INR,COMPLETED
ORD-2026-3763,2026-04-30 03:45:57,CUST-3140,Bengaluru,CREDIT_CARD,0.0,11764.27,INR,COMPLETED
ORD-2026-3764,2026-04-30 04:00:26,CUST-4228,Delhi,UPI,0.0,4175.25,INR,COMPLETED
ORD-2026-3765,2026-04-30 04:15:22,CUST-4781,Hyderabad,UPI,0.0,10871.09,INR,COMPLETED
ORD-2026-3766,2026-04-30 04:30:57,CUST-9802,Delhi,NETBANKING,0.0,8976.15,INR,COMPLETED
ORD-2026-3767,2026-04-30 04:45:41,CUST-2468,Hyderabad,UPI,0.0,2847.54,INR,COMPLETED
ORD-2026-3768,2026-04-30 05:00:30,CUST-1669,Delhi,UPI,0.0,4828.8,INR,COMPLETED
ORD-2026-3769,2026-04-30 05:15:50,CUST-5062,Bengaluru,CREDIT_CARD,0.0,922.99,INR,COMPLETED
ORD-2026-3770,2026-04-30 05:30:39,CUST-3657,Delhi,UPI,0.0,6112.94,INR,COMPLETED
ORD-2026-3771,2026-04-30 05:45:26,CUST-9209,Delhi,CREDIT_CARD,0.0,7559.29,INR,COMPLETED
ORD-2026-3772,2026-04-30 06:00:53,CUST-7443,Hyderabad,DEBIT_CARD,87.7,14560.83,INR,COMPLETED
ORD-2026-3773,2026-04-30 06:15:14,CUST-3506,Delhi,NETBANKING,0.0,10656.18,INR,COMPLETED
ORD-2026-3774,2026-04-30 06:30:23,CUST-5967,Bengaluru,NETBANKING,0.0,5744.22,INR,COMPLETED
ORD-2026-3775,2026-04-30 06:45:41,CUST-8069,Hyderabad,DEBIT_CARD,68.49,1024.58,INR,COMPLETED
ORD-2026-3776,2026-04-30 07:00:14,CUST-6632,Delhi,CREDIT_CARD,0.0,8729.52,INR,COMPLETED
ORD-2026-3777,2026-04-30 07:15:10,CUST-3121,Delhi,NETBANKING,0.0,7077.42,INR,COMPLETED
ORD-2026-3778,2026-04-30 07:30:05,CUST-3406,Hyderabad,UPI,0.0,4785.01,INR,COMPLETED
ORD-2026-3779,2026-04-30 07:45:21,CUST-6252,Hyderabad,CREDIT_CARD,0.0,14142.16,INR,COMPLETED
ORD-2026-3780,2026-04-30 08:00:34,CUST-2607,Bengaluru,UPI,0.0,11156.81,INR,COMPLETED
ORD-2026-3781,2026-04-30 08:15:15,CUST-2386,Bengaluru,CREDIT_CARD,0.0,11003.15,INR,COMPLETED
ORD-2026-3782,2026-04-30 08:30:16,CUST-6551,Delhi,NETBANKING,72.02,3698.75,INR,COMPLETED
ORD-2026-3783,2026-04-30 08:45:11,CUST-1943,Hyderabad,NETBANKING,0.0,13389.97,INR,COMPLETED
ORD-2026-3784,2026-04-30 09:00:12,CUST-1569,Bengaluru,CREDIT_CARD,0.0,14265.78,INR,COMPLETED
ORD-2026-3785,2026-04-30 09:15:33,CUST-1458,Hyderabad,DEBIT_CARD,26.71,7742.87,INR,COMPLETED
ORD-2026-3786,2026-04-30 09:30:58,CUST-5400,Hyderabad,NETBANKING,0.0,10502.52,INR,COMPLETED
ORD-2026-3787,2026-04-30 09:45:37,CUST-5395,Bengaluru,NETBANKING,0.0,10825.54,INR,COMPLETED
ORD-2026-3788,2026-04-30 10:00:23,CUST-8153,Hyderabad,DEBIT_CARD,0.0,14522.29,INR,COMPLETED
ORD-2026-3789,2026-04-30 10:15:24,CUST-9237,Hyderabad,NETBANKING,6.36,14002.3,INR,COMPLETED
ORD-2026-3790,2026-04-30 10:30:05,CUST-5678,Hyderabad,DEBIT_CARD,0.0,3067.71,INR,COMPLETED
ORD-2026-3791,2026-04-30 10:45:36,CUST-6019,Bengaluru,UPI,0.0,5314.59,INR,COMPLETED
ORD-2026-3792,2026-04-30 11:00:38,CUST-7081,Bengaluru,CREDIT_CARD,0.0,2567.63,INR,COMPLETED
ORD-2026-3793,2026-04-30 11:15:11,CUST-4924,Delhi,NETBANKING,0.0,2136.2,INR,COMPLETED
ORD-2026-3794,2026-04-30 11:30:23,CUST-2944,Hyderabad,CREDIT_CARD,0.0,11765.33,INR,COMPLETED
ORD-2026-3795,2026-04-30 11:45:42,CUST-9920,Bengaluru,DEBIT_CARD,0.0,14328.03,INR,COMPLETED
ORD-2026-3796,2026-04-30 12:00:52,CUST-6189,Hyderabad,CREDIT_CARD,0.0,2186.99,INR,COMPLETED
ORD-2026-3797,2026-04-30 12:15:28,CUST-4604,Bengaluru,UPI,0.0,8715.28,INR,COMPLETED
ORD-2026-3798,2026-04-30 12:30:58,CUST-1296,Delhi,UPI,0.0,10369.71,INR,COMPLETED
ORD-2026-3799,2026-04-30 12:45:31,CUST-6837,Delhi,UPI,0.0,14132.13,INR,COMPLETED
ORD-2026-3800,2026-04-30 13:00:23,CUST-8317,Delhi,UPI,55.7,11083.4,INR,COMPLETED
ORD-2026-3801,2026-04-30 13:15:23,CUST-5577,Bengaluru,CREDIT_CARD,43.29,12326.86,INR,COMPLETED
ORD-2026-3802,2026-04-30 13:30:16,CUST-9160,Delhi,NETBANKING,0.0,4372.36,INR,COMPLETED
ORD-2026-3803,2026-04-30 13:45:59,CUST-1414,Bengaluru,CREDIT_CARD,0.0,12330.08,INR,COMPLETED
ORD-2026-3804,2026-04-30 14:00:52,CUST-8286,Hyderabad,DEBIT_CARD,0.0,2640.02,INR,COMPLETED
ORD-2026-3805,2026-04-30 14:15:25,CUST-7663,Delhi,NETBANKING,0.0,10388.54,INR,COMPLETED
ORD-2026-3806,2026-04-30 14:30:17,CUST-1764,Bengaluru,UPI,0.0,13709.89,INR,COMPLETED
ORD-2026-3807,2026-04-30 14:45:59,CUST-1402,Hyderabad,CREDIT_CARD,0.0,8286.64,INR,COMPLETED
ORD-2026-3808,2026-04-30 15:00:02,CUST-3490,Hyderabad,UPI,17.82,867.1,INR,COMPLETED
ORD-2026-3809,2026-04-30 15:15:19,CUST-8587,Bengaluru,UPI,19.49,3201.47,INR,COMPLETED
ORD-2026-3810,2026-04-30 15:30:38,CUST-3022,Delhi,UPI,0.0,4866.3,INR,COMPLETED
ORD-2026-3811,2026-04-30 15:45:31,CUST-1574,Delhi,UPI,0.0,14905.09,INR,COMPLETED
ORD-2026-3812,2026-04-30 16:00:45,CUST-7402,Delhi,DEBIT_CARD,2.68,2735.53,INR,COMPLETED
ORD-2026-3813,2026-04-30 16:15:46,CUST-8940,Delhi,CREDIT_CARD,0.0,9651.93,INR,COMPLETED
ORD-2026-3814,2026-04-30 16:30:22,CUST-4493,Delhi,DEBIT_CARD,0.0,12495.08,INR,COMPLETED
ORD-2026-3815,2026-04-30 16:45:14,CUST-4114,Bengaluru,NETBANKING,0.0,10640.0,INR,COMPLETED
ORD-2026-3816,2026-04-30 17:00:18,CUST-8760,Bengaluru,UPI,0.0,5772.06,INR,COMPLETED
ORD-2026-3817,2026-04-30 17:15:14,CUST-7934,Hyderabad,CREDIT_CARD,0.0,2373.44,INR,COMPLETED
ORD-2026-3818,2026-04-30 17:30:30,CUST-1802,Bengaluru,UPI,4.56,6257.89,INR,COMPLETED
ORD-2026-3819,2026-04-30 17:45:38,CUST-2979,Bengaluru,NETBANKING,82.98,7718.6,INR,COMPLETED
ORD-2026-3820,2026-04-30 18:00:02,CUST-9050,Delhi,NETBANKING,0.0,1930.72,INR,COMPLETED
ORD-2026-3821,2026-04-30 18:15:54,CUST-4641,Bengaluru,DEBIT_CARD,0.0,14306.18,INR,COMPLETED
ORD-2026-3822,2026-04-30 18:30:05,CUST-9077,Bengaluru,CREDIT_CARD,0.0,14473.03,INR,COMPLETED
ORD-2026-3823,2026-04-30 18:45:59,CUST-5294,Bengaluru,NETBANKING,77.94,10758.05,INR,COMPLETED
ORD-2026-3824,2026-04-30 19:00:28,CUST-3146,Delhi,CREDIT_CARD,0.0,11429.4,INR,COMPLETED
ORD-2026-3825,2026-04-30 19:15:10,CUST-9328,Delhi,CREDIT_CARD,0.0,13834.82,INR,COMPLETED
ORD-2026-3826,2026-04-30 19:30:09,CUST-3527,Bengaluru,DEBIT_CARD,99.08,5518.54,INR,COMPLETED
ORD-2026-3827,2026-04-30 19:45:46,CUST-7635,Delhi,CREDIT_CARD,0.0,14396.14,INR,COMPLETED
ORD-2026-3828,2026-04-30 20:00:23,CUST-7383,Delhi,DEBIT_CARD,63.54,10013.3,INR,COMPLETED
ORD-2026-3829,2026-04-30 20:15:55,CUST-2092,Bengaluru,NETBANKING,0.0,12081.7,INR,COMPLETED
ORD-2026-3830,2026-04-30 20:30:43,CUST-5518,Delhi,DEBIT_CARD,0.63,11998.25,INR,COMPLETED
ORD-2026-3831,2026-04-30 20:45:54,CUST-5995,Delhi,DEBIT_CARD,0.0,8603.91,INR,COMPLETED
ORD-2026-3832,2026-04-30 21:00:56,CUST-4600,Hyderabad,CREDIT_CARD,0.0,10069.87,INR,COMPLETED
ORD-2026-3833,2026-04-30 21:15:32,CUST-7542,Delhi,UPI,0.0,11875.9,INR,COMPLETED
ORD-2026-3834,2026-04-30 21:30:42,CUST-2036,Hyderabad,NETBANKING,0.0,5797.94,INR,COMPLETED
ORD-2026-3835,2026-04-30 21:45:02,CUST-5119,Bengaluru,NETBANKING,0.0,5742.22,INR,COMPLETED
ORD-2026-3836,2026-04-30 22:00:23,CUST-5385,Delhi,UPI,0.0,1753.93,INR,COMPLETED
ORD-2026-3837,2026-04-30 22:15:27,CUST-2496,Bengaluru,DEBIT_CARD,0.0,4438.48,INR,COMPLETED
ORD-2026-3838,2026-04-30 22:30:20,CUST-9137,Hyderabad,CREDIT_CARD,6.02,7037.46,INR,COMPLETED
ORD-2026-3839,2026-04-30 22:45:51,CUST-5155,Delhi,UPI,0.0,2487.77,INR,COMPLETED
ORD-2026-3840,2026-04-30 23:00:04,CUST-9128,Delhi,UPI,0.0,9529.87,INR,COMPLETED
ORD-2026-3841,2026-04-30 23:15:09,CUST-4306,Bengaluru,UPI,0.0,4958.47,INR,COMPLETED
ORD-2026-3842,2026-04-30 23:30:57,CUST-7611,Hyderabad,NETBANKING,0.0,14226.21,INR,COMPLETED
ORD-2026-3843,2026-04-30 23:45:25,CUST-9572,Hyderabad,NETBANKING,0.0,1026.87,INR,COMPLETED
ORD-2026-3844,2026-05-01 00:00:31,CUST-4790,Delhi,NETBANKING,0.0,13451.35,INR,COMPLETED
ORD-2026-3845,2026-05-01 00:15:28,CUST-1463,Hyderabad,CREDIT_CARD,69.55,9954.5,INR,COMPLETED
ORD-2026-3846,2026-05-01 00:30:41,CUST-6773,Delhi,NETBANKING,93.6,8398.1,INR,COMPLETED
ORD-2026-3847,2026-05-01 00:45:07,CUST-7262,Hyderabad,DEBIT_CARD,0.0,9237.96,INR,COMPLETED
ORD-2026-3848,2026-05-01 01:00:14,CUST-1748,Delhi,DEBIT_CARD,0.0,2307.99,INR,COMPLETED
ORD-2026-3849,2026-05-01 01:15:49,CUST-7195,Hyderabad,DEBIT_CARD,56.3,5562.03,INR,COMPLETED
ORD-2026-3850,2026-05-01 01:30:00,CUST-1019,Delhi,DEBIT_CARD,0.0,10809.01,INR,COMPLETED
ORD-2026-3851,2026-05-01 01:45:25,CUST-9925,Bengaluru,NETBANKING,0.0,4939.47,INR,COMPLETED
ORD-2026-3852,2026-05-01 02:00:19,CUST-8375,Hyderabad,NETBANKING,8.9,8799.74,INR,COMPLETED
ORD-2026-3853,2026-05-01 02:15:56,CUST-1553,Hyderabad,CREDIT_CARD,3.3,5539.6,INR,COMPLETED
ORD-2026-3854,2026-05-01 02:30:20,CUST-8704,Delhi,CREDIT_CARD,0.0,10635.96,INR,COMPLETED
ORD-2026-3855,2026-05-01 02:45:17,CUST-4055,Hyderabad,NETBANKING,0.0,8693.17,INR,COMPLETED
ORD-2026-3856,2026-05-01 03:00:36,CUST-4649,Hyderabad,DEBIT_CARD,0.0,10591.21,INR,COMPLETED
ORD-2026-3857,2026-05-01 03:15:29,CUST-3936,Hyderabad,DEBIT_CARD,0.0,10925.73,INR,COMPLETED
ORD-2026-3858,2026-05-01 03:30:26,CUST-7988,Hyderabad,CREDIT_CARD,0.0,10279.11,INR,COMPLETED
ORD-2026-3859,2026-05-01 03:45:18,CUST-6495,Bengaluru,DEBIT_CARD,0.0,13784.39,INR,COMPLETED
ORD-2026-3860,2026-05-01 04:00:42,CUST-5891,Hyderabad,NETBANKING,0.0,6802.06,INR,COMPLETED
ORD-2026-3861,2026-05-01 04:15:45,CUST-2195,Hyderabad,CREDIT_CARD,0.0,4232.27,INR,COMPLETED
ORD-2026-3862,2026-05-01 04:30:15,CUST-5234,Hyderabad,CREDIT_CARD,0.0,12589.86,INR,COMPLETED
ORD-2026-3863,2026-05-01 04:45:56,CUST-7716,Hyderabad,CREDIT_CARD,0.0,4409.77,INR,COMPLETED
ORD-2026-3864,2026-05-01 05:00:14,CUST-6377,Bengaluru,CREDIT_CARD,0.0,1192.29,INR,COMPLETED
ORD-2026-3865,2026-05-01 05:15:46,CUST-9735,Bengaluru,NETBANKING,0.0,14060.1,INR,COMPLETED
ORD-2026-3866,2026-05-01 05:30:15,CUST-1130,Bengaluru,DEBIT_CARD,0.0,2786.55,INR,COMPLETED
ORD-2026-3867,2026-05-01 05:45:55,CUST-1710,Hyderabad,CREDIT_CARD,0.0,7441.69,INR,COMPLETED
ORD-2026-3868,2026-05-01 06:00:18,CUST-7763,Hyderabad,DEBIT_CARD,0.0,9639.31,INR,COMPLETED
ORD-2026-3869,2026-05-01 06:15:02,CUST-1703,Hyderabad,CREDIT_CARD,0.0,4044.29,INR,COMPLETED
ORD-2026-3870,2026-05-01 06:30:59,CUST-4660,Bengaluru,DEBIT_CARD,0.0,1429.28,INR,COMPLETED
ORD-2026-3871,2026-05-01 06:45:55,CUST-3234,Delhi,CREDIT_CARD,0.0,5658.69,INR,COMPLETED
ORD-2026-3872,2026-05-01 07:00:55,CUST-7416,Delhi,DEBIT_CARD,0.0,5665.47,INR,COMPLETED
ORD-2026-3873,2026-05-01 07:15:00,CUST-8049,Delhi,NETBANKING,60.95,8552.97,INR,COMPLETED
ORD-2026-3874,2026-05-01 07:30:23,CUST-4099,Hyderabad,DEBIT_CARD,0.0,8511.98,INR,COMPLETED
ORD-2026-3875,2026-05-01 07:45:14,CUST-4650,Bengaluru,NETBANKING,0.0,1727.31,INR,COMPLETED
ORD-2026-3876,2026-05-01 08:00:56,CUST-7674,Delhi,CREDIT_CARD,74.09,3161.72,INR,COMPLETED
ORD-2026-3877,2026-05-01 08:15:19,CUST-4000,Hyderabad,CREDIT_CARD,0.0,7134.03,INR,COMPLETED
ORD-2026-3878,2026-05-01 08:30:01,CUST-8385,Bengaluru,UPI,0.0,4868.24,INR,COMPLETED
ORD-2026-3879,2026-05-01 08:45:50,CUST-1459,Delhi,NETBANKING,0.0,12412.54,INR,COMPLETED
ORD-2026-3880,2026-05-01 09:00:45,CUST-5597,Hyderabad,DEBIT_CARD,0.0,13509.2,INR,COMPLETED
ORD-2026-3881,2026-05-01 09:15:05,CUST-8983,Hyderabad,CREDIT_CARD,6.44,9876.18,INR,COMPLETED
ORD-2026-3882,2026-05-01 09:30:19,CUST-6218,Delhi,CREDIT_CARD,0.0,3513.67,INR,COMPLETED
ORD-2026-3883,2026-05-01 09:45:10,CUST-5592,Hyderabad,DEBIT_CARD,0.0,2848.81,INR,COMPLETED
ORD-2026-3884,2026-05-01 10:00:48,CUST-3612,Delhi,NETBANKING,0.0,5383.22,INR,COMPLETED
ORD-2026-3885,2026-05-01 10:15:50,CUST-3233,Delhi,CREDIT_CARD,0.0,3889.71,INR,COMPLETED
ORD-2026-3886,2026-05-01 10:30:13,CUST-1163,Delhi,UPI,0.0,3463.96,INR,COMPLETED
ORD-2026-3887,2026-05-01 10:45:29,CUST-3012,Bengaluru,DEBIT_CARD,78.33,6894.11,INR,COMPLETED
ORD-2026-3888,2026-05-01 11:00:28,CUST-3326,Hyderabad,UPI,0.0,12910.59,INR,COMPLETED
ORD-2026-3889,2026-05-01 11:15:57,CUST-3843,Hyderabad,DEBIT_CARD,0.0,11351.7,INR,COMPLETED
ORD-2026-3890,2026-05-01 11:30:05,CUST-3835,Delhi,UPI,0.0,14152.65,INR,COMPLETED
ORD-2026-3891,2026-05-01 11:45:10,CUST-4551,Hyderabad,DEBIT_CARD,0.0,3907.32,INR,COMPLETED
ORD-2026-3892,2026-05-01 12:00:08,CUST-8511,Delhi,CREDIT_CARD,79.96,8332.66,INR,COMPLETED
ORD-2026-3893,2026-05-01 12:15:05,CUST-3671,Delhi,UPI,0.0,7086.17,INR,COMPLETED
ORD-2026-3894,2026-05-01 12:30:56,CUST-8198,Bengaluru,DEBIT_CARD,0.0,5912.85,INR,COMPLETED
ORD-2026-3895,2026-05-01 12:45:56,CUST-2664,Hyderabad,DEBIT_CARD,0.0,8423.74,INR,COMPLETED
ORD-2026-3896,2026-05-01 13:00:20,CUST-7781,Delhi,NETBANKING,0.0,12460.18,INR,COMPLETED
ORD-2026-3897,2026-05-01 13:15:03,CUST-9873,Delhi,CREDIT_CARD,0.0,6101.6,INR,COMPLETED
ORD-2026-3898,2026-05-01 13:30:30,CUST-6562,Bengaluru,CREDIT_CARD,6.41,9619.37,INR,COMPLETED
ORD-2026-3899,2026-05-01 13:45:02,CUST-6623,Hyderabad,DEBIT_CARD,0.0,12138.63,INR,COMPLETED
ORD-2026-3900,2026-05-01 14:00:16,CUST-3415,Delhi,DEBIT_CARD,0.0,13765.44,INR,COMPLETED
ORD-2026-3901,2026-05-01 14:15:36,CUST-2250,Delhi,CREDIT_CARD,0.0,11656.6,INR,COMPLETED
ORD-2026-3902,2026-05-01 14:30:03,CUST-8502,Bengaluru,UPI,0.0,2228.77,INR,COMPLETED
ORD-2026-3903,2026-05-01 14:45:35,CUST-1819,Bengaluru,DEBIT_CARD,97.6,6530.97,INR,COMPLETED
ORD-2026-3904,2026-05-01 15:00:54,CUST-8941,Hyderabad,NETBANKING,0.0,1217.51,INR,COMPLETED
ORD-2026-3905,2026-05-01 15:15:09,CUST-5125,Bengaluru,CREDIT_CARD,0.0,5611.57,INR,COMPLETED
ORD-2026-3906,2026-05-01 15:30:56,CUST-2792,Hyderabad,DEBIT_CARD,0.0,13512.3,INR,COMPLETED
ORD-2026-3907,2026-05-01 15:45:24,CUST-5092,Delhi,CREDIT_CARD,0.0,11352.36,INR,COMPLETED
ORD-2026-3908,2026-05-01 16:00:23,CUST-3451,Delhi,CREDIT_CARD,0.0,12928.75,INR,COMPLETED
ORD-2026-3909,2026-05-01 16:15:43,CUST-5270,Bengaluru,NETBANKING,38.25,5147.29,INR,COMPLETED
ORD-2026-3910,2026-05-01 16:30:47,CUST-9840,Delhi,CREDIT_CARD,0.0,521.86,INR,COMPLETED
ORD-2026-3911,2026-05-01 16:45:28,CUST-1303,Hyderabad,DEBIT_CARD,0.0,13219.53,INR,COMPLETED
ORD-2026-3912,2026-05-01 17:00:32,CUST-6416,Delhi,NETBANKING,0.0,9188.69,INR,COMPLETED
ORD-2026-3913,2026-05-01 17:15:55,CUST-7185,Bengaluru,CREDIT_CARD,0.0,5925.77,INR,COMPLETED
ORD-2026-3914,2026-05-01 17:30:50,CUST-9140,Hyderabad,DEBIT_CARD,0.0,10387.13,INR,COMPLETED
ORD-2026-3915,2026-05-01 17:45:27,CUST-4427,Delhi,NETBANKING,59.77,9702.58,INR,COMPLETED
ORD-2026-3916,2026-05-01 18:00:14,CUST-8411,Hyderabad,NETBANKING,0.0,4386.11,INR,COMPLETED
ORD-2026-3917,2026-05-01 18:15:58,CUST-3516,Delhi,CREDIT_CARD,0.0,5701.04,INR,COMPLETED
ORD-2026-3918,2026-05-01 18:30:05,CUST-3192,Delhi,DEBIT_CARD,0.0,2555.52,INR,COMPLETED
ORD-2026-3919,2026-05-01 18:45:37,CUST-2168,Hyderabad,CREDIT_CARD,95.51,4644.64,INR,COMPLETED
ORD-2026-3920,2026-05-01 19:00:13,CUST-6205,Hyderabad,NETBANKING,0.0,1109.6,INR,COMPLETED
ORD-2026-3921,2026-05-01 19:15:14,CUST-8590,Bengaluru,NETBANKING,0.0,6820.43,INR,COMPLETED
ORD-2026-3922,2026-05-01 19:30:11,CUST-5860,Bengaluru,NETBANKING,0.0,12486.69,INR,COMPLETED
ORD-2026-3923,2026-05-01 19:45:27,CUST-6492,Bengaluru,UPI,0.0,5966.26,INR,COMPLETED
ORD-2026-3924,2026-05-01 20:00:41,CUST-6564,Delhi,UPI,0.0,10197.94,INR,COMPLETED
ORD-2026-3925,2026-05-01 20:15:14,CUST-1662,Delhi,UPI,0.0,9993.17,INR,COMPLETED
ORD-2026-3926,2026-05-01 20:30:54,CUST-2371,Delhi,CREDIT_CARD,9.44,2776.99,INR,COMPLETED
ORD-2026-3927,2026-05-01 20:45:23,CUST-9378,Bengaluru,CREDIT_CARD,11.27,11363.16,INR,COMPLETED
ORD-2026-3928,2026-05-01 21:00:34,CUST-9183,Hyderabad,CREDIT_CARD,0.0,6548.77,INR,COMPLETED
ORD-2026-3929,2026-05-01 21:15:48,CUST-9697,Hyderabad,UPI,0.0,8951.31,INR,COMPLETED
ORD-2026-3930,2026-05-01 21:30:24,CUST-6006,Delhi,UPI,67.37,4984.91,INR,COMPLETED
ORD-2026-3931,2026-05-01 21:45:11,CUST-9232,Hyderabad,NETBANKING,0.0,8765.25,INR,COMPLETED
ORD-2026-3932,2026-05-01 22:00:15,CUST-9532,Hyderabad,NETBANKING,0.0,12562.67,INR,COMPLETED
ORD-2026-3933,2026-05-01 22:15:18,CUST-7542,Bengaluru,NETBANKING,0.0,14213.11,INR,COMPLETED
ORD-2026-3934,2026-05-01 22:30:38,CUST-3118,Delhi,UPI,0.0,6812.49,INR,COMPLETED
ORD-2026-3935,2026-05-01 22:45:39,CUST-8145,Delhi,UPI,0.0,2543.19,INR,COMPLETED
ORD-2026-3936,2026-05-01 23:00:19,CUST-1745,Hyderabad,CREDIT_CARD,0.0,10507.57,INR,COMPLETED
ORD-2026-3937,2026-05-01 23:15:18,CUST-9373,Bengaluru,CREDIT_CARD,0.0,11124.71,INR,COMPLETED
ORD-2026-3938,2026-05-01 23:30:05,CUST-8315,Delhi,UPI,40.63,7330.36,INR,COMPLETED
ORD-2026-3939,2026-05-01 23:45:44,CUST-3635,Bengaluru,DEBIT_CARD,0.0,8139.27,INR,COMPLETED
ORD-2026-3940,2026-05-02 00:00:03,CUST-8077,Hyderabad,UPI,0.0,3680.43,INR,COMPLETED
ORD-2026-3941,2026-05-02 00:15:00,CUST-6698,Delhi,CREDIT_CARD,0.0,1404.63,INR,COMPLETED
ORD-2026-3942,2026-05-02 00:30:34,CUST-2578,Delhi,DEBIT_CARD,0.0,6242.43,INR,COMPLETED
ORD-2026-3943,2026-05-02 00:45:17,CUST-9674,Delhi,DEBIT_CARD,0.0,4041.94,INR,COMPLETED
ORD-2026-3944,2026-05-02 01:00:44,CUST-7847,Bengaluru,DEBIT_CARD,0.0,2846.66,INR,COMPLETED
ORD-2026-3945,2026-05-02 01:15:03,CUST-9748,Bengaluru,UPI,0.0,7040.98,INR,COMPLETED
ORD-2026-3946,2026-05-02 01:30:48,CUST-4998,Delhi,NETBANKING,0.0,6824.14,INR,COMPLETED
ORD-2026-3947,2026-05-02 01:45:39,CUST-4339,Delhi,CREDIT_CARD,40.75,13447.87,INR,COMPLETED
ORD-2026-3948,2026-05-02 02:00:32,CUST-2868,Bengaluru,UPI,91.31,5375.23,INR,COMPLETED
ORD-2026-3949,2026-05-02 02:15:11,CUST-2716,Delhi,NETBANKING,0.0,6265.92,INR,COMPLETED
ORD-2026-3950,2026-05-02 02:30:00,CUST-4110,Delhi,UPI,0.0,14610.64,INR,COMPLETED
ORD-2026-3951,2026-05-02 02:45:57,CUST-3496,Delhi,CREDIT_CARD,0.0,3771.33,INR,COMPLETED
ORD-2026-3952,2026-05-02 03:00:57,CUST-2037,Bengaluru,CREDIT_CARD,0.0,3209.11,INR,COMPLETED
ORD-2026-3953,2026-05-02 03:15:25,CUST-8901,Hyderabad,UPI,0.0,14313.68,INR,COMPLETED
ORD-2026-3954,2026-05-02 03:30:27,CUST-7065,Bengaluru,UPI,0.0,11455.01,INR,COMPLETED
ORD-2026-3955,2026-05-02 03:45:54,CUST-5364,Delhi,UPI,0.0,9985.74,INR,COMPLETED
ORD-2026-3956,2026-05-02 04:00:38,CUST-7713,Delhi,CREDIT_CARD,0.0,6946.62,INR,COMPLETED
ORD-2026-3957,2026-05-02 04:15:22,CUST-7864,Bengaluru,UPI,64.33,14564.09,INR,COMPLETED
ORD-2026-3958,2026-05-02 04:30:42,CUST-1272,Bengaluru,DEBIT_CARD,15.07,7713.44,INR,COMPLETED
ORD-2026-3959,2026-05-02 04:45:23,CUST-7541,Bengaluru,NETBANKING,0.0,10591.0,INR,COMPLETED
ORD-2026-3960,2026-05-02 05:00:53,CUST-6303,Hyderabad,DEBIT_CARD,0.0,1865.91,INR,COMPLETED
ORD-2026-3961,2026-05-02 05:15:20,CUST-5470,Bengaluru,CREDIT_CARD,0.0,3740.98,INR,COMPLETED
ORD-2026-3962,2026-05-02 05:30:48,CUST-5880,Delhi,UPI,0.0,6942.9,INR,COMPLETED
ORD-2026-3963,2026-05-02 05:45:28,CUST-8785,Delhi,UPI,0.0,4387.7,INR,COMPLETED
ORD-2026-3964,2026-05-02 06:00:37,CUST-5989,Delhi,NETBANKING,0.0,14832.71,INR,COMPLETED
ORD-2026-3965,2026-05-02 06:15:31,CUST-1063,Bengaluru,NETBANKING,0.0,813.11,INR,COMPLETED
ORD-2026-3966,2026-05-02 06:30:43,CUST-6766,Bengaluru,DEBIT_CARD,0.0,7721.44,INR,COMPLETED
ORD-2026-3967,2026-05-02 06:45:17,CUST-9340,Delhi,DEBIT_CARD,80.2,1591.39,INR,COMPLETED
ORD-2026-3968,2026-05-02 07:00:26,CUST-5734,Hyderabad,UPI,0.0,7199.63,INR,COMPLETED
ORD-2026-3969,2026-05-02 07:15:25,CUST-9788,Bengaluru,DEBIT_CARD,0.0,11129.6,INR,COMPLETED
ORD-2026-3970,2026-05-02 07:30:34,CUST-5751,Hyderabad,DEBIT_CARD,0.0,905.34,INR,COMPLETED
ORD-2026-3971,2026-05-02 07:45:40,CUST-7463,Delhi,CREDIT_CARD,0.0,7964.16,INR,COMPLETED
ORD-2026-3972,2026-05-02 08:00:53,CUST-1514,Delhi,UPI,0.0,13370.63,INR,COMPLETED
ORD-2026-3973,2026-05-02 08:15:25,CUST-2002,Delhi,UPI,17.91,6303.11,INR,COMPLETED
ORD-2026-3974,2026-05-02 08:30:33,CUST-4628,Delhi,DEBIT_CARD,0.0,2013.43,INR,COMPLETED
ORD-2026-3975,2026-05-02 08:45:51,CUST-8904,Hyderabad,CREDIT_CARD,0.0,1096.66,INR,COMPLETED
ORD-2026-3976,2026-05-02 09:00:38,CUST-5291,Bengaluru,CREDIT_CARD,55.33,11184.95,INR,COMPLETED
ORD-2026-3977,2026-05-02 09:15:09,CUST-8324,Hyderabad,CREDIT_CARD,4.72,13919.09,INR,COMPLETED
ORD-2026-3978,2026-05-02 09:30:43,CUST-7395,Bengaluru,UPI,0.0,5501.24,INR,COMPLETED
ORD-2026-3979,2026-05-02 09:45:13,CUST-6856,Hyderabad,DEBIT_CARD,0.0,750.67,INR,COMPLETED
ORD-2026-3980,2026-05-02 10:00:12,CUST-9869,Bengaluru,DEBIT_CARD,99.05,12469.29,INR,COMPLETED
ORD-2026-3981,2026-05-02 10:15:36,CUST-8861,Bengaluru,NETBANKING,65.36,1250.9,INR,COMPLETED
ORD-2026-3982,2026-05-02 10:30:10,CUST-1572,Delhi,NETBANKING,0.0,6509.46,INR,COMPLETED
ORD-2026-3983,2026-05-02 10:45:23,CUST-3013,Delhi,CREDIT_CARD,0.0,13384.06,INR,COMPLETED
ORD-2026-3984,2026-05-02 11:00:08,CUST-1708,Hyderabad,DEBIT_CARD,0.0,9221.07,INR,COMPLETED
ORD-2026-3985,2026-05-02 11:15:35,CUST-7567,Hyderabad,DEBIT_CARD,0.0,13584.61,INR,COMPLETED
ORD-2026-3986,2026-05-02 11:30:09,CUST-3065,Delhi,NETBANKING,0.0,11917.26,INR,COMPLETED
ORD-2026-3987,2026-05-02 11:45:55,CUST-6167,Hyderabad,NETBANKING,0.0,7426.46,INR,COMPLETED
ORD-2026-3988,2026-05-02 12:00:38,CUST-4865,Delhi,CREDIT_CARD,64.75,614.76,INR,COMPLETED
ORD-2026-3989,2026-05-02 12:15:50,CUST-9174,Hyderabad,NETBANKING,0.0,926.29,INR,COMPLETED
ORD-2026-3990,2026-05-02 12:30:18,CUST-6335,Hyderabad,DEBIT_CARD,0.0,10428.65,INR,COMPLETED
ORD-2026-3991,2026-05-02 12:45:20,CUST-4797,Bengaluru,NETBANKING,0.0,2975.48,INR,COMPLETED
ORD-2026-3992,2026-05-02 13:00:53,CUST-3247,Hyderabad,NETBANKING,0.0,1686.62,INR,COMPLETED
ORD-2026-3993,2026-05-02 13:15:10,CUST-1923,Delhi,CREDIT_CARD,0.0,10671.99,INR,COMPLETED
ORD-2026-3994,2026-05-02 13:30:11,CUST-2113,Bengaluru,CREDIT_CARD,0.0,14224.32,INR,COMPLETED
ORD-2026-3995,2026-05-02 13:45:29,CUST-7973,Hyderabad,CREDIT_CARD,0.0,7672.48,INR,COMPLETED
ORD-2026-3996,2026-05-02 14:00:22,CUST-6263,Bengaluru,CREDIT_CARD,0.0,8557.43,INR,COMPLETED
ORD-2026-3997,2026-05-02 14:15:43,CUST-3292,Bengaluru,DEBIT_CARD,10.14,12704.62,INR,COMPLETED
ORD-2026-3998,2026-05-02 14:30:23,CUST-8350,Delhi,DEBIT_CARD,0.0,9416.74,INR,COMPLETED
ORD-2026-3999,2026-05-02 14:45:23,CUST-2519,Hyderabad,UPI,0.0,4973.45,INR,COMPLETED
ORD-2026-4000,2026-05-02 15:00:14,CUST-4519,Hyderabad,DEBIT_CARD,0.0,11587.94,INR,COMPLETED
ORD-2026-4001,2026-04-13 19:05:00,CUST-5846,Delhi,DEBIT_CARD,0.0,17729.21,INR,COMPLETED
ORD-2026-4002,2026-04-13 19:10:00,CUST-8527,Delhi,DEBIT_CARD,0.0,12450.46,INR,COMPLETED
ORD-2026-4003,2026-04-13 19:15:00,CUST-4790,Hyderabad,CREDIT_CARD,0.0,2659.65,INR,COMPLETED
ORD-2026-4004,2026-04-13 19:20:00,CUST-4567,Hyderabad,CREDIT_CARD,0.0,4246.61,INR,COMPLETED
ORD-2026-4005,2026-04-13 19:25:00,CUST-4926,Bengaluru,CREDIT_CARD,0.0,14390.86,INR,COMPLETED
ORD-2026-4006,2026-04-13 19:30:00,CUST-9290,Bengaluru,CREDIT_CARD,0.0,11233.64,INR,COMPLETED
ORD-2026-4007,2026-04-13 19:35:00,CUST-3852,Hyderabad,CREDIT_CARD,0.0,8347.27,INR,COMPLETED
ORD-2026-4008,2026-04-13 19:40:00,CUST-8123,Delhi,CREDIT_CARD,0.0,7134.34,INR,COMPLETED
ORD-2026-4009,2026-04-13 19:45:00,CUST-3002,Hyderabad,CREDIT_CARD,0.0,7642.3,INR,COMPLETED
ORD-2026-4010,2026-04-13 19:50:00,CUST-4484,Hyderabad,DEBIT_CARD,0.0,16971.18,INR,COMPLETED
ORD-2026-4011,2026-04-13 19:55:00,CUST-2759,Hyderabad,CREDIT_CARD,0.0,3827.49,INR,COMPLETED
ORD-2026-4012,2026-04-13 20:00:00,CUST-5574,Hyderabad,DEBIT_CARD,0.0,5383.85,INR,COMPLETED
ORD-2026-4013,2026-04-13 20:05:00,CUST-7207,Delhi,DEBIT_CARD,0.0,9968.48,INR,COMPLETED
ORD-2026-4014,2026-04-13 20:10:00,CUST-4677,Delhi,CREDIT_CARD,0.0,19764.86,INR,COMPLETED
ORD-2026-4015,2026-04-13 20:15:00,CUST-8045,Hyderabad,DEBIT_CARD,0.0,17995.86,INR,COMPLETED
ORD-2026-4016,2026-04-13 20:20:00,CUST-2837,Delhi,CREDIT_CARD,0.0,14410.89,INR,COMPLETED
ORD-2026-4017,2026-04-13 20:25:00,CUST-9704,Delhi,CREDIT_CARD,0.0,12393.91,INR,COMPLETED
ORD-2026-4018,2026-04-13 20:30:00,CUST-9852,Bengaluru,CREDIT_CARD,0.0,14676.89,INR,COMPLETED
ORD-2026-4019,2026-04-13 20:35:00,CUST-3788,Bengaluru,DEBIT_CARD,0.0,18282.84,INR,COMPLETED
ORD-2026-4020,2026-04-13 20:40:00,CUST-9431,Bengaluru,DEBIT_CARD,0.0,15250.21,INR,COMPLETED
ORD-2026-4021,2026-04-13 20:45:00,CUST-8176,Delhi,DEBIT_CARD,0.0,12491.1,INR,COMPLETED
ORD-2026-4022,2026-04-13 20:50:00,CUST-6710,Bengaluru,DEBIT_CARD,0.0,7914.68,INR,COMPLETED
ORD-2026-4023,2026-04-13 20:55:00,CUST-1841,Delhi,CREDIT_CARD,0.0,17166.57,INR,COMPLETED
ORD-2026-4024,2026-04-13 21:00:00,CUST-8581,Bengaluru,DEBIT_CARD,0.0,15413.46,INR,COMPLETED
ORD-2026-4025,2026-04-13 21:05:00,CUST-9854,Delhi,CREDIT_CARD,0.0,7386.32,INR,COMPLETED
ORD-2026-4026,2026-04-13 21:10:00,CUST-6376,Bengaluru,DEBIT_CARD,0.0,2259.0,INR,COMPLETED
ORD-2026-4027,2026-04-13 21:15:00,CUST-5356,Delhi,DEBIT_CARD,0.0,16595.93,INR,COMPLETED
ORD-2026-4028,2026-04-13 21:20:00,CUST-7409,Bengaluru,CREDIT_CARD,0.0,11415.3,INR,COMPLETED
ORD-2026-4029,2026-04-13 21:25:00,CUST-1486,Delhi,CREDIT_CARD,0.0,15070.15,INR,COMPLETED
ORD-2026-4030,2026-04-13 21:30:00,CUST-2869,Delhi,DEBIT_CARD,0.0,17280.58,INR,COMPLETED
ORD-2026-4031,2026-04-13 21:35:00,CUST-2307,Hyderabad,DEBIT_CARD,0.0,17017.26,INR,COMPLETED
ORD-2026-4032,2026-04-13 21:40:00,CUST-1371,Bengaluru,CREDIT_CARD,0.0,17975.14,INR,COMPLETED
ORD-2026-4033,2026-04-13 21:45:00,CUST-1769,Hyderabad,CREDIT_CARD,0.0,10015.31,INR,COMPLETED
ORD-2026-4034,2026-04-13 21:50:00,CUST-4403,Delhi,DEBIT_CARD,0.0,18643.01,INR,COMPLETED
ORD-2026-4035,2026-04-13 21:55:00,CUST-9822,Delhi,DEBIT_CARD,0.0,15401.24,INR,COMPLETED
ORD-2026-4036,2026-04-13 22:00:00,CUST-6216,Delhi,CREDIT_CARD,0.0,15838.44,INR,COMPLETED
ORD-2026-4037,2026-04-13 22:05:00,CUST-2991,Delhi,DEBIT_CARD,0.0,2359.55,INR,COMPLETED
ORD-2026-4038,2026-04-13 22:10:00,CUST-9726,Delhi,CREDIT_CARD,0.0,2187.83,INR,COMPLETED
ORD-2026-4039,2026-04-13 22:15:00,CUST-6163,Hyderabad,CREDIT_CARD,0.0,13633.73,INR,COMPLETED
ORD-2026-4040,2026-04-13 22:20:00,CUST-1967,Bengaluru,DEBIT_CARD,0.0,2760.73,INR,COMPLETED
ORD-2026-4041,2026-04-13 22:25:00,CUST-3015,Delhi,CREDIT_CARD,0.0,17400.53,INR,COMPLETED
ORD-2026-4042,2026-04-13 22:30:00,CUST-5904,Delhi,CREDIT_CARD,0.0,17827.75,INR,COMPLETED
ORD-2026-4043,2026-04-13 22:35:00,CUST-6623,Bengaluru,DEBIT_CARD,0.0,3254.22,INR,COMPLETED
ORD-2026-4044,2026-04-13 22:40:00,CUST-3291,Hyderabad,DEBIT_CARD,0.0,15635.47,INR,COMPLETED
ORD-2026-4045,2026-04-13 22:45:00,CUST-7569,Bengaluru,DEBIT_CARD,0.0,11173.83,INR,COMPLETED
ORD-2026-4046,2026-04-13 22:50:00,CUST-1988,Bengaluru,DEBIT_CARD,0.0,6355.9,INR,COMPLETED
ORD-2026-4047,2026-04-13 22:55:00,CUST-8048,Delhi,DEBIT_CARD,0.0,11801.95,INR,COMPLETED
ORD-2026-4048,2026-04-13 23:00:00,CUST-5035,Delhi,DEBIT_CARD,0.0,10106.53,INR,COMPLETED
ORD-2026-4049,2026-04-13 23:05:00,CUST-8984,Bengaluru,DEBIT_CARD,0.0,6309.36,INR,COMPLETED
ORD-2026-4050,2026-04-13 23:10:00,CUST-2895,Delhi,DEBIT_CARD,0.0,16217.37,INR,COMPLETED
ORD-2026-4051,2026-04-13 23:15:00,CUST-1697,Bengaluru,CREDIT_CARD,0.0,9071.97,INR,COMPLETED
ORD-2026-4052,2026-04-13 23:20:00,CUST-3977,Hyderabad,CREDIT_CARD,0.0,10487.66,INR,COMPLETED
ORD-2026-4053,2026-04-13 23:25:00,CUST-7196,Hyderabad,DEBIT_CARD,0.0,19941.83,INR,COMPLETED
ORD-2026-4054,2026-04-13 23:30:00,CUST-9539,Delhi,CREDIT_CARD,0.0,7309.73,INR,COMPLETED
ORD-2026-4055,2026-04-13 23:35:00,CUST-7753,Delhi,DEBIT_CARD,0.0,6615.65,INR,COMPLETED
ORD-2026-4056,2026-04-13 23:40:00,CUST-6297,Bengaluru,DEBIT_CARD,0.0,19260.19,INR,COMPLETED
ORD-2026-4057,2026-04-13 23:45:00,CUST-5351,Delhi,DEBIT_CARD,0.0,9372.71,INR,COMPLETED
ORD-2026-4058,2026-04-13 23:50:00,CUST-9959,Delhi,CREDIT_CARD,0.0,5400.37,INR,COMPLETED
ORD-2026-4059,2026-04-13 23:55:00,CUST-3338,Hyderabad,CREDIT_CARD,0.0,2148.91,INR,COMPLETED
ORD-2026-4060,2026-04-14 00:00:00,CUST-9341,Delhi,DEBIT_CARD,0.0,4417.78,INR,COMPLETED
ORD-2026-4061,2026-04-14 00:05:00,CUST-8426,Delhi,DEBIT_CARD,0.0,14175.78,INR,COMPLETED
ORD-2026-4062,2026-04-14 00:10:00,CUST-1354,Bengaluru,DEBIT_CARD,0.0,16296.44,INR,COMPLETED
ORD-2026-4063,2026-04-14 00:15:00,CUST-7588,Hyderabad,CREDIT_CARD,0.0,9531.0,INR,COMPLETED
ORD-2026-4064,2026-04-14 00:20:00,CUST-9791,Hyderabad,CREDIT_CARD,0.0,5116.4,INR,COMPLETED
ORD-2026-4065,2026-04-14 00:25:00,CUST-6744,Delhi,DEBIT_CARD,0.0,17681.04,INR,COMPLETED
ORD-2026-4066,2026-04-14 00:30:00,CUST-8433,Delhi,DEBIT_CARD,0.0,11677.48,INR,COMPLETED
ORD-2026-4067,2026-04-14 00:35:00,CUST-4220,Delhi,DEBIT_CARD,0.0,6785.88,INR,COMPLETED
ORD-2026-4068,2026-04-14 00:40:00,CUST-7287,Hyderabad,CREDIT_CARD,0.0,16199.05,INR,COMPLETED
ORD-2026-4069,2026-04-14 00:45:00,CUST-9255,Bengaluru,DEBIT_CARD,0.0,19048.0,INR,COMPLETED
ORD-2026-4070,2026-04-14 00:50:00,CUST-8698,Hyderabad,DEBIT_CARD,0.0,5699.84,INR,COMPLETED
ORD-2026-4071,2026-04-14 00:55:00,CUST-4513,Hyderabad,CREDIT_CARD,0.0,15181.37,INR,COMPLETED
ORD-2026-4072,2026-04-14 01:00:00,CUST-5113,Delhi,DEBIT_CARD,0.0,10091.13,INR,COMPLETED
ORD-2026-4073,2026-04-14 01:05:00,CUST-2846,Hyderabad,CREDIT_CARD,0.0,12890.77,INR,COMPLETED
ORD-2026-4074,2026-04-14 01:10:00,CUST-4052,Bengaluru,DEBIT_CARD,0.0,19447.84,INR,COMPLETED
ORD-2026-4075,2026-04-14 01:15:00,CUST-3733,Delhi,CREDIT_CARD,0.0,8276.25,INR,COMPLETED
ORD-2026-4076,2026-04-14 01:20:00,CUST-4811,Delhi,CREDIT_CARD,0.0,17522.42,INR,COMPLETED
ORD-2026-4077,2026-04-14 01:25:00,CUST-3194,Delhi,DEBIT_CARD,0.0,10103.78,INR,COMPLETED
ORD-2026-4078,2026-04-14 01:30:00,CUST-1927,Bengaluru,DEBIT_CARD,0.0,3193.13,INR,COMPLETED
ORD-2026-4079,2026-04-14 01:35:00,CUST-4524,Delhi,DEBIT_CARD,0.0,3794.69,INR,COMPLETED
ORD-2026-4080,2026-04-14 01:40:00,CUST-2233,Delhi,CREDIT_CARD,0.0,17123.4,INR,COMPLETED
ORD-2026-4081,2026-04-14 01:45:00,CUST-3366,Delhi,DEBIT_CARD,0.0,3778.23,INR,COMPLETED
ORD-2026-4082,2026-04-14 01:50:00,CUST-8776,Delhi,DEBIT_CARD,0.0,2506.9,INR,COMPLETED
ORD-2026-4083,2026-04-14 01:55:00,CUST-3907,Hyderabad,DEBIT_CARD,0.0,5684.35,INR,COMPLETED
ORD-2026-4084,2026-04-14 02:00:00,CUST-4039,Hyderabad,DEBIT_CARD,0.0,16282.12,INR,COMPLETED
ORD-2026-4085,2026-04-14 02:05:00,CUST-2633,Delhi,CREDIT_CARD,0.0,5103.04,INR,COMPLETED
ORD-2026-4086,2026-04-14 02:10:00,CUST-9615,Hyderabad,CREDIT_CARD,0.0,7498.62,INR,COMPLETED
ORD-2026-4087,2026-04-14 02:15:00,CUST-8780,Delhi,DEBIT_CARD,0.0,5872.02,INR,COMPLETED
ORD-2026-4088,2026-04-14 02:20:00,CUST-3782,Delhi,DEBIT_CARD,0.0,10075.71,INR,COMPLETED
ORD-2026-4089,2026-04-14 02:25:00,CUST-6492,Delhi,CREDIT_CARD,0.0,2572.36,INR,COMPLETED
ORD-2026-4090,2026-04-14 02:30:00,CUST-2148,Bengaluru,DEBIT_CARD,0.0,14985.95,INR,COMPLETED
ORD-2026-4091,2026-04-14 02:35:00,CUST-1510,Delhi,DEBIT_CARD,0.0,19251.85,INR,COMPLETED
ORD-2026-4092,2026-04-14 02:40:00,CUST-1491,Delhi,DEBIT_CARD,0.0,12888.47,INR,COMPLETED
ORD-2026-4093,2026-04-14 02:45:00,CUST-1201,Delhi,CREDIT_CARD,0.0,4458.11,INR,COMPLETED
ORD-2026-4094,2026-04-14 02:50:00,CUST-1567,Bengaluru,DEBIT_CARD,0.0,3610.55,INR,COMPLETED
ORD-2026-4095,2026-04-14 02:55:00,CUST-4345,Bengaluru,CREDIT_CARD,0.0,3683.44,INR,COMPLETED
ORD-2026-4096,2026-04-14 03:00:00,CUST-8743,Delhi,CREDIT_CARD,0.0,15378.4,INR,COMPLETED
ORD-2026-4097,2026-04-14 03:05:00,CUST-1408,Hyderabad,CREDIT_CARD,0.0,5341.48,INR,COMPLETED
ORD-2026-4098,2026-04-14 03:10:00,CUST-2832,Hyderabad,DEBIT_CARD,0.0,15382.67,INR,COMPLETED
ORD-2026-4099,2026-04-14 03:15:00,CUST-2120,Hyderabad,CREDIT_CARD,0.0,11848.84,INR,COMPLETED
ORD-2026-4100,2026-04-14 03:20:00,CUST-7669,Delhi,DEBIT_CARD,0.0,7515.08,INR,COMPLETED
ORD-2026-4101,2026-04-14 03:25:00,CUST-5802,Delhi,CREDIT_CARD,0.0,15672.37,INR,COMPLETED
ORD-2026-4102,2026-04-14 03:30:00,CUST-7509,Delhi,CREDIT_CARD,0.0,3671.17,INR,COMPLETED
ORD-2026-4103,2026-04-14 03:35:00,CUST-5421,Delhi,CREDIT_CARD,0.0,5864.13,INR,COMPLETED
ORD-2026-4104,2026-04-14 03:40:00,CUST-5998,Bengaluru,CREDIT_CARD,0.0,12500.14,INR,COMPLETED
ORD-2026-4105,2026-04-14 03:45:00,CUST-7157,Bengaluru,DEBIT_CARD,0.0,17899.43,INR,COMPLETED
ORD-2026-4106,2026-04-14 03:50:00,CUST-6785,Hyderabad,CREDIT_CARD,0.0,9571.99,INR,COMPLETED
ORD-2026-4107,2026-04-14 03:55:00,CUST-2292,Bengaluru,CREDIT_CARD,0.0,10465.85,INR,COMPLETED
ORD-2026-4108,2026-04-14 04:00:00,CUST-1394,Bengaluru,DEBIT_CARD,0.0,14963.6,INR,COMPLETED
ORD-2026-4109,2026-04-14 04:05:00,CUST-6883,Bengaluru,DEBIT_CARD,0.0,16888.9,INR,COMPLETED
ORD-2026-4110,2026-04-14 04:10:00,CUST-2732,Delhi,DEBIT_CARD,0.0,2667.0,INR,COMPLETED
ORD-2026-4111,2026-04-14 04:15:00,CUST-8042,Bengaluru,CREDIT_CARD,0.0,5073.13,INR,COMPLETED
ORD-2026-4112,2026-04-14 04:20:00,CUST-9779,Hyderabad,DEBIT_CARD,0.0,15185.12,INR,COMPLETED
ORD-2026-4113,2026-04-14 04:25:00,CUST-9416,Bengaluru,DEBIT_CARD,0.0,16240.95,INR,COMPLETED
ORD-2026-4114,2026-04-14 04:30:00,CUST-1963,Delhi,CREDIT_CARD,0.0,10344.96,INR,COMPLETED
ORD-2026-4115,2026-04-14 04:35:00,CUST-9375,Bengaluru,DEBIT_CARD,0.0,6658.72,INR,COMPLETED
ORD-2026-4116,2026-04-14 04:40:00,CUST-2794,Bengaluru,CREDIT_CARD,0.0,19580.97,INR,COMPLETED
ORD-2026-4117,2026-04-14 04:45:00,CUST-3140,Delhi,DEBIT_CARD,0.0,13154.8,INR,COMPLETED
ORD-2026-4118,2026-04-14 04:50:00,CUST-9668,Delhi,CREDIT_CARD,0.0,2906.33,INR,COMPLETED
ORD-2026-4119,2026-04-14 04:55:00,CUST-6341,Delhi,CREDIT_CARD,0.0,17004.9,INR,COMPLETED
ORD-2026-4120,2026-04-14 05:00:00,CUST-5430,Hyderabad,DEBIT_CARD,0.0,11177.51,INR,COMPLETED
ORD-2026-4121,2026-04-14 05:05:00,CUST-9647,Hyderabad,CREDIT_CARD,0.0,4110.83,INR,COMPLETED
ORD-2026-4122,2026-04-14 05:10:00,CUST-1159,Delhi,DEBIT_CARD,0.0,5374.85,INR,COMPLETED
ORD-2026-4123,2026-04-14 05:15:00,CUST-9055,Bengaluru,CREDIT_CARD,0.0,15382.65,INR,COMPLETED
ORD-2026-4124,2026-04-14 05:20:00,CUST-1024,Delhi,DEBIT_CARD,0.0,18247.92,INR,COMPLETED
ORD-2026-4125,2026-04-14 05:25:00,CUST-9987,Bengaluru,CREDIT_CARD,0.0,2371.18,INR,COMPLETED
ORD-2026-4126,2026-04-14 05:30:00,CUST-7607,Hyderabad,DEBIT_CARD,0.0,15387.98,INR,COMPLETED
ORD-2026-4127,2026-04-14 05:35:00,CUST-1055,Bengaluru,CREDIT_CARD,0.0,13019.36,INR,COMPLETED
ORD-2026-4128,2026-04-14 05:40:00,CUST-1043,Delhi,DEBIT_CARD,0.0,4144.0,INR,COMPLETED
ORD-2026-4129,2026-04-14 05:45:00,CUST-3275,Bengaluru,CREDIT_CARD,0.0,16767.2,INR,COMPLETED
ORD-2026-4130,2026-04-14 05:50:00,CUST-9715,Bengaluru,DEBIT_CARD,0.0,15358.96,INR,COMPLETED
ORD-2026-4131,2026-04-14 05:55:00,CUST-9876,Bengaluru,CREDIT_CARD,0.0,8987.68,INR,COMPLETED
ORD-2026-4132,2026-04-14 06:00:00,CUST-9972,Hyderabad,CREDIT_CARD,0.0,18970.45,INR,COMPLETED
ORD-2026-4133,2026-04-14 06:05:00,CUST-1830,Delhi,DEBIT_CARD,0.0,6408.99,INR,COMPLETED
ORD-2026-4134,2026-04-14 06:10:00,CUST-2945,Delhi,CREDIT_CARD,0.0,6482.74,INR,COMPLETED
ORD-2026-4135,2026-04-14 06:15:00,CUST-9575,Delhi,CREDIT_CARD,0.0,18732.24,INR,COMPLETED
ORD-2026-4136,2026-04-14 06:20:00,CUST-6402,Bengaluru,DEBIT_CARD,0.0,14497.45,INR,COMPLETED
ORD-2026-4137,2026-04-14 06:25:00,CUST-1297,Delhi,DEBIT_CARD,0.0,4701.46,INR,COMPLETED
ORD-2026-4138,2026-04-14 06:30:00,CUST-4333,Hyderabad,CREDIT_CARD,0.0,3231.44,INR,COMPLETED
ORD-2026-4139,2026-04-14 06:35:00,CUST-8315,Hyderabad,DEBIT_CARD,0.0,9400.08,INR,COMPLETED
ORD-2026-4140,2026-04-14 06:40:00,CUST-5478,Hyderabad,DEBIT_CARD,0.0,7100.9,INR,COMPLETED
ORD-2026-4141,2026-04-14 06:45:00,CUST-2564,Delhi,CREDIT_CARD,0.0,14890.05,INR,COMPLETED
ORD-2026-4142,2026-04-14 06:50:00,CUST-9832,Delhi,CREDIT_CARD,0.0,16582.04,INR,COMPLETED
ORD-2026-4143,2026-04-14 06:55:00,CUST-5734,Delhi,CREDIT_CARD,0.0,11240.1,INR,COMPLETED
ORD-2026-4144,2026-04-14 07:00:00,CUST-6679,Bengaluru,CREDIT_CARD,0.0,2606.25,INR,COMPLETED
ORD-2026-4145,2026-04-14 07:05:00,CUST-3227,Hyderabad,DEBIT_CARD,0.0,14398.89,INR,COMPLETED
ORD-2026-4146,2026-04-14 07:10:00,CUST-4156,Hyderabad,DEBIT_CARD,0.0,13469.12,INR,COMPLETED
ORD-2026-4147,2026-04-14 07:15:00,CUST-8445,Delhi,CREDIT_CARD,0.0,8199.93,INR,COMPLETED
ORD-2026-4148,2026-04-14 07:20:00,CUST-2551,Bengaluru,CREDIT_CARD,0.0,4870.47,INR,COMPLETED
ORD-2026-4149,2026-04-14 07:25:00,CUST-2903,Bengaluru,DEBIT_CARD,0.0,3929.29,INR,COMPLETED
ORD-2026-4150,2026-04-14 07:30:00,CUST-6363,Hyderabad,CREDIT_CARD,0.0,16153.43,INR,COMPLETED
ORD-2026-4151,2026-04-14 07:35:00,CUST-1519,Delhi,DEBIT_CARD,0.0,4059.6,INR,COMPLETED
ORD-2026-4152,2026-04-14 07:40:00,CUST-5333,Hyderabad,CREDIT_CARD,0.0,5943.14,INR,COMPLETED
ORD-2026-4153,2026-04-14 07:45:00,CUST-4969,Bengaluru,CREDIT_CARD,0.0,3534.55,INR,COMPLETED
ORD-2026-4154,2026-04-14 07:50:00,CUST-3879,Delhi,CREDIT_CARD,0.0,2533.24,INR,COMPLETED
ORD-2026-4155,2026-04-14 07:55:00,CUST-2467,Delhi,DEBIT_CARD,0.0,3235.59,INR,COMPLETED
ORD-2026-4156,2026-04-14 08:00:00,CUST-7131,Delhi,DEBIT_CARD,0.0,19037.07,INR,COMPLETED
ORD-2026-4157,2026-04-14 08:05:00,CUST-6326,Delhi,DEBIT_CARD,0.0,9834.07,INR,COMPLETED
ORD-2026-4158,2026-04-14 08:10:00,CUST-6004,Bengaluru,DEBIT_CARD,0.0,15057.31,INR,COMPLETED
ORD-2026-4159,2026-04-14 08:15:00,CUST-4584,Bengaluru,DEBIT_CARD,0.0,9541.31,INR,COMPLETED
ORD-2026-4160,2026-04-14 08:20:00,CUST-2443,Hyderabad,CREDIT_CARD,0.0,3927.28,INR,COMPLETED
ORD-2026-4161,2026-04-14 08:25:00,CUST-4358,Bengaluru,DEBIT_CARD,0.0,10985.97,INR,COMPLETED
ORD-2026-4162,2026-04-14 08:30:00,CUST-6729,Bengaluru,CREDIT_CARD,0.0,6670.51,INR,COMPLETED
ORD-2026-4163,2026-04-14 08:35:00,CUST-9761,Delhi,DEBIT_CARD,0.0,19985.12,INR,COMPLETED
ORD-2026-4164,2026-04-14 08:40:00,CUST-3067,Hyderabad,CREDIT_CARD,0.0,15490.16,INR,COMPLETED
ORD-2026-4165,2026-04-14 08:45:00,CUST-9345,Hyderabad,DEBIT_CARD,0.0,19763.58,INR,COMPLETED
ORD-2026-4166,2026-04-14 08:50:00,CUST-7556,Delhi,DEBIT_CARD,0.0,18829.05,INR,COMPLETED
ORD-2026-4167,2026-04-14 08:55:00,CUST-8240,Hyderabad,CREDIT_CARD,0.0,19215.07,INR,COMPLETED
ORD-2026-4168,2026-04-14 09:00:00,CUST-5807,Hyderabad,DEBIT_CARD,0.0,16221.92,INR,COMPLETED
ORD-2026-4169,2026-04-14 09:05:00,CUST-1984,Bengaluru,CREDIT_CARD,0.0,13923.05,INR,COMPLETED
ORD-2026-4170,2026-04-14 09:10:00,CUST-2783,Bengaluru,CREDIT_CARD,0.0,2656.99,INR,COMPLETED
ORD-2026-4171,2026-04-14 09:15:00,CUST-3385,Delhi,DEBIT_CARD,0.0,19881.59,INR,COMPLETED
ORD-2026-4172,2026-04-14 09:20:00,CUST-6039,Delhi,DEBIT_CARD,0.0,16610.51,INR,COMPLETED
ORD-2026-4173,2026-04-14 09:25:00,CUST-7199,Bengaluru,DEBIT_CARD,0.0,17816.69,INR,COMPLETED
ORD-2026-4174,2026-04-14 09:30:00,CUST-8091,Hyderabad,CREDIT_CARD,0.0,3563.85,INR,COMPLETED
ORD-2026-4175,2026-04-14 09:35:00,CUST-3819,Delhi,DEBIT_CARD,0.0,6622.0,INR,COMPLETED
ORD-2026-4176,2026-04-14 09:40:00,CUST-2440,Delhi,DEBIT_CARD,0.0,16418.54,INR,COMPLETED
ORD-2026-4177,2026-04-14 09:45:00,CUST-9957,Bengaluru,DEBIT_CARD,0.0,15933.98,INR,COMPLETED
ORD-2026-4178,2026-04-14 09:50:00,CUST-1041,Bengaluru,CREDIT_CARD,0.0,10344.79,INR,COMPLETED
ORD-2026-4179,2026-04-14 09:55:00,CUST-5710,Bengaluru,DEBIT_CARD,0.0,6056.25,INR,COMPLETED
ORD-2026-4180,2026-04-14 10:00:00,CUST-5542,Bengaluru,CREDIT_CARD,0.0,11508.23,INR,COMPLETED
ORD-2026-4181,2026-04-14 10:05:00,CUST-7638,Hyderabad,CREDIT_CARD,0.0,19875.3,INR,COMPLETED
ORD-2026-4182,2026-04-14 10:10:00,CUST-1716,Delhi,CREDIT_CARD,0.0,16698.06,INR,COMPLETED
ORD-2026-4183,2026-04-14 10:15:00,CUST-5570,Delhi,DEBIT_CARD,0.0,7598.04,INR,COMPLETED
ORD-2026-4184,2026-04-14 10:20:00,CUST-7577,Delhi,CREDIT_CARD,0.0,4132.35,INR,COMPLETED
ORD-2026-4185,2026-04-14 10:25:00,CUST-4927,Hyderabad,DEBIT_CARD,0.0,2075.44,INR,COMPLETED
ORD-2026-4186,2026-04-14 10:30:00,CUST-1957,Delhi,DEBIT_CARD,0.0,2951.68,INR,COMPLETED
ORD-2026-4187,2026-04-14 10:35:00,CUST-8319,Bengaluru,CREDIT_CARD,0.0,3890.62,INR,COMPLETED
ORD-2026-4188,2026-04-14 10:40:00,CUST-1531,Delhi,CREDIT_CARD,0.0,16536.58,INR,COMPLETED
ORD-2026-4189,2026-04-14 10:45:00,CUST-4943,Delhi,DEBIT_CARD,0.0,16639.24,INR,COMPLETED
ORD-2026-4190,2026-04-14 10:50:00,CUST-8645,Bengaluru,CREDIT_CARD,0.0,12614.49,INR,COMPLETED
ORD-2026-4191,2026-04-14 10:55:00,CUST-7356,Delhi,CREDIT_CARD,0.0,17923.27,INR,COMPLETED
ORD-2026-4192,2026-04-14 11:00:00,CUST-5233,Delhi,CREDIT_CARD,0.0,14991.65,INR,COMPLETED
ORD-2026-4193,2026-04-14 11:05:00,CUST-6384,Hyderabad,DEBIT_CARD,0.0,16786.56,INR,COMPLETED
ORD-2026-4194,2026-04-14 11:10:00,CUST-8168,Hyderabad,CREDIT_CARD,0.0,3386.74,INR,COMPLETED
ORD-2026-4195,2026-04-14 11:15:00,CUST-1370,Hyderabad,CREDIT_CARD,0.0,14711.04,INR,COMPLETED
ORD-2026-4196,2026-04-14 11:20:00,CUST-1056,Hyderabad,DEBIT_CARD,0.0,11406.55,INR,COMPLETED
ORD-2026-4197,2026-04-14 11:25:00,CUST-1921,Bengaluru,DEBIT_CARD,0.0,12777.4,INR,COMPLETED
ORD-2026-4198,2026-04-14 11:30:00,CUST-2733,Hyderabad,CREDIT_CARD,0.0,19018.88,INR,COMPLETED
ORD-2026-4199,2026-04-14 11:35:00,CUST-8700,Delhi,CREDIT_CARD,0.0,16025.55,INR,COMPLETED
ORD-2026-4200,2026-04-14 11:40:00,CUST-9034,Delhi,DEBIT_CARD,0.0,6523.66,INR,COMPLETED
ORD-2026-4201,2026-04-14 11:45:00,CUST-1660,Hyderabad,DEBIT_CARD,0.0,17075.02,INR,COMPLETED
ORD-2026-4202,2026-04-14 11:50:00,CUST-1114,Delhi,CREDIT_CARD,0.0,18194.07,INR,COMPLETED
ORD-2026-4203,2026-04-14 11:55:00,CUST-9995,Hyderabad,CREDIT_CARD,0.0,14127.26,INR,COMPLETED
ORD-2026-4204,2026-04-14 12:00:00,CUST-5208,Bengaluru,CREDIT_CARD,0.0,2265.15,INR,COMPLETED
ORD-2026-4205,2026-04-14 12:05:00,CUST-7475,Delhi,CREDIT_CARD,0.0,5839.17,INR,COMPLETED
ORD-2026-4206,2026-04-14 12:10:00,CUST-1623,Hyderabad,CREDIT_CARD,0.0,9032.66,INR,COMPLETED
ORD-2026-4207,2026-04-14 12:15:00,CUST-5252,Hyderabad,DEBIT_CARD,0.0,17244.49,INR,COMPLETED
ORD-2026-4208,2026-04-14 12:20:00,CUST-6841,Delhi,DEBIT_CARD,0.0,16415.25,INR,COMPLETED
ORD-2026-4209,2026-04-14 12:25:00,CUST-6974,Bengaluru,CREDIT_CARD,0.0,6426.34,INR,COMPLETED
ORD-2026-4210,2026-04-14 12:30:00,CUST-2891,Hyderabad,DEBIT_CARD,0.0,2988.54,INR,COMPLETED
ORD-2026-4211,2026-04-14 12:35:00,CUST-1072,Hyderabad,CREDIT_CARD,0.0,8991.11,INR,COMPLETED
ORD-2026-4212,2026-04-14 12:40:00,CUST-9563,Hyderabad,CREDIT_CARD,0.0,8551.62,INR,COMPLETED
ORD-2026-4213,2026-04-14 12:45:00,CUST-2843,Bengaluru,CREDIT_CARD,0.0,14650.69,INR,COMPLETED
ORD-2026-4214,2026-04-14 12:50:00,CUST-5797,Bengaluru,CREDIT_CARD,0.0,7194.05,INR,COMPLETED
ORD-2026-4215,2026-04-14 12:55:00,CUST-2755,Bengaluru,CREDIT_CARD,0.0,2183.94,INR,COMPLETED
ORD-2026-4216,2026-04-14 13:00:00,CUST-6183,Delhi,CREDIT_CARD,0.0,16652.85,INR,COMPLETED
ORD-2026-4217,2026-04-14 13:05:00,CUST-2167,Hyderabad,CREDIT_CARD,0.0,8629.42,INR,COMPLETED
ORD-2026-4218,2026-04-14 13:10:00,CUST-7359,Bengaluru,DEBIT_CARD,0.0,15745.71,INR,COMPLETED
ORD-2026-4219,2026-04-14 13:15:00,CUST-6406,Delhi,CREDIT_CARD,0.0,6159.59,INR,COMPLETED
ORD-2026-4220,2026-04-14 13:20:00,CUST-6338,Delhi,CREDIT_CARD,0.0,3682.5,INR,COMPLETED
ORD-2026-4221,2026-04-14 13:25:00,CUST-7891,Hyderabad,DEBIT_CARD,0.0,18417.51,INR,COMPLETED
ORD-2026-4222,2026-04-14 13:30:00,CUST-3003,Hyderabad,DEBIT_CARD,0.0,17399.41,INR,COMPLETED
ORD-2026-4223,2026-04-14 13:35:00,CUST-2821,Delhi,DEBIT_CARD,0.0,7777.13,INR,COMPLETED
ORD-2026-4224,2026-04-14 13:40:00,CUST-2613,Delhi,DEBIT_CARD,0.0,7931.28,INR,COMPLETED
ORD-2026-4225,2026-04-14 13:45:00,CUST-9155,Bengaluru,DEBIT_CARD,0.0,15771.38,INR,COMPLETED
ORD-2026-4226,2026-04-14 13:50:00,CUST-7166,Bengaluru,DEBIT_CARD,0.0,6672.75,INR,COMPLETED
ORD-2026-4227,2026-04-14 13:55:00,CUST-7280,Delhi,DEBIT_CARD,0.0,4893.97,INR,COMPLETED
ORD-2026-4228,2026-04-14 14:00:00,CUST-7058,Hyderabad,DEBIT_CARD,0.0,9832.37,INR,COMPLETED
ORD-2026-4229,2026-04-14 14:05:00,CUST-1600,Hyderabad,DEBIT_CARD,0.0,10434.15,INR,COMPLETED
ORD-2026-4230,2026-04-14 14:10:00,CUST-4335,Delhi,CREDIT_CARD,0.0,2491.7,INR,COMPLETED
ORD-2026-4231,2026-04-14 14:15:00,CUST-5318,Bengaluru,DEBIT_CARD,0.0,8916.93,INR,COMPLETED
ORD-2026-4232,2026-04-14 14:20:00,CUST-2002,Delhi,CREDIT_CARD,0.0,10660.78,INR,COMPLETED
ORD-2026-4233,2026-04-14 14:25:00,CUST-4739,Bengaluru,DEBIT_CARD,0.0,7524.12,INR,COMPLETED
ORD-2026-4234,2026-04-14 14:30:00,CUST-5857,Delhi,CREDIT_CARD,0.0,17996.01,INR,COMPLETED
ORD-2026-4235,2026-04-14 14:35:00,CUST-3966,Hyderabad,DEBIT_CARD,0.0,14702.2,INR,COMPLETED
ORD-2026-4236,2026-04-14 14:40:00,CUST-7462,Bengaluru,CREDIT_CARD,0.0,7981.95,INR,COMPLETED
ORD-2026-4237,2026-04-14 14:45:00,CUST-9457,Hyderabad,DEBIT_CARD,0.0,5346.86,INR,COMPLETED
ORD-2026-4238,2026-04-14 14:50:00,CUST-3229,Delhi,DEBIT_CARD,0.0,9714.99,INR,COMPLETED
ORD-2026-4239,2026-04-14 14:55:00,CUST-3356,Hyderabad,DEBIT_CARD,0.0,14297.47,INR,COMPLETED
ORD-2026-4240,2026-04-14 15:00:00,CUST-4411,Bengaluru,CREDIT_CARD,0.0,18975.42,INR,COMPLETED
ORD-2026-4241,2026-04-14 15:05:00,CUST-6867,Bengaluru,DEBIT_CARD,0.0,14449.31,INR,COMPLETED
ORD-2026-4242,2026-04-14 15:10:00,CUST-8785,Bengaluru,DEBIT_CARD,0.0,14996.64,INR,COMPLETED
ORD-2026-4243,2026-04-14 15:15:00,CUST-9470,Bengaluru,CREDIT_CARD,0.0,16351.96,INR,COMPLETED
ORD-2026-4244,2026-04-14 15:20:00,CUST-6482,Hyderabad,CREDIT_CARD,0.0,5174.57,INR,COMPLETED
ORD-2026-4245,2026-04-14 15:25:00,CUST-1416,Bengaluru,CREDIT_CARD,0.0,8243.36,INR,COMPLETED
ORD-2026-4246,2026-04-14 15:30:00,CUST-2373,Hyderabad,CREDIT_CARD,0.0,12398.79,INR,COMPLETED
ORD-2026-4247,2026-04-14 15:35:00,CUST-6149,Delhi,DEBIT_CARD,0.0,15977.21,INR,COMPLETED
ORD-2026-4248,2026-04-14 15:40:00,CUST-8760,Bengaluru,DEBIT_CARD,0.0,3039.91,INR,COMPLETED
ORD-2026-4249,2026-04-14 15:45:00,CUST-3601,Hyderabad,DEBIT_CARD,0.0,8196.71,INR,COMPLETED
ORD-2026-4250,2026-04-14 15:50:00,CUST-9633,Hyderabad,CREDIT_CARD,0.0,6342.32,INR,COMPLETED
ORD-2026-4251,2026-04-14 15:55:00,CUST-7593,Bengaluru,DEBIT_CARD,0.0,5781.04,INR,COMPLETED
ORD-2026-4252,2026-04-14 16:00:00,CUST-3884,Delhi,CREDIT_CARD,0.0,5244.72,INR,COMPLETED
ORD-2026-4253,2026-04-14 16:05:00,CUST-2228,Hyderabad,CREDIT_CARD,0.0,3915.5,INR,COMPLETED
ORD-2026-4254,2026-04-14 16:10:00,CUST-2977,Hyderabad,DEBIT_CARD,0.0,9666.67,INR,COMPLETED
ORD-2026-4255,2026-04-14 16:15:00,CUST-5825,Delhi,CREDIT_CARD,0.0,3029.71,INR,COMPLETED
ORD-2026-4256,2026-04-14 16:20:00,CUST-7621,Bengaluru,DEBIT_CARD,0.0,6827.69,INR,COMPLETED
ORD-2026-4257,2026-04-14 16:25:00,CUST-2696,Hyderabad,DEBIT_CARD,0.0,5162.99,INR,COMPLETED
ORD-2026-4258,2026-04-14 16:30:00,CUST-3952,Bengaluru,CREDIT_CARD,0.0,5369.25,INR,COMPLETED
ORD-2026-4259,2026-04-14 16:35:00,CUST-5360,Delhi,CREDIT_CARD,0.0,3721.8,INR,COMPLETED
ORD-2026-4260,2026-04-14 16:40:00,CUST-1992,Hyderabad,DEBIT_CARD,0.0,16918.85,INR,COMPLETED
ORD-2026-4261,2026-04-14 16:45:00,CUST-1316,Delhi,DEBIT_CARD,0.0,10361.96,INR,COMPLETED
ORD-2026-4262,2026-04-14 16:50:00,CUST-1644,Hyderabad,CREDIT_CARD,0.0,10021.67,INR,COMPLETED
ORD-2026-4263,2026-04-14 16:55:00,CUST-4418,Delhi,DEBIT_CARD,0.0,12499.45,INR,COMPLETED
ORD-2026-4264,2026-04-14 17:00:00,CUST-5581,Hyderabad,DEBIT_CARD,0.0,5303.72,INR,COMPLETED
ORD-2026-4265,2026-04-14 17:05:00,CUST-5565,Hyderabad,DEBIT_CARD,0.0,4878.37,INR,COMPLETED
ORD-2026-4266,2026-04-14 17:10:00,CUST-1532,Bengaluru,CREDIT_CARD,0.0,11718.76,INR,COMPLETED
ORD-2026-4267,2026-04-14 17:15:00,CUST-3560,Hyderabad,DEBIT_CARD,0.0,6681.97,INR,COMPLETED
ORD-2026-4268,2026-04-14 17:20:00,CUST-4684,Delhi,CREDIT_CARD,0.0,15286.88,INR,COMPLETED
ORD-2026-4269,2026-04-14 17:25:00,CUST-9081,Delhi,CREDIT_CARD,0.0,19843.52,INR,COMPLETED
ORD-2026-4270,2026-04-14 17:30:00,CUST-4640,Hyderabad,CREDIT_CARD,0.0,16800.44,INR,COMPLETED
ORD-2026-4271,2026-04-14 17:35:00,CUST-8052,Bengaluru,DEBIT_CARD,0.0,3070.99,INR,COMPLETED
ORD-2026-4272,2026-04-14 17:40:00,CUST-3812,Hyderabad,DEBIT_CARD,0.0,13625.87,INR,COMPLETED
ORD-2026-4273,2026-04-14 17:45:00,CUST-4365,Bengaluru,DEBIT_CARD,0.0,8406.16,INR,COMPLETED
ORD-2026-4274,2026-04-14 17:50:00,CUST-1009,Bengaluru,DEBIT_CARD,0.0,2421.11,INR,COMPLETED
ORD-2026-4275,2026-04-14 17:55:00,CUST-9112,Hyderabad,CREDIT_CARD,0.0,9536.53,INR,COMPLETED
ORD-2026-4276,2026-04-14 18:00:00,CUST-1167,Bengaluru,CREDIT_CARD,0.0,2802.71,INR,COMPLETED
ORD-2026-4277,2026-04-14 18:05:00,CUST-3718,Delhi,CREDIT_CARD,0.0,12710.39,INR,COMPLETED
ORD-2026-4278,2026-04-14 18:10:00,CUST-4902,Bengaluru,DEBIT_CARD,0.0,17878.1,INR,COMPLETED
ORD-2026-4279,2026-04-14 18:15:00,CUST-1566,Bengaluru,DEBIT_CARD,0.0,11759.85,INR,COMPLETED
ORD-2026-4280,2026-04-14 18:20:00,CUST-4152,Delhi,CREDIT_CARD,0.0,8272.93,INR,COMPLETED
ORD-2026-4281,2026-04-14 18:25:00,CUST-5008,Hyderabad,CREDIT_CARD,0.0,19233.28,INR,COMPLETED
ORD-2026-4282,2026-04-14 18:30:00,CUST-6429,Hyderabad,CREDIT_CARD,0.0,16572.57,INR,COMPLETED
ORD-2026-4283,2026-04-14 18:35:00,CUST-5647,Hyderabad,CREDIT_CARD,0.0,19807.59,INR,COMPLETED
ORD-2026-4284,2026-04-14 18:40:00,CUST-5666,Bengaluru,DEBIT_CARD,0.0,12456.11,INR,COMPLETED
ORD-2026-4285,2026-04-14 18:45:00,CUST-5023,Delhi,CREDIT_CARD,0.0,15590.95,INR,COMPLETED
ORD-2026-4286,2026-04-14 18:50:00,CUST-3674,Bengaluru,CREDIT_CARD,0.0,9094.06,INR,COMPLETED
ORD-2026-4287,2026-04-14 18:55:00,CUST-1436,Hyderabad,CREDIT_CARD,0.0,16613.22,INR,COMPLETED
ORD-2026-4288,2026-04-14 19:00:00,CUST-5414,Hyderabad,CREDIT_CARD,0.0,16969.76,INR,COMPLETED
ORD-2026-4289,2026-04-14 19:05:00,CUST-6461,Bengaluru,CREDIT_CARD,0.0,9997.96,INR,COMPLETED
ORD-2026-4290,2026-04-14 19:10:00,CUST-2931,Delhi,CREDIT_CARD,0.0,19124.82,INR,COMPLETED
ORD-2026-4291,2026-04-14 19:15:00,CUST-8882,Hyderabad,DEBIT_CARD,0.0,5565.58,INR,COMPLETED
ORD-2026-4292,2026-04-14 19:20:00,CUST-2074,Delhi,DEBIT_CARD,0.0,7001.39,INR,COMPLETED
ORD-2026-4293,2026-04-14 19:25:00,CUST-4328,Hyderabad,DEBIT_CARD,0.0,13536.51,INR,COMPLETED
ORD-2026-4294,2026-04-14 19:30:00,CUST-3962,Hyderabad,CREDIT_CARD,0.0,12547.22,INR,COMPLETED
ORD-2026-4295,2026-04-14 19:35:00,CUST-7101,Delhi,CREDIT_CARD,0.0,3797.74,INR,COMPLETED
ORD-2026-4296,2026-04-14 19:40:00,CUST-5490,Hyderabad,DEBIT_CARD,0.0,17389.48,INR,COMPLETED
ORD-2026-4297,2026-04-14 19:45:00,CUST-2685,Delhi,DEBIT_CARD,0.0,6533.74,INR,COMPLETED
ORD-2026-4298,2026-04-14 19:50:00,CUST-4744,Delhi,DEBIT_CARD,0.0,4168.38,INR,COMPLETED
ORD-2026-4299,2026-04-14 19:55:00,CUST-9733,Hyderabad,CREDIT_CARD,0.0,13877.21,INR,COMPLETED
ORD-2026-4300,2026-04-14 20:00:00,CUST-3723,Bengaluru,DEBIT_CARD,0.0,3099.52,INR,COMPLETED
ORD-2026-4301,2026-04-14 20:05:00,CUST-6437,Hyderabad,DEBIT_CARD,0.0,14439.5,INR,COMPLETED
ORD-2026-4302,2026-04-14 20:10:00,CUST-3286,Delhi,CREDIT_CARD,0.0,6876.3,INR,COMPLETED
ORD-2026-4303,2026-04-14 20:15:00,CUST-1808,Bengaluru,CREDIT_CARD,0.0,13991.43,INR,COMPLETED
ORD-2026-4304,2026-04-14 20:20:00,CUST-5275,Hyderabad,DEBIT_CARD,0.0,13478.8,INR,COMPLETED
ORD-2026-4305,2026-04-14 20:25:00,CUST-3512,Delhi,DEBIT_CARD,0.0,17479.45,INR,COMPLETED
ORD-2026-4306,2026-04-14 20:30:00,CUST-6264,Bengaluru,DEBIT_CARD,0.0,13309.09,INR,COMPLETED
ORD-2026-4307,2026-04-14 20:35:00,CUST-1121,Hyderabad,CREDIT_CARD,0.0,15247.17,INR,COMPLETED
ORD-2026-4308,2026-04-14 20:40:00,CUST-7262,Bengaluru,CREDIT_CARD,0.0,9765.6,INR,COMPLETED
ORD-2026-4309,2026-04-14 20:45:00,CUST-8045,Hyderabad,CREDIT_CARD,0.0,15635.97,INR,COMPLETED
ORD-2026-4310,2026-04-14 20:50:00,CUST-8655,Bengaluru,CREDIT_CARD,0.0,4986.72,INR,COMPLETED
ORD-2026-4311,2026-04-14 20:55:00,CUST-9515,Hyderabad,DEBIT_CARD,0.0,3031.94,INR,COMPLETED
ORD-2026-4312,2026-04-14 21:00:00,CUST-9871,Delhi,CREDIT_CARD,0.0,16931.76,INR,COMPLETED
ORD-2026-4313,2026-04-14 21:05:00,CUST-8828,Delhi,DEBIT_CARD,0.0,14790.83,INR,COMPLETED
ORD-2026-4314,2026-04-14 21:10:00,CUST-9321,Hyderabad,CREDIT_CARD,0.0,2323.81,INR,COMPLETED
ORD-2026-4315,2026-04-14 21:15:00,CUST-3757,Hyderabad,CREDIT_CARD,0.0,13852.32,INR,COMPLETED
ORD-2026-4316,2026-04-14 21:20:00,CUST-2313,Bengaluru,DEBIT_CARD,0.0,15268.05,INR,COMPLETED
ORD-2026-4317,2026-04-14 21:25:00,CUST-6740,Delhi,CREDIT_CARD,0.0,5107.04,INR,COMPLETED
ORD-2026-4318,2026-04-14 21:30:00,CUST-7647,Delhi,CREDIT_CARD,0.0,8348.04,INR,COMPLETED
ORD-2026-4319,2026-04-14 21:35:00,CUST-4091,Bengaluru,CREDIT_CARD,0.0,11944.47,INR,COMPLETED
ORD-2026-4320,2026-04-14 21:40:00,CUST-3777,Delhi,CREDIT_CARD,0.0,3631.51,INR,COMPLETED
ORD-2026-4321,2026-04-14 21:45:00,CUST-3867,Bengaluru,CREDIT_CARD,0.0,7174.52,INR,COMPLETED
ORD-2026-4322,2026-04-14 21:50:00,CUST-7840,Hyderabad,CREDIT_CARD,0.0,12898.72,INR,COMPLETED
ORD-2026-4323,2026-04-14 21:55:00,CUST-7715,Hyderabad,DEBIT_CARD,0.0,2715.63,INR,COMPLETED
ORD-2026-4324,2026-04-14 22:00:00,CUST-1862,Bengaluru,DEBIT_CARD,0.0,16904.56,INR,COMPLETED
ORD-2026-4325,2026-04-14 22:05:00,CUST-8818,Hyderabad,CREDIT_CARD,0.0,5332.01,INR,COMPLETED
ORD-2026-4326,2026-04-14 22:10:00,CUST-1817,Bengaluru,CREDIT_CARD,0.0,13061.42,INR,COMPLETED
ORD-2026-4327,2026-04-14 22:15:00,CUST-4289,Bengaluru,CREDIT_CARD,0.0,6420.99,INR,COMPLETED
ORD-2026-4328,2026-04-14 22:20:00,CUST-8596,Delhi,CREDIT_CARD,0.0,7361.82,INR,COMPLETED
ORD-2026-4329,2026-04-14 22:25:00,CUST-1094,Bengaluru,CREDIT_CARD,0.0,8881.79,INR,COMPLETED
ORD-2026-4330,2026-04-14 22:30:00,CUST-3352,Hyderabad,CREDIT_CARD,0.0,18771.76,INR,COMPLETED
ORD-2026-4331,2026-04-14 22:35:00,CUST-5603,Hyderabad,CREDIT_CARD,0.0,7766.67,INR,COMPLETED
ORD-2026-4332,2026-04-14 22:40:00,CUST-1899,Hyderabad,DEBIT_CARD,0.0,16957.16,INR,COMPLETED
ORD-2026-4333,2026-04-14 22:45:00,CUST-9613,Bengaluru,DEBIT_CARD,0.0,7064.84,INR,COMPLETED
ORD-2026-4334,2026-04-14 22:50:00,CUST-4739,Hyderabad,CREDIT_CARD,0.0,12303.97,INR,COMPLETED
ORD-2026-4335,2026-04-14 22:55:00,CUST-8285,Hyderabad,DEBIT_CARD,0.0,9625.87,INR,COMPLETED
ORD-2026-4336,2026-04-14 23:00:00,CUST-4247,Hyderabad,CREDIT_CARD,0.0,5700.55,INR,COMPLETED
ORD-2026-4337,2026-04-14 23:05:00,CUST-2526,Hyderabad,DEBIT_CARD,0.0,7096.06,INR,COMPLETED
ORD-2026-4338,2026-04-14 23:10:00,CUST-7374,Hyderabad,CREDIT_CARD,0.0,14877.49,INR,COMPLETED
ORD-2026-4339,2026-04-14 23:15:00,CUST-4221,Hyderabad,DEBIT_CARD,0.0,4093.48,INR,COMPLETED
ORD-2026-4340,2026-04-14 23:20:00,CUST-7362,Bengaluru,DEBIT_CARD,0.0,13852.86,INR,COMPLETED
ORD-2026-4341,2026-04-14 23:25:00,CUST-1518,Hyderabad,DEBIT_CARD,0.0,18097.32,INR,COMPLETED
ORD-2026-4342,2026-04-14 23:30:00,CUST-3950,Bengaluru,DEBIT_CARD,0.0,12879.29,INR,COMPLETED
ORD-2026-4343,2026-04-14 23:35:00,CUST-2138,Hyderabad,DEBIT_CARD,0.0,17839.99,INR,COMPLETED
ORD-2026-4344,2026-04-14 23:40:00,CUST-8231,Delhi,CREDIT_CARD,0.0,11208.75,INR,COMPLETED
ORD-2026-4345,2026-04-14 23:45:00,CUST-4093,Delhi,DEBIT_CARD,0.0,13155.01,INR,COMPLETED
ORD-2026-4346,2026-04-14 23:50:00,CUST-3763,Hyderabad,CREDIT_CARD,0.0,2741.17,INR,COMPLETED
ORD-2026-4347,2026-04-14 23:55:00,CUST-5379,Delhi,DEBIT_CARD,0.0,6798.96,INR,COMPLETED
ORD-2026-4348,2026-04-15 00:00:00,CUST-8018,Hyderabad,CREDIT_CARD,0.0,6836.03,INR,COMPLETED
ORD-2026-4349,2026-04-15 00:05:00,CUST-8350,Bengaluru,DEBIT_CARD,0.0,12306.79,INR,COMPLETED
ORD-2026-4350,2026-04-15 00:10:00,CUST-9782,Hyderabad,DEBIT_CARD,0.0,17734.64,INR,COMPLETED
ORD-2026-4351,2026-04-15 00:15:00,CUST-1679,Hyderabad,CREDIT_CARD,0.0,9524.39,INR,COMPLETED
ORD-2026-4352,2026-04-15 00:20:00,CUST-5361,Delhi,CREDIT_CARD,0.0,11282.92,INR,COMPLETED
ORD-2026-4353,2026-04-15 00:25:00,CUST-6524,Bengaluru,DEBIT_CARD,0.0,6088.46,INR,COMPLETED
ORD-2026-4354,2026-04-15 00:30:00,CUST-7403,Bengaluru,DEBIT_CARD,0.0,5138.86,INR,COMPLETED
ORD-2026-4355,2026-04-15 00:35:00,CUST-1262,Delhi,DEBIT_CARD,0.0,16044.14,INR,COMPLETED
ORD-2026-4356,2026-04-15 00:40:00,CUST-8001,Delhi,CREDIT_CARD,0.0,6713.3,INR,COMPLETED
ORD-2026-4357,2026-04-15 00:45:00,CUST-5810,Delhi,DEBIT_CARD,0.0,15266.71,INR,COMPLETED
ORD-2026-4358,2026-04-15 00:50:00,CUST-8488,Delhi,DEBIT_CARD,0.0,6964.53,INR,COMPLETED
ORD-2026-4359,2026-04-15 00:55:00,CUST-8395,Bengaluru,DEBIT_CARD,0.0,3482.38,INR,COMPLETED
ORD-2026-4360,2026-04-15 01:00:00,CUST-8657,Delhi,DEBIT_CARD,0.0,18129.75,INR,COMPLETED
ORD-2026-4361,2026-04-15 01:05:00,CUST-2100,Hyderabad,CREDIT_CARD,0.0,9274.38,INR,COMPLETED
ORD-2026-4362,2026-04-15 01:10:00,CUST-9479,Bengaluru,CREDIT_CARD,0.0,11350.41,INR,COMPLETED
ORD-2026-4363,2026-04-15 01:15:00,CUST-3735,Bengaluru,CREDIT_CARD,0.0,10150.61,INR,COMPLETED
ORD-2026-4364,2026-04-15 01:20:00,CUST-8445,Bengaluru,DEBIT_CARD,0.0,8021.39,INR,COMPLETED
ORD-2026-4365,2026-04-15 01:25:00,CUST-6952,Hyderabad,DEBIT_CARD,0.0,19573.27,INR,COMPLETED
ORD-2026-4366,2026-04-15 01:30:00,CUST-4733,Bengaluru,DEBIT_CARD,0.0,18189.65,INR,COMPLETED
ORD-2026-4367,2026-04-15 01:35:00,CUST-9342,Delhi,DEBIT_CARD,0.0,18467.24,INR,COMPLETED
ORD-2026-4368,2026-04-15 01:40:00,CUST-8209,Bengaluru,DEBIT_CARD,0.0,10694.85,INR,COMPLETED
ORD-2026-4369,2026-04-15 01:45:00,CUST-2970,Bengaluru,DEBIT_CARD,0.0,10478.06,INR,COMPLETED
ORD-2026-4370,2026-04-15 01:50:00,CUST-8788,Bengaluru,CREDIT_CARD,0.0,9571.33,INR,COMPLETED
ORD-2026-4371,2026-04-15 01:55:00,CUST-9386,Hyderabad,CREDIT_CARD,0.0,13057.55,INR,COMPLETED
ORD-2026-4372,2026-04-15 02:00:00,CUST-6398,Bengaluru,CREDIT_CARD,0.0,11042.86,INR,COMPLETED
ORD-2026-4373,2026-04-15 02:05:00,CUST-7794,Delhi,DEBIT_CARD,0.0,15525.74,INR,COMPLETED
ORD-2026-4374,2026-04-15 02:10:00,CUST-9252,Hyderabad,CREDIT_CARD,0.0,14534.76,INR,COMPLETED
ORD-2026-4375,2026-04-15 02:15:00,CUST-6286,Delhi,DEBIT_CARD,0.0,16378.76,INR,COMPLETED
ORD-2026-4376,2026-04-15 02:20:00,CUST-2932,Bengaluru,CREDIT_CARD,0.0,4501.98,INR,COMPLETED
ORD-2026-4377,2026-04-15 02:25:00,CUST-7923,Bengaluru,DEBIT_CARD,0.0,13662.41,INR,COMPLETED
ORD-2026-4378,2026-04-15 02:30:00,CUST-8254,Delhi,DEBIT_CARD,0.0,14290.29,INR,COMPLETED
ORD-2026-4379,2026-04-15 02:35:00,CUST-2002,Delhi,CREDIT_CARD,0.0,5362.74,INR,COMPLETED
ORD-2026-4380,2026-04-15 02:40:00,CUST-1242,Hyderabad,CREDIT_CARD,0.0,12401.85,INR,COMPLETED
ORD-2026-4381,2026-04-15 02:45:00,CUST-9338,Bengaluru,CREDIT_CARD,0.0,15801.28,INR,COMPLETED
ORD-2026-4382,2026-04-15 02:50:00,CUST-3521,Hyderabad,CREDIT_CARD,0.0,10829.69,INR,COMPLETED
ORD-2026-4383,2026-04-15 02:55:00,CUST-4823,Hyderabad,CREDIT_CARD,0.0,15907.07,INR,COMPLETED
ORD-2026-4384,2026-04-15 03:00:00,CUST-6045,Bengaluru,CREDIT_CARD,0.0,11610.08,INR,COMPLETED
ORD-2026-4385,2026-04-15 03:05:00,CUST-3584,Delhi,DEBIT_CARD,0.0,12571.62,INR,COMPLETED
ORD-2026-4386,2026-04-15 03:10:00,CUST-2427,Bengaluru,CREDIT_CARD,0.0,19504.57,INR,COMPLETED
ORD-2026-4387,2026-04-15 03:15:00,CUST-1315,Delhi,DEBIT_CARD,0.0,14367.58,INR,COMPLETED
ORD-2026-4388,2026-04-15 03:20:00,CUST-7232,Bengaluru,DEBIT_CARD,0.0,10093.54,INR,COMPLETED
ORD-2026-4389,2026-04-15 03:25:00,CUST-8195,Delhi,DEBIT_CARD,0.0,16751.47,INR,COMPLETED
ORD-2026-4390,2026-04-15 03:30:00,CUST-9691,Delhi,DEBIT_CARD,0.0,19932.21,INR,COMPLETED
ORD-2026-4391,2026-04-15 03:35:00,CUST-5019,Delhi,DEBIT_CARD,0.0,13856.4,INR,COMPLETED
ORD-2026-4392,2026-04-15 03:40:00,CUST-9827,Delhi,CREDIT_CARD,0.0,10386.35,INR,COMPLETED
ORD-2026-4393,2026-04-15 03:45:00,CUST-7175,Bengaluru,CREDIT_CARD,0.0,8954.56,INR,COMPLETED
ORD-2026-4394,2026-04-15 03:50:00,CUST-6631,Bengaluru,CREDIT_CARD,0.0,14200.41,INR,COMPLETED
ORD-2026-4395,2026-04-15 03:55:00,CUST-5138,Bengaluru,DEBIT_CARD,0.0,13708.84,INR,COMPLETED
ORD-2026-4396,2026-04-15 04:00:00,CUST-4272,Hyderabad,CREDIT_CARD,0.0,7914.22,INR,COMPLETED
ORD-2026-4397,2026-04-15 04:05:00,CUST-3557,Hyderabad,DEBIT_CARD,0.0,2979.19,INR,COMPLETED
ORD-2026-4398,2026-04-15 04:10:00,CUST-4335,Delhi,DEBIT_CARD,0.0,17837.04,INR,COMPLETED
ORD-2026-4399,2026-04-15 04:15:00,CUST-7588,Delhi,CREDIT_CARD,0.0,10176.71,INR,COMPLETED
ORD-2026-4400,2026-04-15 04:20:00,CUST-5849,Hyderabad,DEBIT_CARD,0.0,11904.82,INR,COMPLETED
ORD-2026-4401,2026-04-15 04:25:00,CUST-1315,Hyderabad,CREDIT_CARD,0.0,13889.24,INR,COMPLETED
ORD-2026-4402,2026-04-15 04:30:00,CUST-4012,Bengaluru,DEBIT_CARD,0.0,19125.37,INR,COMPLETED
ORD-2026-4403,2026-04-15 04:35:00,CUST-7864,Bengaluru,DEBIT_CARD,0.0,3598.71,INR,COMPLETED
ORD-2026-4404,2026-04-15 04:40:00,CUST-7305,Delhi,CREDIT_CARD,0.0,14946.18,INR,COMPLETED
ORD-2026-4405,2026-04-15 04:45:00,CUST-3169,Delhi,DEBIT_CARD,0.0,9310.6,INR,COMPLETED
ORD-2026-4406,2026-04-15 04:50:00,CUST-4933,Bengaluru,CREDIT_CARD,0.0,17132.09,INR,COMPLETED
ORD-2026-4407,2026-04-15 04:55:00,CUST-3870,Hyderabad,CREDIT_CARD,0.0,13440.85,INR,COMPLETED
ORD-2026-4408,2026-04-15 05:00:00,CUST-4577,Hyderabad,DEBIT_CARD,0.0,7051.0,INR,COMPLETED
ORD-2026-4409,2026-04-15 05:05:00,CUST-6472,Bengaluru,CREDIT_CARD,0.0,13554.65,INR,COMPLETED
ORD-2026-4410,2026-04-15 05:10:00,CUST-5837,Bengaluru,CREDIT_CARD,0.0,5215.57,INR,COMPLETED
ORD-2026-4411,2026-04-15 05:15:00,CUST-7126,Delhi,CREDIT_CARD,0.0,13837.33,INR,COMPLETED
ORD-2026-4412,2026-04-15 05:20:00,CUST-3559,Delhi,CREDIT_CARD,0.0,12540.2,INR,COMPLETED
ORD-2026-4413,2026-04-15 05:25:00,CUST-5362,Bengaluru,CREDIT_CARD,0.0,2161.19,INR,COMPLETED
ORD-2026-4414,2026-04-15 05:30:00,CUST-7172,Bengaluru,CREDIT_CARD,0.0,6498.66,INR,COMPLETED
ORD-2026-4415,2026-04-15 05:35:00,CUST-5811,Delhi,CREDIT_CARD,0.0,18529.23,INR,COMPLETED
ORD-2026-4416,2026-04-15 05:40:00,CUST-6051,Delhi,CREDIT_CARD,0.0,17200.31,INR,COMPLETED
ORD-2026-4417,2026-04-15 05:45:00,CUST-7961,Hyderabad,CREDIT_CARD,0.0,14571.22,INR,COMPLETED
ORD-2026-4418,2026-04-15 05:50:00,CUST-5561,Bengaluru,DEBIT_CARD,0.0,16215.91,INR,COMPLETED
ORD-2026-4419,2026-04-15 05:55:00,CUST-5456,Bengaluru,DEBIT_CARD,0.0,16887.24,INR,COMPLETED
ORD-2026-4420,2026-04-15 06:00:00,CUST-8401,Hyderabad,DEBIT_CARD,0.0,17737.01,INR,COMPLETED
ORD-2026-4421,2026-04-15 06:05:00,CUST-7554,Hyderabad,DEBIT_CARD,0.0,6976.01,INR,COMPLETED
ORD-2026-4422,2026-04-15 06:10:00,CUST-1629,Hyderabad,CREDIT_CARD,0.0,6154.78,INR,COMPLETED
ORD-2026-4423,2026-04-15 06:15:00,CUST-9666,Hyderabad,DEBIT_CARD,0.0,12877.74,INR,COMPLETED
ORD-2026-4424,2026-04-15 06:20:00,CUST-6085,Bengaluru,CREDIT_CARD,0.0,4328.26,INR,COMPLETED
ORD-2026-4425,2026-04-15 06:25:00,CUST-1827,Hyderabad,CREDIT_CARD,0.0,4427.99,INR,COMPLETED
ORD-2026-4426,2026-04-15 06:30:00,CUST-7729,Bengaluru,DEBIT_CARD,0.0,5321.34,INR,COMPLETED
ORD-2026-4427,2026-04-15 06:35:00,CUST-2190,Hyderabad,DEBIT_CARD,0.0,9505.15,INR,COMPLETED
ORD-2026-4428,2026-04-15 06:40:00,CUST-7176,Bengaluru,CREDIT_CARD,0.0,18065.73,INR,COMPLETED
ORD-2026-4429,2026-04-15 06:45:00,CUST-8822,Hyderabad,CREDIT_CARD,0.0,5876.05,INR,COMPLETED
ORD-2026-4430,2026-04-15 06:50:00,CUST-4068,Hyderabad,DEBIT_CARD,0.0,10116.92,INR,COMPLETED
ORD-2026-4431,2026-04-15 06:55:00,CUST-5174,Bengaluru,DEBIT_CARD,0.0,4185.52,INR,COMPLETED
ORD-2026-4432,2026-04-15 07:00:00,CUST-5047,Delhi,DEBIT_CARD,0.0,18113.83,INR,COMPLETED
ORD-2026-4433,2026-04-15 07:05:00,CUST-2386,Delhi,CREDIT_CARD,0.0,19568.87,INR,COMPLETED
ORD-2026-4434,2026-04-15 07:10:00,CUST-2089,Hyderabad,CREDIT_CARD,0.0,2527.96,INR,COMPLETED
ORD-2026-4435,2026-04-15 07:15:00,CUST-3405,Bengaluru,DEBIT_CARD,0.0,18739.03,INR,COMPLETED
ORD-2026-4436,2026-04-15 07:20:00,CUST-4716,Delhi,DEBIT_CARD,0.0,15341.44,INR,COMPLETED
ORD-2026-4437,2026-04-15 07:25:00,CUST-2936,Delhi,CREDIT_CARD,0.0,5919.09,INR,COMPLETED
ORD-2026-4438,2026-04-15 07:30:00,CUST-9905,Hyderabad,DEBIT_CARD,0.0,7785.15,INR,COMPLETED
ORD-2026-4439,2026-04-15 07:35:00,CUST-7287,Hyderabad,DEBIT_CARD,0.0,13599.69,INR,COMPLETED
ORD-2026-4440,2026-04-15 07:40:00,CUST-1186,Hyderabad,CREDIT_CARD,0.0,7343.33,INR,COMPLETED
ORD-2026-4441,2026-04-15 07:45:00,CUST-4803,Delhi,CREDIT_CARD,0.0,6203.58,INR,COMPLETED
ORD-2026-4442,2026-04-15 07:50:00,CUST-2676,Bengaluru,DEBIT_CARD,0.0,12955.36,INR,COMPLETED
ORD-2026-4443,2026-04-15 07:55:00,CUST-9932,Delhi,DEBIT_CARD,0.0,4251.84,INR,COMPLETED
ORD-2026-4444,2026-04-15 08:00:00,CUST-2395,Hyderabad,CREDIT_CARD,0.0,17828.24,INR,COMPLETED
ORD-2026-4445,2026-04-15 08:05:00,CUST-7692,Hyderabad,CREDIT_CARD,0.0,10074.26,INR,COMPLETED
ORD-2026-4446,2026-04-15 08:10:00,CUST-8869,Delhi,DEBIT_CARD,0.0,12293.68,INR,COMPLETED
ORD-2026-4447,2026-04-15 08:15:00,CUST-6035,Hyderabad,DEBIT_CARD,0.0,6462.36,INR,COMPLETED
ORD-2026-4448,2026-04-15 08:20:00,CUST-2188,Bengaluru,CREDIT_CARD,0.0,7723.78,INR,COMPLETED
ORD-2026-4449,2026-04-15 08:25:00,CUST-2588,Delhi,DEBIT_CARD,0.0,17307.56,INR,COMPLETED
ORD-2026-4450,2026-04-15 08:30:00,CUST-3778,Delhi,DEBIT_CARD,0.0,10925.63,INR,COMPLETED
ORD-2026-4451,2026-04-15 08:35:00,CUST-2411,Bengaluru,CREDIT_CARD,0.0,6063.6,INR,COMPLETED
ORD-2026-4452,2026-04-15 08:40:00,CUST-2162,Bengaluru,CREDIT_CARD,0.0,14510.18,INR,COMPLETED
ORD-2026-4453,2026-04-15 08:45:00,CUST-8530,Delhi,DEBIT_CARD,0.0,5480.77,INR,COMPLETED
ORD-2026-4454,2026-04-15 08:50:00,CUST-6087,Hyderabad,CREDIT_CARD,0.0,16586.57,INR,COMPLETED
ORD-2026-4455,2026-04-15 08:55:00,CUST-9083,Hyderabad,CREDIT_CARD,0.0,16035.15,INR,COMPLETED
ORD-2026-4456,2026-04-15 09:00:00,CUST-4694,Hyderabad,DEBIT_CARD,0.0,17588.02,INR,COMPLETED
ORD-2026-4457,2026-04-15 09:05:00,CUST-2248,Bengaluru,DEBIT_CARD,0.0,9443.7,INR,COMPLETED
ORD-2026-4458,2026-04-15 09:10:00,CUST-6853,Delhi,DEBIT_CARD,0.0,13337.75,INR,COMPLETED
ORD-2026-4459,2026-04-15 09:15:00,CUST-3727,Bengaluru,CREDIT_CARD,0.0,19298.25,INR,COMPLETED
ORD-2026-4460,2026-04-15 09:20:00,CUST-4155,Hyderabad,DEBIT_CARD,0.0,8330.15,INR,COMPLETED
ORD-2026-4461,2026-04-15 09:25:00,CUST-6800,Bengaluru,CREDIT_CARD,0.0,12050.2,INR,COMPLETED
ORD-2026-4462,2026-04-15 09:30:00,CUST-2295,Bengaluru,DEBIT_CARD,0.0,11802.96,INR,COMPLETED
ORD-2026-4463,2026-04-15 09:35:00,CUST-7429,Bengaluru,DEBIT_CARD,0.0,6690.3,INR,COMPLETED
ORD-2026-4464,2026-04-15 09:40:00,CUST-1768,Bengaluru,CREDIT_CARD,0.0,18592.86,INR,COMPLETED
ORD-2026-4465,2026-04-15 09:45:00,CUST-5670,Delhi,DEBIT_CARD,0.0,2048.47,INR,COMPLETED
ORD-2026-4466,2026-04-15 09:50:00,CUST-6225,Hyderabad,CREDIT_CARD,0.0,14902.84,INR,COMPLETED
ORD-2026-4467,2026-04-15 09:55:00,CUST-5073,Bengaluru,DEBIT_CARD,0.0,19724.82,INR,COMPLETED
ORD-2026-4468,2026-04-15 10:00:00,CUST-1395,Bengaluru,CREDIT_CARD,0.0,16476.89,INR,COMPLETED
ORD-2026-4469,2026-04-15 10:05:00,CUST-3626,Bengaluru,DEBIT_CARD,0.0,9085.81,INR,COMPLETED
ORD-2026-4470,2026-04-15 10:10:00,CUST-9912,Bengaluru,DEBIT_CARD,0.0,18476.09,INR,COMPLETED
ORD-2026-4471,2026-04-15 10:15:00,CUST-1344,Bengaluru,DEBIT_CARD,0.0,13310.16,INR,COMPLETED
ORD-2026-4472,2026-04-15 10:20:00,CUST-6270,Delhi,CREDIT_CARD,0.0,4727.93,INR,COMPLETED
ORD-2026-4473,2026-04-15 10:25:00,CUST-8165,Bengaluru,DEBIT_CARD,0.0,7084.72,INR,COMPLETED
ORD-2026-4474,2026-04-15 10:30:00,CUST-7840,Delhi,CREDIT_CARD,0.0,8165.82,INR,COMPLETED
ORD-2026-4475,2026-04-15 10:35:00,CUST-8674,Hyderabad,CREDIT_CARD,0.0,12888.23,INR,COMPLETED
ORD-2026-4476,2026-04-15 10:40:00,CUST-8077,Hyderabad,CREDIT_CARD,0.0,15717.57,INR,COMPLETED
ORD-2026-4477,2026-04-15 10:45:00,CUST-1697,Bengaluru,DEBIT_CARD,0.0,19863.2,INR,COMPLETED
ORD-2026-4478,2026-04-15 10:50:00,CUST-2518,Bengaluru,CREDIT_CARD,0.0,12790.73,INR,COMPLETED
ORD-2026-4479,2026-04-15 10:55:00,CUST-3379,Hyderabad,CREDIT_CARD,0.0,3653.76,INR,COMPLETED
ORD-2026-4480,2026-04-15 11:00:00,CUST-5516,Bengaluru,CREDIT_CARD,0.0,8035.14,INR,COMPLETED
ORD-2026-4481,2026-04-15 11:05:00,CUST-7542,Delhi,CREDIT_CARD,0.0,8172.38,INR,COMPLETED
ORD-2026-4482,2026-04-15 11:10:00,CUST-7607,Delhi,CREDIT_CARD,0.0,4005.89,INR,COMPLETED
ORD-2026-4483,2026-04-15 11:15:00,CUST-6137,Delhi,CREDIT_CARD,0.0,4641.32,INR,COMPLETED
ORD-2026-4484,2026-04-15 11:20:00,CUST-5466,Hyderabad,CREDIT_CARD,0.0,10568.88,INR,COMPLETED
ORD-2026-4485,2026-04-15 11:25:00,CUST-1929,Bengaluru,DEBIT_CARD,0.0,15075.37,INR,COMPLETED
ORD-2026-4486,2026-04-15 11:30:00,CUST-2040,Hyderabad,CREDIT_CARD,0.0,3438.71,INR,COMPLETED
ORD-2026-4487,2026-04-15 11:35:00,CUST-6553,Bengaluru,CREDIT_CARD,0.0,16811.74,INR,COMPLETED
ORD-2026-4488,2026-04-15 11:40:00,CUST-8961,Hyderabad,DEBIT_CARD,0.0,9582.04,INR,COMPLETED
ORD-2026-4489,2026-04-15 11:45:00,CUST-6352,Bengaluru,DEBIT_CARD,0.0,5236.44,INR,COMPLETED
ORD-2026-4490,2026-04-15 11:50:00,CUST-1222,Delhi,DEBIT_CARD,0.0,6177.6,INR,COMPLETED
ORD-2026-4491,2026-04-15 11:55:00,CUST-7127,Hyderabad,DEBIT_CARD,0.0,2295.99,INR,COMPLETED
ORD-2026-4492,2026-04-15 12:00:00,CUST-9469,Hyderabad,CREDIT_CARD,0.0,18323.29,INR,COMPLETED
ORD-2026-4493,2026-04-15 12:05:00,CUST-1680,Hyderabad,CREDIT_CARD,0.0,9080.67,INR,COMPLETED
ORD-2026-4494,2026-04-15 12:10:00,CUST-7077,Delhi,DEBIT_CARD,0.0,16926.23,INR,COMPLETED
ORD-2026-4495,2026-04-15 12:15:00,CUST-8027,Hyderabad,CREDIT_CARD,0.0,13645.63,INR,COMPLETED
ORD-2026-4496,2026-04-15 12:20:00,CUST-4544,Bengaluru,CREDIT_CARD,0.0,2197.08,INR,COMPLETED
ORD-2026-4497,2026-04-15 12:25:00,CUST-1961,Bengaluru,CREDIT_CARD,0.0,19791.86,INR,COMPLETED
ORD-2026-4498,2026-04-15 12:30:00,CUST-3216,Delhi,CREDIT_CARD,0.0,4576.92,INR,COMPLETED
ORD-2026-4499,2026-04-15 12:35:00,CUST-8537,Hyderabad,CREDIT_CARD,0.0,14394.07,INR,COMPLETED
ORD-2026-4500,2026-04-15 12:40:00,CUST-2836,Bengaluru,DEBIT_CARD,0.0,6162.77,INR,COMPLETED
ORD-2026-4501,2026-04-03 09:00:00,CUST-1682,Delhi,UPI,0.0,4876.7,INR,COMPLETED
ORD-2026-4502,2026-04-03 09:00:00,CUST-9739,Hyderabad,UPI,0.0,3493.12,INR,COMPLETED
ORD-2026-4503,2026-04-03 09:00:00,CUST-8593,Hyderabad,UPI,0.0,1171.99,INR,COMPLETED
ORD-2026-4504,2026-04-03 09:00:00,CUST-9077,Hyderabad,UPI,0.0,4668.93,INR,COMPLETED
ORD-2026-4505,2026-04-03 09:00:00,CUST-5223,Hyderabad,UPI,0.0,3646.34,INR,COMPLETED
ORD-2026-4506,2026-04-03 09:00:00,CUST-3245,Delhi,UPI,0.0,4925.93,INR,COMPLETED
ORD-2026-4507,2026-04-03 09:00:00,CUST-5612,Bengaluru,UPI,0.0,2276.09,INR,COMPLETED
ORD-2026-4508,2026-04-03 09:00:00,CUST-6396,Delhi,UPI,0.0,2141.25,INR,COMPLETED
ORD-2026-4509,2026-04-03 09:00:00,CUST-3037,Bengaluru,UPI,0.0,3055.18,INR,COMPLETED
ORD-2026-4510,2026-04-03 09:00:00,CUST-2978,Bengaluru,UPI,0.0,1065.16,INR,COMPLETED
ORD-2026-4511,2026-04-03 09:00:00,CUST-7378,Hyderabad,UPI,0.0,3192.1,INR,COMPLETED
ORD-2026-4512,2026-04-03 09:00:00,CUST-9673,Delhi,UPI,0.0,3517.0,INR,COMPLETED
ORD-2026-4513,2026-04-03 09:00:00,CUST-5636,Hyderabad,UPI,0.0,2133.57,INR,COMPLETED
ORD-2026-4514,2026-04-03 09:00:00,CUST-7654,Delhi,UPI,0.0,2592.55,INR,COMPLETED
ORD-2026-4515,2026-04-03 09:00:00,CUST-7078,Delhi,UPI,0.0,4467.82,INR,COMPLETED
ORD-2026-4516,2026-04-03 09:00:00,CUST-9110,Delhi,UPI,0.0,1493.39,INR,COMPLETED
ORD-2026-4517,2026-04-03 09:00:00,CUST-7674,Hyderabad,UPI,0.0,2259.59,INR,COMPLETED
ORD-2026-4518,2026-04-03 09:00:00,CUST-7691,Delhi,UPI,0.0,1048.29,INR,COMPLETED
ORD-2026-4519,2026-04-03 09:00:00,CUST-3286,Hyderabad,UPI,0.0,4243.44,INR,COMPLETED
ORD-2026-4520,2026-04-03 09:00:00,CUST-1499,Hyderabad,UPI,0.0,3167.04,INR,COMPLETED
ORD-2026-4521,2026-04-04 09:00:00,CUST-3527,Hyderabad,UPI,0.0,2185.33,INR,COMPLETED
ORD-2026-4522,2026-04-04 09:00:00,CUST-7653,Delhi,UPI,0.0,4607.19,INR,COMPLETED
ORD-2026-4523,2026-04-04 09:00:00,CUST-6788,Delhi,UPI,0.0,1524.33,INR,COMPLETED
ORD-2026-4524,2026-04-04 09:00:00,CUST-6982,Delhi,UPI,0.0,2463.89,INR,COMPLETED
ORD-2026-4525,2026-04-04 09:00:00,CUST-4261,Bengaluru,UPI,0.0,1284.03,INR,COMPLETED
ORD-2026-4526,2026-04-04 09:00:00,CUST-8228,Delhi,UPI,0.0,1017.47,INR,COMPLETED
ORD-2026-4527,2026-04-04 09:00:00,CUST-2477,Hyderabad,UPI,0.0,3717.56,INR,COMPLETED
ORD-2026-4528,2026-04-04 09:00:00,CUST-2538,Hyderabad,UPI,0.0,2988.2,INR,COMPLETED
ORD-2026-4529,2026-04-04 09:00:00,CUST-6682,Bengaluru,UPI,0.0,2692.99,INR,COMPLETED
ORD-2026-4530,2026-04-04 09:00:00,CUST-2013,Hyderabad,UPI,0.0,2760.15,INR,COMPLETED
ORD-2026-4531,2026-04-04 09:00:00,CUST-5188,Hyderabad,UPI,0.0,1515.79,INR,COMPLETED
ORD-2026-4532,2026-04-04 09:00:00,CUST-5018,Bengaluru,UPI,0.0,1300.21,INR,COMPLETED
ORD-2026-4533,2026-04-04 09:00:00,CUST-8247,Bengaluru,UPI,0.0,2305.59,INR,COMPLETED
ORD-2026-4534,2026-04-04 09:00:00,CUST-7150,Hyderabad,UPI,0.0,2061.39,INR,COMPLETED
ORD-2026-4535,2026-04-04 09:00:00,CUST-6986,Delhi,UPI,0.0,3927.69,INR,COMPLETED
ORD-2026-4536,2026-04-04 09:00:00,CUST-6240,Bengaluru,UPI,0.0,1388.3,INR,COMPLETED
ORD-2026-4537,2026-04-04 09:00:00,CUST-8660,Bengaluru,UPI,0.0,4755.88,INR,COMPLETED
ORD-2026-4538,2026-04-04 09:00:00,CUST-8540,Delhi,UPI,0.0,1217.66,INR,COMPLETED
ORD-2026-4539,2026-04-04 09:00:00,CUST-2309,Bengaluru,UPI,0.0,3290.68,INR,COMPLETED
ORD-2026-4540,2026-04-04 09:00:00,CUST-9708,Hyderabad,UPI,0.0,4729.62,INR,COMPLETED
ORD-2026-4541,2026-04-05 09:00:00,CUST-5920,Bengaluru,UPI,0.0,4857.7,INR,COMPLETED
ORD-2026-4542,2026-04-05 09:00:00,CUST-4519,Hyderabad,UPI,0.0,2618.46,INR,COMPLETED
ORD-2026-4543,2026-04-05 09:00:00,CUST-3016,Bengaluru,UPI,0.0,2320.39,INR,COMPLETED
ORD-2026-4544,2026-04-05 09:00:00,CUST-6280,Bengaluru,UPI,0.0,1940.21,INR,COMPLETED
ORD-2026-4545,2026-04-05 09:00:00,CUST-5322,Bengaluru,UPI,0.0,3429.09,INR,COMPLETED
ORD-2026-4546,2026-04-05 09:00:00,CUST-8536,Hyderabad,UPI,0.0,3682.21,INR,COMPLETED
ORD-2026-4547,2026-04-05 09:00:00,CUST-1113,Hyderabad,UPI,0.0,3187.75,INR,COMPLETED
ORD-2026-4548,2026-04-05 09:00:00,CUST-1805,Delhi,UPI,0.0,3746.66,INR,COMPLETED
ORD-2026-4549,2026-04-05 09:00:00,CUST-8835,Hyderabad,UPI,0.0,4882.28,INR,COMPLETED
ORD-2026-4550,2026-04-05 09:00:00,CUST-2453,Bengaluru,UPI,0.0,4205.16,INR,COMPLETED
ORD-2026-4551,2026-04-05 09:00:00,CUST-1097,Bengaluru,UPI,0.0,2061.44,INR,COMPLETED
ORD-2026-4552,2026-04-05 09:00:00,CUST-4041,Delhi,UPI,0.0,1401.05,INR,COMPLETED
ORD-2026-4553,2026-04-05 09:00:00,CUST-6896,Hyderabad,UPI,0.0,1102.13,INR,COMPLETED
ORD-2026-4554,2026-04-05 09:00:00,CUST-4555,Delhi,UPI,0.0,2955.48,INR,COMPLETED
ORD-2026-4555,2026-04-05 09:00:00,CUST-3353,Bengaluru,UPI,0.0,4401.24,INR,COMPLETED
ORD-2026-4556,2026-04-05 09:00:00,CUST-8848,Delhi,UPI,0.0,3825.87,INR,COMPLETED
ORD-2026-4557,2026-04-05 09:00:00,CUST-3183,Delhi,UPI,0.0,4144.54,INR,COMPLETED
ORD-2026-4558,2026-04-05 09:00:00,CUST-7633,Hyderabad,UPI,0.0,3262.09,INR,COMPLETED
ORD-2026-4559,2026-04-05 09:00:00,CUST-4048,Bengaluru,UPI,0.0,2036.31,INR,COMPLETED
ORD-2026-4560,2026-04-05 09:00:00,CUST-6278,Delhi,UPI,0.0,4686.24,INR,COMPLETED
ORD-2026-4561,2026-04-06 09:00:00,CUST-7468,Hyderabad,UPI,0.0,1655.46,INR,COMPLETED
ORD-2026-4562,2026-04-06 09:00:00,CUST-4061,Hyderabad,UPI,0.0,2504.25,INR,COMPLETED
ORD-2026-4563,2026-04-06 09:00:00,CUST-8756,Delhi,UPI,0.0,1661.35,INR,COMPLETED
ORD-2026-4564,2026-04-06 09:00:00,CUST-3612,Delhi,UPI,0.0,3487.8,INR,COMPLETED
ORD-2026-4565,2026-04-06 09:00:00,CUST-6540,Bengaluru,UPI,0.0,3883.72,INR,COMPLETED
ORD-2026-4566,2026-04-06 09:00:00,CUST-3239,Delhi,UPI,0.0,1562.77,INR,COMPLETED
ORD-2026-4567,2026-04-06 09:00:00,CUST-1355,Bengaluru,UPI,0.0,3744.04,INR,COMPLETED
ORD-2026-4568,2026-04-06 09:00:00,CUST-1002,Delhi,UPI,0.0,1375.68,INR,COMPLETED
ORD-2026-4569,2026-04-06 09:00:00,CUST-4094,Delhi,UPI,0.0,2693.12,INR,COMPLETED
ORD-2026-4570,2026-04-06 09:00:00,CUST-3870,Bengaluru,UPI,0.0,4044.58,INR,COMPLETED
ORD-2026-4571,2026-04-06 09:00:00,CUST-3265,Delhi,UPI,0.0,2115.6,INR,COMPLETED
ORD-2026-4572,2026-04-06 09:00:00,CUST-9104,Bengaluru,UPI,0.0,4846.11,INR,COMPLETED
ORD-2026-4573,2026-04-06 09:00:00,CUST-9606,Delhi,UPI,0.0,1282.41,INR,COMPLETED
ORD-2026-4574,2026-04-06 09:00:00,CUST-1148,Bengaluru,UPI,0.0,4557.83,INR,COMPLETED
ORD-2026-4575,2026-04-06 09:00:00,CUST-6260,Delhi,UPI,0.0,2933.09,INR,COMPLETED
ORD-2026-4576,2026-04-06 09:00:00,CUST-5402,Bengaluru,UPI,0.0,2313.02,INR,COMPLETED
ORD-2026-4577,2026-04-06 09:00:00,CUST-7373,Delhi,UPI,0.0,2368.39,INR,COMPLETED
ORD-2026-4578,2026-04-06 09:00:00,CUST-8250,Hyderabad,UPI,0.0,4659.35,INR,COMPLETED
ORD-2026-4579,2026-04-06 09:00:00,CUST-2137,Delhi,UPI,0.0,2745.67,INR,COMPLETED
ORD-2026-4580,2026-04-06 09:00:00,CUST-4623,Delhi,UPI,0.0,3204.46,INR,COMPLETED
ORD-2026-4581,2026-04-07 09:00:00,CUST-7444,Hyderabad,UPI,0.0,1015.12,INR,COMPLETED
ORD-2026-4582,2026-04-07 09:00:00,CUST-4497,Bengaluru,UPI,0.0,4938.73,INR,COMPLETED
ORD-2026-4583,2026-04-07 09:00:00,CUST-8086,Bengaluru,UPI,0.0,1618.9,INR,COMPLETED
ORD-2026-4584,2026-04-07 09:00:00,CUST-3466,Delhi,UPI,0.0,3898.83,INR,COMPLETED
ORD-2026-4585,2026-04-07 09:00:00,CUST-8658,Hyderabad,UPI,0.0,2971.05,INR,COMPLETED
ORD-2026-4586,2026-04-07 09:00:00,CUST-2235,Hyderabad,UPI,0.0,1873.38,INR,COMPLETED
ORD-2026-4587,2026-04-07 09:00:00,CUST-9294,Bengaluru,UPI,0.0,4546.81,INR,COMPLETED
ORD-2026-4588,2026-04-07 09:00:00,CUST-7527,Hyderabad,UPI,0.0,4840.36,INR,COMPLETED
ORD-2026-4589,2026-04-07 09:00:00,CUST-8833,Delhi,UPI,0.0,4714.32,INR,COMPLETED
ORD-2026-4590,2026-04-07 09:00:00,CUST-8257,Delhi,UPI,0.0,4702.05,INR,COMPLETED
ORD-2026-4591,2026-04-07 09:00:00,CUST-6922,Delhi,UPI,0.0,1829.34,INR,COMPLETED
ORD-2026-4592,2026-04-07 09:00:00,CUST-1566,Hyderabad,UPI,0.0,1952.16,INR,COMPLETED
ORD-2026-4593,2026-04-07 09:00:00,CUST-3776,Bengaluru,UPI,0.0,3457.45,INR,COMPLETED
ORD-2026-4594,2026-04-07 09:00:00,CUST-5984,Delhi,UPI,0.0,3013.69,INR,COMPLETED
ORD-2026-4595,2026-04-07 09:00:00,CUST-2389,Bengaluru,UPI,0.0,3520.7,INR,COMPLETED
ORD-2026-4596,2026-04-07 09:00:00,CUST-8748,Bengaluru,UPI,0.0,4296.37,INR,COMPLETED
ORD-2026-4597,2026-04-07 09:00:00,CUST-1878,Delhi,UPI,0.0,2190.04,INR,COMPLETED
ORD-2026-4598,2026-04-07 09:00:00,CUST-5427,Delhi,UPI,0.0,4591.23,INR,COMPLETED
ORD-2026-4599,2026-04-07 09:00:00,CUST-8116,Hyderabad,UPI,0.0,3701.59,INR,COMPLETED
ORD-2026-4600,2026-04-07 09:00:00,CUST-7010,Bengaluru,UPI,0.0,4126.0,INR,COMPLETED
ORD-2026-4601,2026-04-08 09:00:00,CUST-7885,Delhi,UPI,0.0,2712.11,INR,COMPLETED
ORD-2026-4602,2026-04-08 09:00:00,CUST-1039,Hyderabad,UPI,0.0,2485.0,INR,COMPLETED
ORD-2026-4603,2026-04-08 09:00:00,CUST-1225,Delhi,UPI,0.0,4321.63,INR,COMPLETED
ORD-2026-4604,2026-04-08 09:00:00,CUST-7632,Delhi,UPI,0.0,1980.44,INR,COMPLETED
ORD-2026-4605,2026-04-08 09:00:00,CUST-6846,Bengaluru,UPI,0.0,4219.4,INR,COMPLETED
ORD-2026-4606,2026-04-08 09:00:00,CUST-7611,Hyderabad,UPI,0.0,4387.8,INR,COMPLETED
ORD-2026-4607,2026-04-08 09:00:00,CUST-2162,Hyderabad,UPI,0.0,4783.46,INR,COMPLETED
ORD-2026-4608,2026-04-08 09:00:00,CUST-5378,Hyderabad,UPI,0.0,3294.71,INR,COMPLETED
ORD-2026-4609,2026-04-08 09:00:00,CUST-4422,Delhi,UPI,0.0,3380.05,INR,COMPLETED
ORD-2026-4610,2026-04-08 09:00:00,CUST-4564,Bengaluru,UPI,0.0,3090.87,INR,COMPLETED
ORD-2026-4611,2026-04-08 09:00:00,CUST-8936,Bengaluru,UPI,0.0,3795.93,INR,COMPLETED
ORD-2026-4612,2026-04-08 09:00:00,CUST-9874,Bengaluru,UPI,0.0,3297.26,INR,COMPLETED
ORD-2026-4613,2026-04-08 09:00:00,CUST-2267,Hyderabad,UPI,0.0,2111.19,INR,COMPLETED
ORD-2026-4614,2026-04-08 09:00:00,CUST-9291,Hyderabad,UPI,0.0,3394.97,INR,COMPLETED
ORD-2026-4615,2026-04-08 09:00:00,CUST-6160,Hyderabad,UPI,0.0,1137.53,INR,COMPLETED
ORD-2026-4616,2026-04-08 09:00:00,CUST-5621,Bengaluru,UPI,0.0,1056.82,INR,COMPLETED
ORD-2026-4617,2026-04-08 09:00:00,CUST-4400,Delhi,UPI,0.0,3808.8,INR,COMPLETED
ORD-2026-4618,2026-04-08 09:00:00,CUST-8151,Hyderabad,UPI,0.0,4294.18,INR,COMPLETED
ORD-2026-4619,2026-04-08 09:00:00,CUST-3159,Bengaluru,UPI,0.0,1865.91,INR,COMPLETED
ORD-2026-4620,2026-04-08 09:00:00,CUST-5214,Hyderabad,UPI,0.0,1889.73,INR,COMPLETED
ORD-2026-4621,2026-04-09 09:00:00,CUST-3571,Bengaluru,UPI,0.0,1523.05,INR,COMPLETED
ORD-2026-4622,2026-04-09 09:00:00,CUST-9743,Bengaluru,UPI,0.0,3192.21,INR,COMPLETED
ORD-2026-4623,2026-04-09 09:00:00,CUST-2709,Hyderabad,UPI,0.0,1298.52,INR,COMPLETED
ORD-2026-4624,2026-04-09 09:00:00,CUST-6561,Delhi,UPI,0.0,3463.67,INR,COMPLETED
ORD-2026-4625,2026-04-09 09:00:00,CUST-1066,Bengaluru,UPI,0.0,2005.91,INR,COMPLETED
ORD-2026-4626,2026-04-09 09:00:00,CUST-8379,Hyderabad,UPI,0.0,1292.94,INR,COMPLETED
ORD-2026-4627,2026-04-09 09:00:00,CUST-3676,Delhi,UPI,0.0,3965.25,INR,COMPLETED
ORD-2026-4628,2026-04-09 09:00:00,CUST-9700,Bengaluru,UPI,0.0,4638.48,INR,COMPLETED
ORD-2026-4629,2026-04-09 09:00:00,CUST-9154,Hyderabad,UPI,0.0,4661.68,INR,COMPLETED
ORD-2026-4630,2026-04-09 09:00:00,CUST-3647,Hyderabad,UPI,0.0,1690.5,INR,COMPLETED
ORD-2026-4631,2026-04-09 09:00:00,CUST-8554,Bengaluru,UPI,0.0,2590.77,INR,COMPLETED
ORD-2026-4632,2026-04-09 09:00:00,CUST-9055,Delhi,UPI,0.0,3016.06,INR,COMPLETED
ORD-2026-4633,2026-04-09 09:00:00,CUST-9211,Bengaluru,UPI,0.0,4388.98,INR,COMPLETED
ORD-2026-4634,2026-04-09 09:00:00,CUST-3109,Delhi,UPI,0.0,1565.38,INR,COMPLETED
ORD-2026-4635,2026-04-09 09:00:00,CUST-9946,Bengaluru,UPI,0.0,2801.0,INR,COMPLETED
ORD-2026-4636,2026-04-09 09:00:00,CUST-6403,Bengaluru,UPI,0.0,2932.32,INR,COMPLETED
ORD-2026-4637,2026-04-09 09:00:00,CUST-5753,Delhi,UPI,0.0,3186.62,INR,COMPLETED
ORD-2026-4638,2026-04-09 09:00:00,CUST-1810,Hyderabad,UPI,0.0,2551.73,INR,COMPLETED
ORD-2026-4639,2026-04-09 09:00:00,CUST-4275,Bengaluru,UPI,0.0,3790.11,INR,COMPLETED
ORD-2026-4640,2026-04-09 09:00:00,CUST-7063,Hyderabad,UPI,0.0,3893.35,INR,COMPLETED
ORD-2026-4641,2026-04-10 09:00:00,CUST-9789,Hyderabad,UPI,0.0,2870.15,INR,COMPLETED
ORD-2026-4642,2026-04-10 09:00:00,CUST-6317,Bengaluru,UPI,0.0,2565.66,INR,COMPLETED
ORD-2026-4643,2026-04-10 09:00:00,CUST-8271,Bengaluru,UPI,0.0,2713.53,INR,COMPLETED
ORD-2026-4644,2026-04-10 09:00:00,CUST-7337,Delhi,UPI,0.0,2077.36,INR,COMPLETED
ORD-2026-4645,2026-04-10 09:00:00,CUST-9873,Delhi,UPI,0.0,4534.38,INR,COMPLETED
ORD-2026-4646,2026-04-10 09:00:00,CUST-8287,Delhi,UPI,0.0,4884.26,INR,COMPLETED
ORD-2026-4647,2026-04-10 09:00:00,CUST-2955,Delhi,UPI,0.0,1805.32,INR,COMPLETED
ORD-2026-4648,2026-04-10 09:00:00,CUST-1972,Bengaluru,UPI,0.0,4357.64,INR,COMPLETED
ORD-2026-4649,2026-04-10 09:00:00,CUST-7835,Delhi,UPI,0.0,4520.23,INR,COMPLETED
ORD-2026-4650,2026-04-10 09:00:00,CUST-3169,Delhi,UPI,0.0,2536.76,INR,COMPLETED
ORD-2026-4651,2026-04-10 09:00:00,CUST-6286,Hyderabad,UPI,0.0,1395.83,INR,COMPLETED
ORD-2026-4652,2026-04-10 09:00:00,CUST-8366,Bengaluru,UPI,0.0,4603.47,INR,COMPLETED
ORD-2026-4653,2026-04-10 09:00:00,CUST-5551,Hyderabad,UPI,0.0,3026.27,INR,COMPLETED
ORD-2026-4654,2026-04-10 09:00:00,CUST-9564,Hyderabad,UPI,0.0,2997.05,INR,COMPLETED
ORD-2026-4655,2026-04-10 09:00:00,CUST-6873,Hyderabad,UPI,0.0,2289.89,INR,COMPLETED
ORD-2026-4656,2026-04-10 09:00:00,CUST-3820,Hyderabad,UPI,0.0,2408.26,INR,COMPLETED
ORD-2026-4657,2026-04-10 09:00:00,CUST-5499,Delhi,UPI,0.0,2881.04,INR,COMPLETED
ORD-2026-4658,2026-04-10 09:00:00,CUST-7331,Bengaluru,UPI,0.0,1027.39,INR,COMPLETED
ORD-2026-4659,2026-04-10 09:00:00,CUST-9536,Hyderabad,UPI,0.0,2785.64,INR,COMPLETED
ORD-2026-4660,2026-04-10 09:00:00,CUST-3175,Hyderabad,UPI,0.0,4233.43,INR,COMPLETED
ORD-2026-4661,2026-04-11 09:00:00,CUST-2168,Hyderabad,UPI,0.0,1229.96,INR,COMPLETED
ORD-2026-4662,2026-04-11 09:00:00,CUST-5183,Hyderabad,UPI,0.0,2530.46,INR,COMPLETED
ORD-2026-4663,2026-04-11 09:00:00,CUST-3869,Hyderabad,UPI,0.0,1426.05,INR,COMPLETED
ORD-2026-4664,2026-04-11 09:00:00,CUST-5260,Delhi,UPI,0.0,4446.3,INR,COMPLETED
ORD-2026-4665,2026-04-11 09:00:00,CUST-8738,Hyderabad,UPI,0.0,4079.36,INR,COMPLETED
ORD-2026-4666,2026-04-11 09:00:00,CUST-4304,Delhi,UPI,0.0,1019.75,INR,COMPLETED
ORD-2026-4667,2026-04-11 09:00:00,CUST-9755,Hyderabad,UPI,0.0,3117.13,INR,COMPLETED
ORD-2026-4668,2026-04-11 09:00:00,CUST-4823,Hyderabad,UPI,0.0,1067.95,INR,COMPLETED
ORD-2026-4669,2026-04-11 09:00:00,CUST-1686,Bengaluru,UPI,0.0,4282.33,INR,COMPLETED
ORD-2026-4670,2026-04-11 09:00:00,CUST-1325,Delhi,UPI,0.0,1254.09,INR,COMPLETED
ORD-2026-4671,2026-04-11 09:00:00,CUST-1746,Bengaluru,UPI,0.0,2632.84,INR,COMPLETED
ORD-2026-4672,2026-04-11 09:00:00,CUST-5387,Delhi,UPI,0.0,2193.2,INR,COMPLETED
ORD-2026-4673,2026-04-11 09:00:00,CUST-9399,Bengaluru,UPI,0.0,4665.23,INR,COMPLETED
ORD-2026-4674,2026-04-11 09:00:00,CUST-3840,Delhi,UPI,0.0,2644.85,INR,COMPLETED
ORD-2026-4675,2026-04-11 09:00:00,CUST-6452,Bengaluru,UPI,0.0,4189.25,INR,COMPLETED
ORD-2026-4676,2026-04-11 09:00:00,CUST-9760,Delhi,UPI,0.0,1194.05,INR,COMPLETED
ORD-2026-4677,2026-04-11 09:00:00,CUST-5554,Bengaluru,UPI,0.0,1121.59,INR,COMPLETED
ORD-2026-4678,2026-04-11 09:00:00,CUST-5409,Bengaluru,UPI,0.0,1276.65,INR,COMPLETED
ORD-2026-4679,2026-04-11 09:00:00,CUST-8098,Bengaluru,UPI,0.0,3313.55,INR,COMPLETED
ORD-2026-4680,2026-04-11 09:00:00,CUST-8792,Bengaluru,UPI,0.0,1264.85,INR,COMPLETED
ORD-2026-4681,2026-04-12 09:00:00,CUST-8978,Delhi,UPI,0.0,4472.03,INR,COMPLETED
ORD-2026-4682,2026-04-12 09:00:00,CUST-6515,Delhi,UPI,0.0,4362.8,INR,COMPLETED
ORD-2026-4683,2026-04-12 09:00:00,CUST-2794,Delhi,UPI,0.0,3220.95,INR,COMPLETED
ORD-2026-4684,2026-04-12 09:00:00,CUST-5428,Bengaluru,UPI,0.0,2450.31,INR,COMPLETED
ORD-2026-4685,2026-04-12 09:00:00,CUST-6206,Delhi,UPI,0.0,1052.73,INR,COMPLETED
ORD-2026-4686,2026-04-12 09:00:00,CUST-6798,Hyderabad,UPI,0.0,2856.15,INR,COMPLETED
ORD-2026-4687,2026-04-12 09:00:00,CUST-9063,Hyderabad,UPI,0.0,4007.17,INR,COMPLETED
ORD-2026-4688,2026-04-12 09:00:00,CUST-1232,Bengaluru,UPI,0.0,4951.43,INR,COMPLETED
ORD-2026-4689,2026-04-12 09:00:00,CUST-4649,Bengaluru,UPI,0.0,2287.47,INR,COMPLETED
ORD-2026-4690,2026-04-12 09:00:00,CUST-1308,Hyderabad,UPI,0.0,2004.86,INR,COMPLETED
ORD-2026-4691,2026-04-12 09:00:00,CUST-9986,Delhi,UPI,0.0,3337.91,INR,COMPLETED
ORD-2026-4692,2026-04-12 09:00:00,CUST-8081,Delhi,UPI,0.0,1561.42,INR,COMPLETED
ORD-2026-4693,2026-04-12 09:00:00,CUST-5111,Hyderabad,UPI,0.0,1674.34,INR,COMPLETED
ORD-2026-4694,2026-04-12 09:00:00,CUST-1725,Delhi,UPI,0.0,1588.56,INR,COMPLETED
ORD-2026-4695,2026-04-12 09:00:00,CUST-6796,Bengaluru,UPI,0.0,4877.79,INR,COMPLETED
ORD-2026-4696,2026-04-12 09:00:00,CUST-3292,Hyderabad,UPI,0.0,3401.86,INR,COMPLETED
ORD-2026-4697,2026-04-12 09:00:00,CUST-1287,Hyderabad,UPI,0.0,3082.34,INR,COMPLETED
ORD-2026-4698,2026-04-12 09:00:00,CUST-6114,Delhi,UPI,0.0,1764.84,INR,COMPLETED
ORD-2026-4699,2026-04-12 09:00:00,CUST-2578,Bengaluru,UPI,0.0,1163.48,INR,COMPLETED
ORD-2026-4700,2026-04-12 09:00:00,CUST-8533,Hyderabad,UPI,0.0,3976.41,INR,COMPLETED
ORD-2026-4701,2026-04-13 09:00:00,CUST-8541,Hyderabad,UPI,0.0,3130.36,INR,COMPLETED
ORD-2026-4702,2026-04-13 09:00:00,CUST-2862,Bengaluru,UPI,0.0,3438.65,INR,COMPLETED
ORD-2026-4703,2026-04-13 09:00:00,CUST-9412,Hyderabad,UPI,0.0,2235.05,INR,COMPLETED
ORD-2026-4704,2026-04-13 09:00:00,CUST-9563,Bengaluru,UPI,0.0,3951.26,INR,COMPLETED
ORD-2026-4705,2026-04-13 09:00:00,CUST-1060,Bengaluru,UPI,0.0,1635.87,INR,COMPLETED
ORD-2026-4706,2026-04-13 09:00:00,CUST-3115,Bengaluru,UPI,0.0,3087.93,INR,COMPLETED
ORD-2026-4707,2026-04-13 09:00:00,CUST-9519,Hyderabad,UPI,0.0,2280.0,INR,COMPLETED
ORD-2026-4708,2026-04-13 09:00:00,CUST-5529,Delhi,UPI,0.0,3785.33,INR,COMPLETED
ORD-2026-4709,2026-04-13 09:00:00,CUST-3607,Delhi,UPI,0.0,3282.21,INR,COMPLETED
ORD-2026-4710,2026-04-13 09:00:00,CUST-4600,Delhi,UPI,0.0,3586.81,INR,COMPLETED
ORD-2026-4711,2026-04-13 09:00:00,CUST-8034,Delhi,UPI,0.0,4884.3,INR,COMPLETED
ORD-2026-4712,2026-04-13 09:00:00,CUST-6907,Bengaluru,UPI,0.0,3947.31,INR,COMPLETED
ORD-2026-4713,2026-04-13 09:00:00,CUST-5586,Delhi,UPI,0.0,3194.54,INR,COMPLETED
ORD-2026-4714,2026-04-13 09:00:00,CUST-8873,Hyderabad,UPI,0.0,2836.99,INR,COMPLETED
ORD-2026-4715,2026-04-13 09:00:00,CUST-4437,Delhi,UPI,0.0,4712.37,INR,COMPLETED
ORD-2026-4716,2026-04-13 09:00:00,CUST-8265,Delhi,UPI,0.0,4397.23,INR,COMPLETED
ORD-2026-4717,2026-04-13 09:00:00,CUST-7290,Hyderabad,UPI,0.0,3799.18,INR,COMPLETED
ORD-2026-4718,2026-04-13 09:00:00,CUST-4500,Bengaluru,UPI,0.0,1727.17,INR,COMPLETED
ORD-2026-4719,2026-04-13 09:00:00,CUST-2416,Hyderabad,UPI,0.0,4866.43,INR,COMPLETED
ORD-2026-4720,2026-04-13 09:00:00,CUST-9677,Delhi,UPI,0.0,1369.09,INR,COMPLETED
ORD-2026-4721,2026-04-14 09:00:00,CUST-3450,Hyderabad,UPI,0.0,3163.53,INR,COMPLETED
ORD-2026-4722,2026-04-14 09:00:00,CUST-7250,Hyderabad,UPI,0.0,4115.76,INR,COMPLETED
ORD-2026-4723,2026-04-14 09:00:00,CUST-6118,Hyderabad,UPI,0.0,4286.81,INR,COMPLETED
ORD-2026-4724,2026-04-14 09:00:00,CUST-1383,Hyderabad,UPI,0.0,3491.43,INR,COMPLETED
ORD-2026-4725,2026-04-14 09:00:00,CUST-4859,Delhi,UPI,0.0,4711.4,INR,COMPLETED
ORD-2026-4726,2026-04-14 09:00:00,CUST-3366,Delhi,UPI,0.0,2840.67,INR,COMPLETED
ORD-2026-4727,2026-04-14 09:00:00,CUST-2950,Hyderabad,UPI,0.0,3615.05,INR,COMPLETED
ORD-2026-4728,2026-04-14 09:00:00,CUST-1441,Delhi,UPI,0.0,3498.7,INR,COMPLETED
ORD-2026-4729,2026-04-14 09:00:00,CUST-4735,Hyderabad,UPI,0.0,4535.61,INR,COMPLETED
ORD-2026-4730,2026-04-14 09:00:00,CUST-1927,Delhi,UPI,0.0,3717.24,INR,COMPLETED
ORD-2026-4731,2026-04-14 09:00:00,CUST-8019,Hyderabad,UPI,0.0,3833.72,INR,COMPLETED
ORD-2026-4732,2026-04-14 09:00:00,CUST-9882,Bengaluru,UPI,0.0,4295.69,INR,COMPLETED
ORD-2026-4733,2026-04-14 09:00:00,CUST-1911,Bengaluru,UPI,0.0,3551.05,INR,COMPLETED
ORD-2026-4734,2026-04-14 09:00:00,CUST-5596,Hyderabad,UPI,0.0,4554.29,INR,COMPLETED
ORD-2026-4735,2026-04-14 09:00:00,CUST-6291,Bengaluru,UPI,0.0,4937.72,INR,COMPLETED
ORD-2026-4736,2026-04-14 09:00:00,CUST-8293,Hyderabad,UPI,0.0,2037.96,INR,COMPLETED
ORD-2026-4737,2026-04-14 09:00:00,CUST-6142,Delhi,UPI,0.0,2985.6,INR,COMPLETED
ORD-2026-4738,2026-04-14 09:00:00,CUST-2268,Bengaluru,UPI,0.0,3373.39,INR,COMPLETED
ORD-2026-4739,2026-04-14 09:00:00,CUST-1651,Hyderabad,UPI,0.0,3163.15,INR,COMPLETED
ORD-2026-4740,2026-04-14 09:00:00,CUST-8582,Bengaluru,UPI,0.0,3995.79,INR,COMPLETED
ORD-2026-4741,2026-04-15 09:00:00,CUST-2061,Hyderabad,UPI,0.0,2410.97,INR,COMPLETED
ORD-2026-4742,2026-04-15 09:00:00,CUST-1951,Bengaluru,UPI,0.0,2976.45,INR,COMPLETED
ORD-2026-4743,2026-04-15 09:00:00,CUST-7055,Bengaluru,UPI,0.0,3324.12,INR,COMPLETED
ORD-2026-4744,2026-04-15 09:00:00,CUST-7399,Delhi,UPI,0.0,4950.26,INR,COMPLETED
ORD-2026-4745,2026-04-15 09:00:00,CUST-4442,Bengaluru,UPI,0.0,2619.95,INR,COMPLETED
ORD-2026-4746,2026-04-15 09:00:00,CUST-9384,Hyderabad,UPI,0.0,2054.3,INR,COMPLETED
ORD-2026-4747,2026-04-15 09:00:00,CUST-9603,Delhi,UPI,0.0,2644.1,INR,COMPLETED
ORD-2026-4748,2026-04-15 09:00:00,CUST-1276,Bengaluru,UPI,0.0,4444.98,INR,COMPLETED
ORD-2026-4749,2026-04-15 09:00:00,CUST-2298,Delhi,UPI,0.0,2915.95,INR,COMPLETED
ORD-2026-4750,2026-04-15 09:00:00,CUST-7539,Bengaluru,UPI,0.0,1951.18,INR,COMPLETED
ORD-2026-4751,2026-04-15 09:00:00,CUST-2876,Bengaluru,UPI,0.0,1435.1,INR,COMPLETED
ORD-2026-4752,2026-04-15 09:00:00,CUST-1456,Bengaluru,UPI,0.0,4145.41,INR,COMPLETED
ORD-2026-4753,2026-04-15 09:00:00,CUST-2445,Bengaluru,UPI,0.0,4398.9,INR,COMPLETED
ORD-2026-4754,2026-04-15 09:00:00,CUST-9959,Delhi,UPI,0.0,4513.98,INR,COMPLETED
ORD-2026-4755,2026-04-15 09:00:00,CUST-9847,Bengaluru,UPI,0.0,1618.75,INR,COMPLETED
ORD-2026-4756,2026-04-15 09:00:00,CUST-2610,Bengaluru,UPI,0.0,3574.3,INR,COMPLETED
ORD-2026-4757,2026-04-15 09:00:00,CUST-1435,Bengaluru,UPI,0.0,4068.06,INR,COMPLETED
ORD-2026-4758,2026-04-15 09:00:00,CUST-1115,Hyderabad,UPI,0.0,4310.08,INR,COMPLETED
ORD-2026-4759,2026-04-15 09:00:00,CUST-1600,Delhi,UPI,0.0,2552.1,INR,COMPLETED
ORD-2026-4760,2026-04-15 09:00:00,CUST-3161,Delhi,UPI,0.0,1188.3,INR,COMPLETED
ORD-2026-4761,2026-04-16 09:00:00,CUST-3358,Hyderabad,UPI,0.0,4117.34,INR,COMPLETED
ORD-2026-4762,2026-04-16 09:00:00,CUST-4784,Delhi,UPI,0.0,3213.12,INR,COMPLETED
ORD-2026-4763,2026-04-16 09:00:00,CUST-9378,Bengaluru,UPI,0.0,2099.6,INR,COMPLETED
ORD-2026-4764,2026-04-16 09:00:00,CUST-8154,Bengaluru,UPI,0.0,4718.79,INR,COMPLETED
ORD-2026-4765,2026-04-16 09:00:00,CUST-8440,Delhi,UPI,0.0,2215.15,INR,COMPLETED
ORD-2026-4766,2026-04-16 09:00:00,CUST-6180,Delhi,UPI,0.0,1970.44,INR,COMPLETED
ORD-2026-4767,2026-04-16 09:00:00,CUST-6372,Hyderabad,UPI,0.0,2682.89,INR,COMPLETED
ORD-2026-4768,2026-04-16 09:00:00,CUST-7779,Bengaluru,UPI,0.0,3044.13,INR,COMPLETED
ORD-2026-4769,2026-04-16 09:00:00,CUST-4691,Delhi,UPI,0.0,4131.76,INR,COMPLETED
ORD-2026-4770,2026-04-16 09:00:00,CUST-8308,Delhi,UPI,0.0,2353.28,INR,COMPLETED
ORD-2026-4771,2026-04-16 09:00:00,CUST-8245,Delhi,UPI,0.0,4201.46,INR,COMPLETED
ORD-2026-4772,2026-04-16 09:00:00,CUST-3798,Bengaluru,UPI,0.0,3958.94,INR,COMPLETED
ORD-2026-4773,2026-04-16 09:00:00,CUST-4572,Delhi,UPI,0.0,4595.19,INR,COMPLETED
ORD-2026-4774,2026-04-16 09:00:00,CUST-6574,Bengaluru,UPI,0.0,2291.62,INR,COMPLETED
ORD-2026-4775,2026-04-16 09:00:00,CUST-6214,Hyderabad,UPI,0.0,1170.83,INR,COMPLETED
ORD-2026-4776,2026-04-16 09:00:00,CUST-1536,Hyderabad,UPI,0.0,3704.48,INR,COMPLETED
ORD-2026-4777,2026-04-16 09:00:00,CUST-2533,Bengaluru,UPI,0.0,1507.91,INR,COMPLETED
ORD-2026-4778,2026-04-16 09:00:00,CUST-4647,Bengaluru,UPI,0.0,2913.76,INR,COMPLETED
ORD-2026-4779,2026-04-16 09:00:00,CUST-5590,Hyderabad,UPI,0.0,2095.39,INR,COMPLETED
ORD-2026-4780,2026-04-16 09:00:00,CUST-7023,Bengaluru,UPI,0.0,1178.85,INR,COMPLETED
ORD-2026-4781,2026-04-17 09:00:00,CUST-2250,Hyderabad,UPI,0.0,1836.95,INR,COMPLETED
ORD-2026-4782,2026-04-17 09:00:00,CUST-8919,Delhi,UPI,0.0,1255.57,INR,COMPLETED
ORD-2026-4783,2026-04-17 09:00:00,CUST-2677,Delhi,UPI,0.0,3605.6,INR,COMPLETED
ORD-2026-4784,2026-04-17 09:00:00,CUST-6287,Delhi,UPI,0.0,4744.84,INR,COMPLETED
ORD-2026-4785,2026-04-17 09:00:00,CUST-9777,Hyderabad,UPI,0.0,1793.81,INR,COMPLETED
ORD-2026-4786,2026-04-17 09:00:00,CUST-7447,Bengaluru,UPI,0.0,1455.32,INR,COMPLETED
ORD-2026-4787,2026-04-17 09:00:00,CUST-1613,Bengaluru,UPI,0.0,3406.96,INR,COMPLETED
ORD-2026-4788,2026-04-17 09:00:00,CUST-8378,Bengaluru,UPI,0.0,3555.48,INR,COMPLETED
ORD-2026-4789,2026-04-17 09:00:00,CUST-1875,Delhi,UPI,0.0,2785.63,INR,COMPLETED
ORD-2026-4790,2026-04-17 09:00:00,CUST-5957,Bengaluru,UPI,0.0,1928.48,INR,COMPLETED
ORD-2026-4791,2026-04-17 09:00:00,CUST-7985,Bengaluru,UPI,0.0,2068.04,INR,COMPLETED
ORD-2026-4792,2026-04-17 09:00:00,CUST-7750,Hyderabad,UPI,0.0,2167.69,INR,COMPLETED
ORD-2026-4793,2026-04-17 09:00:00,CUST-5807,Delhi,UPI,0.0,3298.02,INR,COMPLETED
ORD-2026-4794,2026-04-17 09:00:00,CUST-4799,Hyderabad,UPI,0.0,4659.92,INR,COMPLETED
ORD-2026-4795,2026-04-17 09:00:00,CUST-8000,Hyderabad,UPI,0.0,3902.52,INR,COMPLETED
ORD-2026-4796,2026-04-17 09:00:00,CUST-2087,Hyderabad,UPI,0.0,4257.61,INR,COMPLETED
ORD-2026-4797,2026-04-17 09:00:00,CUST-3207,Bengaluru,UPI,0.0,1871.72,INR,COMPLETED
ORD-2026-4798,2026-04-17 09:00:00,CUST-4582,Hyderabad,UPI,0.0,2277.19,INR,COMPLETED
ORD-2026-4799,2026-04-17 09:00:00,CUST-4412,Delhi,UPI,0.0,3024.13,INR,COMPLETED
ORD-2026-4800,2026-04-17 09:00:00,CUST-9162,Hyderabad,UPI,0.0,2420.27,INR,COMPLETED
ORD-2026-4801,2026-04-18 09:00:00,CUST-3624,Bengaluru,UPI,0.0,3825.67,INR,COMPLETED
ORD-2026-4802,2026-04-18 09:00:00,CUST-3413,Bengaluru,UPI,0.0,4640.05,INR,COMPLETED
ORD-2026-4803,2026-04-18 09:00:00,CUST-2711,Bengaluru,UPI,0.0,2756.73,INR,COMPLETED
ORD-2026-4804,2026-04-18 09:00:00,CUST-4414,Bengaluru,UPI,0.0,2574.01,INR,COMPLETED
ORD-2026-4805,2026-04-18 09:00:00,CUST-2453,Hyderabad,UPI,0.0,1150.98,INR,COMPLETED
ORD-2026-4806,2026-04-18 09:00:00,CUST-5985,Bengaluru,UPI,0.0,3236.84,INR,COMPLETED
ORD-2026-4807,2026-04-18 09:00:00,CUST-4715,Delhi,UPI,0.0,1654.71,INR,COMPLETED
ORD-2026-4808,2026-04-18 09:00:00,CUST-2482,Hyderabad,UPI,0.0,1700.2,INR,COMPLETED
ORD-2026-4809,2026-04-18 09:00:00,CUST-7108,Delhi,UPI,0.0,4418.15,INR,COMPLETED
ORD-2026-4810,2026-04-18 09:00:00,CUST-5166,Bengaluru,UPI,0.0,3199.96,INR,COMPLETED
ORD-2026-4811,2026-04-18 09:00:00,CUST-8091,Hyderabad,UPI,0.0,1989.76,INR,COMPLETED
ORD-2026-4812,2026-04-18 09:00:00,CUST-8644,Delhi,UPI,0.0,1095.86,INR,COMPLETED
ORD-2026-4813,2026-04-18 09:00:00,CUST-7296,Hyderabad,UPI,0.0,2199.56,INR,COMPLETED
ORD-2026-4814,2026-04-18 09:00:00,CUST-7369,Delhi,UPI,0.0,3836.08,INR,COMPLETED
ORD-2026-4815,2026-04-18 09:00:00,CUST-6658,Bengaluru,UPI,0.0,3908.62,INR,COMPLETED
ORD-2026-4816,2026-04-18 09:00:00,CUST-6844,Bengaluru,UPI,0.0,3528.76,INR,COMPLETED
ORD-2026-4817,2026-04-18 09:00:00,CUST-2348,Bengaluru,UPI,0.0,2133.74,INR,COMPLETED
ORD-2026-4818,2026-04-18 09:00:00,CUST-2882,Hyderabad,UPI,0.0,2948.22,INR,COMPLETED
ORD-2026-4819,2026-04-18 09:00:00,CUST-1048,Hyderabad,UPI,0.0,1254.57,INR,COMPLETED
ORD-2026-4820,2026-04-18 09:00:00,CUST-3647,Delhi,UPI,0.0,1052.51,INR,COMPLETED
ORD-2026-4821,2026-04-19 09:00:00,CUST-2540,Hyderabad,UPI,0.0,3054.48,INR,COMPLETED
ORD-2026-4822,2026-04-19 09:00:00,CUST-2176,Bengaluru,UPI,0.0,3258.18,INR,COMPLETED
ORD-2026-4823,2026-04-19 09:00:00,CUST-5696,Delhi,UPI,0.0,4336.52,INR,COMPLETED
ORD-2026-4824,2026-04-19 09:00:00,CUST-5912,Hyderabad,UPI,0.0,1911.71,INR,COMPLETED
ORD-2026-4825,2026-04-19 09:00:00,CUST-7334,Bengaluru,UPI,0.0,3670.59,INR,COMPLETED
ORD-2026-4826,2026-04-19 09:00:00,CUST-5180,Bengaluru,UPI,0.0,4557.44,INR,COMPLETED
ORD-2026-4827,2026-04-19 09:00:00,CUST-8976,Hyderabad,UPI,0.0,1813.58,INR,COMPLETED
ORD-2026-4828,2026-04-19 09:00:00,CUST-3104,Bengaluru,UPI,0.0,2151.21,INR,COMPLETED
ORD-2026-4829,2026-04-19 09:00:00,CUST-3054,Bengaluru,UPI,0.0,4241.46,INR,COMPLETED
ORD-2026-4830,2026-04-19 09:00:00,CUST-4954,Delhi,UPI,0.0,2620.27,INR,COMPLETED
ORD-2026-4831,2026-04-19 09:00:00,CUST-1469,Delhi,UPI,0.0,4082.6,INR,COMPLETED
ORD-2026-4832,2026-04-19 09:00:00,CUST-6699,Bengaluru,UPI,0.0,2699.01,INR,COMPLETED
ORD-2026-4833,2026-04-19 09:00:00,CUST-7299,Bengaluru,UPI,0.0,1118.28,INR,COMPLETED
ORD-2026-4834,2026-04-19 09:00:00,CUST-2909,Bengaluru,UPI,0.0,4276.68,INR,COMPLETED
ORD-2026-4835,2026-04-19 09:00:00,CUST-7809,Hyderabad,UPI,0.0,4562.77,INR,COMPLETED
ORD-2026-4836,2026-04-19 09:00:00,CUST-3017,Bengaluru,UPI,0.0,2809.68,INR,COMPLETED
ORD-2026-4837,2026-04-19 09:00:00,CUST-7807,Hyderabad,UPI,0.0,3985.02,INR,COMPLETED
ORD-2026-4838,2026-04-19 09:00:00,CUST-2277,Delhi,UPI,0.0,2742.03,INR,COMPLETED
ORD-2026-4839,2026-04-19 09:00:00,CUST-6135,Bengaluru,UPI,0.0,1558.2,INR,COMPLETED
ORD-2026-4840,2026-04-19 09:00:00,CUST-4940,Hyderabad,UPI,0.0,2576.63,INR,COMPLETED
ORD-2026-4841,2026-04-20 09:00:00,CUST-1525,Delhi,UPI,0.0,4245.23,INR,COMPLETED
ORD-2026-4842,2026-04-20 09:00:00,CUST-3097,Delhi,UPI,0.0,4173.74,INR,COMPLETED
ORD-2026-4843,2026-04-20 09:00:00,CUST-4607,Hyderabad,UPI,0.0,3720.2,INR,COMPLETED
ORD-2026-4844,2026-04-20 09:00:00,CUST-9916,Delhi,UPI,0.0,3454.87,INR,COMPLETED
ORD-2026-4845,2026-04-20 09:00:00,CUST-4420,Bengaluru,UPI,0.0,1289.48,INR,COMPLETED
ORD-2026-4846,2026-04-20 09:00:00,CUST-7936,Bengaluru,UPI,0.0,2750.87,INR,COMPLETED
ORD-2026-4847,2026-04-20 09:00:00,CUST-7897,Hyderabad,UPI,0.0,1882.83,INR,COMPLETED
ORD-2026-4848,2026-04-20 09:00:00,CUST-1264,Delhi,UPI,0.0,2432.33,INR,COMPLETED
ORD-2026-4849,2026-04-20 09:00:00,CUST-8411,Bengaluru,UPI,0.0,2897.41,INR,COMPLETED
ORD-2026-4850,2026-04-20 09:00:00,CUST-3453,Bengaluru,UPI,0.0,1288.67,INR,COMPLETED
ORD-2026-4851,2026-04-20 09:00:00,CUST-7612,Delhi,UPI,0.0,2217.72,INR,COMPLETED
ORD-2026-4852,2026-04-20 09:00:00,CUST-1440,Bengaluru,UPI,0.0,2097.39,INR,COMPLETED
ORD-2026-4853,2026-04-20 09:00:00,CUST-5019,Hyderabad,UPI,0.0,1656.82,INR,COMPLETED
ORD-2026-4854,2026-04-20 09:00:00,CUST-5981,Hyderabad,UPI,0.0,1250.67,INR,COMPLETED
ORD-2026-4855,2026-04-20 09:00:00,CUST-8115,Hyderabad,UPI,0.0,4631.86,INR,COMPLETED
ORD-2026-4856,2026-04-20 09:00:00,CUST-7175,Delhi,UPI,0.0,1560.45,INR,COMPLETED
ORD-2026-4857,2026-04-20 09:00:00,CUST-7287,Delhi,UPI,0.0,1440.17,INR,COMPLETED
ORD-2026-4858,2026-04-20 09:00:00,CUST-3101,Hyderabad,UPI,0.0,2958.47,INR,COMPLETED
ORD-2026-4859,2026-04-20 09:00:00,CUST-6844,Bengaluru,UPI,0.0,1872.74,INR,COMPLETED
ORD-2026-4860,2026-04-20 09:00:00,CUST-7248,Bengaluru,UPI,0.0,4618.38,INR,COMPLETED
ORD-2026-4861,2026-04-21 09:00:00,CUST-3587,Bengaluru,UPI,0.0,2339.42,INR,COMPLETED
ORD-2026-4862,2026-04-21 09:00:00,CUST-8187,Hyderabad,UPI,0.0,1730.83,INR,COMPLETED
ORD-2026-4863,2026-04-21 09:00:00,CUST-5304,Delhi,UPI,0.0,4403.23,INR,COMPLETED
ORD-2026-4864,2026-04-21 09:00:00,CUST-1736,Delhi,UPI,0.0,2194.52,INR,COMPLETED
ORD-2026-4865,2026-04-21 09:00:00,CUST-9971,Hyderabad,UPI,0.0,1865.33,INR,COMPLETED
ORD-2026-4866,2026-04-21 09:00:00,CUST-3931,Bengaluru,UPI,0.0,1009.92,INR,COMPLETED
ORD-2026-4867,2026-04-21 09:00:00,CUST-6624,Delhi,UPI,0.0,4206.33,INR,COMPLETED
ORD-2026-4868,2026-04-21 09:00:00,CUST-4412,Hyderabad,UPI,0.0,3914.43,INR,COMPLETED
ORD-2026-4869,2026-04-21 09:00:00,CUST-5191,Bengaluru,UPI,0.0,4117.95,INR,COMPLETED
ORD-2026-4870,2026-04-21 09:00:00,CUST-3304,Delhi,UPI,0.0,2597.32,INR,COMPLETED
ORD-2026-4871,2026-04-21 09:00:00,CUST-9780,Delhi,UPI,0.0,3133.78,INR,COMPLETED
ORD-2026-4872,2026-04-21 09:00:00,CUST-5926,Hyderabad,UPI,0.0,3290.65,INR,COMPLETED
ORD-2026-4873,2026-04-21 09:00:00,CUST-4824,Delhi,UPI,0.0,4020.11,INR,COMPLETED
ORD-2026-4874,2026-04-21 09:00:00,CUST-6917,Hyderabad,UPI,0.0,2010.76,INR,COMPLETED
ORD-2026-4875,2026-04-21 09:00:00,CUST-2371,Hyderabad,UPI,0.0,2511.88,INR,COMPLETED
ORD-2026-4876,2026-04-21 09:00:00,CUST-5790,Bengaluru,UPI,0.0,3746.55,INR,COMPLETED
ORD-2026-4877,2026-04-21 09:00:00,CUST-3438,Hyderabad,UPI,0.0,4317.83,INR,COMPLETED
ORD-2026-4878,2026-04-21 09:00:00,CUST-5271,Bengaluru,UPI,0.0,1371.18,INR,COMPLETED
ORD-2026-4879,2026-04-21 09:00:00,CUST-8503,Bengaluru,UPI,0.0,4126.67,INR,COMPLETED
ORD-2026-4880,2026-04-21 09:00:00,CUST-6190,Delhi,UPI,0.0,3068.23,INR,COMPLETED
ORD-2026-4881,2026-04-22 09:00:00,CUST-1132,Hyderabad,UPI,0.0,1536.05,INR,COMPLETED
ORD-2026-4882,2026-04-22 09:00:00,CUST-6279,Hyderabad,UPI,0.0,1055.86,INR,COMPLETED
ORD-2026-4883,2026-04-22 09:00:00,CUST-9119,Bengaluru,UPI,0.0,1975.44,INR,COMPLETED
ORD-2026-4884,2026-04-22 09:00:00,CUST-2552,Bengaluru,UPI,0.0,2741.79,INR,COMPLETED
ORD-2026-4885,2026-04-22 09:00:00,CUST-9656,Hyderabad,UPI,0.0,1777.28,INR,COMPLETED
ORD-2026-4886,2026-04-22 09:00:00,CUST-1979,Delhi,UPI,0.0,3008.19,INR,COMPLETED
ORD-2026-4887,2026-04-22 09:00:00,CUST-9780,Hyderabad,UPI,0.0,3892.35,INR,COMPLETED
ORD-2026-4888,2026-04-22 09:00:00,CUST-2405,Hyderabad,UPI,0.0,4860.12,INR,COMPLETED
ORD-2026-4889,2026-04-22 09:00:00,CUST-2381,Hyderabad,UPI,0.0,1824.52,INR,COMPLETED
ORD-2026-4890,2026-04-22 09:00:00,CUST-2063,Hyderabad,UPI,0.0,1368.4,INR,COMPLETED
ORD-2026-4891,2026-04-22 09:00:00,CUST-8886,Bengaluru,UPI,0.0,1915.36,INR,COMPLETED
ORD-2026-4892,2026-04-22 09:00:00,CUST-2702,Delhi,UPI,0.0,2650.21,INR,COMPLETED
ORD-2026-4893,2026-04-22 09:00:00,CUST-9986,Delhi,UPI,0.0,2943.54,INR,COMPLETED
ORD-2026-4894,2026-04-22 09:00:00,CUST-2594,Delhi,UPI,0.0,3195.17,INR,COMPLETED
ORD-2026-4895,2026-04-22 09:00:00,CUST-7641,Bengaluru,UPI,0.0,3460.56,INR,COMPLETED
ORD-2026-4896,2026-04-22 09:00:00,CUST-7934,Hyderabad,UPI,0.0,3098.02,INR,COMPLETED
ORD-2026-4897,2026-04-22 09:00:00,CUST-8440,Delhi,UPI,0.0,1515.5,INR,COMPLETED
ORD-2026-4898,2026-04-22 09:00:00,CUST-9977,Bengaluru,UPI,0.0,2626.18,INR,COMPLETED
ORD-2026-4899,2026-04-22 09:00:00,CUST-3339,Hyderabad,UPI,0.0,4351.41,INR,COMPLETED
ORD-2026-4900,2026-04-22 09:00:00,CUST-4242,Delhi,UPI,0.0,4287.87,INR,COMPLETED
ORD-2026-4901,2026-04-23 09:00:00,CUST-7099,Hyderabad,UPI,0.0,3885.94,INR,COMPLETED
ORD-2026-4902,2026-04-23 09:00:00,CUST-4214,Delhi,UPI,0.0,1716.82,INR,COMPLETED
ORD-2026-4903,2026-04-23 09:00:00,CUST-1864,Delhi,UPI,0.0,2616.98,INR,COMPLETED
ORD-2026-4904,2026-04-23 09:00:00,CUST-4031,Bengaluru,UPI,0.0,1780.95,INR,COMPLETED
ORD-2026-4905,2026-04-23 09:00:00,CUST-6492,Bengaluru,UPI,0.0,2726.95,INR,COMPLETED
ORD-2026-4906,2026-04-23 09:00:00,CUST-6490,Bengaluru,UPI,0.0,3765.53,INR,COMPLETED
ORD-2026-4907,2026-04-23 09:00:00,CUST-6348,Delhi,UPI,0.0,1075.47,INR,COMPLETED
ORD-2026-4908,2026-04-23 09:00:00,CUST-2565,Delhi,UPI,0.0,1672.8,INR,COMPLETED
ORD-2026-4909,2026-04-23 09:00:00,CUST-3513,Delhi,UPI,0.0,2157.1,INR,COMPLETED
ORD-2026-4910,2026-04-23 09:00:00,CUST-8870,Delhi,UPI,0.0,2614.86,INR,COMPLETED
ORD-2026-4911,2026-04-23 09:00:00,CUST-2235,Hyderabad,UPI,0.0,1412.39,INR,COMPLETED
ORD-2026-4912,2026-04-23 09:00:00,CUST-3321,Delhi,UPI,0.0,2279.03,INR,COMPLETED
ORD-2026-4913,2026-04-23 09:00:00,CUST-7583,Hyderabad,UPI,0.0,1381.79,INR,COMPLETED
ORD-2026-4914,2026-04-23 09:00:00,CUST-4371,Bengaluru,UPI,0.0,4571.35,INR,COMPLETED
ORD-2026-4915,2026-04-23 09:00:00,CUST-3109,Delhi,UPI,0.0,3077.23,INR,COMPLETED
ORD-2026-4916,2026-04-23 09:00:00,CUST-5552,Delhi,UPI,0.0,4411.52,INR,COMPLETED
ORD-2026-4917,2026-04-23 09:00:00,CUST-6234,Delhi,UPI,0.0,1126.03,INR,COMPLETED
ORD-2026-4918,2026-04-23 09:00:00,CUST-3137,Delhi,UPI,0.0,4476.24,INR,COMPLETED
ORD-2026-4919,2026-04-23 09:00:00,CUST-1773,Hyderabad,UPI,0.0,3659.36,INR,COMPLETED
ORD-2026-4920,2026-04-23 09:00:00,CUST-1451,Delhi,UPI,0.0,2511.12,INR,COMPLETED
ORD-2026-4921,2026-04-24 09:00:00,CUST-1759,Delhi,UPI,0.0,3956.64,INR,COMPLETED
ORD-2026-4922,2026-04-24 09:00:00,CUST-4403,Hyderabad,UPI,0.0,1455.49,INR,COMPLETED
ORD-2026-4923,2026-04-24 09:00:00,CUST-4425,Delhi,UPI,0.0,3136.74,INR,COMPLETED
ORD-2026-4924,2026-04-24 09:00:00,CUST-4152,Delhi,UPI,0.0,3303.5,INR,COMPLETED
ORD-2026-4925,2026-04-24 09:00:00,CUST-6957,Delhi,UPI,0.0,3566.97,INR,COMPLETED
ORD-2026-4926,2026-04-24 09:00:00,CUST-2912,Delhi,UPI,0.0,3068.09,INR,COMPLETED
ORD-2026-4927,2026-04-24 09:00:00,CUST-5164,Hyderabad,UPI,0.0,1633.3,INR,COMPLETED
ORD-2026-4928,2026-04-24 09:00:00,CUST-7745,Bengaluru,UPI,0.0,4329.62,INR,COMPLETED
ORD-2026-4929,2026-04-24 09:00:00,CUST-3068,Delhi,UPI,0.0,2133.23,INR,COMPLETED
ORD-2026-4930,2026-04-24 09:00:00,CUST-9201,Hyderabad,UPI,0.0,2217.12,INR,COMPLETED
ORD-2026-4931,2026-04-24 09:00:00,CUST-5881,Bengaluru,UPI,0.0,2193.6,INR,COMPLETED
ORD-2026-4932,2026-04-24 09:00:00,CUST-1081,Delhi,UPI,0.0,2770.87,INR,COMPLETED
ORD-2026-4933,2026-04-24 09:00:00,CUST-9388,Hyderabad,UPI,0.0,2054.84,INR,COMPLETED
ORD-2026-4934,2026-04-24 09:00:00,CUST-5384,Delhi,UPI,0.0,2717.6,INR,COMPLETED
ORD-2026-4935,2026-04-24 09:00:00,CUST-6842,Delhi,UPI,0.0,3981.69,INR,COMPLETED
ORD-2026-4936,2026-04-24 09:00:00,CUST-8435,Bengaluru,UPI,0.0,2749.06,INR,COMPLETED
ORD-2026-4937,2026-04-24 09:00:00,CUST-4973,Hyderabad,UPI,0.0,3680.08,INR,COMPLETED
ORD-2026-4938,2026-04-24 09:00:00,CUST-6906,Delhi,UPI,0.0,3647.48,INR,COMPLETED
ORD-2026-4939,2026-04-24 09:00:00,CUST-4801,Hyderabad,UPI,0.0,3487.32,INR,COMPLETED
ORD-2026-4940,2026-04-24 09:00:00,CUST-2509,Hyderabad,UPI,0.0,2619.06,INR,COMPLETED
ORD-2026-4941,2026-04-25 09:00:00,CUST-7285,Hyderabad,UPI,0.0,1710.25,INR,COMPLETED
ORD-2026-4942,2026-04-25 09:00:00,CUST-6447,Bengaluru,UPI,0.0,2483.71,INR,COMPLETED
ORD-2026-4943,2026-04-25 09:00:00,CUST-5382,Hyderabad,UPI,0.0,4388.25,INR,COMPLETED
ORD-2026-4944,2026-04-25 09:00:00,CUST-7391,Delhi,UPI,0.0,4056.12,INR,COMPLETED
ORD-2026-4945,2026-04-25 09:00:00,CUST-5035,Bengaluru,UPI,0.0,2478.93,INR,COMPLETED
ORD-2026-4946,2026-04-25 09:00:00,CUST-7824,Hyderabad,UPI,0.0,3043.59,INR,COMPLETED
ORD-2026-4947,2026-04-25 09:00:00,CUST-5367,Hyderabad,UPI,0.0,2200.59,INR,COMPLETED
ORD-2026-4948,2026-04-25 09:00:00,CUST-7053,Delhi,UPI,0.0,4131.03,INR,COMPLETED
ORD-2026-4949,2026-04-25 09:00:00,CUST-7076,Delhi,UPI,0.0,1996.85,INR,COMPLETED
ORD-2026-4950,2026-04-25 09:00:00,CUST-8234,Hyderabad,UPI,0.0,2154.17,INR,COMPLETED
ORD-2026-4951,2026-04-25 09:00:00,CUST-7452,Hyderabad,UPI,0.0,4695.22,INR,COMPLETED
ORD-2026-4952,2026-04-25 09:00:00,CUST-4822,Hyderabad,UPI,0.0,3878.72,INR,COMPLETED
ORD-2026-4953,2026-04-25 09:00:00,CUST-7680,Delhi,UPI,0.0,1833.51,INR,COMPLETED
ORD-2026-4954,2026-04-25 09:00:00,CUST-6555,Bengaluru,UPI,0.0,4047.56,INR,COMPLETED
ORD-2026-4955,2026-04-25 09:00:00,CUST-5745,Delhi,UPI,0.0,1999.37,INR,COMPLETED
ORD-2026-4956,2026-04-25 09:00:00,CUST-7361,Hyderabad,UPI,0.0,4509.72,INR,COMPLETED
ORD-2026-4957,2026-04-25 09:00:00,CUST-3469,Hyderabad,UPI,0.0,4695.12,INR,COMPLETED
ORD-2026-4958,2026-04-25 09:00:00,CUST-8779,Delhi,UPI,0.0,1413.03,INR,COMPLETED
ORD-2026-4959,2026-04-25 09:00:00,CUST-8498,Bengaluru,UPI,0.0,1626.62,INR,COMPLETED
ORD-2026-4960,2026-04-25 09:00:00,CUST-7854,Delhi,UPI,0.0,3791.37,INR,COMPLETED
ORD-2026-4961,2026-04-26 09:00:00,CUST-4679,Hyderabad,UPI,0.0,3501.19,INR,COMPLETED
ORD-2026-4962,2026-04-26 09:00:00,CUST-5695,Hyderabad,UPI,0.0,2085.81,INR,COMPLETED
ORD-2026-4963,2026-04-26 09:00:00,CUST-9195,Bengaluru,UPI,0.0,3194.12,INR,COMPLETED
ORD-2026-4964,2026-04-26 09:00:00,CUST-1428,Hyderabad,UPI,0.0,2716.66,INR,COMPLETED
ORD-2026-4965,2026-04-26 09:00:00,CUST-7443,Bengaluru,UPI,0.0,4139.17,INR,COMPLETED
ORD-2026-4966,2026-04-26 09:00:00,CUST-5850,Bengaluru,UPI,0.0,3153.6,INR,COMPLETED
ORD-2026-4967,2026-04-26 09:00:00,CUST-4872,Bengaluru,UPI,0.0,2881.56,INR,COMPLETED
ORD-2026-4968,2026-04-26 09:00:00,CUST-9951,Bengaluru,UPI,0.0,3433.67,INR,COMPLETED
ORD-2026-4969,2026-04-26 09:00:00,CUST-2575,Hyderabad,UPI,0.0,1308.66,INR,COMPLETED
ORD-2026-4970,2026-04-26 09:00:00,CUST-9193,Delhi,UPI,0.0,4441.78,INR,COMPLETED
ORD-2026-4971,2026-04-26 09:00:00,CUST-9442,Bengaluru,UPI,0.0,1406.02,INR,COMPLETED
ORD-2026-4972,2026-04-26 09:00:00,CUST-8567,Delhi,UPI,0.0,1786.94,INR,COMPLETED
ORD-2026-4973,2026-04-26 09:00:00,CUST-1378,Hyderabad,UPI,0.0,1116.91,INR,COMPLETED
ORD-2026-4974,2026-04-26 09:00:00,CUST-8765,Delhi,UPI,0.0,4225.61,INR,COMPLETED
ORD-2026-4975,2026-04-26 09:00:00,CUST-8725,Bengaluru,UPI,0.0,2518.16,INR,COMPLETED
ORD-2026-4976,2026-04-26 09:00:00,CUST-1066,Delhi,UPI,0.0,1664.18,INR,COMPLETED
ORD-2026-4977,2026-04-26 09:00:00,CUST-7940,Hyderabad,UPI,0.0,2095.48,INR,COMPLETED
ORD-2026-4978,2026-04-26 09:00:00,CUST-1312,Bengaluru,UPI,0.0,4835.7,INR,COMPLETED
ORD-2026-4979,2026-04-26 09:00:00,CUST-7334,Bengaluru,UPI,0.0,4584.95,INR,COMPLETED
ORD-2026-4980,2026-04-26 09:00:00,CUST-4407,Delhi,UPI,0.0,2100.39,INR,COMPLETED
ORD-2026-4981,2026-04-27 09:00:00,CUST-5677,Hyderabad,UPI,0.0,4916.85,INR,COMPLETED
ORD-2026-4982,2026-04-27 09:00:00,CUST-5879,Hyderabad,UPI,0.0,4135.02,INR,COMPLETED
ORD-2026-4983,2026-04-27 09:00:00,CUST-6297,Bengaluru,UPI,0.0,2587.44,INR,COMPLETED
ORD-2026-4984,2026-04-27 09:00:00,CUST-3361,Bengaluru,UPI,0.0,2111.88,INR,COMPLETED
ORD-2026-4985,2026-04-27 09:00:00,CUST-3694,Hyderabad,UPI,0.0,3312.61,INR,COMPLETED
ORD-2026-4986,2026-04-27 09:00:00,CUST-5858,Hyderabad,UPI,0.0,4369.79,INR,COMPLETED
ORD-2026-4987,2026-04-27 09:00:00,CUST-4360,Delhi,UPI,0.0,4002.61,INR,COMPLETED
ORD-2026-4988,2026-04-27 09:00:00,CUST-8536,Delhi,UPI,0.0,3391.39,INR,COMPLETED
ORD-2026-4989,2026-04-27 09:00:00,CUST-5924,Delhi,UPI,0.0,3992.2,INR,COMPLETED
ORD-2026-4990,2026-04-27 09:00:00,CUST-5296,Bengaluru,UPI,0.0,1860.93,INR,COMPLETED
ORD-2026-4991,2026-04-27 09:00:00,CUST-2309,Bengaluru,UPI,0.0,4385.92,INR,COMPLETED
ORD-2026-4992,2026-04-27 09:00:00,CUST-7776,Bengaluru,UPI,0.0,1439.35,INR,COMPLETED
ORD-2026-4993,2026-04-27 09:00:00,CUST-5786,Bengaluru,UPI,0.0,4644.17,INR,COMPLETED
ORD-2026-4994,2026-04-27 09:00:00,CUST-7717,Hyderabad,UPI,0.0,2840.66,INR,COMPLETED
ORD-2026-4995,2026-04-27 09:00:00,CUST-1419,Hyderabad,UPI,0.0,4958.3,INR,COMPLETED
ORD-2026-4996,2026-04-27 09:00:00,CUST-4673,Delhi,UPI,0.0,3727.71,INR,COMPLETED
ORD-2026-4997,2026-04-27 09:00:00,CUST-2817,Delhi,UPI,0.0,2314.55,INR,COMPLETED
ORD-2026-4998,2026-04-27 09:00:00,CUST-7383,Delhi,UPI,0.0,1419.52,INR,COMPLETED
ORD-2026-4999,2026-04-27 09:00:00,CUST-1451,Delhi,UPI,0.0,1679.23,INR,COMPLETED
ORD-2026-5000,2026-04-27 09:00:00,CUST-5045,Bengaluru,UPI,0.0,2605.41,INR,COMPLETED
ORD-2026-5001,2026-04-28 09:00:00,CUST-1555,Delhi,UPI,0.0,2088.43,INR,COMPLETED
ORD-2026-5002,2026-04-28 09:00:00,CUST-4794,Hyderabad,UPI,0.0,1778.75,INR,COMPLETED
ORD-2026-5003,2026-04-28 09:00:00,CUST-4529,Hyderabad,UPI,0.0,4888.25,INR,COMPLETED
ORD-2026-5004,2026-04-28 09:00:00,CUST-7869,Hyderabad,UPI,0.0,4670.57,INR,COMPLETED
ORD-2026-5005,2026-04-28 09:00:00,CUST-4360,Bengaluru,UPI,0.0,3627.17,INR,COMPLETED
ORD-2026-5006,2026-04-28 09:00:00,CUST-2644,Hyderabad,UPI,0.0,2094.53,INR,COMPLETED
ORD-2026-5007,2026-04-28 09:00:00,CUST-9937,Bengaluru,UPI,0.0,1182.36,INR,COMPLETED
ORD-2026-5008,2026-04-28 09:00:00,CUST-2017,Delhi,UPI,0.0,2061.21,INR,COMPLETED
ORD-2026-5009,2026-04-28 09:00:00,CUST-9087,Bengaluru,UPI,0.0,4459.9,INR,COMPLETED
ORD-2026-5010,2026-04-28 09:00:00,CUST-2210,Hyderabad,UPI,0.0,1866.04,INR,COMPLETED
ORD-2026-5011,2026-04-28 09:00:00,CUST-2493,Delhi,UPI,0.0,4634.84,INR,COMPLETED
ORD-2026-5012,2026-04-28 09:00:00,CUST-5635,Bengaluru,UPI,0.0,2601.83,INR,COMPLETED
ORD-2026-5013,2026-04-28 09:00:00,CUST-2360,Delhi,UPI,0.0,3617.81,INR,COMPLETED
ORD-2026-5014,2026-04-28 09:00:00,CUST-6104,Bengaluru,UPI,0.0,1190.24,INR,COMPLETED
ORD-2026-5015,2026-04-28 09:00:00,CUST-3646,Delhi,UPI,0.0,4595.83,INR,COMPLETED
ORD-2026-5016,2026-04-28 09:00:00,CUST-7835,Hyderabad,UPI,0.0,1602.09,INR,COMPLETED
ORD-2026-5017,2026-04-28 09:00:00,CUST-7622,Bengaluru,UPI,0.0,4703.32,INR,COMPLETED
ORD-2026-5018,2026-04-28 09:00:00,CUST-2185,Bengaluru,UPI,0.0,4997.01,INR,COMPLETED
ORD-2026-5019,2026-04-28 09:00:00,CUST-5037,Hyderabad,UPI,0.0,3408.89,INR,COMPLETED
ORD-2026-5020,2026-04-28 09:00:00,CUST-4286,Hyderabad,UPI,0.0,1577.52,INR,COMPLETED
ORD-2026-5021,2026-04-29 09:00:00,CUST-6392,Hyderabad,UPI,0.0,4581.27,INR,COMPLETED
ORD-2026-5022,2026-04-29 09:00:00,CUST-3554,Delhi,UPI,0.0,3214.07,INR,COMPLETED
ORD-2026-5023,2026-04-29 09:00:00,CUST-4235,Delhi,UPI,0.0,1838.12,INR,COMPLETED
ORD-2026-5024,2026-04-29 09:00:00,CUST-8832,Bengaluru,UPI,0.0,2701.87,INR,COMPLETED
ORD-2026-5025,2026-04-29 09:00:00,CUST-2575,Hyderabad,UPI,0.0,4937.48,INR,COMPLETED
ORD-2026-5026,2026-04-29 09:00:00,CUST-2633,Delhi,UPI,0.0,4349.33,INR,COMPLETED
ORD-2026-5027,2026-04-29 09:00:00,CUST-7261,Delhi,UPI,0.0,4683.12,INR,COMPLETED
ORD-2026-5028,2026-04-29 09:00:00,CUST-8873,Delhi,UPI,0.0,1319.35,INR,COMPLETED
ORD-2026-5029,2026-04-29 09:00:00,CUST-2415,Hyderabad,UPI,0.0,4420.85,INR,COMPLETED
ORD-2026-5030,2026-04-29 09:00:00,CUST-3215,Bengaluru,UPI,0.0,1464.02,INR,COMPLETED
ORD-2026-5031,2026-04-29 09:00:00,CUST-6069,Delhi,UPI,0.0,1391.04,INR,COMPLETED
ORD-2026-5032,2026-04-29 09:00:00,CUST-5971,Hyderabad,UPI,0.0,4985.44,INR,COMPLETED
ORD-2026-5033,2026-04-29 09:00:00,CUST-1070,Delhi,UPI,0.0,3676.03,INR,COMPLETED
ORD-2026-5034,2026-04-29 09:00:00,CUST-9532,Bengaluru,UPI,0.0,4882.6,INR,COMPLETED
ORD-2026-5035,2026-04-29 09:00:00,CUST-2446,Hyderabad,UPI,0.0,4212.02,INR,COMPLETED
ORD-2026-5036,2026-04-29 09:00:00,CUST-3171,Bengaluru,UPI,0.0,1368.06,INR,COMPLETED
ORD-2026-5037,2026-04-29 09:00:00,CUST-5900,Hyderabad,UPI,0.0,2837.51,INR,COMPLETED
ORD-2026-5038,2026-04-29 09:00:00,CUST-8939,Bengaluru,UPI,0.0,1546.87,INR,COMPLETED
ORD-2026-5039,2026-04-29 09:00:00,CUST-4491,Hyderabad,UPI,0.0,1300.33,INR,COMPLETED
ORD-2026-5040,2026-04-29 09:00:00,CUST-9357,Hyderabad,UPI,0.0,2905.75,INR,COMPLETED
ORD-2026-5041,2026-04-30 09:00:00,CUST-8023,Delhi,UPI,0.0,2522.26,INR,COMPLETED
ORD-2026-5042,2026-04-30 09:00:00,CUST-4913,Bengaluru,UPI,0.0,3420.79,INR,COMPLETED
ORD-2026-5043,2026-04-30 09:00:00,CUST-2305,Delhi,UPI,0.0,4154.47,INR,COMPLETED
ORD-2026-5044,2026-04-30 09:00:00,CUST-9180,Hyderabad,UPI,0.0,4671.88,INR,COMPLETED
ORD-2026-5045,2026-04-30 09:00:00,CUST-2821,Bengaluru,UPI,0.0,3458.66,INR,COMPLETED
ORD-2026-5046,2026-04-30 09:00:00,CUST-3000,Bengaluru,UPI,0.0,4943.49,INR,COMPLETED
ORD-2026-5047,2026-04-30 09:00:00,CUST-3774,Delhi,UPI,0.0,4995.02,INR,COMPLETED
ORD-2026-5048,2026-04-30 09:00:00,CUST-2949,Hyderabad,UPI,0.0,3565.66,INR,COMPLETED
ORD-2026-5049,2026-04-30 09:00:00,CUST-1784,Delhi,UPI,0.0,2135.84,INR,COMPLETED
ORD-2026-5050,2026-04-30 09:00:00,CUST-2350,Hyderabad,UPI,0.0,3839.95,INR,COMPLETED
ORD-2026-5051,2026-04-30 09:00:00,CUST-1842,Hyderabad,UPI,0.0,1871.18,INR,COMPLETED
ORD-2026-5052,2026-04-30 09:00:00,CUST-8099,Bengaluru,UPI,0.0,3387.25,INR,COMPLETED
ORD-2026-5053,2026-04-30 09:00:00,CUST-2088,Hyderabad,UPI,0.0,1742.18,INR,COMPLETED
ORD-2026-5054,2026-04-30 09:00:00,CUST-6642,Hyderabad,UPI,0.0,3191.47,INR,COMPLETED
ORD-2026-5055,2026-04-30 09:00:00,CUST-6294,Delhi,UPI,0.0,1668.88,INR,COMPLETED
ORD-2026-5056,2026-04-30 09:00:00,CUST-9140,Bengaluru,UPI,0.0,4030.64,INR,COMPLETED
ORD-2026-5057,2026-04-30 09:00:00,CUST-2229,Delhi,UPI,0.0,2247.55,INR,COMPLETED
ORD-2026-5058,2026-04-30 09:00:00,CUST-6952,Hyderabad,UPI,0.0,1555.72,INR,COMPLETED
ORD-2026-5059,2026-04-30 09:00:00,CUST-2065,Bengaluru,UPI,0.0,2946.24,INR,COMPLETED
ORD-2026-5060,2026-04-30 09:00:00,CUST-9893,Bengaluru,UPI,0.0,2866.18,INR,COMPLETED
ORD-2026-5061,2026-05-01 09:00:00,CUST-9529,Bengaluru,UPI,0.0,3454.33,INR,COMPLETED
ORD-2026-5062,2026-05-01 09:00:00,CUST-6880,Hyderabad,UPI,0.0,4659.61,INR,COMPLETED
ORD-2026-5063,2026-05-01 09:00:00,CUST-5625,Bengaluru,UPI,0.0,2561.71,INR,COMPLETED
ORD-2026-5064,2026-05-01 09:00:00,CUST-4619,Delhi,UPI,0.0,3280.85,INR,COMPLETED
ORD-2026-5065,2026-05-01 09:00:00,CUST-2736,Bengaluru,UPI,0.0,1122.5,INR,COMPLETED
ORD-2026-5066,2026-05-01 09:00:00,CUST-6582,Hyderabad,UPI,0.0,4961.64,INR,COMPLETED
ORD-2026-5067,2026-05-01 09:00:00,CUST-7584,Delhi,UPI,0.0,2805.67,INR,COMPLETED
ORD-2026-5068,2026-05-01 09:00:00,CUST-9271,Hyderabad,UPI,0.0,2462.48,INR,COMPLETED
ORD-2026-5069,2026-05-01 09:00:00,CUST-4018,Hyderabad,UPI,0.0,4546.05,INR,COMPLETED
ORD-2026-5070,2026-05-01 09:00:00,CUST-2415,Hyderabad,UPI,0.0,3552.61,INR,COMPLETED
ORD-2026-5071,2026-05-01 09:00:00,CUST-7622,Delhi,UPI,0.0,1624.25,INR,COMPLETED
ORD-2026-5072,2026-05-01 09:00:00,CUST-6924,Hyderabad,UPI,0.0,4041.69,INR,COMPLETED
ORD-2026-5073,2026-05-01 09:00:00,CUST-5243,Hyderabad,UPI,0.0,2467.83,INR,COMPLETED
ORD-2026-5074,2026-05-01 09:00:00,CUST-8805,Delhi,UPI,0.0,4495.86,INR,COMPLETED
ORD-2026-5075,2026-05-01 09:00:00,CUST-2359,Hyderabad,UPI,0.0,3653.35,INR,COMPLETED
ORD-2026-5076,2026-05-01 09:00:00,CUST-5496,Delhi,UPI,0.0,4436.09,INR,COMPLETED
ORD-2026-5077,2026-05-01 09:00:00,CUST-1083,Hyderabad,UPI,0.0,4355.33,INR,COMPLETED
ORD-2026-5078,2026-05-01 09:00:00,CUST-7897,Delhi,UPI,0.0,3036.98,INR,COMPLETED
ORD-2026-5079,2026-05-01 09:00:00,CUST-9387,Hyderabad,UPI,0.0,2042.71,INR,COMPLETED
ORD-2026-5080,2026-05-01 09:00:00,CUST-2681,Delhi,UPI,0.0,4112.12,INR,COMPLETED
ORD-2026-5081,2026-05-02 09:00:00,CUST-7747,Hyderabad,UPI,0.0,4873.66,INR,COMPLETED
ORD-2026-5082,2026-05-02 09:00:00,CUST-1966,Bengaluru,UPI,0.0,3165.98,INR,COMPLETED
ORD-2026-5083,2026-05-02 09:00:00,CUST-2643,Hyderabad,UPI,0.0,2087.77,INR,COMPLETED
ORD-2026-5084,2026-05-02 09:00:00,CUST-3305,Delhi,UPI,0.0,1542.3,INR,COMPLETED
ORD-2026-5085,2026-05-02 09:00:00,CUST-3760,Delhi,UPI,0.0,2886.85,INR,COMPLETED
ORD-2026-5086,2026-05-02 09:00:00,CUST-2823,Delhi,UPI,0.0,3006.01,INR,COMPLETED
ORD-2026-5087,2026-05-02 09:00:00,CUST-3643,Delhi,UPI,0.0,2404.7,INR,COMPLETED
ORD-2026-5088,2026-05-02 09:00:00,CUST-3426,Delhi,UPI,0.0,1917.47,INR,COMPLETED
ORD-2026-5089,2026-05-02 09:00:00,CUST-3539,Hyderabad,UPI,0.0,1699.96,INR,COMPLETED
ORD-2026-5090,2026-05-02 09:00:00,CUST-5550,Hyderabad,UPI,0.0,1052.68,INR,COMPLETED
ORD-2026-5091,2026-05-02 09:00:00,CUST-3548,Bengaluru,UPI,0.0,2306.97,INR,COMPLETED
ORD-2026-5092,2026-05-02 09:00:00,CUST-5868,Delhi,UPI,0.0,1770.42,INR,COMPLETED
ORD-2026-5093,2026-05-02 09:00:00,CUST-2511,Delhi,UPI,0.0,1005.16,INR,COMPLETED
ORD-2026-5094,2026-05-02 09:00:00,CUST-5390,Hyderabad,UPI,0.0,3905.16,INR,COMPLETED
ORD-2026-5095,2026-05-02 09:00:00,CUST-2897,Delhi,UPI,0.0,3421.36,INR,COMPLETED
ORD-2026-5096,2026-05-02 09:00:00,CUST-2667,Bengaluru,UPI,0.0,2492.1,INR,COMPLETED
ORD-2026-5097,2026-05-02 09:00:00,CUST-5034,Hyderabad,UPI,0.0,1461.84,INR,COMPLETED
ORD-2026-5098,2026-05-02 09:00:00,CUST-6151,Delhi,UPI,0.0,3668.06,INR,COMPLETED
ORD-2026-5099,2026-05-02 09:00:00,CUST-8258,Delhi,UPI,0.0,2274.74,INR,COMPLETED
ORD-2026-5100,2026-05-02 09:00:00,CUST-9693,Bengaluru,UPI,0.0,1658.93,INR,COMPLETED
ORD-2026-5101,2026-05-03 09:00:00,CUST-1125,Hyderabad,UPI,0.0,4694.14,INR,COMPLETED
ORD-2026-5102,2026-05-03 09:00:00,CUST-6888,Hyderabad,UPI,0.0,2157.07,INR,COMPLETED
ORD-2026-5103,2026-05-03 09:00:00,CUST-1670,Bengaluru,UPI,0.0,3226.1,INR,COMPLETED
ORD-2026-5104,2026-05-03 09:00:00,CUST-9588,Delhi,UPI,0.0,4036.68,INR,COMPLETED
ORD-2026-5105,2026-05-03 09:00:00,CUST-9854,Delhi,UPI,0.0,1116.84,INR,COMPLETED
ORD-2026-5106,2026-05-03 09:00:00,CUST-1388,Hyderabad,UPI,0.0,4405.95,INR,COMPLETED
ORD-2026-5107,2026-05-03 09:00:00,CUST-5713,Bengaluru,UPI,0.0,1409.31,INR,COMPLETED
ORD-2026-5108,2026-05-03 09:00:00,CUST-4974,Hyderabad,UPI,0.0,4772.89,INR,COMPLETED
ORD-2026-5109,2026-05-03 09:00:00,CUST-6454,Delhi,UPI,0.0,1308.81,INR,COMPLETED
ORD-2026-5110,2026-05-03 09:00:00,CUST-9364,Delhi,UPI,0.0,4146.57,INR,COMPLETED
ORD-2026-5111,2026-05-03 09:00:00,CUST-5303,Hyderabad,UPI,0.0,4719.34,INR,COMPLETED
ORD-2026-5112,2026-05-03 09:00:00,CUST-7717,Hyderabad,UPI,0.0,2878.12,INR,COMPLETED
ORD-2026-5113,2026-05-03 09:00:00,CUST-3111,Bengaluru,UPI,0.0,2151.35,INR,COMPLETED
ORD-2026-5114,2026-05-03 09:00:00,CUST-2392,Bengaluru,UPI,0.0,1145.65,INR,COMPLETED
ORD-2026-5115,2026-05-03 09:00:00,CUST-4658,Delhi,UPI,0.0,3039.76,INR,COMPLETED
ORD-2026-5116,2026-05-03 09:00:00,CUST-6641,Hyderabad,UPI,0.0,2542.1,INR,COMPLETED
ORD-2026-5117,2026-05-03 09:00:00,CUST-1408,Bengaluru,UPI,0.0,4925.36,INR,COMPLETED
ORD-2026-5118,2026-05-03 09:00:00,CUST-8612,Bengaluru,UPI,0.0,4981.55,INR,COMPLETED
ORD-2026-5119,2026-05-03 09:00:00,CUST-2890,Bengaluru,UPI,0.0,3340.73,INR,COMPLETED
ORD-2026-5120,2026-05-03 09:00:00,CUST-4635,Bengaluru,UPI,0.0,1583.64,INR,COMPLETED
ORD-2026-5121,2026-05-04 09:00:00,CUST-8284,Hyderabad,UPI,0.0,3901.54,INR,COMPLETED
ORD-2026-5122,2026-05-04 09:00:00,CUST-4924,Bengaluru,UPI,0.0,4724.65,INR,COMPLETED
ORD-2026-5123,2026-05-04 09:00:00,CUST-1225,Hyderabad,UPI,0.0,2609.99,INR,COMPLETED
ORD-2026-5124,2026-05-04 09:00:00,CUST-6294,Hyderabad,UPI,0.0,4257.28,INR,COMPLETED
ORD-2026-5125,2026-05-04 09:00:00,CUST-7096,Bengaluru,UPI,0.0,4659.87,INR,COMPLETED
ORD-2026-5126,2026-05-04 09:00:00,CUST-1341,Bengaluru,UPI,0.0,3288.66,INR,COMPLETED
ORD-2026-5127,2026-05-04 09:00:00,CUST-4056,Bengaluru,UPI,0.0,4038.24,INR,COMPLETED
ORD-2026-5128,2026-05-04 09:00:00,CUST-1010,Hyderabad,UPI,0.0,4579.17,INR,COMPLETED
ORD-2026-5129,2026-05-04 09:00:00,CUST-8043,Bengaluru,UPI,0.0,3410.97,INR,COMPLETED
ORD-2026-5130,2026-05-04 09:00:00,CUST-5883,Hyderabad,UPI,0.0,3550.53,INR,COMPLETED
ORD-2026-5131,2026-05-04 09:00:00,CUST-9516,Bengaluru,UPI,0.0,4575.45,INR,COMPLETED
ORD-2026-5132,2026-05-04 09:00:00,CUST-8031,Delhi,UPI,0.0,4204.01,INR,COMPLETED
ORD-2026-5133,2026-05-04 09:00:00,CUST-1794,Hyderabad,UPI,0.0,2509.05,INR,COMPLETED
ORD-2026-5134,2026-05-04 09:00:00,CUST-8531,Delhi,UPI,0.0,2326.24,INR,COMPLETED
ORD-2026-5135,2026-05-04 09:00:00,CUST-5478,Hyderabad,UPI,0.0,1934.11,INR,COMPLETED
ORD-2026-5136,2026-05-04 09:00:00,CUST-1708,Delhi,UPI,0.0,2776.21,INR,COMPLETED
ORD-2026-5137,2026-05-04 09:00:00,CUST-3357,Hyderabad,UPI,0.0,2596.29,INR,COMPLETED
ORD-2026-5138,2026-05-04 09:00:00,CUST-4648,Hyderabad,UPI,0.0,2657.5,INR,COMPLETED
ORD-2026-5139,2026-05-04 09:00:00,CUST-2132,Hyderabad,UPI,0.0,3655.53,INR,COMPLETED
ORD-2026-5140,2026-05-04 09:00:00,CUST-1959,Delhi,UPI,0.0,3350.98,INR,COMPLETED
ORD-2026-5141,2026-05-05 09:00:00,CUST-1335,Bengaluru,UPI,0.0,1879.81,INR,COMPLETED
ORD-2026-5142,2026-05-05 09:00:00,CUST-8846,Bengaluru,UPI,0.0,2121.41,INR,COMPLETED
ORD-2026-5143,2026-05-05 09:00:00,CUST-3633,Bengaluru,UPI,0.0,2593.87,INR,COMPLETED
ORD-2026-5144,2026-05-05 09:00:00,CUST-7517,Hyderabad,UPI,0.0,3451.48,INR,COMPLETED
ORD-2026-5145,2026-05-05 09:00:00,CUST-8533,Hyderabad,UPI,0.0,2077.41,INR,COMPLETED
ORD-2026-5146,2026-05-05 09:00:00,CUST-3954,Hyderabad,UPI,0.0,4438.73,INR,COMPLETED
ORD-2026-5147,2026-05-05 09:00:00,CUST-1149,Bengaluru,UPI,0.0,4210.83,INR,COMPLETED
ORD-2026-5148,2026-05-05 09:00:00,CUST-4017,Delhi,UPI,0.0,2127.94,INR,COMPLETED
ORD-2026-5149,2026-05-05 09:00:00,CUST-5104,Delhi,UPI,0.0,3975.79,INR,COMPLETED
ORD-2026-5150,2026-05-05 09:00:00,CUST-9393,Delhi,UPI,0.0,1850.37,INR,COMPLETED
ORD-2026-5151,2026-05-05 09:00:00,CUST-5487,Delhi,UPI,0.0,4067.17,INR,COMPLETED
ORD-2026-5152,2026-05-05 09:00:00,CUST-3064,Hyderabad,UPI,0.0,2817.48,INR,COMPLETED
ORD-2026-5153,2026-05-05 09:00:00,CUST-6423,Hyderabad,UPI,0.0,1442.44,INR,COMPLETED
ORD-2026-5154,2026-05-05 09:00:00,CUST-7526,Bengaluru,UPI,0.0,1986.4,INR,COMPLETED
ORD-2026-5155,2026-05-05 09:00:00,CUST-9758,Hyderabad,UPI,0.0,1432.05,INR,COMPLETED
ORD-2026-5156,2026-05-05 09:00:00,CUST-5616,Bengaluru,UPI,0.0,2261.3,INR,COMPLETED
ORD-2026-5157,2026-05-05 09:00:00,CUST-7294,Delhi,UPI,0.0,4712.67,INR,COMPLETED
ORD-2026-5158,2026-05-05 09:00:00,CUST-7206,Delhi,UPI,0.0,4336.39,INR,COMPLETED
ORD-2026-5159,2026-05-05 09:00:00,CUST-3695,Hyderabad,UPI,0.0,1648.61,INR,COMPLETED
ORD-2026-5160,2026-05-05 09:00:00,CUST-4918,Delhi,UPI,0.0,2808.71,INR,COMPLETED
ORD-2026-5161,2026-05-06 09:00:00,CUST-6536,Bengaluru,UPI,0.0,3628.64,INR,COMPLETED
ORD-2026-5162,2026-05-06 09:00:00,CUST-6879,Delhi,UPI,0.0,3399.14,INR,COMPLETED
ORD-2026-5163,2026-05-06 09:00:00,CUST-2352,Hyderabad,UPI,0.0,4723.67,INR,COMPLETED
ORD-2026-5164,2026-05-06 09:00:00,CUST-3282,Bengaluru,UPI,0.0,3560.14,INR,COMPLETED
ORD-2026-5165,2026-05-06 09:00:00,CUST-1755,Hyderabad,UPI,0.0,2547.5,INR,COMPLETED
ORD-2026-5166,2026-05-06 09:00:00,CUST-3290,Bengaluru,UPI,0.0,1081.02,INR,COMPLETED
ORD-2026-5167,2026-05-06 09:00:00,CUST-4011,Bengaluru,UPI,0.0,2740.33,INR,COMPLETED
ORD-2026-5168,2026-05-06 09:00:00,CUST-2485,Hyderabad,UPI,0.0,3468.95,INR,COMPLETED
ORD-2026-5169,2026-05-06 09:00:00,CUST-8952,Hyderabad,UPI,0.0,1631.73,INR,COMPLETED
ORD-2026-5170,2026-05-06 09:00:00,CUST-3274,Delhi,UPI,0.0,4805.11,INR,COMPLETED
ORD-2026-5171,2026-05-06 09:00:00,CUST-2425,Hyderabad,UPI,0.0,1105.77,INR,COMPLETED
ORD-2026-5172,2026-05-06 09:00:00,CUST-3897,Delhi,UPI,0.0,2856.04,INR,COMPLETED
ORD-2026-5173,2026-05-06 09:00:00,CUST-4944,Bengaluru,UPI,0.0,2436.73,INR,COMPLETED
ORD-2026-5174,2026-05-06 09:00:00,CUST-7653,Hyderabad,UPI,0.0,1704.37,INR,COMPLETED
ORD-2026-5175,2026-05-06 09:00:00,CUST-8779,Delhi,UPI,0.0,3416.49,INR,COMPLETED
ORD-2026-5176,2026-05-06 09:00:00,CUST-3067,Hyderabad,UPI,0.0,2584.86,INR,COMPLETED
ORD-2026-5177,2026-05-06 09:00:00,CUST-4529,Delhi,UPI,0.0,4006.1,INR,COMPLETED
ORD-2026-5178,2026-05-06 09:00:00,CUST-3570,Bengaluru,UPI,0.0,4356.01,INR,COMPLETED
ORD-2026-5179,2026-05-06 09:00:00,CUST-9710,Hyderabad,UPI,0.0,1180.63,INR,COMPLETED
ORD-2026-5180,2026-05-06 09:00:00,CUST-3477,Delhi,UPI,0.0,1030.36,INR,COMPLETED
ORD-2026-5181,2026-05-07 09:00:00,CUST-1798,Delhi,UPI,0.0,1380.88,INR,COMPLETED
ORD-2026-5182,2026-05-07 09:00:00,CUST-4989,Delhi,UPI,0.0,3305.82,INR,COMPLETED
ORD-2026-5183,2026-05-07 09:00:00,CUST-4697,Hyderabad,UPI,0.0,2494.69,INR,COMPLETED
ORD-2026-5184,2026-05-07 09:00:00,CUST-2388,Bengaluru,UPI,0.0,3416.78,INR,COMPLETED
ORD-2026-5185,2026-05-07 09:00:00,CUST-1952,Bengaluru,UPI,0.0,1247.18,INR,COMPLETED
ORD-2026-5186,2026-05-07 09:00:00,CUST-6596,Hyderabad,UPI,0.0,1086.72,INR,COMPLETED
ORD-2026-5187,2026-05-07 09:00:00,CUST-3395,Delhi,UPI,0.0,1397.8,INR,COMPLETED
ORD-2026-5188,2026-05-07 09:00:00,CUST-7169,Bengaluru,UPI,0.0,4366.75,INR,COMPLETED
ORD-2026-5189,2026-05-07 09:00:00,CUST-5600,Bengaluru,UPI,0.0,3871.77,INR,COMPLETED
ORD-2026-5190,2026-05-07 09:00:00,CUST-9423,Bengaluru,UPI,0.0,2968.92,INR,COMPLETED
ORD-2026-5191,2026-05-07 09:00:00,CUST-6064,Delhi,UPI,0.0,2473.86,INR,COMPLETED
ORD-2026-5192,2026-05-07 09:00:00,CUST-3336,Delhi,UPI,0.0,3908.38,INR,COMPLETED
ORD-2026-5193,2026-05-07 09:00:00,CUST-6638,Bengaluru,UPI,0.0,1001.88,INR,COMPLETED
ORD-2026-5194,2026-05-07 09:00:00,CUST-4558,Delhi,UPI,0.0,4215.21,INR,COMPLETED
ORD-2026-5195,2026-05-07 09:00:00,CUST-2357,Hyderabad,UPI,0.0,3971.6,INR,COMPLETED
ORD-2026-5196,2026-05-07 09:00:00,CUST-8679,Hyderabad,UPI,0.0,3603.56,INR,COMPLETED
ORD-2026-5197,2026-05-07 09:00:00,CUST-9756,Delhi,UPI,0.0,4664.2,INR,COMPLETED
ORD-2026-5198,2026-05-07 09:00:00,CUST-7174,Hyderabad,UPI,0.0,2139.46,INR,COMPLETED
ORD-2026-5199,2026-05-07 09:00:00,CUST-5717,Delhi,UPI,0.0,2764.37,INR,COMPLETED
ORD-2026-5200,2026-05-07 09:00:00,CUST-2937,Bengaluru,UPI,0.0,2775.75,INR,COMPLETED
ORD-2026-5201,2026-05-08 09:00:00,CUST-6779,Delhi,UPI,0.0,4779.92,INR,COMPLETED
ORD-2026-5202,2026-05-08 09:00:00,CUST-2710,Delhi,UPI,0.0,3710.72,INR,COMPLETED
ORD-2026-5203,2026-05-08 09:00:00,CUST-9174,Hyderabad,UPI,0.0,3680.32,INR,COMPLETED
ORD-2026-5204,2026-05-08 09:00:00,CUST-8012,Hyderabad,UPI,0.0,4876.79,INR,COMPLETED
ORD-2026-5205,2026-05-08 09:00:00,CUST-3896,Bengaluru,UPI,0.0,1233.65,INR,COMPLETED
ORD-2026-5206,2026-05-08 09:00:00,CUST-7849,Delhi,UPI,0.0,2883.73,INR,COMPLETED
ORD-2026-5207,2026-05-08 09:00:00,CUST-3623,Bengaluru,UPI,0.0,1500.09,INR,COMPLETED
ORD-2026-5208,2026-05-08 09:00:00,CUST-6261,Hyderabad,UPI,0.0,1346.16,INR,COMPLETED
ORD-2026-5209,2026-05-08 09:00:00,CUST-7664,Bengaluru,UPI,0.0,3189.76,INR,COMPLETED
ORD-2026-5210,2026-05-08 09:00:00,CUST-1980,Delhi,UPI,0.0,1296.72,INR,COMPLETED
ORD-2026-5211,2026-05-08 09:00:00,CUST-2134,Bengaluru,UPI,0.0,1528.18,INR,COMPLETED
ORD-2026-5212,2026-05-08 09:00:00,CUST-8839,Bengaluru,UPI,0.0,1455.51,INR,COMPLETED
ORD-2026-5213,2026-05-08 09:00:00,CUST-8238,Delhi,UPI,0.0,3188.38,INR,COMPLETED
ORD-2026-5214,2026-05-08 09:00:00,CUST-8828,Bengaluru,UPI,0.0,2545.53,INR,COMPLETED
ORD-2026-5215,2026-05-08 09:00:00,CUST-6493,Delhi,UPI,0.0,2710.31,INR,COMPLETED
ORD-2026-5216,2026-05-08 09:00:00,CUST-4250,Bengaluru,UPI,0.0,1541.93,INR,COMPLETED
ORD-2026-5217,2026-05-08 09:00:00,CUST-9833,Hyderabad,UPI,0.0,2945.18,INR,COMPLETED
ORD-2026-5218,2026-05-08 09:00:00,CUST-2173,Delhi,UPI,0.0,3343.09,INR,COMPLETED
ORD-2026-5219,2026-05-08 09:00:00,CUST-9467,Bengaluru,UPI,0.0,2514.2,INR,COMPLETED
ORD-2026-5220,2026-05-08 09:00:00,CUST-9398,Hyderabad,UPI,0.0,2137.94,INR,COMPLETED
ORD-2026-5221,2026-05-09 09:00:00,CUST-9158,Delhi,UPI,0.0,1882.68,INR,COMPLETED
ORD-2026-5222,2026-05-09 09:00:00,CUST-3494,Bengaluru,UPI,0.0,1332.51,INR,COMPLETED
ORD-2026-5223,2026-05-09 09:00:00,CUST-1353,Delhi,UPI,0.0,2246.28,INR,COMPLETED
ORD-2026-5224,2026-05-09 09:00:00,CUST-5011,Hyderabad,UPI,0.0,1115.67,INR,COMPLETED
ORD-2026-5225,2026-05-09 09:00:00,CUST-5024,Bengaluru,UPI,0.0,4320.71,INR,COMPLETED
ORD-2026-5226,2026-05-09 09:00:00,CUST-3433,Delhi,UPI,0.0,4009.37,INR,COMPLETED
ORD-2026-5227,2026-05-09 09:00:00,CUST-2198,Delhi,UPI,0.0,3812.16,INR,COMPLETED
ORD-2026-5228,2026-05-09 09:00:00,CUST-8165,Hyderabad,UPI,0.0,1572.8,INR,COMPLETED
ORD-2026-5229,2026-05-09 09:00:00,CUST-9228,Hyderabad,UPI,0.0,3397.75,INR,COMPLETED
ORD-2026-5230,2026-05-09 09:00:00,CUST-4419,Delhi,UPI,0.0,2519.96,INR,COMPLETED
ORD-2026-5231,2026-05-09 09:00:00,CUST-9771,Bengaluru,UPI,0.0,4883.6,INR,COMPLETED
ORD-2026-5232,2026-05-09 09:00:00,CUST-9042,Bengaluru,UPI,0.0,2031.42,INR,COMPLETED
ORD-2026-5233,2026-05-09 09:00:00,CUST-9141,Hyderabad,UPI,0.0,3214.98,INR,COMPLETED
ORD-2026-5234,2026-05-09 09:00:00,CUST-2172,Hyderabad,UPI,0.0,2369.99,INR,COMPLETED
ORD-2026-5235,2026-05-09 09:00:00,CUST-9581,Delhi,UPI,0.0,4582.07,INR,COMPLETED
ORD-2026-5236,2026-05-09 09:00:00,CUST-2611,Hyderabad,UPI,0.0,1164.98,INR,COMPLETED
ORD-2026-5237,2026-05-09 09:00:00,CUST-1496,Hyderabad,UPI,0.0,3669.2,INR,COMPLETED
ORD-2026-5238,2026-05-09 09:00:00,CUST-3681,Bengaluru,UPI,0.0,4215.31,INR,COMPLETED
ORD-2026-5239,2026-05-09 09:00:00,CUST-5797,Delhi,UPI,0.0,2711.88,INR,COMPLETED
ORD-2026-5240,2026-05-09 09:00:00,CUST-4609,Hyderabad,UPI,0.0,2724.33,INR,COMPLETED
ORD-2026-5241,2026-05-10 09:00:00,CUST-8992,Delhi,UPI,0.0,4221.93,INR,COMPLETED
ORD-2026-5242,2026-05-10 09:00:00,CUST-6176,Hyderabad,UPI,0.0,4973.69,INR,COMPLETED
ORD-2026-5243,2026-05-10 09:00:00,CUST-5078,Hyderabad,UPI,0.0,1882.43,INR,COMPLETED
ORD-2026-5244,2026-05-10 09:00:00,CUST-6987,Bengaluru,UPI,0.0,4800.73,INR,COMPLETED
ORD-2026-5245,2026-05-10 09:00:00,CUST-7322,Bengaluru,UPI,0.0,2569.01,INR,COMPLETED
ORD-2026-5246,2026-05-10 09:00:00,CUST-7729,Hyderabad,UPI,0.0,2877.05,INR,COMPLETED
ORD-2026-5247,2026-05-10 09:00:00,CUST-9377,Hyderabad,UPI,0.0,3115.74,INR,COMPLETED
ORD-2026-5248,2026-05-10 09:00:00,CUST-3617,Delhi,UPI,0.0,3354.72,INR,COMPLETED
ORD-2026-5249,2026-05-10 09:00:00,CUST-5718,Bengaluru,UPI,0.0,2114.73,INR,COMPLETED
ORD-2026-5250,2026-05-10 09:00:00,CUST-2971,Delhi,UPI,0.0,2470.43,INR,COMPLETED
ORD-2026-5251,2026-05-10 09:00:00,CUST-3262,Hyderabad,UPI,0.0,2227.31,INR,COMPLETED
ORD-2026-5252,2026-05-10 09:00:00,CUST-7771,Bengaluru,UPI,0.0,1023.25,INR,COMPLETED
ORD-2026-5253,2026-05-10 09:00:00,CUST-7861,Hyderabad,UPI,0.0,1518.46,INR,COMPLETED
ORD-2026-5254,2026-05-10 09:00:00,CUST-6469,Delhi,UPI,0.0,2532.31,INR,COMPLETED
ORD-2026-5255,2026-05-10 09:00:00,CUST-1888,Hyderabad,UPI,0.0,1571.98,INR,COMPLETED
ORD-2026-5256,2026-05-10 09:00:00,CUST-8328,Hyderabad,UPI,0.0,4063.66,INR,COMPLETED
ORD-2026-5257,2026-05-10 09:00:00,CUST-3938,Bengaluru,UPI,0.0,3843.85,INR,COMPLETED
ORD-2026-5258,2026-05-10 09:00:00,CUST-6235,Bengaluru,UPI,0.0,4778.63,INR,COMPLETED
ORD-2026-5259,2026-05-10 09:00:00,CUST-8222,Bengaluru,UPI,0.0,1087.14,INR,COMPLETED
ORD-2026-5260,2026-05-10 09:00:00,CUST-5217,Bengaluru,UPI,0.0,4110.5,INR,COMPLETED
ORD-2026-5261,2026-05-11 09:00:00,CUST-2195,Delhi,UPI,0.0,4465.89,INR,COMPLETED
ORD-2026-5262,2026-05-11 09:00:00,CUST-5934,Hyderabad,UPI,0.0,3302.11,INR,COMPLETED
ORD-2026-5263,2026-05-11 09:00:00,CUST-7082,Delhi,UPI,0.0,4474.71,INR,COMPLETED
ORD-2026-5264,2026-05-11 09:00:00,CUST-4209,Hyderabad,UPI,0.0,1744.19,INR,COMPLETED
ORD-2026-5265,2026-05-11 09:00:00,CUST-8560,Bengaluru,UPI,0.0,4571.92,INR,COMPLETED
ORD-2026-5266,2026-05-11 09:00:00,CUST-1102,Hyderabad,UPI,0.0,4935.86,INR,COMPLETED
ORD-2026-5267,2026-05-11 09:00:00,CUST-9073,Bengaluru,UPI,0.0,4642.83,INR,COMPLETED
ORD-2026-5268,2026-05-11 09:00:00,CUST-3243,Hyderabad,UPI,0.0,3268.95,INR,COMPLETED
ORD-2026-5269,2026-05-11 09:00:00,CUST-9515,Hyderabad,UPI,0.0,1464.87,INR,COMPLETED
ORD-2026-5270,2026-05-11 09:00:00,CUST-1850,Hyderabad,UPI,0.0,3792.46,INR,COMPLETED
ORD-2026-5271,2026-05-11 09:00:00,CUST-4771,Bengaluru,UPI,0.0,1096.91,INR,COMPLETED
ORD-2026-5272,2026-05-11 09:00:00,CUST-3194,Delhi,UPI,0.0,3443.86,INR,COMPLETED
ORD-2026-5273,2026-05-11 09:00:00,CUST-3359,Delhi,UPI,0.0,2170.42,INR,COMPLETED
ORD-2026-5274,2026-05-11 09:00:00,CUST-3556,Bengaluru,UPI,0.0,1772.27,INR,COMPLETED
ORD-2026-5275,2026-05-11 09:00:00,CUST-5419,Hyderabad,UPI,0.0,1224.4,INR,COMPLETED
ORD-2026-5276,2026-05-11 09:00:00,CUST-7466,Hyderabad,UPI,0.0,1256.13,INR,COMPLETED
ORD-2026-5277,2026-05-11 09:00:00,CUST-8295,Delhi,UPI,0.0,2600.8,INR,COMPLETED
ORD-2026-5278,2026-05-11 09:00:00,CUST-7668,Bengaluru,UPI,0.0,2581.7,INR,COMPLETED
ORD-2026-5279,2026-05-11 09:00:00,CUST-3303,Bengaluru,UPI,0.0,1878.84,INR,COMPLETED
ORD-2026-5280,2026-05-11 09:00:00,CUST-1071,Delhi,UPI,0.0,2705.35,INR,COMPLETED
ORD-2026-5281,2026-05-12 09:00:00,CUST-3482,Delhi,UPI,0.0,4953.76,INR,COMPLETED
ORD-2026-5282,2026-05-12 09:00:00,CUST-1802,Bengaluru,UPI,0.0,4286.82,INR,COMPLETED
ORD-2026-5283,2026-05-12 09:00:00,CUST-5787,Bengaluru,UPI,0.0,3703.56,INR,COMPLETED
ORD-2026-5284,2026-05-12 09:00:00,CUST-3072,Hyderabad,UPI,0.0,4672.42,INR,COMPLETED
ORD-2026-5285,2026-05-12 09:00:00,CUST-9898,Delhi,UPI,0.0,4268.43,INR,COMPLETED
ORD-2026-5286,2026-05-12 09:00:00,CUST-4481,Hyderabad,UPI,0.0,1818.37,INR,COMPLETED
ORD-2026-5287,2026-05-12 09:00:00,CUST-7242,Delhi,UPI,0.0,4396.46,INR,COMPLETED
ORD-2026-5288,2026-05-12 09:00:00,CUST-9347,Delhi,UPI,0.0,4787.99,INR,COMPLETED
ORD-2026-5289,2026-05-12 09:00:00,CUST-9851,Bengaluru,UPI,0.0,4754.02,INR,COMPLETED
ORD-2026-5290,2026-05-12 09:00:00,CUST-2405,Bengaluru,UPI,0.0,2621.89,INR,COMPLETED
ORD-2026-5291,2026-05-12 09:00:00,CUST-1142,Hyderabad,UPI,0.0,1827.38,INR,COMPLETED
ORD-2026-5292,2026-05-12 09:00:00,CUST-5148,Bengaluru,UPI,0.0,3560.46,INR,COMPLETED
ORD-2026-5293,2026-05-12 09:00:00,CUST-8124,Bengaluru,UPI,0.0,4669.42,INR,COMPLETED
ORD-2026-5294,2026-05-12 09:00:00,CUST-7069,Hyderabad,UPI,0.0,1532.32,INR,COMPLETED
ORD-2026-5295,2026-05-12 09:00:00,CUST-1851,Delhi,UPI,0.0,2119.73,INR,COMPLETED
ORD-2026-5296,2026-05-12 09:00:00,CUST-3385,Hyderabad,UPI,0.0,4468.35,INR,COMPLETED
ORD-2026-5297,2026-05-12 09:00:00,CUST-2533,Bengaluru,UPI,0.0,3486.53,INR,COMPLETED
ORD-2026-5298,2026-05-12 09:00:00,CUST-7130,Delhi,UPI,0.0,4722.11,INR,COMPLETED
ORD-2026-5299,2026-05-12 09:00:00,CUST-1014,Delhi,UPI,0.0,4299.48,INR,COMPLETED
ORD-2026-5300,2026-05-12 09:00:00,CUST-6436,Hyderabad,UPI,0.0,1433.12,INR,COMPLETED
ORD-2026-5301,2026-05-13 09:00:00,CUST-6652,Bengaluru,UPI,0.0,1438.9,INR,COMPLETED
ORD-2026-5302,2026-05-13 09:00:00,CUST-1983,Bengaluru,UPI,0.0,3861.58,INR,COMPLETED
ORD-2026-5303,2026-05-13 09:00:00,CUST-4551,Bengaluru,UPI,0.0,4511.1,INR,COMPLETED
ORD-2026-5304,2026-05-13 09:00:00,CUST-1585,Hyderabad,UPI,0.0,3934.99,INR,COMPLETED
ORD-2026-5305,2026-05-13 09:00:00,CUST-2116,Delhi,UPI,0.0,2021.12,INR,COMPLETED
ORD-2026-5306,2026-05-13 09:00:00,CUST-5455,Delhi,UPI,0.0,2127.38,INR,COMPLETED
ORD-2026-5307,2026-05-13 09:00:00,CUST-7646,Hyderabad,UPI,0.0,1255.5,INR,COMPLETED
ORD-2026-5308,2026-05-13 09:00:00,CUST-6569,Delhi,UPI,0.0,4574.5,INR,COMPLETED
ORD-2026-5309,2026-05-13 09:00:00,CUST-6409,Delhi,UPI,0.0,3748.41,INR,COMPLETED
ORD-2026-5310,2026-05-13 09:00:00,CUST-2688,Hyderabad,UPI,0.0,3089.76,INR,COMPLETED
ORD-2026-5311,2026-05-13 09:00:00,CUST-4559,Hyderabad,UPI,0.0,3060.21,INR,COMPLETED
ORD-2026-5312,2026-05-13 09:00:00,CUST-6238,Hyderabad,UPI,0.0,2241.18,INR,COMPLETED
ORD-2026-5313,2026-05-13 09:00:00,CUST-4229,Delhi,UPI,0.0,3022.74,INR,COMPLETED
ORD-2026-5314,2026-05-13 09:00:00,CUST-1196,Delhi,UPI,0.0,3497.86,INR,COMPLETED
ORD-2026-5315,2026-05-13 09:00:00,CUST-9459,Hyderabad,UPI,0.0,4688.7,INR,COMPLETED
ORD-2026-5316,2026-05-13 09:00:00,CUST-8329,Delhi,UPI,0.0,2525.73,INR,COMPLETED
ORD-2026-5317,2026-05-13 09:00:00,CUST-8385,Bengaluru,UPI,0.0,2948.23,INR,COMPLETED
ORD-2026-5318,2026-05-13 09:00:00,CUST-2494,Bengaluru,UPI,0.0,2049.06,INR,COMPLETED
ORD-2026-5319,2026-05-13 09:00:00,CUST-8579,Bengaluru,UPI,0.0,1148.81,INR,COMPLETED
ORD-2026-5320,2026-05-13 09:00:00,CUST-9636,Bengaluru,UPI,0.0,1410.83,INR,COMPLETED
ORD-2026-5321,2026-05-14 09:00:00,CUST-4345,Hyderabad,UPI,0.0,3583.35,INR,COMPLETED
ORD-2026-5322,2026-05-14 09:00:00,CUST-8142,Delhi,UPI,0.0,3806.91,INR,COMPLETED
ORD-2026-5323,2026-05-14 09:00:00,CUST-9453,Hyderabad,UPI,0.0,1426.81,INR,COMPLETED
ORD-2026-5324,2026-05-14 09:00:00,CUST-9476,Hyderabad,UPI,0.0,2697.17,INR,COMPLETED
ORD-2026-5325,2026-05-14 09:00:00,CUST-8700,Hyderabad,UPI,0.0,1451.29,INR,COMPLETED
ORD-2026-5326,2026-05-14 09:00:00,CUST-9541,Delhi,UPI,0.0,2754.16,INR,COMPLETED
ORD-2026-5327,2026-05-14 09:00:00,CUST-3618,Hyderabad,UPI,0.0,3655.98,INR,COMPLETED
ORD-2026-5328,2026-05-14 09:00:00,CUST-1682,Bengaluru,UPI,0.0,1262.69,INR,COMPLETED
ORD-2026-5329,2026-05-14 09:00:00,CUST-1460,Hyderabad,UPI,0.0,2283.39,INR,COMPLETED
ORD-2026-5330,2026-05-14 09:00:00,CUST-9786,Delhi,UPI,0.0,4878.59,INR,COMPLETED
ORD-2026-5331,2026-05-14 09:00:00,CUST-5187,Hyderabad,UPI,0.0,2499.7,INR,COMPLETED
ORD-2026-5332,2026-05-14 09:00:00,CUST-2097,Bengaluru,UPI,0.0,3574.5,INR,COMPLETED
ORD-2026-5333,2026-05-14 09:00:00,CUST-6360,Hyderabad,UPI,0.0,2391.11,INR,COMPLETED
ORD-2026-5334,2026-05-14 09:00:00,CUST-9936,Hyderabad,UPI,0.0,3822.36,INR,COMPLETED
ORD-2026-5335,2026-05-14 09:00:00,CUST-4922,Delhi,UPI,0.0,1987.65,INR,COMPLETED
ORD-2026-5336,2026-05-14 09:00:00,CUST-9342,Delhi,UPI,0.0,3314.01,INR,COMPLETED
ORD-2026-5337,2026-05-14 09:00:00,CUST-7355,Hyderabad,UPI,0.0,2129.15,INR,COMPLETED
ORD-2026-5338,2026-05-14 09:00:00,CUST-2544,Hyderabad,UPI,0.0,3637.83,INR,COMPLETED
ORD-2026-5339,2026-05-14 09:00:00,CUST-8896,Hyderabad,UPI,0.0,4621.69,INR,COMPLETED
ORD-2026-5340,2026-05-14 09:00:00,CUST-2090,Bengaluru,UPI,0.0,3238.23,INR,COMPLETED
ORD-2026-5341,2026-05-15 09:00:00,CUST-5385,Hyderabad,UPI,0.0,3157.7,INR,COMPLETED
ORD-2026-5342,2026-05-15 09:00:00,CUST-8944,Bengaluru,UPI,0.0,2711.03,INR,COMPLETED
ORD-2026-5343,2026-05-15 09:00:00,CUST-1070,Delhi,UPI,0.0,4476.03,INR,COMPLETED
ORD-2026-5344,2026-05-15 09:00:00,CUST-9444,Hyderabad,UPI,0.0,1025.84,INR,COMPLETED
ORD-2026-5345,2026-05-15 09:00:00,CUST-8569,Delhi,UPI,0.0,1818.03,INR,COMPLETED
ORD-2026-5346,2026-05-15 09:00:00,CUST-7295,Hyderabad,UPI,0.0,2915.96,INR,COMPLETED
ORD-2026-5347,2026-05-15 09:00:00,CUST-4636,Hyderabad,UPI,0.0,3370.11,INR,COMPLETED
ORD-2026-5348,2026-05-15 09:00:00,CUST-7078,Bengaluru,UPI,0.0,2266.62,INR,COMPLETED
ORD-2026-5349,2026-05-15 09:00:00,CUST-3696,Hyderabad,UPI,0.0,3840.48,INR,COMPLETED
ORD-2026-5350,2026-05-15 09:00:00,CUST-9484,Hyderabad,UPI,0.0,1503.13,INR,COMPLETED
ORD-2026-5351,2026-05-15 09:00:00,CUST-7987,Delhi,UPI,0.0,4773.55,INR,COMPLETED
ORD-2026-5352,2026-05-15 09:00:00,CUST-1072,Bengaluru,UPI,0.0,4873.12,INR,COMPLETED
ORD-2026-5353,2026-05-15 09:00:00,CUST-4120,Delhi,UPI,0.0,2868.46,INR,COMPLETED
ORD-2026-5354,2026-05-15 09:00:00,CUST-8731,Delhi,UPI,0.0,3140.68,INR,COMPLETED
ORD-2026-5355,2026-05-15 09:00:00,CUST-1130,Bengaluru,UPI,0.0,4544.0,INR,COMPLETED
ORD-2026-5356,2026-05-15 09:00:00,CUST-4666,Bengaluru,UPI,0.0,2826.72,INR,COMPLETED
ORD-2026-5357,2026-05-15 09:00:00,CUST-3734,Hyderabad,UPI,0.0,4460.12,INR,COMPLETED
ORD-2026-5358,2026-05-15 09:00:00,CUST-8686,Hyderabad,UPI,0.0,4173.43,INR,COMPLETED
ORD-2026-5359,2026-05-15 09:00:00,CUST-2899,Delhi,UPI,0.0,4679.42,INR,COMPLETED
ORD-2026-5360,2026-05-15 09:00:00,CUST-9212,Hyderabad,UPI,0.0,4515.28,INR,COMPLETED
ORD-2026-5361,2026-05-16 09:00:00,CUST-8876,Bengaluru,UPI,0.0,2276.16,INR,COMPLETED
ORD-2026-5362,2026-05-16 09:00:00,CUST-7388,Delhi,UPI,0.0,3015.82,INR,COMPLETED
ORD-2026-5363,2026-05-16 09:00:00,CUST-2007,Delhi,UPI,0.0,1004.39,INR,COMPLETED
ORD-2026-5364,2026-05-16 09:00:00,CUST-2358,Delhi,UPI,0.0,2770.34,INR,COMPLETED
ORD-2026-5365,2026-05-16 09:00:00,CUST-3319,Bengaluru,UPI,0.0,1292.73,INR,COMPLETED
ORD-2026-5366,2026-05-16 09:00:00,CUST-3307,Delhi,UPI,0.0,4430.2,INR,COMPLETED
ORD-2026-5367,2026-05-16 09:00:00,CUST-5755,Hyderabad,UPI,0.0,2180.81,INR,COMPLETED
ORD-2026-5368,2026-05-16 09:00:00,CUST-1849,Hyderabad,UPI,0.0,1866.43,INR,COMPLETED
ORD-2026-5369,2026-05-16 09:00:00,CUST-8920,Bengaluru,UPI,0.0,3955.44,INR,COMPLETED
ORD-2026-5370,2026-05-16 09:00:00,CUST-8694,Delhi,UPI,0.0,3648.86,INR,COMPLETED
ORD-2026-5371,2026-05-16 09:00:00,CUST-7999,Delhi,UPI,0.0,4029.57,INR,COMPLETED
ORD-2026-5372,2026-05-16 09:00:00,CUST-8778,Delhi,UPI,0.0,3711.42,INR,COMPLETED
ORD-2026-5373,2026-05-16 09:00:00,CUST-8118,Hyderabad,UPI,0.0,2504.79,INR,COMPLETED
ORD-2026-5374,2026-05-16 09:00:00,CUST-7596,Hyderabad,UPI,0.0,4087.52,INR,COMPLETED
ORD-2026-5375,2026-05-16 09:00:00,CUST-1666,Bengaluru,UPI,0.0,2626.88,INR,COMPLETED
ORD-2026-5376,2026-05-16 09:00:00,CUST-7187,Bengaluru,UPI,0.0,3437.6,INR,COMPLETED
ORD-2026-5377,2026-05-16 09:00:00,CUST-4191,Hyderabad,UPI,0.0,4418.78,INR,COMPLETED
ORD-2026-5378,2026-05-16 09:00:00,CUST-1263,Delhi,UPI,0.0,4115.91,INR,COMPLETED
ORD-2026-5379,2026-05-16 09:00:00,CUST-7007,Delhi,UPI,0.0,3459.97,INR,COMPLETED
ORD-2026-5380,2026-05-16 09:00:00,CUST-5612,Delhi,UPI,0.0,1645.91,INR,COMPLETED
ORD-2026-5381,2026-05-17 09:00:00,CUST-6972,Delhi,UPI,0.0,2519.45,INR,COMPLETED
ORD-2026-5382,2026-05-17 09:00:00,CUST-4281,Bengaluru,UPI,0.0,4121.33,INR,COMPLETED
ORD-2026-5383,2026-05-17 09:00:00,CUST-2445,Bengaluru,UPI,0.0,1729.2,INR,COMPLETED
ORD-2026-5384,2026-05-17 09:00:00,CUST-5233,Delhi,UPI,0.0,1303.76,INR,COMPLETED
ORD-2026-5385,2026-05-17 09:00:00,CUST-1217,Hyderabad,UPI,0.0,4936.3,INR,COMPLETED
ORD-2026-5386,2026-05-17 09:00:00,CUST-5661,Hyderabad,UPI,0.0,1085.0,INR,COMPLETED
ORD-2026-5387,2026-05-17 09:00:00,CUST-7903,Delhi,UPI,0.0,3687.05,INR,COMPLETED
ORD-2026-5388,2026-05-17 09:00:00,CUST-6481,Hyderabad,UPI,0.0,4049.05,INR,COMPLETED
ORD-2026-5389,2026-05-17 09:00:00,CUST-2872,Delhi,UPI,0.0,4154.36,INR,COMPLETED
ORD-2026-5390,2026-05-17 09:00:00,CUST-6386,Delhi,UPI,0.0,4631.49,INR,COMPLETED
ORD-2026-5391,2026-05-17 09:00:00,CUST-2575,Delhi,UPI,0.0,3980.89,INR,COMPLETED
ORD-2026-5392,2026-05-17 09:00:00,CUST-3480,Hyderabad,UPI,0.0,1276.97,INR,COMPLETED
ORD-2026-5393,2026-05-17 09:00:00,CUST-9256,Delhi,UPI,0.0,1035.65,INR,COMPLETED
ORD-2026-5394,2026-05-17 09:00:00,CUST-6712,Bengaluru,UPI,0.0,1538.2,INR,COMPLETED
ORD-2026-5395,2026-05-17 09:00:00,CUST-4423,Bengaluru,UPI,0.0,3287.28,INR,COMPLETED
ORD-2026-5396,2026-05-17 09:00:00,CUST-8679,Hyderabad,UPI,0.0,2046.62,INR,COMPLETED
ORD-2026-5397,2026-05-17 09:00:00,CUST-4330,Delhi,UPI,0.0,3391.49,INR,COMPLETED
ORD-2026-5398,2026-05-17 09:00:00,CUST-9316,Bengaluru,UPI,0.0,2274.58,INR,COMPLETED
ORD-2026-5399,2026-05-17 09:00:00,CUST-6868,Hyderabad,UPI,0.0,3854.92,INR,COMPLETED
ORD-2026-5400,2026-05-17 09:00:00,CUST-4062,Delhi,UPI,0.0,4577.72,INR,COMPLETED
ORD-2026-5401,2026-05-18 09:00:00,CUST-8733,Bengaluru,UPI,0.0,3281.82,INR,COMPLETED
ORD-2026-5402,2026-05-18 09:00:00,CUST-5131,Hyderabad,UPI,0.0,1365.16,INR,COMPLETED
ORD-2026-5403,2026-05-18 09:00:00,CUST-9279,Hyderabad,UPI,0.0,1969.86,INR,COMPLETED
ORD-2026-5404,2026-05-18 09:00:00,CUST-7346,Hyderabad,UPI,0.0,4939.8,INR,COMPLETED
ORD-2026-5405,2026-05-18 09:00:00,CUST-4933,Delhi,UPI,0.0,3715.11,INR,COMPLETED
ORD-2026-5406,2026-05-18 09:00:00,CUST-4402,Delhi,UPI,0.0,1091.78,INR,COMPLETED
ORD-2026-5407,2026-05-18 09:00:00,CUST-9107,Bengaluru,UPI,0.0,4769.65,INR,COMPLETED
ORD-2026-5408,2026-05-18 09:00:00,CUST-7679,Hyderabad,UPI,0.0,1554.84,INR,COMPLETED
ORD-2026-5409,2026-05-18 09:00:00,CUST-9494,Delhi,UPI,0.0,2459.47,INR,COMPLETED
ORD-2026-5410,2026-05-18 09:00:00,CUST-9826,Hyderabad,UPI,0.0,2241.51,INR,COMPLETED
ORD-2026-5411,2026-05-18 09:00:00,CUST-3727,Bengaluru,UPI,0.0,2055.48,INR,COMPLETED
ORD-2026-5412,2026-05-18 09:00:00,CUST-3105,Hyderabad,UPI,0.0,2992.24,INR,COMPLETED
ORD-2026-5413,2026-05-18 09:00:00,CUST-1563,Bengaluru,UPI,0.0,1010.45,INR,COMPLETED
ORD-2026-5414,2026-05-18 09:00:00,CUST-3314,Delhi,UPI,0.0,4522.32,INR,COMPLETED
ORD-2026-5415,2026-05-18 09:00:00,CUST-1813,Delhi,UPI,0.0,3184.42,INR,COMPLETED
ORD-2026-5416,2026-05-18 09:00:00,CUST-7176,Delhi,UPI,0.0,2216.78,INR,COMPLETED
ORD-2026-5417,2026-05-18 09:00:00,CUST-1394,Bengaluru,UPI,0.0,2278.52,INR,COMPLETED
ORD-2026-5418,2026-05-18 09:00:00,CUST-5584,Delhi,UPI,0.0,4062.76,INR,COMPLETED
ORD-2026-5419,2026-05-18 09:00:00,CUST-9118,Delhi,UPI,0.0,4295.61,INR,COMPLETED
ORD-2026-5420,2026-05-18 09:00:00,CUST-4324,Bengaluru,UPI,0.0,2602.58,INR,COMPLETED
ORD-2026-5421,2026-05-19 09:00:00,CUST-4246,Delhi,UPI,0.0,4516.43,INR,COMPLETED
ORD-2026-5422,2026-05-19 09:00:00,CUST-7894,Bengaluru,UPI,0.0,2281.07,INR,COMPLETED
ORD-2026-5423,2026-05-19 09:00:00,CUST-7248,Bengaluru,UPI,0.0,4638.3,INR,COMPLETED
ORD-2026-5424,2026-05-19 09:00:00,CUST-4289,Delhi,UPI,0.0,3851.07,INR,COMPLETED
ORD-2026-5425,2026-05-19 09:00:00,CUST-1953,Delhi,UPI,0.0,1357.64,INR,COMPLETED
ORD-2026-5426,2026-05-19 09:00:00,CUST-1858,Bengaluru,UPI,0.0,3889.53,INR,COMPLETED
ORD-2026-5427,2026-05-19 09:00:00,CUST-4846,Delhi,UPI,0.0,4283.02,INR,COMPLETED
ORD-2026-5428,2026-05-19 09:00:00,CUST-9536,Delhi,UPI,0.0,3212.18,INR,COMPLETED
ORD-2026-5429,2026-05-19 09:00:00,CUST-6074,Bengaluru,UPI,0.0,3908.47,INR,COMPLETED
ORD-2026-5430,2026-05-19 09:00:00,CUST-3842,Bengaluru,UPI,0.0,4868.71,INR,COMPLETED
ORD-2026-5431,2026-05-19 09:00:00,CUST-4778,Hyderabad,UPI,0.0,3574.79,INR,COMPLETED
ORD-2026-5432,2026-05-19 09:00:00,CUST-5565,Delhi,UPI,0.0,3796.08,INR,COMPLETED
ORD-2026-5433,2026-05-19 09:00:00,CUST-3944,Bengaluru,UPI,0.0,2340.41,INR,COMPLETED
ORD-2026-5434,2026-05-19 09:00:00,CUST-4770,Delhi,UPI,0.0,3731.77,INR,COMPLETED
ORD-2026-5435,2026-05-19 09:00:00,CUST-4614,Bengaluru,UPI,0.0,4693.85,INR,COMPLETED
ORD-2026-5436,2026-05-19 09:00:00,CUST-7958,Delhi,UPI,0.0,2773.93,INR,COMPLETED
ORD-2026-5437,2026-05-19 09:00:00,CUST-7840,Hyderabad,UPI,0.0,1969.77,INR,COMPLETED
ORD-2026-5438,2026-05-19 09:00:00,CUST-1405,Bengaluru,UPI,0.0,1681.57,INR,COMPLETED
ORD-2026-5439,2026-05-19 09:00:00,CUST-2349,Delhi,UPI,0.0,4155.48,INR,COMPLETED
ORD-2026-5440,2026-05-19 09:00:00,CUST-8030,Bengaluru,UPI,0.0,4940.18,INR,COMPLETED
ORD-2026-5441,2026-05-20 09:00:00,CUST-5965,Hyderabad,UPI,0.0,2395.16,INR,COMPLETED
ORD-2026-5442,2026-05-20 09:00:00,CUST-5201,Hyderabad,UPI,0.0,4576.52,INR,COMPLETED
ORD-2026-5443,2026-05-20 09:00:00,CUST-6693,Bengaluru,UPI,0.0,4387.22,INR,COMPLETED
ORD-2026-5444,2026-05-20 09:00:00,CUST-2446,Delhi,UPI,0.0,1881.15,INR,COMPLETED
ORD-2026-5445,2026-05-20 09:00:00,CUST-9986,Delhi,UPI,0.0,4917.91,INR,COMPLETED
ORD-2026-5446,2026-05-20 09:00:00,CUST-5006,Delhi,UPI,0.0,3697.37,INR,COMPLETED
ORD-2026-5447,2026-05-20 09:00:00,CUST-8088,Hyderabad,UPI,0.0,4448.07,INR,COMPLETED
ORD-2026-5448,2026-05-20 09:00:00,CUST-8337,Bengaluru,UPI,0.0,4719.47,INR,COMPLETED
ORD-2026-5449,2026-05-20 09:00:00,CUST-3285,Delhi,UPI,0.0,3015.35,INR,COMPLETED
ORD-2026-5450,2026-05-20 09:00:00,CUST-3044,Bengaluru,UPI,0.0,3230.8,INR,COMPLETED
ORD-2026-5451,2026-05-20 09:00:00,CUST-7917,Bengaluru,UPI,0.0,2233.7,INR,COMPLETED
ORD-2026-5452,2026-05-20 09:00:00,CUST-7687,Bengaluru,UPI,0.0,1931.12,INR,COMPLETED
ORD-2026-5453,2026-05-20 09:00:00,CUST-1471,Bengaluru,UPI,0.0,4454.06,INR,COMPLETED
ORD-2026-5454,2026-05-20 09:00:00,CUST-8959,Hyderabad,UPI,0.0,1415.38,INR,COMPLETED
ORD-2026-5455,2026-05-20 09:00:00,CUST-2610,Bengaluru,UPI,0.0,2915.74,INR,COMPLETED
ORD-2026-5456,2026-05-20 09:00:00,CUST-7522,Delhi,UPI,0.0,2980.96,INR,COMPLETED
ORD-2026-5457,2026-05-20 09:00:00,CUST-9891,Delhi,UPI,0.0,3632.81,INR,COMPLETED
ORD-2026-5458,2026-05-20 09:00:00,CUST-4869,Hyderabad,UPI,0.0,2636.67,INR,COMPLETED
ORD-2026-5459,2026-05-20 09:00:00,CUST-6857,Delhi,UPI,0.0,3178.99,INR,COMPLETED
ORD-2026-5460,2026-05-20 09:00:00,CUST-7496,Bengaluru,UPI,0.0,1351.13,INR,COMPLETED
ORD-2026-5461,2026-05-21 09:00:00,CUST-7578,Delhi,UPI,0.0,2839.56,INR,COMPLETED
ORD-2026-5462,2026-05-21 09:00:00,CUST-4015,Hyderabad,UPI,0.0,3368.5,INR,COMPLETED
ORD-2026-5463,2026-05-21 09:00:00,CUST-8272,Bengaluru,UPI,0.0,2729.02,INR,COMPLETED
ORD-2026-5464,2026-05-21 09:00:00,CUST-9435,Delhi,UPI,0.0,4323.21,INR,COMPLETED
ORD-2026-5465,2026-05-21 09:00:00,CUST-4190,Hyderabad,UPI,0.0,3279.5,INR,COMPLETED
ORD-2026-5466,2026-05-21 09:00:00,CUST-2402,Hyderabad,UPI,0.0,3574.33,INR,COMPLETED
ORD-2026-5467,2026-05-21 09:00:00,CUST-6322,Delhi,UPI,0.0,4958.04,INR,COMPLETED
ORD-2026-5468,2026-05-21 09:00:00,CUST-9810,Bengaluru,UPI,0.0,1749.05,INR,COMPLETED
ORD-2026-5469,2026-05-21 09:00:00,CUST-5774,Bengaluru,UPI,0.0,1002.7,INR,COMPLETED
ORD-2026-5470,2026-05-21 09:00:00,CUST-6209,Bengaluru,UPI,0.0,3334.93,INR,COMPLETED
ORD-2026-5471,2026-05-21 09:00:00,CUST-3221,Hyderabad,UPI,0.0,3141.84,INR,COMPLETED
ORD-2026-5472,2026-05-21 09:00:00,CUST-8808,Hyderabad,UPI,0.0,2365.59,INR,COMPLETED
ORD-2026-5473,2026-05-21 09:00:00,CUST-8107,Hyderabad,UPI,0.0,2859.41,INR,COMPLETED
ORD-2026-5474,2026-05-21 09:00:00,CUST-9126,Hyderabad,UPI,0.0,4898.13,INR,COMPLETED
ORD-2026-5475,2026-05-21 09:00:00,CUST-9995,Delhi,UPI,0.0,2185.54,INR,COMPLETED
ORD-2026-5476,2026-05-21 09:00:00,CUST-7051,Bengaluru,UPI,0.0,4648.54,INR,COMPLETED
ORD-2026-5477,2026-05-21 09:00:00,CUST-6195,Delhi,UPI,0.0,3128.8,INR,COMPLETED
ORD-2026-5478,2026-05-21 09:00:00,CUST-5766,Delhi,UPI,0.0,4697.11,INR,COMPLETED
ORD-2026-5479,2026-05-21 09:00:00,CUST-2791,Hyderabad,UPI,0.0,4092.83,INR,COMPLETED
ORD-2026-5480,2026-05-21 09:00:00,CUST-4087,Bengaluru,UPI,0.0,2318.65,INR,COMPLETED
ORD-2026-5481,2026-05-22 09:00:00,CUST-3278,Bengaluru,UPI,0.0,4813.59,INR,COMPLETED
ORD-2026-5482,2026-05-22 09:00:00,CUST-6775,Hyderabad,UPI,0.0,4829.06,INR,COMPLETED
ORD-2026-5483,2026-05-22 09:00:00,CUST-2520,Bengaluru,UPI,0.0,2403.68,INR,COMPLETED
ORD-2026-5484,2026-05-22 09:00:00,CUST-2315,Bengaluru,UPI,0.0,3131.51,INR,COMPLETED
ORD-2026-5485,2026-05-22 09:00:00,CUST-6052,Bengaluru,UPI,0.0,1456.6,INR,COMPLETED
ORD-2026-5486,2026-05-22 09:00:00,CUST-1918,Bengaluru,UPI,0.0,2714.12,INR,COMPLETED
ORD-2026-5487,2026-05-22 09:00:00,CUST-1714,Delhi,UPI,0.0,2444.24,INR,COMPLETED
ORD-2026-5488,2026-05-22 09:00:00,CUST-4008,Hyderabad,UPI,0.0,3873.6,INR,COMPLETED
ORD-2026-5489,2026-05-22 09:00:00,CUST-3964,Bengaluru,UPI,0.0,2079.08,INR,COMPLETED
ORD-2026-5490,2026-05-22 09:00:00,CUST-9049,Hyderabad,UPI,0.0,4791.58,INR,COMPLETED
ORD-2026-5491,2026-05-22 09:00:00,CUST-1815,Bengaluru,UPI,0.0,3557.81,INR,COMPLETED
ORD-2026-5492,2026-05-22 09:00:00,CUST-1272,Delhi,UPI,0.0,1931.66,INR,COMPLETED
ORD-2026-5493,2026-05-22 09:00:00,CUST-1295,Delhi,UPI,0.0,3358.6,INR,COMPLETED
ORD-2026-5494,2026-05-22 09:00:00,CUST-3456,Hyderabad,UPI,0.0,1406.7,INR,COMPLETED
ORD-2026-5495,2026-05-22 09:00:00,CUST-2045,Bengaluru,UPI,0.0,3534.48,INR,COMPLETED
ORD-2026-5496,2026-05-22 09:00:00,CUST-1591,Hyderabad,UPI,0.0,3028.7,INR,COMPLETED
ORD-2026-5497,2026-05-22 09:00:00,CUST-1376,Hyderabad,UPI,0.0,2100.95,INR,COMPLETED
ORD-2026-5498,2026-05-22 09:00:00,CUST-6646,Delhi,UPI,0.0,3646.27,INR,COMPLETED
ORD-2026-5499,2026-05-22 09:00:00,CUST-3655,Delhi,UPI,0.0,4981.85,INR,COMPLETED
ORD-2026-5500,2026-05-22 09:00:00,CUST-7685,Bengaluru,UPI,0.0,4403.93,INR,COMPLETED
ORD-2026-5501,2026-04-09 12:01:00,CUST-2950,Bengaluru,CREDIT_CARD,0.0,4500.0,INR,COMPLETED
ORD-2026-5502,2026-04-09 12:02:00,CUST-1256,Hyderabad,CREDIT_CARD,0.0,4500.0,INR,COMPLETED
ORD-2026-5503,2026-04-09 12:03:00,CUST-1685,Delhi,CREDIT_CARD,0.0,4500.0,INR,COMPLETED
ORD-2026-5504,2026-04-09 12:04:00,CUST-9167,Bengaluru,CREDIT_CARD,0.0,4500.0,INR,COMPLETED
ORD-2026-5505,2026-04-09 12:05:00,CUST-1324,Delhi,CREDIT_CARD,0.0,4500.0,INR,COMPLETED
ORD-2026-5506,2026-04-09 12:06:00,CUST-5287,Delhi,CREDIT_CARD,0.0,4500.0,INR,COMPLETED
ORD-2026-5507,2026-04-09 12:07:00,CUST-7938,Delhi,CREDIT_CARD,0.0,4500.0,INR,COMPLETED
ORD-2026-5508,2026-04-09 12:08:00,CUST-8392,Hyderabad,CREDIT_CARD,0.0,4500.0,INR,COMPLETED
ORD-2026-5509,2026-04-09 12:09:00,CUST-8693,Bengaluru,CREDIT_CARD,0.0,4500.0,INR,COMPLETED
ORD-2026-5510,2026-04-09 12:10:00,CUST-5723,Delhi,CREDIT_CARD,0.0,4500.0,INR,COMPLETED
ORD-2026-5511,2026-04-09 12:11:00,CUST-6351,Hyderabad,CREDIT_CARD,0.0,4500.0,INR,COMPLETED
ORD-2026-5512,2026-04-09 12:12:00,CUST-2507,Bengaluru,CREDIT_CARD,0.0,4500.0,INR,COMPLETED
ORD-2026-5513,2026-04-09 12:13:00,CUST-5539,Hyderabad,CREDIT_CARD,0.0,4500.0,INR,COMPLETED
ORD-2026-5514,2026-04-09 12:14:00,CUST-7020,Hyderabad,CREDIT_CARD,0.0,4500.0,INR,COMPLETED
ORD-2026-5515,2026-04-09 12:15:00,CUST-9127,Hyderabad,CREDIT_CARD,0.0,4500.0,INR,COMPLETED
ORD-2026-5516,2026-04-09 12:16:00,CUST-7232,Bengaluru,CREDIT_CARD,0.0,4500.0,INR,COMPLETED
ORD-2026-5517,2026-04-09 12:17:00,CUST-4412,Hyderabad,CREDIT_CARD,0.0,4500.0,INR,COMPLETED
ORD-2026-5518,2026-04-09 12:18:00,CUST-5979,Hyderabad,CREDIT_CARD,0.0,4500.0,INR,COMPLETED
ORD-2026-5519,2026-04-09 12:19:00,CUST-4585,Hyderabad,CREDIT_CARD,0.0,4500.0,INR,COMPLETED
ORD-2026-5520,2026-04-09 12:20:00,CUST-2074,Hyderabad,CREDIT_CARD,0.0,4500.0,INR,COMPLETED
ORD-2026-5521,2026-04-09 12:21:00,CUST-8030,Bengaluru,CREDIT_CARD,0.0,4500.0,INR,COMPLETED
ORD-2026-5522,2026-04-09 12:22:00,CUST-7862,Hyderabad,CREDIT_CARD,0.0,4500.0,INR,COMPLETED
ORD-2026-5523,2026-04-09 12:23:00,CUST-4254,Bengaluru,CREDIT_CARD,0.0,4500.0,INR,COMPLETED
ORD-2026-5524,2026-04-09 12:24:00,CUST-5385,Bengaluru,CREDIT_CARD,0.0,4500.0,INR,COMPLETED
ORD-2026-5525,2026-04-09 12:25:00,CUST-5860,Bengaluru,CREDIT_CARD,0.0,4500.0,INR,COMPLETED
ORD-2026-5526,2026-04-09 12:26:00,CUST-4746,Bengaluru,CREDIT_CARD,0.0,4500.0,INR,COMPLETED
ORD-2026-5527,2026-04-09 12:27:00,CUST-9962,Hyderabad,CREDIT_CARD,0.0,4500.0,INR,COMPLETED
ORD-2026-5528,2026-04-09 12:28:00,CUST-3621,Hyderabad,CREDIT_CARD,0.0,4500.0,INR,COMPLETED
ORD-2026-5529,2026-04-09 12:29:00,CUST-9102,Delhi,CREDIT_CARD,0.0,4500.0,INR,COMPLETED
ORD-2026-5530,2026-04-09 12:30:00,CUST-7416,Hyderabad,CREDIT_CARD,0.0,4500.0,INR,COMPLETED
ORD-2026-5531,2026-04-09 12:31:00,CUST-6131,Delhi,CREDIT_CARD,0.0,4500.0,INR,COMPLETED
ORD-2026-5532,2026-04-09 12:32:00,CUST-1480,Bengaluru,CREDIT_CARD,0.0,4500.0,INR,COMPLETED
ORD-2026-5533,2026-04-09 12:33:00,CUST-8548,Hyderabad,CREDIT_CARD,0.0,4500.0,INR,COMPLETED
ORD-2026-5534,2026-04-09 12:34:00,CUST-9593,Hyderabad,CREDIT_CARD,0.0,4500.0,INR,COMPLETED
ORD-2026-5535,2026-04-09 12:35:00,CUST-9321,Bengaluru,CREDIT_CARD,0.0,4500.0,INR,COMPLETED
ORD-2026-5536,2026-04-09 12:36:00,CUST-4992,Delhi,CREDIT_CARD,0.0,4500.0,INR,COMPLETED
ORD-2026-5537,2026-04-09 12:37:00,CUST-7693,Bengaluru,CREDIT_CARD,0.0,4500.0,INR,COMPLETED
ORD-2026-5538,2026-04-09 12:38:00,CUST-4578,Bengaluru,CREDIT_CARD,0.0,4500.0,INR,COMPLETED
ORD-2026-5539,2026-04-09 12:39:00,CUST-5125,Hyderabad,CREDIT_CARD,0.0,4500.0,INR,COMPLETED
ORD-2026-5540,2026-04-09 12:40:00,CUST-8055,Bengaluru,CREDIT_CARD,0.0,4500.0,INR,COMPLETED
ORD-2026-5541,2026-04-09 12:41:00,CUST-6524,Bengaluru,CREDIT_CARD,0.0,4500.0,INR,COMPLETED
ORD-2026-5542,2026-04-09 12:42:00,CUST-6833,Delhi,CREDIT_CARD,0.0,4500.0,INR,COMPLETED
ORD-2026-5543,2026-04-09 12:43:00,CUST-6006,Hyderabad,CREDIT_CARD,0.0,4500.0,INR,COMPLETED
ORD-2026-5544,2026-04-09 12:44:00,CUST-1976,Hyderabad,CREDIT_CARD,0.0,4500.0,INR,COMPLETED
ORD-2026-5545,2026-04-09 12:45:00,CUST-1522,Bengaluru,CREDIT_CARD,0.0,4500.0,INR,COMPLETED
ORD-2026-5546,2026-04-09 12:46:00,CUST-9716,Hyderabad,CREDIT_CARD,0.0,4500.0,INR,COMPLETED
ORD-2026-5547,2026-04-09 12:47:00,CUST-8593,Delhi,CREDIT_CARD,0.0,4500.0,INR,COMPLETED
ORD-2026-5548,2026-04-09 12:48:00,CUST-1134,Delhi,CREDIT_CARD,0.0,4500.0,INR,COMPLETED
ORD-2026-5549,2026-04-09 12:49:00,CUST-4228,Hyderabad,CREDIT_CARD,0.0,4500.0,INR,COMPLETED
ORD-2026-5550,2026-04-09 12:50:00,CUST-4213,Bengaluru,CREDIT_CARD,0.0,4500.0,INR,COMPLETED
ORD-2026-5551,2026-04-09 12:51:00,CUST-8658,Hyderabad,CREDIT_CARD,0.0,4500.0,INR,COMPLETED
ORD-2026-5552,2026-04-09 12:52:00,CUST-9028,Delhi,CREDIT_CARD,0.0,4500.0,INR,COMPLETED
ORD-2026-5553,2026-04-09 12:53:00,CUST-6156,Hyderabad,CREDIT_CARD,0.0,4500.0,INR,COMPLETED
ORD-2026-5554,2026-04-09 12:54:00,CUST-6658,Bengaluru,CREDIT_CARD,0.0,4500.0,INR,COMPLETED
ORD-2026-5555,2026-04-09 12:55:00,CUST-1078,Delhi,CREDIT_CARD,0.0,4500.0,INR,COMPLETED
ORD-2026-5556,2026-04-09 12:56:00,CUST-1468,Delhi,CREDIT_CARD,0.0,4500.0,INR,COMPLETED
ORD-2026-5557,2026-04-09 12:57:00,CUST-3256,Hyderabad,CREDIT_CARD,0.0,4500.0,INR,COMPLETED
ORD-2026-5558,2026-04-09 12:58:00,CUST-6753,Delhi,CREDIT_CARD,0.0,4500.0,INR,COMPLETED
ORD-2026-5559,2026-04-09 12:59:00,CUST-1629,Bengaluru,CREDIT_CARD,0.0,4500.0,INR,COMPLETED
ORD-2026-5560,2026-04-09 13:00:00,CUST-1079,Hyderabad,CREDIT_CARD,0.0,4500.0,INR,COMPLETED
ORD-2026-5561,2026-04-09 13:01:00,CUST-1379,Bengaluru,CREDIT_CARD,0.0,4500.0,INR,COMPLETED
ORD-2026-5562,2026-04-09 13:02:00,CUST-2543,Hyderabad,CREDIT_CARD,0.0,4500.0,INR,COMPLETED
ORD-2026-5563,2026-04-09 13:03:00,CUST-6626,Delhi,CREDIT_CARD,0.0,4500.0,INR,COMPLETED
ORD-2026-5564,2026-04-09 13:04:00,CUST-3281,Hyderabad,CREDIT_CARD,0.0,4500.0,INR,COMPLETED
ORD-2026-5565,2026-04-09 13:05:00,CUST-5338,Bengaluru,CREDIT_CARD,0.0,4500.0,INR,COMPLETED
ORD-2026-5566,2026-04-09 13:06:00,CUST-4809,Delhi,CREDIT_CARD,0.0,4500.0,INR,COMPLETED
ORD-2026-5567,2026-04-09 13:07:00,CUST-9052,Bengaluru,CREDIT_CARD,0.0,4500.0,INR,COMPLETED
ORD-2026-5568,2026-04-09 13:08:00,CUST-6416,Delhi,CREDIT_CARD,0.0,4500.0,INR,COMPLETED
ORD-2026-5569,2026-04-09 13:09:00,CUST-2647,Delhi,CREDIT_CARD,0.0,4500.0,INR,COMPLETED
ORD-2026-5570,2026-04-09 13:10:00,CUST-4915,Bengaluru,CREDIT_CARD,0.0,4500.0,INR,COMPLETED
ORD-2026-5571,2026-04-09 13:11:00,CUST-1478,Hyderabad,CREDIT_CARD,0.0,4500.0,INR,COMPLETED
ORD-2026-5572,2026-04-09 13:12:00,CUST-7571,Hyderabad,CREDIT_CARD,0.0,4500.0,INR,COMPLETED
ORD-2026-5573,2026-04-09 13:13:00,CUST-8548,Hyderabad,CREDIT_CARD,0.0,4500.0,INR,COMPLETED
ORD-2026-5574,2026-04-09 13:14:00,CUST-8112,Bengaluru,CREDIT_CARD,0.0,4500.0,INR,COMPLETED
ORD-2026-5575,2026-04-09 13:15:00,CUST-4001,Bengaluru,CREDIT_CARD,0.0,4500.0,INR,COMPLETED
ORD-2026-5576,2026-04-09 13:16:00,CUST-2818,Bengaluru,CREDIT_CARD,0.0,4500.0,INR,COMPLETED
ORD-2026-5577,2026-04-09 13:17:00,CUST-9578,Hyderabad,CREDIT_CARD,0.0,4500.0,INR,COMPLETED
ORD-2026-5578,2026-04-09 13:18:00,CUST-4660,Bengaluru,CREDIT_CARD,0.0,4500.0,INR,COMPLETED
ORD-2026-5579,2026-04-09 13:19:00,CUST-6735,Hyderabad,CREDIT_CARD,0.0,4500.0,INR,COMPLETED
ORD-2026-5580,2026-04-09 13:20:00,CUST-6606,Delhi,CREDIT_CARD,0.0,4500.0,INR,COMPLETED
ORD-2026-5581,2026-04-09 13:21:00,CUST-8067,Delhi,CREDIT_CARD,0.0,4500.0,INR,COMPLETED
ORD-2026-5582,2026-04-09 13:22:00,CUST-2324,Bengaluru,CREDIT_CARD,0.0,4500.0,INR,COMPLETED
ORD-2026-5583,2026-04-09 13:23:00,CUST-6311,Delhi,CREDIT_CARD,0.0,4500.0,INR,COMPLETED
ORD-2026-5584,2026-04-09 13:24:00,CUST-8809,Bengaluru,CREDIT_CARD,0.0,4500.0,INR,COMPLETED
ORD-2026-5585,2026-04-09 13:25:00,CUST-6636,Hyderabad,CREDIT_CARD,0.0,4500.0,INR,COMPLETED
ORD-2026-5586,2026-04-09 13:26:00,CUST-4603,Bengaluru,CREDIT_CARD,0.0,4500.0,INR,COMPLETED
ORD-2026-5587,2026-04-09 13:27:00,CUST-1512,Hyderabad,CREDIT_CARD,0.0,4500.0,INR,COMPLETED
ORD-2026-5588,2026-04-09 13:28:00,CUST-8764,Delhi,CREDIT_CARD,0.0,4500.0,INR,COMPLETED
ORD-2026-5589,2026-04-09 13:29:00,CUST-2763,Hyderabad,CREDIT_CARD,0.0,4500.0,INR,COMPLETED
ORD-2026-5590,2026-04-09 13:30:00,CUST-4273,Delhi,CREDIT_CARD,0.0,4500.0,INR,COMPLETED
ORD-2026-5591,2026-04-09 13:31:00,CUST-5098,Hyderabad,CREDIT_CARD,0.0,4500.0,INR,COMPLETED
ORD-2026-5592,2026-04-09 13:32:00,CUST-3300,Delhi,CREDIT_CARD,0.0,4500.0,INR,COMPLETED
ORD-2026-5593,2026-04-09 13:33:00,CUST-6201,Hyderabad,CREDIT_CARD,0.0,4500.0,INR,COMPLETED
ORD-2026-5594,2026-04-09 13:34:00,CUST-7933,Bengaluru,CREDIT_CARD,0.0,4500.0,INR,COMPLETED
ORD-2026-5595,2026-04-09 13:35:00,CUST-3732,Hyderabad,CREDIT_CARD,0.0,4500.0,INR,COMPLETED
ORD-2026-5596,2026-04-09 13:36:00,CUST-2663,Delhi,CREDIT_CARD,0.0,4500.0,INR,COMPLETED
ORD-2026-5597,2026-04-09 13:37:00,CUST-7951,Delhi,CREDIT_CARD,0.0,4500.0,INR,COMPLETED
ORD-2026-5598,2026-04-09 13:38:00,CUST-5219,Bengaluru,CREDIT_CARD,0.0,4500.0,INR,COMPLETED
ORD-2026-5599,2026-04-09 13:39:00,CUST-9374,Bengaluru,CREDIT_CARD,0.0,4500.0,INR,COMPLETED
ORD-2026-5600,2026-04-09 13:40:00,CUST-7426,Delhi,CREDIT_CARD,0.0,4500.0,INR,COMPLETED
ORD-2026-5601,2026-04-09 13:41:00,CUST-1970,Hyderabad,CREDIT_CARD,0.0,4500.0,INR,COMPLETED
ORD-2026-5602,2026-04-09 13:42:00,CUST-4834,Delhi,CREDIT_CARD,0.0,4500.0,INR,COMPLETED
ORD-2026-5603,2026-04-09 13:43:00,CUST-8069,Delhi,CREDIT_CARD,0.0,4500.0,INR,COMPLETED
ORD-2026-5604,2026-04-09 13:44:00,CUST-4848,Bengaluru,CREDIT_CARD,0.0,4500.0,INR,COMPLETED
ORD-2026-5605,2026-04-09 13:45:00,CUST-6505,Delhi,CREDIT_CARD,0.0,4500.0,INR,COMPLETED
ORD-2026-5606,2026-04-09 13:46:00,CUST-9094,Delhi,CREDIT_CARD,0.0,4500.0,INR,COMPLETED
ORD-2026-5607,2026-04-09 13:47:00,CUST-6498,Delhi,CREDIT_CARD,0.0,4500.0,INR,COMPLETED
ORD-2026-5608,2026-04-09 13:48:00,CUST-6405,Bengaluru,CREDIT_CARD,0.0,4500.0,INR,COMPLETED
ORD-2026-5609,2026-04-09 13:49:00,CUST-9844,Delhi,CREDIT_CARD,0.0,4500.0,INR,COMPLETED
ORD-2026-5610,2026-04-09 13:50:00,CUST-3048,Bengaluru,CREDIT_CARD,0.0,4500.0,INR,COMPLETED
ORD-2026-5611,2026-04-09 13:51:00,CUST-7861,Hyderabad,CREDIT_CARD,0.0,4500.0,INR,COMPLETED
ORD-2026-5612,2026-04-09 13:52:00,CUST-2637,Delhi,CREDIT_CARD,0.0,4500.0,INR,COMPLETED
ORD-2026-5613,2026-04-09 13:53:00,CUST-4527,Hyderabad,CREDIT_CARD,0.0,4500.0,INR,COMPLETED
ORD-2026-5614,2026-04-09 13:54:00,CUST-4754,Bengaluru,CREDIT_CARD,0.0,4500.0,INR,COMPLETED
ORD-2026-5615,2026-04-09 13:55:00,CUST-9693,Delhi,CREDIT_CARD,0.0,4500.0,INR,COMPLETED
ORD-2026-5616,2026-04-09 13:56:00,CUST-9226,Hyderabad,CREDIT_CARD,0.0,4500.0,INR,COMPLETED
ORD-2026-5617,2026-04-09 13:57:00,CUST-5780,Bengaluru,CREDIT_CARD,0.0,4500.0,INR,COMPLETED
ORD-2026-5618,2026-04-09 13:58:00,CUST-1936,Delhi,CREDIT_CARD,0.0,4500.0,INR,COMPLETED
ORD-2026-5619,2026-04-09 13:59:00,CUST-4969,Hyderabad,CREDIT_CARD,0.0,4500.0,INR,COMPLETED
ORD-2026-5620,2026-04-09 14:00:00,CUST-7000,Delhi,CREDIT_CARD,0.0,4500.0,INR,COMPLETED
ORD-2026-5621,2026-04-09 14:01:00,CUST-3371,Bengaluru,CREDIT_CARD,0.0,4500.0,INR,COMPLETED
ORD-2026-5622,2026-04-09 14:02:00,CUST-4891,Delhi,CREDIT_CARD,0.0,4500.0,INR,COMPLETED
ORD-2026-5623,2026-04-09 14:03:00,CUST-5183,Delhi,CREDIT_CARD,0.0,4500.0,INR,COMPLETED
ORD-2026-5624,2026-04-09 14:04:00,CUST-6927,Hyderabad,CREDIT_CARD,0.0,4500.0,INR,COMPLETED
ORD-2026-5625,2026-04-09 14:05:00,CUST-7202,Hyderabad,CREDIT_CARD,0.0,4500.0,INR,COMPLETED
ORD-2026-5626,2026-04-09 14:06:00,CUST-2047,Delhi,CREDIT_CARD,0.0,4500.0,INR,COMPLETED
ORD-2026-5627,2026-04-09 14:07:00,CUST-6426,Hyderabad,CREDIT_CARD,0.0,4500.0,INR,COMPLETED
ORD-2026-5628,2026-04-09 14:08:00,CUST-1397,Bengaluru,CREDIT_CARD,0.0,4500.0,INR,COMPLETED
ORD-2026-5629,2026-04-09 14:09:00,CUST-5239,Delhi,CREDIT_CARD,0.0,4500.0,INR,COMPLETED
ORD-2026-5630,2026-04-09 14:10:00,CUST-9541,Bengaluru,CREDIT_CARD,0.0,4500.0,INR,COMPLETED
ORD-2026-5631,2026-04-09 14:11:00,CUST-5901,Delhi,CREDIT_CARD,0.0,4500.0,INR,COMPLETED
ORD-2026-5632,2026-04-09 14:12:00,CUST-7103,Delhi,CREDIT_CARD,0.0,4500.0,INR,COMPLETED
ORD-2026-5633,2026-04-09 14:13:00,CUST-2385,Delhi,CREDIT_CARD,0.0,4500.0,INR,COMPLETED
ORD-2026-5634,2026-04-09 14:14:00,CUST-3568,Bengaluru,CREDIT_CARD,0.0,4500.0,INR,COMPLETED
ORD-2026-5635,2026-04-09 14:15:00,CUST-8926,Hyderabad,CREDIT_CARD,0.0,4500.0,INR,COMPLETED
ORD-2026-5636,2026-04-09 14:16:00,CUST-2756,Hyderabad,CREDIT_CARD,0.0,4500.0,INR,COMPLETED
ORD-2026-5637,2026-04-09 14:17:00,CUST-7684,Delhi,CREDIT_CARD,0.0,4500.0,INR,COMPLETED
ORD-2026-5638,2026-04-09 14:18:00,CUST-2879,Bengaluru,CREDIT_CARD,0.0,4500.0,INR,COMPLETED
ORD-2026-5639,2026-04-09 14:19:00,CUST-3072,Hyderabad,CREDIT_CARD,0.0,4500.0,INR,COMPLETED
ORD-2026-5640,2026-04-09 14:20:00,CUST-6566,Delhi,CREDIT_CARD,0.0,4500.0,INR,COMPLETED
ORD-2026-5641,2026-04-09 14:21:00,CUST-4500,Delhi,CREDIT_CARD,0.0,4500.0,INR,COMPLETED
ORD-2026-5642,2026-04-09 14:22:00,CUST-2827,Hyderabad,CREDIT_CARD,0.0,4500.0,INR,COMPLETED
ORD-2026-5643,2026-04-09 14:23:00,CUST-2366,Bengaluru,CREDIT_CARD,0.0,4500.0,INR,COMPLETED
ORD-2026-5644,2026-04-09 14:24:00,CUST-9248,Hyderabad,CREDIT_CARD,0.0,4500.0,INR,COMPLETED
ORD-2026-5645,2026-04-09 14:25:00,CUST-3549,Delhi,CREDIT_CARD,0.0,4500.0,INR,COMPLETED
ORD-2026-5646,2026-04-09 14:26:00,CUST-5033,Hyderabad,CREDIT_CARD,0.0,4500.0,INR,COMPLETED
ORD-2026-5647,2026-04-09 14:27:00,CUST-2237,Hyderabad,CREDIT_CARD,0.0,4500.0,INR,COMPLETED
ORD-2026-5648,2026-04-09 14:28:00,CUST-4568,Bengaluru,CREDIT_CARD,0.0,4500.0,INR,COMPLETED
ORD-2026-5649,2026-04-09 14:29:00,CUST-8129,Hyderabad,CREDIT_CARD,0.0,4500.0,INR,COMPLETED
ORD-2026-5650,2026-04-09 14:30:00,CUST-1440,Hyderabad,CREDIT_CARD,0.0,4500.0,INR,COMPLETED
ORD-2026-5651,2026-04-09 14:31:00,CUST-9418,Bengaluru,CREDIT_CARD,0.0,4500.0,INR,COMPLETED
ORD-2026-5652,2026-04-09 14:32:00,CUST-8984,Delhi,CREDIT_CARD,0.0,4500.0,INR,COMPLETED
ORD-2026-5653,2026-04-09 14:33:00,CUST-5784,Hyderabad,CREDIT_CARD,0.0,4500.0,INR,COMPLETED
ORD-2026-5654,2026-04-09 14:34:00,CUST-2326,Hyderabad,CREDIT_CARD,0.0,4500.0,INR,COMPLETED
ORD-2026-5655,2026-04-09 14:35:00,CUST-1925,Hyderabad,CREDIT_CARD,0.0,4500.0,INR,COMPLETED
ORD-2026-5656,2026-04-09 14:36:00,CUST-6206,Delhi,CREDIT_CARD,0.0,4500.0,INR,COMPLETED
ORD-2026-5657,2026-04-09 14:37:00,CUST-3909,Delhi,CREDIT_CARD,0.0,4500.0,INR,COMPLETED
ORD-2026-5658,2026-04-09 14:38:00,CUST-7181,Bengaluru,CREDIT_CARD,0.0,4500.0,INR,COMPLETED
ORD-2026-5659,2026-04-09 14:39:00,CUST-9531,Delhi,CREDIT_CARD,0.0,4500.0,INR,COMPLETED
ORD-2026-5660,2026-04-09 14:40:00,CUST-9099,Bengaluru,CREDIT_CARD,0.0,4500.0,INR,COMPLETED
ORD-2026-5661,2026-04-09 14:41:00,CUST-1560,Delhi,CREDIT_CARD,0.0,4500.0,INR,COMPLETED
ORD-2026-5662,2026-04-09 14:42:00,CUST-6073,Bengaluru,CREDIT_CARD,0.0,4500.0,INR,COMPLETED
ORD-2026-5663,2026-04-09 14:43:00,CUST-1905,Delhi,CREDIT_CARD,0.0,4500.0,INR,COMPLETED
ORD-2026-5664,2026-04-09 14:44:00,CUST-6180,Bengaluru,CREDIT_CARD,0.0,4500.0,INR,COMPLETED
ORD-2026-5665,2026-04-09 14:45:00,CUST-8415,Hyderabad,CREDIT_CARD,0.0,4500.0,INR,COMPLETED
ORD-2026-5666,2026-04-09 14:46:00,CUST-4895,Bengaluru,CREDIT_CARD,0.0,4500.0,INR,COMPLETED
ORD-2026-5667,2026-04-09 14:47:00,CUST-1778,Hyderabad,CREDIT_CARD,0.0,4500.0,INR,COMPLETED
ORD-2026-5668,2026-04-09 14:48:00,CUST-4370,Hyderabad,CREDIT_CARD,0.0,4500.0,INR,COMPLETED
ORD-2026-5669,2026-04-09 14:49:00,CUST-8524,Bengaluru,CREDIT_CARD,0.0,4500.0,INR,COMPLETED
ORD-2026-5670,2026-04-09 14:50:00,CUST-5875,Bengaluru,CREDIT_CARD,0.0,4500.0,INR,COMPLETED
ORD-2026-5671,2026-04-09 14:51:00,CUST-9789,Bengaluru,CREDIT_CARD,0.0,4500.0,INR,COMPLETED
ORD-2026-5672,2026-04-09 14:52:00,CUST-3395,Delhi,CREDIT_CARD,0.0,4500.0,INR,COMPLETED
ORD-2026-5673,2026-04-09 14:53:00,CUST-7946,Bengaluru,CREDIT_CARD,0.0,4500.0,INR,COMPLETED
ORD-2026-5674,2026-04-09 14:54:00,CUST-2577,Delhi,CREDIT_CARD,0.0,4500.0,INR,COMPLETED
ORD-2026-5675,2026-04-09 14:55:00,CUST-4990,Bengaluru,CREDIT_CARD,0.0,4500.0,INR,COMPLETED
ORD-2026-5676,2026-04-09 14:56:00,CUST-3165,Hyderabad,CREDIT_CARD,0.0,4500.0,INR,COMPLETED
ORD-2026-5677,2026-04-09 14:57:00,CUST-2174,Delhi,CREDIT_CARD,0.0,4500.0,INR,COMPLETED
ORD-2026-5678,2026-04-09 14:58:00,CUST-6137,Delhi,CREDIT_CARD,0.0,4500.0,INR,COMPLETED
ORD-2026-5679,2026-04-09 14:59:00,CUST-5006,Hyderabad,CREDIT_CARD,0.0,4500.0,INR,COMPLETED
ORD-2026-5680,2026-04-09 15:00:00,CUST-1984,Delhi,CREDIT_CARD,0.0,4500.0,INR,COMPLETED
ORD-2026-5681,2026-04-09 15:01:00,CUST-6087,Delhi,CREDIT_CARD,0.0,4500.0,INR,COMPLETED
ORD-2026-5682,2026-04-09 15:02:00,CUST-1047,Delhi,CREDIT_CARD,0.0,4500.0,INR,COMPLETED
ORD-2026-5683,2026-04-09 15:03:00,CUST-9772,Bengaluru,CREDIT_CARD,0.0,4500.0,INR,COMPLETED
ORD-2026-5684,2026-04-09 15:04:00,CUST-3769,Hyderabad,CREDIT_CARD,0.0,4500.0,INR,COMPLETED
ORD-2026-5685,2026-04-09 15:05:00,CUST-4867,Delhi,CREDIT_CARD,0.0,4500.0,INR,COMPLETED
ORD-2026-5686,2026-04-09 15:06:00,CUST-4227,Bengaluru,CREDIT_CARD,0.0,4500.0,INR,COMPLETED
ORD-2026-5687,2026-04-09 15:07:00,CUST-2258,Bengaluru,CREDIT_CARD,0.0,4500.0,INR,COMPLETED
ORD-2026-5688,2026-04-09 15:08:00,CUST-9568,Delhi,CREDIT_CARD,0.0,4500.0,INR,COMPLETED
ORD-2026-5689,2026-04-09 15:09:00,CUST-7735,Delhi,CREDIT_CARD,0.0,4500.0,INR,COMPLETED
ORD-2026-5690,2026-04-09 15:10:00,CUST-1148,Delhi,CREDIT_CARD,0.0,4500.0,INR,COMPLETED
ORD-2026-5691,2026-04-09 15:11:00,CUST-2408,Bengaluru,CREDIT_CARD,0.0,4500.0,INR,COMPLETED
ORD-2026-5692,2026-04-09 15:12:00,CUST-8846,Delhi,CREDIT_CARD,0.0,4500.0,INR,COMPLETED
ORD-2026-5693,2026-04-09 15:13:00,CUST-7232,Bengaluru,CREDIT_CARD,0.0,4500.0,INR,COMPLETED
ORD-2026-5694,2026-04-09 15:14:00,CUST-8632,Bengaluru,CREDIT_CARD,0.0,4500.0,INR,COMPLETED
ORD-2026-5695,2026-04-09 15:15:00,CUST-6017,Bengaluru,CREDIT_CARD,0.0,4500.0,INR,COMPLETED
ORD-2026-5696,2026-04-09 15:16:00,CUST-8019,Hyderabad,CREDIT_CARD,0.0,4500.0,INR,COMPLETED
ORD-2026-5697,2026-04-09 15:17:00,CUST-1756,Delhi,CREDIT_CARD,0.0,4500.0,INR,COMPLETED
ORD-2026-5698,2026-04-09 15:18:00,CUST-6793,Delhi,CREDIT_CARD,0.0,4500.0,INR,COMPLETED
ORD-2026-5699,2026-04-09 15:19:00,CUST-5210,Bengaluru,CREDIT_CARD,0.0,4500.0,INR,COMPLETED
ORD-2026-5700,2026-04-09 15:20:00,CUST-2633,Delhi,CREDIT_CARD,0.0,4500.0,INR,COMPLETED
ORD-2026-5701,2026-04-09 15:21:00,CUST-1144,Hyderabad,CREDIT_CARD,0.0,4500.0,INR,COMPLETED
ORD-2026-5702,2026-04-09 15:22:00,CUST-8105,Delhi,CREDIT_CARD,0.0,4500.0,INR,COMPLETED
ORD-2026-5703,2026-04-09 15:23:00,CUST-6983,Delhi,CREDIT_CARD,0.0,4500.0,INR,COMPLETED
ORD-2026-5704,2026-04-09 15:24:00,CUST-9734,Bengaluru,CREDIT_CARD,0.0,4500.0,INR,COMPLETED
ORD-2026-5705,2026-04-09 15:25:00,CUST-2707,Delhi,CREDIT_CARD,0.0,4500.0,INR,COMPLETED
ORD-2026-5706,2026-04-09 15:26:00,CUST-8516,Delhi,CREDIT_CARD,0.0,4500.0,INR,COMPLETED
ORD-2026-5707,2026-04-09 15:27:00,CUST-7083,Delhi,CREDIT_CARD,0.0,4500.0,INR,COMPLETED
ORD-2026-5708,2026-04-09 15:28:00,CUST-2804,Bengaluru,CREDIT_CARD,0.0,4500.0,INR,COMPLETED
ORD-2026-5709,2026-04-09 15:29:00,CUST-2318,Bengaluru,CREDIT_CARD,0.0,4500.0,INR,COMPLETED
ORD-2026-5710,2026-04-09 15:30:00,CUST-5979,Hyderabad,CREDIT_CARD,0.0,4500.0,INR,COMPLETED
ORD-2026-5711,2026-04-09 15:31:00,CUST-6953,Hyderabad,CREDIT_CARD,0.0,4500.0,INR,COMPLETED
ORD-2026-5712,2026-04-09 15:32:00,CUST-8743,Delhi,CREDIT_CARD,0.0,4500.0,INR,COMPLETED
ORD-2026-5713,2026-04-09 15:33:00,CUST-7478,Hyderabad,CREDIT_CARD,0.0,4500.0,INR,COMPLETED
ORD-2026-5714,2026-04-09 15:34:00,CUST-7381,Delhi,CREDIT_CARD,0.0,4500.0,INR,COMPLETED
ORD-2026-5715,2026-04-09 15:35:00,CUST-4048,Hyderabad,CREDIT_CARD,0.0,4500.0,INR,COMPLETED
ORD-2026-5716,2026-04-09 15:36:00,CUST-9167,Delhi,CREDIT_CARD,0.0,4500.0,INR,COMPLETED
ORD-2026-5717,2026-04-09 15:37:00,CUST-8195,Hyderabad,CREDIT_CARD,0.0,4500.0,INR,COMPLETED
ORD-2026-5718,2026-04-09 15:38:00,CUST-2905,Bengaluru,CREDIT_CARD,0.0,4500.0,INR,COMPLETED
ORD-2026-5719,2026-04-09 15:39:00,CUST-9208,Bengaluru,CREDIT_CARD,0.0,4500.0,INR,COMPLETED
ORD-2026-5720,2026-04-09 15:40:00,CUST-3316,Hyderabad,CREDIT_CARD,0.0,4500.0,INR,COMPLETED
ORD-2026-5721,2026-04-09 15:41:00,CUST-6806,Hyderabad,CREDIT_CARD,0.0,4500.0,INR,COMPLETED
ORD-2026-5722,2026-04-09 15:42:00,CUST-3203,Bengaluru,CREDIT_CARD,0.0,4500.0,INR,COMPLETED
ORD-2026-5723,2026-04-09 15:43:00,CUST-7253,Hyderabad,CREDIT_CARD,0.0,4500.0,INR,COMPLETED
ORD-2026-5724,2026-04-09 15:44:00,CUST-4584,Delhi,CREDIT_CARD,0.0,4500.0,INR,COMPLETED
ORD-2026-5725,2026-04-09 15:45:00,CUST-6954,Hyderabad,CREDIT_CARD,0.0,4500.0,INR,COMPLETED
ORD-2026-5726,2026-04-09 15:46:00,CUST-8516,Delhi,CREDIT_CARD,0.0,4500.0,INR,COMPLETED
ORD-2026-5727,2026-04-09 15:47:00,CUST-9920,Bengaluru,CREDIT_CARD,0.0,4500.0,INR,COMPLETED
ORD-2026-5728,2026-04-09 15:48:00,CUST-5693,Delhi,CREDIT_CARD,0.0,4500.0,INR,COMPLETED
ORD-2026-5729,2026-04-09 15:49:00,CUST-3290,Delhi,CREDIT_CARD,0.0,4500.0,INR,COMPLETED
ORD-2026-5730,2026-04-09 15:50:00,CUST-5729,Bengaluru,CREDIT_CARD,0.0,4500.0,INR,COMPLETED
ORD-2026-5731,2026-04-09 15:51:00,CUST-2127,Hyderabad,CREDIT_CARD,0.0,4500.0,INR,COMPLETED
ORD-2026-5732,2026-04-09 15:52:00,CUST-7405,Hyderabad,CREDIT_CARD,0.0,4500.0,INR,COMPLETED
ORD-2026-5733,2026-04-09 15:53:00,CUST-9097,Hyderabad,CREDIT_CARD,0.0,4500.0,INR,COMPLETED
ORD-2026-5734,2026-04-09 15:54:00,CUST-4578,Delhi,CREDIT_CARD,0.0,4500.0,INR,COMPLETED
ORD-2026-5735,2026-04-09 15:55:00,CUST-2809,Delhi,CREDIT_CARD,0.0,4500.0,INR,COMPLETED
ORD-2026-5736,2026-04-09 15:56:00,CUST-8488,Hyderabad,CREDIT_CARD,0.0,4500.0,INR,COMPLETED
ORD-2026-5737,2026-04-09 15:57:00,CUST-2585,Bengaluru,CREDIT_CARD,0.0,4500.0,INR,COMPLETED
ORD-2026-5738,2026-04-09 15:58:00,CUST-3852,Bengaluru,CREDIT_CARD,0.0,4500.0,INR,COMPLETED
ORD-2026-5739,2026-04-09 15:59:00,CUST-2675,Hyderabad,CREDIT_CARD,0.0,4500.0,INR,COMPLETED
ORD-2026-5740,2026-04-09 16:00:00,CUST-5841,Bengaluru,CREDIT_CARD,0.0,4500.0,INR,COMPLETED
ORD-2026-5741,2026-04-09 16:01:00,CUST-2846,Bengaluru,CREDIT_CARD,0.0,4500.0,INR,COMPLETED
ORD-2026-5742,2026-04-09 16:02:00,CUST-9714,Bengaluru,CREDIT_CARD,0.0,4500.0,INR,COMPLETED
ORD-2026-5743,2026-04-09 16:03:00,CUST-4394,Hyderabad,CREDIT_CARD,0.0,4500.0,INR,COMPLETED
ORD-2026-5744,2026-04-09 16:04:00,CUST-8851,Delhi,CREDIT_CARD,0.0,4500.0,INR,COMPLETED
ORD-2026-5745,2026-04-09 16:05:00,CUST-7361,Hyderabad,CREDIT_CARD,0.0,4500.0,INR,COMPLETED
ORD-2026-5746,2026-04-09 16:06:00,CUST-9825,Bengaluru,CREDIT_CARD,0.0,4500.0,INR,COMPLETED
ORD-2026-5747,2026-04-09 16:07:00,CUST-9364,Hyderabad,CREDIT_CARD,0.0,4500.0,INR,COMPLETED
ORD-2026-5748,2026-04-09 16:08:00,CUST-4546,Hyderabad,CREDIT_CARD,0.0,4500.0,INR,COMPLETED
ORD-2026-5749,2026-04-09 16:09:00,CUST-4790,Delhi,CREDIT_CARD,0.0,4500.0,INR,COMPLETED
ORD-2026-5750,2026-04-09 16:10:00,CUST-5559,Bengaluru,CREDIT_CARD,0.0,4500.0,INR,COMPLETED
ORD-2026-5751,2026-04-30 23:11:00,CUST-8969,Bengaluru,UPI,0.0,7500.0,INR,COMPLETED
ORD-2026-5752,2026-04-30 23:12:00,CUST-4732,Hyderabad,UPI,0.0,7500.0,INR,COMPLETED
ORD-2026-5753,2026-04-30 23:13:00,CUST-4719,Bengaluru,UPI,0.0,7500.0,INR,COMPLETED
ORD-2026-5754,2026-04-30 23:14:00,CUST-2290,Hyderabad,UPI,0.0,7500.0,INR,COMPLETED
ORD-2026-5755,2026-04-30 23:15:00,CUST-3967,Bengaluru,UPI,0.0,7500.0,INR,COMPLETED
ORD-2026-5756,2026-04-30 23:16:00,CUST-3375,Bengaluru,UPI,0.0,7500.0,INR,COMPLETED
ORD-2026-5757,2026-04-30 23:17:00,CUST-2861,Bengaluru,UPI,0.0,7500.0,INR,COMPLETED
ORD-2026-5758,2026-04-30 23:18:00,CUST-3747,Hyderabad,UPI,0.0,7500.0,INR,COMPLETED
ORD-2026-5759,2026-04-30 23:19:00,CUST-1944,Hyderabad,UPI,0.0,7500.0,INR,COMPLETED
ORD-2026-5760,2026-04-30 23:20:00,CUST-6403,Bengaluru,UPI,0.0,7500.0,INR,COMPLETED
ORD-2026-5761,2026-04-30 23:21:00,CUST-4654,Hyderabad,UPI,0.0,7500.0,INR,COMPLETED
ORD-2026-5762,2026-04-30 23:22:00,CUST-2055,Delhi,UPI,0.0,7500.0,INR,COMPLETED
ORD-2026-5763,2026-04-30 23:23:00,CUST-5329,Delhi,UPI,0.0,7500.0,INR,COMPLETED
ORD-2026-5764,2026-04-30 23:24:00,CUST-7178,Bengaluru,UPI,0.0,7500.0,INR,COMPLETED
ORD-2026-5765,2026-04-30 23:25:00,CUST-3378,Bengaluru,UPI,0.0,7500.0,INR,COMPLETED
ORD-2026-5766,2026-04-30 23:26:00,CUST-2543,Delhi,UPI,0.0,7500.0,INR,COMPLETED
ORD-2026-5767,2026-04-30 23:27:00,CUST-9900,Hyderabad,UPI,0.0,7500.0,INR,COMPLETED
ORD-2026-5768,2026-04-30 23:28:00,CUST-3790,Delhi,UPI,0.0,7500.0,INR,COMPLETED
ORD-2026-5769,2026-04-30 23:29:00,CUST-9414,Delhi,UPI,0.0,7500.0,INR,COMPLETED
ORD-2026-5770,2026-04-30 23:30:00,CUST-5600,Hyderabad,UPI,0.0,7500.0,INR,COMPLETED
ORD-2026-5771,2026-04-30 23:31:00,CUST-3032,Bengaluru,UPI,0.0,7500.0,INR,COMPLETED
ORD-2026-5772,2026-04-30 23:32:00,CUST-4155,Delhi,UPI,0.0,7500.0,INR,COMPLETED
ORD-2026-5773,2026-04-30 23:33:00,CUST-2433,Bengaluru,UPI,0.0,7500.0,INR,COMPLETED
ORD-2026-5774,2026-04-30 23:34:00,CUST-2871,Hyderabad,UPI,0.0,7500.0,INR,COMPLETED
ORD-2026-5775,2026-04-30 23:35:00,CUST-7561,Bengaluru,UPI,0.0,7500.0,INR,COMPLETED
ORD-2026-5776,2026-04-30 23:36:00,CUST-1875,Hyderabad,UPI,0.0,7500.0,INR,COMPLETED
ORD-2026-5777,2026-04-30 23:37:00,CUST-6483,Bengaluru,UPI,0.0,7500.0,INR,COMPLETED
ORD-2026-5778,2026-04-30 23:38:00,CUST-8343,Bengaluru,UPI,0.0,7500.0,INR,COMPLETED
ORD-2026-5779,2026-04-30 23:39:00,CUST-9530,Bengaluru,UPI,0.0,7500.0,INR,COMPLETED
ORD-2026-5780,2026-04-30 23:40:00,CUST-5129,Bengaluru,UPI,0.0,7500.0,INR,COMPLETED
ORD-2026-5781,2026-04-30 23:41:00,CUST-8816,Hyderabad,UPI,0.0,7500.0,INR,COMPLETED
ORD-2026-5782,2026-04-30 23:42:00,CUST-8353,Bengaluru,UPI,0.0,7500.0,INR,COMPLETED
ORD-2026-5783,2026-04-30 23:43:00,CUST-1931,Hyderabad,UPI,0.0,7500.0,INR,COMPLETED
ORD-2026-5784,2026-04-30 23:44:00,CUST-3641,Delhi,UPI,0.0,7500.0,INR,COMPLETED
ORD-2026-5785,2026-04-30 23:45:00,CUST-2744,Hyderabad,UPI,0.0,7500.0,INR,COMPLETED
ORD-2026-5786,2026-04-30 23:46:00,CUST-3035,Delhi,UPI,0.0,7500.0,INR,COMPLETED
ORD-2026-5787,2026-04-30 23:47:00,CUST-5573,Bengaluru,UPI,0.0,7500.0,INR,COMPLETED
ORD-2026-5788,2026-04-30 23:48:00,CUST-7704,Hyderabad,UPI,0.0,7500.0,INR,COMPLETED
ORD-2026-5789,2026-04-30 23:49:00,CUST-7840,Hyderabad,UPI,0.0,7500.0,INR,COMPLETED
ORD-2026-5790,2026-04-30 23:50:00,CUST-9466,Bengaluru,UPI,0.0,7500.0,INR,COMPLETED
ORD-2026-5791,2026-04-30 23:51:00,CUST-2555,Bengaluru,UPI,0.0,7500.0,INR,COMPLETED
ORD-2026-5792,2026-04-30 23:52:00,CUST-9757,Bengaluru,UPI,0.0,7500.0,INR,COMPLETED
ORD-2026-5793,2026-04-30 23:53:00,CUST-2671,Delhi,UPI,0.0,7500.0,INR,COMPLETED
ORD-2026-5794,2026-04-30 23:54:00,CUST-8088,Delhi,UPI,0.0,7500.0,INR,COMPLETED
ORD-2026-5795,2026-04-30 23:55:00,CUST-9069,Delhi,UPI,0.0,7500.0,INR,COMPLETED
ORD-2026-5796,2026-04-30 23:56:00,CUST-6134,Hyderabad,UPI,0.0,7500.0,INR,COMPLETED
ORD-2026-5797,2026-04-30 23:57:00,CUST-4985,Delhi,UPI,0.0,7500.0,INR,COMPLETED
ORD-2026-5798,2026-04-30 23:58:00,CUST-7683,Delhi,UPI,0.0,7500.0,INR,COMPLETED
ORD-2026-5799,2026-04-30 23:59:00,CUST-2542,Delhi,UPI,0.0,7500.0,INR,COMPLETED
ORD-2026-5800,2026-05-01 00:00:00,CUST-8552,Hyderabad,UPI,0.0,7500.0,INR,COMPLETED
ORD-2026-5801,2026-05-01 00:01:00,CUST-6773,Hyderabad,UPI,0.0,7500.0,INR,COMPLETED
ORD-2026-5802,2026-05-01 00:02:00,CUST-3916,Bengaluru,UPI,0.0,7500.0,INR,COMPLETED
ORD-2026-5803,2026-05-01 00:03:00,CUST-7789,Delhi,UPI,0.0,7500.0,INR,COMPLETED
ORD-2026-5804,2026-05-01 00:04:00,CUST-7857,Bengaluru,UPI,0.0,7500.0,INR,COMPLETED
ORD-2026-5805,2026-05-01 00:05:00,CUST-5998,Bengaluru,UPI,0.0,7500.0,INR,COMPLETED
ORD-2026-5806,2026-05-01 00:06:00,CUST-7725,Delhi,UPI,0.0,7500.0,INR,COMPLETED
ORD-2026-5807,2026-05-01 00:07:00,CUST-8995,Bengaluru,UPI,0.0,7500.0,INR,COMPLETED
ORD-2026-5808,2026-05-01 00:08:00,CUST-9308,Delhi,UPI,0.0,7500.0,INR,COMPLETED
ORD-2026-5809,2026-05-01 00:09:00,CUST-2452,Bengaluru,UPI,0.0,7500.0,INR,COMPLETED
ORD-2026-5810,2026-05-01 00:10:00,CUST-4461,Bengaluru,UPI,0.0,7500.0,INR,COMPLETED
ORD-2026-5811,2026-05-01 00:11:00,CUST-1877,Hyderabad,UPI,0.0,7500.0,INR,COMPLETED
ORD-2026-5812,2026-05-01 00:12:00,CUST-9690,Delhi,UPI,0.0,7500.0,INR,COMPLETED
ORD-2026-5813,2026-05-01 00:13:00,CUST-1775,Delhi,UPI,0.0,7500.0,INR,COMPLETED
ORD-2026-5814,2026-05-01 00:14:00,CUST-4394,Bengaluru,UPI,0.0,7500.0,INR,COMPLETED
ORD-2026-5815,2026-05-01 00:15:00,CUST-1212,Hyderabad,UPI,0.0,7500.0,INR,COMPLETED
ORD-2026-5816,2026-05-01 00:16:00,CUST-2259,Hyderabad,UPI,0.0,7500.0,INR,COMPLETED
ORD-2026-5817,2026-05-01 00:17:00,CUST-9089,Hyderabad,UPI,0.0,7500.0,INR,COMPLETED
ORD-2026-5818,2026-05-01 00:18:00,CUST-4088,Bengaluru,UPI,0.0,7500.0,INR,COMPLETED
ORD-2026-5819,2026-05-01 00:19:00,CUST-3813,Delhi,UPI,0.0,7500.0,INR,COMPLETED
ORD-2026-5820,2026-05-01 00:20:00,CUST-7373,Delhi,UPI,0.0,7500.0,INR,COMPLETED
ORD-2026-5821,2026-05-01 00:21:00,CUST-4186,Hyderabad,UPI,0.0,7500.0,INR,COMPLETED
ORD-2026-5822,2026-05-01 00:22:00,CUST-2974,Delhi,UPI,0.0,7500.0,INR,COMPLETED
ORD-2026-5823,2026-05-01 00:23:00,CUST-2259,Hyderabad,UPI,0.0,7500.0,INR,COMPLETED
ORD-2026-5824,2026-05-01 00:24:00,CUST-9632,Hyderabad,UPI,0.0,7500.0,INR,COMPLETED
ORD-2026-5825,2026-05-01 00:25:00,CUST-5386,Bengaluru,UPI,0.0,7500.0,INR,COMPLETED
ORD-2026-5826,2026-05-01 00:26:00,CUST-1600,Delhi,UPI,0.0,7500.0,INR,COMPLETED
ORD-2026-5827,2026-05-01 00:27:00,CUST-6086,Bengaluru,UPI,0.0,7500.0,INR,COMPLETED
ORD-2026-5828,2026-05-01 00:28:00,CUST-1922,Delhi,UPI,0.0,7500.0,INR,COMPLETED
ORD-2026-5829,2026-05-01 00:29:00,CUST-8802,Bengaluru,UPI,0.0,7500.0,INR,COMPLETED
ORD-2026-5830,2026-05-01 00:30:00,CUST-3676,Bengaluru,UPI,0.0,7500.0,INR,COMPLETED
ORD-2026-5831,2026-05-01 00:31:00,CUST-6853,Bengaluru,UPI,0.0,7500.0,INR,COMPLETED
ORD-2026-5832,2026-05-01 00:32:00,CUST-5847,Hyderabad,UPI,0.0,7500.0,INR,COMPLETED
ORD-2026-5833,2026-05-01 00:33:00,CUST-9452,Hyderabad,UPI,0.0,7500.0,INR,COMPLETED
ORD-2026-5834,2026-05-01 00:34:00,CUST-9249,Delhi,UPI,0.0,7500.0,INR,COMPLETED
ORD-2026-5835,2026-05-01 00:35:00,CUST-6599,Bengaluru,UPI,0.0,7500.0,INR,COMPLETED
ORD-2026-5836,2026-05-01 00:36:00,CUST-7899,Delhi,UPI,0.0,7500.0,INR,COMPLETED
ORD-2026-5837,2026-05-01 00:37:00,CUST-9981,Delhi,UPI,0.0,7500.0,INR,COMPLETED
ORD-2026-5838,2026-05-01 00:38:00,CUST-3509,Hyderabad,UPI,0.0,7500.0,INR,COMPLETED
ORD-2026-5839,2026-05-01 00:39:00,CUST-5562,Bengaluru,UPI,0.0,7500.0,INR,COMPLETED
ORD-2026-5840,2026-05-01 00:40:00,CUST-4568,Bengaluru,UPI,0.0,7500.0,INR,COMPLETED
ORD-2026-5841,2026-05-01 00:41:00,CUST-3525,Delhi,UPI,0.0,7500.0,INR,COMPLETED
ORD-2026-5842,2026-05-01 00:42:00,CUST-6278,Hyderabad,UPI,0.0,7500.0,INR,COMPLETED
ORD-2026-5843,2026-05-01 00:43:00,CUST-2734,Hyderabad,UPI,0.0,7500.0,INR,COMPLETED
ORD-2026-5844,2026-05-01 00:44:00,CUST-5461,Delhi,UPI,0.0,7500.0,INR,COMPLETED
ORD-2026-5845,2026-05-01 00:45:00,CUST-4018,Hyderabad,UPI,0.0,7500.0,INR,COMPLETED
ORD-2026-5846,2026-05-01 00:46:00,CUST-2093,Bengaluru,UPI,0.0,7500.0,INR,COMPLETED
ORD-2026-5847,2026-05-01 00:47:00,CUST-5162,Hyderabad,UPI,0.0,7500.0,INR,COMPLETED
ORD-2026-5848,2026-05-01 00:48:00,CUST-7897,Delhi,UPI,0.0,7500.0,INR,COMPLETED
ORD-2026-5849,2026-05-01 00:49:00,CUST-2741,Bengaluru,UPI,0.0,7500.0,INR,COMPLETED
ORD-2026-5850,2026-05-01 00:50:00,CUST-3985,Bengaluru,UPI,0.0,7500.0,INR,COMPLETED
ORD-2026-5851,2026-05-01 00:51:00,CUST-4078,Hyderabad,UPI,0.0,7500.0,INR,COMPLETED
ORD-2026-5852,2026-05-01 00:52:00,CUST-1611,Delhi,UPI,0.0,7500.0,INR,COMPLETED
ORD-2026-5853,2026-05-01 00:53:00,CUST-9880,Hyderabad,UPI,0.0,7500.0,INR,COMPLETED
ORD-2026-5854,2026-05-01 00:54:00,CUST-4821,Bengaluru,UPI,0.0,7500.0,INR,COMPLETED
ORD-2026-5855,2026-05-01 00:55:00,CUST-5278,Hyderabad,UPI,0.0,7500.0,INR,COMPLETED
ORD-2026-5856,2026-05-01 00:56:00,CUST-5230,Delhi,UPI,0.0,7500.0,INR,COMPLETED
ORD-2026-5857,2026-05-01 00:57:00,CUST-4406,Bengaluru,UPI,0.0,7500.0,INR,COMPLETED
ORD-2026-5858,2026-05-01 00:58:00,CUST-5123,Hyderabad,UPI,0.0,7500.0,INR,COMPLETED
ORD-2026-5859,2026-05-01 00:59:00,CUST-4829,Delhi,UPI,0.0,7500.0,INR,COMPLETED
ORD-2026-5860,2026-05-01 01:00:00,CUST-6143,Hyderabad,UPI,0.0,7500.0,INR,COMPLETED
ORD-2026-5861,2026-05-01 01:01:00,CUST-4565,Delhi,UPI,0.0,7500.0,INR,COMPLETED
ORD-2026-5862,2026-05-01 01:02:00,CUST-4970,Delhi,UPI,0.0,7500.0,INR,COMPLETED
ORD-2026-5863,2026-05-01 01:03:00,CUST-8705,Bengaluru,UPI,0.0,7500.0,INR,COMPLETED
ORD-2026-5864,2026-05-01 01:04:00,CUST-7552,Bengaluru,UPI,0.0,7500.0,INR,COMPLETED
ORD-2026-5865,2026-05-01 01:05:00,CUST-6532,Bengaluru,UPI,0.0,7500.0,INR,COMPLETED
ORD-2026-5866,2026-05-01 01:06:00,CUST-1755,Bengaluru,UPI,0.0,7500.0,INR,COMPLETED
ORD-2026-5867,2026-05-01 01:07:00,CUST-8022,Bengaluru,UPI,0.0,7500.0,INR,COMPLETED
ORD-2026-5868,2026-05-01 01:08:00,CUST-6011,Hyderabad,UPI,0.0,7500.0,INR,COMPLETED
ORD-2026-5869,2026-05-01 01:09:00,CUST-9820,Hyderabad,UPI,0.0,7500.0,INR,COMPLETED
ORD-2026-5870,2026-05-01 01:10:00,CUST-3221,Bengaluru,UPI,0.0,7500.0,INR,COMPLETED
ORD-2026-5871,2026-05-01 01:11:00,CUST-5547,Bengaluru,UPI,0.0,7500.0,INR,COMPLETED
ORD-2026-5872,2026-05-01 01:12:00,CUST-1526,Bengaluru,UPI,0.0,7500.0,INR,COMPLETED
ORD-2026-5873,2026-05-01 01:13:00,CUST-3880,Bengaluru,UPI,0.0,7500.0,INR,COMPLETED
ORD-2026-5874,2026-05-01 01:14:00,CUST-2763,Hyderabad,UPI,0.0,7500.0,INR,COMPLETED
ORD-2026-5875,2026-05-01 01:15:00,CUST-8920,Bengaluru,UPI,0.0,7500.0,INR,COMPLETED
ORD-2026-5876,2026-05-01 01:16:00,CUST-4083,Hyderabad,UPI,0.0,7500.0,INR,COMPLETED
ORD-2026-5877,2026-05-01 01:17:00,CUST-2522,Hyderabad,UPI,0.0,7500.0,INR,COMPLETED
ORD-2026-5878,2026-05-01 01:18:00,CUST-7561,Bengaluru,UPI,0.0,7500.0,INR,COMPLETED
ORD-2026-5879,2026-05-01 01:19:00,CUST-2054,Delhi,UPI,0.0,7500.0,INR,COMPLETED
ORD-2026-5880,2026-05-01 01:20:00,CUST-4378,Delhi,UPI,0.0,7500.0,INR,COMPLETED
ORD-2026-5881,2026-05-01 01:21:00,CUST-8708,Delhi,UPI,0.0,7500.0,INR,COMPLETED
ORD-2026-5882,2026-05-01 01:22:00,CUST-8025,Hyderabad,UPI,0.0,7500.0,INR,COMPLETED
ORD-2026-5883,2026-05-01 01:23:00,CUST-1471,Hyderabad,UPI,0.0,7500.0,INR,COMPLETED
ORD-2026-5884,2026-05-01 01:24:00,CUST-3229,Delhi,UPI,0.0,7500.0,INR,COMPLETED
ORD-2026-5885,2026-05-01 01:25:00,CUST-8845,Bengaluru,UPI,0.0,7500.0,INR,COMPLETED
ORD-2026-5886,2026-05-01 01:26:00,CUST-4708,Bengaluru,UPI,0.0,7500.0,INR,COMPLETED
ORD-2026-5887,2026-05-01 01:27:00,CUST-5812,Delhi,UPI,0.0,7500.0,INR,COMPLETED
ORD-2026-5888,2026-05-01 01:28:00,CUST-3953,Hyderabad,UPI,0.0,7500.0,INR,COMPLETED
ORD-2026-5889,2026-05-01 01:29:00,CUST-3172,Bengaluru,UPI,0.0,7500.0,INR,COMPLETED
ORD-2026-5890,2026-05-01 01:30:00,CUST-3812,Bengaluru,UPI,0.0,7500.0,INR,COMPLETED
ORD-2026-5891,2026-05-01 01:31:00,CUST-3797,Bengaluru,UPI,0.0,7500.0,INR,COMPLETED
ORD-2026-5892,2026-05-01 01:32:00,CUST-5429,Delhi,UPI,0.0,7500.0,INR,COMPLETED
ORD-2026-5893,2026-05-01 01:33:00,CUST-9605,Bengaluru,UPI,0.0,7500.0,INR,COMPLETED
ORD-2026-5894,2026-05-01 01:34:00,CUST-4760,Delhi,UPI,0.0,7500.0,INR,COMPLETED
ORD-2026-5895,2026-05-01 01:35:00,CUST-7746,Bengaluru,UPI,0.0,7500.0,INR,COMPLETED
ORD-2026-5896,2026-05-01 01:36:00,CUST-5024,Delhi,UPI,0.0,7500.0,INR,COMPLETED
ORD-2026-5897,2026-05-01 01:37:00,CUST-4845,Hyderabad,UPI,0.0,7500.0,INR,COMPLETED
ORD-2026-5898,2026-05-01 01:38:00,CUST-6122,Hyderabad,UPI,0.0,7500.0,INR,COMPLETED
ORD-2026-5899,2026-05-01 01:39:00,CUST-1236,Delhi,UPI,0.0,7500.0,INR,COMPLETED
ORD-2026-5900,2026-05-01 01:40:00,CUST-9917,Delhi,UPI,0.0,7500.0,INR,COMPLETED
ORD-2026-5951,2026-04-16 11:30:00,CUST-6759,Delhi,CREDIT_CARD,0.0,3200.0,INR,PENDING_PAYMENT
ORD-2026-5952,2026-04-16 11:30:00,CUST-9833,Bengaluru,CREDIT_CARD,0.0,3200.0,INR,PENDING_PAYMENT
ORD-2026-5953,2026-04-16 11:30:00,CUST-2064,Delhi,CREDIT_CARD,0.0,3200.0,INR,PENDING_PAYMENT
ORD-2026-5954,2026-04-16 11:30:00,CUST-8658,Delhi,CREDIT_CARD,0.0,3200.0,INR,PENDING_PAYMENT
ORD-2026-5955,2026-04-16 11:30:00,CUST-6241,Hyderabad,CREDIT_CARD,0.0,3200.0,INR,PENDING_PAYMENT
ORD-2026-5956,2026-04-16 11:30:00,CUST-3199,Hyderabad,CREDIT_CARD,0.0,3200.0,INR,PENDING_PAYMENT
ORD-2026-5957,2026-04-16 11:30:00,CUST-6321,Delhi,CREDIT_CARD,0.0,3200.0,INR,PENDING_PAYMENT
ORD-2026-5958,2026-04-16 11:30:00,CUST-1914,Bengaluru,CREDIT_CARD,0.0,3200.0,INR,PENDING_PAYMENT
ORD-2026-5959,2026-04-16 11:30:00,CUST-3934,Hyderabad,CREDIT_CARD,0.0,3200.0,INR,PENDING_PAYMENT
ORD-2026-5960,2026-04-16 11:30:00,CUST-2246,Bengaluru,CREDIT_CARD,0.0,3200.0,INR,PENDING_PAYMENT
ORD-2026-5961,2026-04-16 11:30:00,CUST-2156,Delhi,CREDIT_CARD,0.0,3200.0,INR,PENDING_PAYMENT
ORD-2026-5962,2026-04-16 11:30:00,CUST-4270,Hyderabad,CREDIT_CARD,0.0,3200.0,INR,PENDING_PAYMENT
ORD-2026-5963,2026-04-16 11:30:00,CUST-7280,Hyderabad,CREDIT_CARD,0.0,3200.0,INR,PENDING_PAYMENT
ORD-2026-5964,2026-04-16 11:30:00,CUST-5377,Delhi,CREDIT_CARD,0.0,3200.0,INR,PENDING_PAYMENT
ORD-2026-5965,2026-04-16 11:30:00,CUST-3874,Delhi,CREDIT_CARD,0.0,3200.0,INR,PENDING_PAYMENT
ORD-2026-5966,2026-04-16 11:30:00,CUST-3859,Delhi,CREDIT_CARD,0.0,3200.0,INR,PENDING_PAYMENT
ORD-2026-5967,2026-04-16 11:30:00,CUST-8868,Hyderabad,CREDIT_CARD,0.0,3200.0,INR,PENDING_PAYMENT
ORD-2026-5968,2026-04-16 11:30:00,CUST-7252,Hyderabad,CREDIT_CARD,0.0,3200.0,INR,PENDING_PAYMENT
ORD-2026-5969,2026-04-16 11:30:00,CUST-7937,Bengaluru,CREDIT_CARD,0.0,3200.0,INR,PENDING_PAYMENT
ORD-2026-5970,2026-04-16 11:30:00,CUST-3838,Delhi,CREDIT_CARD,0.0,3200.0,INR,PENDING_PAYMENT
ORD-2026-5971,2026-04-16 11:30:00,CUST-6684,Delhi,CREDIT_CARD,0.0,3200.0,INR,PENDING_PAYMENT
ORD-2026-5972,2026-04-16 11:30:00,CUST-4796,Bengaluru,CREDIT_CARD,0.0,3200.0,INR,PENDING_PAYMENT
ORD-2026-5973,2026-04-16 11:30:00,CUST-7286,Delhi,CREDIT_CARD,0.0,3200.0,INR,PENDING_PAYMENT
ORD-2026-5974,2026-04-16 11:30:00,CUST-5096,Delhi,CREDIT_CARD,0.0,3200.0,INR,PENDING_PAYMENT
ORD-2026-5975,2026-04-16 11:30:00,CUST-2071,Bengaluru,CREDIT_CARD,0.0,3200.0,INR,PENDING_PAYMENT
ORD-2026-5976,2026-04-16 11:30:00,CUST-9876,Delhi,CREDIT_CARD,0.0,3200.0,INR,PENDING_PAYMENT
ORD-2026-5977,2026-04-16 11:30:00,CUST-1266,Bengaluru,CREDIT_CARD,0.0,3200.0,INR,PENDING_PAYMENT
ORD-2026-5978,2026-04-16 11:30:00,CUST-4776,Hyderabad,CREDIT_CARD,0.0,3200.0,INR,PENDING_PAYMENT
ORD-2026-5979,2026-04-16 11:30:00,CUST-3077,Hyderabad,CREDIT_CARD,0.0,3200.0,INR,PENDING_PAYMENT
ORD-2026-5980,2026-04-16 11:30:00,CUST-3437,Hyderabad,CREDIT_CARD,0.0,3200.0,INR,PENDING_PAYMENT
ORD-2026-5981,2026-04-16 11:30:00,CUST-1036,Hyderabad,CREDIT_CARD,0.0,3200.0,INR,PENDING_PAYMENT
ORD-2026-5982,2026-04-16 11:30:00,CUST-7957,Bengaluru,CREDIT_CARD,0.0,3200.0,INR,PENDING_PAYMENT
ORD-2026-5983,2026-04-16 11:30:00,CUST-3911,Bengaluru,CREDIT_CARD,0.0,3200.0,INR,PENDING_PAYMENT
ORD-2026-5984,2026-04-16 11:30:00,CUST-4077,Hyderabad,CREDIT_CARD,0.0,3200.0,INR,PENDING_PAYMENT
ORD-2026-5985,2026-04-16 11:30:00,CUST-7719,Delhi,CREDIT_CARD,0.0,3200.0,INR,PENDING_PAYMENT
ORD-2026-5986,2026-04-16 11:30:00,CUST-4302,Hyderabad,CREDIT_CARD,0.0,3200.0,INR,PENDING_PAYMENT
ORD-2026-5987,2026-04-16 11:30:00,CUST-9476,Bengaluru,CREDIT_CARD,0.0,3200.0,INR,PENDING_PAYMENT
ORD-2026-5988,2026-04-16 11:30:00,CUST-4769,Delhi,CREDIT_CARD,0.0,3200.0,INR,PENDING_PAYMENT
ORD-2026-5989,2026-04-16 11:30:00,CUST-5216,Delhi,CREDIT_CARD,0.0,3200.0,INR,PENDING_PAYMENT
ORD-2026-5990,2026-04-16 11:30:00,CUST-8743,Hyderabad,CREDIT_CARD,0.0,3200.0,INR,PENDING_PAYMENT
ORD-2026-5991,2026-04-16 11:30:00,CUST-2679,Bengaluru,CREDIT_CARD,0.0,3200.0,INR,PENDING_PAYMENT
ORD-2026-5992,2026-04-16 11:30:00,CUST-9631,Hyderabad,CREDIT_CARD,0.0,3200.0,INR,PENDING_PAYMENT
ORD-2026-5993,2026-04-16 11:30:00,CUST-8146,Bengaluru,CREDIT_CARD,0.0,3200.0,INR,PENDING_PAYMENT
ORD-2026-5994,2026-04-16 11:30:00,CUST-5168,Bengaluru,CREDIT_CARD,0.0,3200.0,INR,PENDING_PAYMENT
ORD-2026-5995,2026-04-16 11:30:00,CUST-1610,Bengaluru,CREDIT_CARD,0.0,3200.0,INR,PENDING_PAYMENT
ORD-2026-5996,2026-04-16 11:30:00,CUST-8121,Hyderabad,CREDIT_CARD,0.0,3200.0,INR,PENDING_PAYMENT
ORD-2026-5997,2026-04-16 11:30:00,CUST-5718,Delhi,CREDIT_CARD,0.0,3200.0,INR,PENDING_PAYMENT
ORD-2026-5998,2026-04-16 11:30:00,CUST-5657,Delhi,CREDIT_CARD,0.0,3200.0,INR,PENDING_PAYMENT
ORD-2026-5999,2026-04-16 11:30:00,CUST-3893,Hyderabad,CREDIT_CARD,0.0,3200.0,INR,PENDING_PAYMENT
ORD-2026-6000,2026-04-16 11:30:00,CUST-3188,Bengaluru,CREDIT_CARD,0.0,3200.0,INR,PENDING_PAYMENT
