pg_txn_id,merchant_id,order_id,payment_method,card_network,settlement_id,settled_at,gross_amount,fee,tax,net_amount,error_code,status
pay_3d148704e96342,MID_RAZOR_991,ORD-2026-1001,UPI,NA,setl_6727c1ae0e,2026-04-02 12:15:01,11252.48,225.05,40.51,10986.92,,SETTLED
pay_0f64872efcb24f,MID_RAZOR_991,ORD-2026-1002,UPI,NA,setl_78baa9995f,2026-04-02 12:30:37,6617.87,132.36,23.82,6461.69,,SETTLED
pay_f2a3bd39119d44,MID_RAZOR_991,ORD-2026-1003,UPI,NA,setl_6fa6f8c582,2026-04-02 12:45:35,3383.15,67.66,12.18,3303.31,,SETTLED
pay_f3dc480192904d,MID_RAZOR_991,ORD-2026-1004,DEBIT_CARD,RuPay,setl_a41cfa1875,2026-04-02 13:00:48,12184.38,243.69,43.86,11896.83,,SETTLED
pay_51983d41e8d44f,MID_RAZOR_991,ORD-2026-1005,DEBIT_CARD,RuPay,setl_b0572b3aec,2026-04-02 13:15:05,6008.95,120.18,21.63,5867.14,,SETTLED
pay_84836637ece545,MID_RAZOR_991,ORD-2026-1006,UPI,NA,setl_3076a5e61c,2026-04-02 13:30:46,7161.66,143.23,25.78,6992.65,,SETTLED
pay_579cc43b1c8f46,MID_RAZOR_991,ORD-2026-1007,DEBIT_CARD,Mastercard,setl_9752685d7d,2026-04-02 13:45:12,10716.29,214.33,38.58,10463.38,,SETTLED
pay_cd4ef02838b548,MID_RAZOR_991,ORD-2026-1008,UPI,NA,setl_c5f512427f,2026-04-02 14:00:54,3875.47,77.51,13.95,3784.01,,SETTLED
pay_86189b5a9b7a40,MID_RAZOR_991,ORD-2026-1009,DEBIT_CARD,RuPay,setl_4a9db5bbc0,2026-04-02 14:15:23,5651.43,113.03,20.35,5518.05,,SETTLED
pay_a25ba5328c974e,MID_RAZOR_991,ORD-2026-1010,CREDIT_CARD,Mastercard,setl_f2a3063296,2026-04-02 14:30:46,4049.76,81.0,14.58,3954.18,,SETTLED
pay_45bced9a35ca49,MID_RAZOR_991,ORD-2026-1011,CREDIT_CARD,Mastercard,setl_74c8d8d62c,2026-04-02 14:45:20,12721.35,254.43,45.8,12421.12,,SETTLED
pay_70d4f1b4c31f49,MID_RAZOR_991,ORD-2026-1012,DEBIT_CARD,RuPay,setl_4604bfb5ea,2026-04-02 15:00:13,13740.47,274.81,49.47,13416.19,,SETTLED
pay_4a8dc6bac7464a,MID_RAZOR_991,ORD-2026-1013,NETBANKING,NA,setl_d95130689a,2026-04-02 15:15:09,4340.76,86.82,15.63,4238.31,,SETTLED
pay_9ebbd711435440,MID_RAZOR_991,ORD-2026-1014,NETBANKING,NA,setl_2f0bdb0180,2026-04-02 15:30:57,8961.23,179.22,32.26,8749.75,,SETTLED
pay_fb408433f06e41,MID_RAZOR_991,ORD-2026-1015,UPI,NA,setl_a3645fae5c,2026-04-02 15:45:48,1183.19,23.66,4.26,1155.27,,SETTLED
pay_38f54e8430f148,MID_RAZOR_991,ORD-2026-1016,NETBANKING,NA,setl_269a98d218,2026-04-02 16:00:38,1421.15,28.42,5.12,1387.61,,SETTLED
pay_aa025d889f6045,MID_RAZOR_991,ORD-2026-1017,UPI,NA,setl_94fe073244,2026-04-02 16:15:43,10950.47,219.01,39.42,10692.04,,SETTLED
pay_cc237bf8eba94a,MID_RAZOR_991,ORD-2026-1018,UPI,NA,setl_f4c19fbbc8,2026-04-02 16:30:18,6804.1,136.08,24.49,6643.53,,SETTLED
pay_e47af17674fd42,MID_RAZOR_991,ORD-2026-1019,CREDIT_CARD,Mastercard,setl_8cfa2fac3b,2026-04-02 16:45:58,2042.96,40.86,7.35,1994.75,,SETTLED
pay_6661ea65b24744,MID_RAZOR_991,ORD-2026-1020,CREDIT_CARD,Visa,setl_46e23f38dd,2026-04-02 17:00:48,2842.46,56.85,10.23,2775.38,,SETTLED
pay_e1d5903716de4e,MID_RAZOR_991,ORD-2026-1021,UPI,NA,setl_c7b94886ac,2026-04-02 17:15:07,13971.93,279.44,50.3,13642.19,,SETTLED
pay_f805f43e2c4941,MID_RAZOR_991,ORD-2026-1022,UPI,NA,setl_ddbe58f648,2026-04-02 17:30:05,11112.66,222.25,40.0,10850.41,,SETTLED
pay_24506e9baaff4c,MID_RAZOR_991,ORD-2026-1023,NETBANKING,NA,setl_a7e990166c,2026-04-02 17:45:35,2894.34,57.89,10.42,2826.03,,SETTLED
pay_384c3006e63a48,MID_RAZOR_991,ORD-2026-1024,CREDIT_CARD,Mastercard,setl_f5a95da1cb,2026-04-02 18:00:19,6285.39,125.71,22.63,6137.05,,SETTLED
pay_596cee633f3946,MID_RAZOR_991,ORD-2026-1025,CREDIT_CARD,RuPay,setl_4e506614b0,2026-04-02 18:15:21,805.0,16.1,2.9,786.0,,SETTLED
pay_796f3637ebc343,MID_RAZOR_991,ORD-2026-1026,UPI,NA,setl_8463c31ee9,2026-04-02 18:30:14,1477.3,29.55,5.32,1442.43,,SETTLED
pay_c6187fd5d61c42,MID_RAZOR_991,ORD-2026-1027,DEBIT_CARD,Mastercard,setl_af24857de9,2026-04-02 18:45:31,3606.43,72.13,12.98,3521.32,,SETTLED
pay_af5995a8f18549,MID_RAZOR_991,ORD-2026-1028,CREDIT_CARD,Visa,setl_42aeefbde5,2026-04-02 19:00:51,6402.37,128.05,23.05,6251.27,,SETTLED
pay_1726314591d049,MID_RAZOR_991,ORD-2026-1029,NETBANKING,NA,setl_ecea84f969,2026-04-02 19:15:26,7271.86,145.44,26.18,7100.24,,SETTLED
pay_a46d6bb8d0614d,MID_RAZOR_991,ORD-2026-1030,UPI,NA,setl_2ba2630557,2026-04-02 19:30:03,6338.01,126.76,22.82,6188.43,,SETTLED
pay_10c1c590987447,MID_RAZOR_991,ORD-2026-1031,NETBANKING,NA,setl_d7972bddec,2026-04-02 19:45:08,6617.28,132.35,23.82,6461.11,,SETTLED
pay_655248f3810248,MID_RAZOR_991,ORD-2026-1032,NETBANKING,NA,setl_26c9562c7a,2026-04-02 20:00:51,12989.56,259.79,46.76,12683.01,,SETTLED
pay_e77af7d5f7de4d,MID_RAZOR_991,ORD-2026-1033,UPI,NA,setl_ea1c66dd0c,2026-04-02 20:15:05,13932.32,278.65,50.16,13603.51,,SETTLED
pay_46c94a1177b844,MID_RAZOR_991,ORD-2026-1034,CREDIT_CARD,Visa,setl_59d325da16,2026-04-02 20:30:57,1350.21,27.0,4.86,1318.35,,SETTLED
pay_a86b996c75594c,MID_RAZOR_991,ORD-2026-1035,NETBANKING,NA,setl_3fc7c3cdff,2026-04-02 20:45:18,6633.61,132.67,23.88,6477.06,,SETTLED
pay_8f27d05f53a347,MID_RAZOR_991,ORD-2026-1036,UPI,NA,setl_bba49fe412,2026-04-02 21:00:37,11168.19,223.36,40.2,10904.63,,SETTLED
pay_e240eaf3a7e74f,MID_RAZOR_991,ORD-2026-1037,NETBANKING,NA,setl_d61e5a3351,2026-04-02 21:15:32,13831.11,276.62,49.79,13504.7,,SETTLED
pay_00bc9ccb34af4d,MID_RAZOR_991,ORD-2026-1038,UPI,NA,setl_83fbcfdbc6,2026-04-02 21:30:54,3194.46,63.89,11.5,3119.07,,SETTLED
pay_ee1d0d5878944a,MID_RAZOR_991,ORD-2026-1039,CREDIT_CARD,Mastercard,setl_1c09ead38d,2026-04-02 21:45:38,1076.25,21.53,3.88,1050.84,,SETTLED
pay_1ca7c53371144c,MID_RAZOR_991,ORD-2026-1040,DEBIT_CARD,Visa,setl_4913d27891,2026-04-02 22:00:13,10211.03,204.22,36.76,9970.05,,SETTLED
pay_799f864efd434a,MID_RAZOR_991,ORD-2026-1041,DEBIT_CARD,Visa,setl_0a6cbdac96,2026-04-02 22:15:20,13970.77,279.42,50.3,13641.05,,SETTLED
pay_16a41f74856248,MID_RAZOR_991,ORD-2026-1042,UPI,NA,setl_b745db7f8b,2026-04-02 22:30:04,8295.7,165.91,29.86,8099.93,,SETTLED
pay_bff1b9e2f6e04b,MID_RAZOR_991,ORD-2026-1043,UPI,NA,setl_4f423072a5,2026-04-02 22:45:56,4042.12,80.84,14.55,3946.73,,SETTLED
pay_1da2886a3f044a,MID_RAZOR_991,ORD-2026-1044,DEBIT_CARD,Mastercard,setl_6b6b973e88,2026-04-02 23:00:51,9982.66,199.65,35.94,9747.07,,SETTLED
pay_aa9c0d3337474c,MID_RAZOR_991,ORD-2026-1045,UPI,NA,setl_c16ec2d65d,2026-04-02 23:15:56,2447.22,48.94,8.81,2389.47,,SETTLED
pay_51b932a03a934d,MID_RAZOR_991,ORD-2026-1046,DEBIT_CARD,Visa,setl_6c2fa6b5be,2026-04-02 23:30:38,3554.13,71.08,12.79,3470.26,,SETTLED
pay_a2fe2b7d832a48,MID_RAZOR_991,ORD-2026-1047,NETBANKING,NA,setl_e2373e4217,2026-04-02 23:45:16,13627.38,272.55,49.06,13305.77,,SETTLED
pay_380c9549719c4f,MID_RAZOR_991,ORD-2026-1048,DEBIT_CARD,RuPay,setl_3992ebf7b8,2026-04-03 00:00:00,5336.57,106.73,19.21,5210.63,,SETTLED
pay_0f5cb5e6dc7b4e,MID_RAZOR_991,ORD-2026-1049,NETBANKING,NA,setl_cab44e49c3,2026-04-03 00:15:35,640.21,12.8,2.3,625.11,,SETTLED
pay_60d5e7d319f040,MID_RAZOR_991,ORD-2026-1050,DEBIT_CARD,Mastercard,setl_48250e303d,2026-04-03 00:30:35,2647.36,52.95,9.53,2584.88,,SETTLED
pay_5ae9fcea58de4a,MID_RAZOR_991,ORD-2026-1051,UPI,NA,setl_acc906a741,2026-04-03 00:45:57,5688.23,113.76,20.48,5553.99,,SETTLED
pay_8e07600065ec48,MID_RAZOR_991,ORD-2026-1052,NETBANKING,NA,setl_6010531bd7,2026-04-03 01:00:39,11367.43,227.35,40.92,11099.16,,SETTLED
pay_2d6a05b0bc3d46,MID_RAZOR_991,ORD-2026-1053,UPI,NA,setl_5408bf8b0c,2026-04-03 01:15:11,11180.18,223.6,40.25,10916.33,,SETTLED
pay_b69bcad106ed49,MID_RAZOR_991,ORD-2026-1054,CREDIT_CARD,Visa,setl_9772e7e7bf,2026-04-03 01:30:10,11916.93,238.34,42.9,11635.69,,SETTLED
pay_65ad5327816944,MID_RAZOR_991,ORD-2026-1055,CREDIT_CARD,Visa,setl_1b99a77492,2026-04-03 01:45:22,4925.27,98.51,17.73,4809.03,,SETTLED
pay_d72a0546bcfd48,MID_RAZOR_991,ORD-2026-1056,NETBANKING,NA,setl_517d56ca7e,2026-04-03 02:00:21,4539.74,90.79,16.34,4432.61,,SETTLED
pay_e044ad890b2b47,MID_RAZOR_991,ORD-2026-1057,NETBANKING,NA,setl_41b5b2e78e,2026-04-03 02:15:43,14726.67,294.53,53.02,14379.12,,SETTLED
pay_6b6deab9cf7441,MID_RAZOR_991,ORD-2026-1058,CREDIT_CARD,Mastercard,setl_72f75fd073,2026-04-03 02:30:16,1054.73,21.09,3.8,1029.84,,SETTLED
pay_57f01366c9b44b,MID_RAZOR_991,ORD-2026-1059,NETBANKING,NA,setl_32681883fb,2026-04-03 02:45:38,14771.42,295.43,53.18,14422.81,,SETTLED
pay_6ee37ee704f94d,MID_RAZOR_991,ORD-2026-1060,NETBANKING,NA,setl_23d489361a,2026-04-03 03:00:00,8038.85,160.78,28.94,7849.13,,SETTLED
pay_71b00214d85d4f,MID_RAZOR_991,ORD-2026-1061,CREDIT_CARD,Visa,setl_86bccd993f,2026-04-03 03:15:27,1514.62,30.29,5.45,1478.88,,SETTLED
pay_7f2ec868c38145,MID_RAZOR_991,ORD-2026-1062,DEBIT_CARD,Mastercard,setl_1d4afa169c,2026-04-03 03:30:19,10169.95,203.4,36.61,9929.94,,SETTLED
pay_14722902c8d843,MID_RAZOR_991,ORD-2026-1063,CREDIT_CARD,RuPay,setl_b23235265e,2026-04-03 03:45:26,10141.48,202.83,36.51,9902.14,,SETTLED
pay_42fc4ef5ec3144,MID_RAZOR_991,ORD-2026-1064,DEBIT_CARD,Visa,setl_961254b468,2026-04-03 04:00:35,12589.01,251.78,45.32,12291.91,,SETTLED
pay_3339ff77acf445,MID_RAZOR_991,ORD-2026-1065,DEBIT_CARD,Visa,setl_377cad50f1,2026-04-03 04:15:28,6911.32,138.23,24.88,6748.21,,SETTLED
pay_42b73334053c4b,MID_RAZOR_991,ORD-2026-1066,CREDIT_CARD,Mastercard,setl_75e28e384b,2026-04-03 04:30:05,4614.9,92.3,16.61,4505.99,,SETTLED
pay_08dddfad6d4c45,MID_RAZOR_991,ORD-2026-1067,DEBIT_CARD,RuPay,setl_f43329a253,2026-04-03 04:45:51,3387.38,67.75,12.2,3307.43,,SETTLED
pay_551cce1b254a44,MID_RAZOR_991,ORD-2026-1068,UPI,NA,setl_11f07e5287,2026-04-03 05:00:29,6509.39,130.19,23.43,6355.77,,SETTLED
pay_b03335279c0b45,MID_RAZOR_991,ORD-2026-1069,NETBANKING,NA,setl_db553188fa,2026-04-03 05:15:15,2639.78,52.8,9.5,2577.48,,SETTLED
pay_ff32b036d23446,MID_RAZOR_991,ORD-2026-1070,CREDIT_CARD,Mastercard,setl_e38c7f1334,2026-04-03 05:30:33,7235.97,144.72,26.05,7065.2,,SETTLED
pay_65156bb05ad14f,MID_RAZOR_991,ORD-2026-1071,NETBANKING,NA,setl_494650d47e,2026-04-03 05:45:42,8201.41,164.03,29.53,8007.85,,SETTLED
pay_763efc9dbd9b4c,MID_RAZOR_991,ORD-2026-1072,NETBANKING,NA,setl_4e06ed42ec,2026-04-03 06:00:53,13649.39,272.99,49.14,13327.26,,SETTLED
pay_6a813abcac8b41,MID_RAZOR_991,ORD-2026-1073,NETBANKING,NA,setl_04e8a6ad06,2026-04-03 06:15:16,11400.76,228.02,41.04,11131.7,,SETTLED
pay_6cd7542297cd4b,MID_RAZOR_991,ORD-2026-1074,DEBIT_CARD,Visa,setl_00ae753bde,2026-04-03 06:30:04,10846.4,216.93,39.05,10590.42,,SETTLED
pay_9e869f3dafc241,MID_RAZOR_991,ORD-2026-1075,UPI,NA,setl_ad4525522d,2026-04-03 06:45:08,2687.04,53.74,9.67,2623.63,,SETTLED
pay_55dca6bbd6114c,MID_RAZOR_991,ORD-2026-1076,UPI,NA,setl_f40d0a9e1d,2026-04-03 07:00:26,6410.19,128.2,23.08,6258.91,,SETTLED
pay_8e6b7e32b4384f,MID_RAZOR_991,ORD-2026-1077,NETBANKING,NA,setl_f1e241f7cb,2026-04-03 07:15:24,13620.16,272.4,49.03,13298.73,,SETTLED
pay_775353cbc3d545,MID_RAZOR_991,ORD-2026-1078,DEBIT_CARD,Visa,setl_578e986b65,2026-04-03 07:30:48,6154.81,123.1,22.16,6009.55,,SETTLED
pay_720c3c8e441e48,MID_RAZOR_991,ORD-2026-1079,CREDIT_CARD,Visa,setl_e4aa1c777c,2026-04-03 07:45:14,4457.56,89.15,16.05,4352.36,,SETTLED
pay_456f5f2cbd5d40,MID_RAZOR_991,ORD-2026-1080,NETBANKING,NA,setl_f68d6a2039,2026-04-03 08:00:46,2893.15,57.86,10.41,2824.88,,SETTLED
pay_c25aa91d79d443,MID_RAZOR_991,ORD-2026-1081,UPI,NA,setl_3de4d7e64e,2026-04-03 08:15:05,9819.87,196.4,35.35,9588.12,,SETTLED
pay_e8b7f9084a5b45,MID_RAZOR_991,ORD-2026-1082,NETBANKING,NA,setl_cdba10fe26,2026-04-03 08:30:20,3569.07,71.38,12.85,3484.84,,SETTLED
pay_9737a05cc4d544,MID_RAZOR_991,ORD-2026-1083,DEBIT_CARD,Visa,setl_8ac242f3dd,2026-04-03 08:45:16,12606.21,252.12,45.38,12308.71,,SETTLED
pay_bb4ba729e1ca4f,MID_RAZOR_991,ORD-2026-1084,DEBIT_CARD,RuPay,setl_28b9cacbfd,2026-04-03 09:00:41,1494.97,29.9,5.38,1459.69,,SETTLED
pay_ccc2a4a255154e,MID_RAZOR_991,ORD-2026-1085,CREDIT_CARD,RuPay,setl_68042c899a,2026-04-03 09:15:08,7366.64,147.33,26.52,7192.79,,SETTLED
pay_14900d7061a140,MID_RAZOR_991,ORD-2026-1086,DEBIT_CARD,RuPay,setl_2761fd8a76,2026-04-03 09:30:38,9305.09,186.1,33.5,9085.49,,SETTLED
pay_f0b05ef2be0847,MID_RAZOR_991,ORD-2026-1087,DEBIT_CARD,Mastercard,setl_227bf80bdf,2026-04-03 09:45:43,13666.38,273.33,49.2,13343.85,,SETTLED
pay_96dcb57fd5c941,MID_RAZOR_991,ORD-2026-1088,CREDIT_CARD,RuPay,setl_a22fa15000,2026-04-03 10:00:44,11700.97,234.02,42.12,11424.83,,SETTLED
pay_a438772dd19d4b,MID_RAZOR_991,ORD-2026-1089,NETBANKING,NA,setl_d9f086c428,2026-04-03 10:15:42,5873.28,117.47,21.14,5734.67,,SETTLED
pay_47a77a759e2f45,MID_RAZOR_991,ORD-2026-1090,NETBANKING,NA,setl_2abb30b3b6,2026-04-03 10:30:06,6786.09,135.72,24.43,6625.94,,SETTLED
pay_d4d7470f48064c,MID_RAZOR_991,ORD-2026-1091,NETBANKING,NA,setl_49eb483dc0,2026-04-03 10:45:11,11140.03,222.8,40.1,10877.13,,SETTLED
pay_1ec16c19ecd547,MID_RAZOR_991,ORD-2026-1092,NETBANKING,NA,setl_7e52027b72,2026-04-03 11:00:27,12473.15,249.46,44.9,12178.79,,SETTLED
pay_e3147077ce1b4c,MID_RAZOR_991,ORD-2026-1093,DEBIT_CARD,Visa,setl_d6958dc923,2026-04-03 11:15:15,11381.91,227.64,40.98,11113.29,,SETTLED
pay_7f9d541cb33647,MID_RAZOR_991,ORD-2026-1094,CREDIT_CARD,Visa,setl_72d0d289cb,2026-04-03 11:30:13,5644.96,112.9,20.32,5511.74,,SETTLED
pay_0b520b87744047,MID_RAZOR_991,ORD-2026-1095,DEBIT_CARD,Mastercard,setl_d99bd783d9,2026-04-03 11:45:00,7991.1,159.82,28.77,7802.51,,SETTLED
pay_19dc2c2432c84a,MID_RAZOR_991,ORD-2026-1096,NETBANKING,NA,setl_9114aa85de,2026-04-03 12:00:35,11493.39,229.87,41.38,11222.14,,SETTLED
pay_45bb93f6d55b4a,MID_RAZOR_991,ORD-2026-1097,UPI,NA,setl_af060c0784,2026-04-03 12:15:05,4766.42,95.33,17.16,4653.93,,SETTLED
pay_5d9e47a9ad5e4b,MID_RAZOR_991,ORD-2026-1098,DEBIT_CARD,Visa,setl_f1f4d9aa76,2026-04-03 12:30:35,8198.37,163.97,29.51,8004.89,,SETTLED
pay_8c5bd23fa59e4e,MID_RAZOR_991,ORD-2026-1099,NETBANKING,NA,setl_1705540b67,2026-04-03 12:45:17,4946.03,98.92,17.81,4829.3,,SETTLED
pay_702367e698ed46,MID_RAZOR_991,ORD-2026-1100,UPI,NA,setl_2c4c8e2bd9,2026-04-03 13:00:47,8270.03,165.4,29.77,8074.86,,SETTLED
pay_06c3400136ce41,MID_RAZOR_991,ORD-2026-1101,DEBIT_CARD,Mastercard,setl_a8f7b5abc6,2026-04-03 13:15:37,14660.8,293.22,52.78,14314.8,,SETTLED
pay_538a2d33498740,MID_RAZOR_991,ORD-2026-1102,CREDIT_CARD,Visa,setl_29221c01e0,2026-04-03 13:30:14,5732.78,114.66,20.64,5597.48,,SETTLED
pay_e4bb9721b66240,MID_RAZOR_991,ORD-2026-1103,DEBIT_CARD,RuPay,setl_b480b0e357,2026-04-03 13:45:03,8523.71,170.47,30.68,8322.56,,SETTLED
pay_f74c85831b394e,MID_RAZOR_991,ORD-2026-1104,DEBIT_CARD,Visa,setl_ac9ebc7800,2026-04-03 14:00:30,6886.8,137.74,24.79,6724.27,,SETTLED
pay_fae87467ba3441,MID_RAZOR_991,ORD-2026-1105,UPI,NA,setl_13c23b6e30,2026-04-03 14:15:52,1447.48,28.95,5.21,1413.32,,SETTLED
pay_ea23d494fb3a44,MID_RAZOR_991,ORD-2026-1106,UPI,NA,setl_c8fd85fe7c,2026-04-03 14:30:09,2663.36,53.27,9.59,2600.5,,SETTLED
pay_e5dd5996b80841,MID_RAZOR_991,ORD-2026-1107,NETBANKING,NA,setl_2946a03d0b,2026-04-03 14:45:38,9143.84,182.88,32.92,8928.04,,SETTLED
pay_af21d1391cc041,MID_RAZOR_991,ORD-2026-1108,DEBIT_CARD,Mastercard,setl_e8bd8ec487,2026-04-03 15:00:27,4928.01,98.56,17.74,4811.71,,SETTLED
pay_070763331a1040,MID_RAZOR_991,ORD-2026-1109,CREDIT_CARD,Mastercard,setl_cb510e342d,2026-04-03 15:15:13,4337.37,86.75,15.62,4235.0,,SETTLED
pay_8fec77bfb3e543,MID_RAZOR_991,ORD-2026-1110,UPI,NA,setl_2b88438dcc,2026-04-03 15:30:10,538.8,10.78,1.94,526.08,,SETTLED
pay_5dcf3f033e264e,MID_RAZOR_991,ORD-2026-1111,UPI,NA,setl_25c5c5548d,2026-04-03 15:45:14,4677.52,93.55,16.84,4567.13,,SETTLED
pay_aaf4b870108544,MID_RAZOR_991,ORD-2026-1112,DEBIT_CARD,Mastercard,setl_01d66cf526,2026-04-03 16:00:37,10087.15,201.74,36.31,9849.1,,SETTLED
pay_92604e19a3c247,MID_RAZOR_991,ORD-2026-1113,CREDIT_CARD,Visa,setl_5dc89cfb28,2026-04-03 16:15:52,2562.43,51.25,9.22,2501.96,,SETTLED
pay_f37ab4fb25384a,MID_RAZOR_991,ORD-2026-1114,DEBIT_CARD,Visa,setl_3c220600ff,2026-04-03 16:30:07,7296.12,145.92,26.27,7123.93,,SETTLED
pay_cd18a87130134c,MID_RAZOR_991,ORD-2026-1115,NETBANKING,NA,setl_287bc0dd00,2026-04-03 16:45:28,1666.41,33.33,6.0,1627.08,,SETTLED
pay_88d06cf96bca48,MID_RAZOR_991,ORD-2026-1116,DEBIT_CARD,RuPay,setl_42103c206a,2026-04-03 17:00:05,3819.4,76.39,13.75,3729.26,,SETTLED
pay_d696fbfe036544,MID_RAZOR_991,ORD-2026-1117,CREDIT_CARD,Visa,setl_a76aac1820,2026-04-03 17:15:33,9946.89,198.94,35.81,9712.14,,SETTLED
pay_3606e440cc594a,MID_RAZOR_991,ORD-2026-1118,NETBANKING,NA,setl_c1bb387b34,2026-04-03 17:30:05,7315.15,146.3,26.33,7142.52,,SETTLED
pay_28e5e5ea164c4d,MID_RAZOR_991,ORD-2026-1119,CREDIT_CARD,Visa,setl_19389731cc,2026-04-03 17:45:26,10558.27,211.17,38.01,10309.09,,SETTLED
pay_668182203dd748,MID_RAZOR_991,ORD-2026-1120,UPI,NA,setl_e113bdac8f,2026-04-03 18:00:29,1776.87,35.54,6.4,1734.93,,SETTLED
pay_ace8670f36474d,MID_RAZOR_991,ORD-2026-1121,NETBANKING,NA,setl_6408c9f624,2026-04-03 18:15:55,7961.65,159.23,28.66,7773.76,,SETTLED
pay_17c081f4a63648,MID_RAZOR_991,ORD-2026-1122,CREDIT_CARD,Mastercard,setl_761473a01e,2026-04-03 18:30:23,9528.19,190.56,34.3,9303.33,,SETTLED
pay_a66e163eac274f,MID_RAZOR_991,ORD-2026-1123,CREDIT_CARD,Visa,setl_1f15f299a9,2026-04-03 18:45:35,2399.69,47.99,8.64,2343.06,,SETTLED
pay_04442b1c693b45,MID_RAZOR_991,ORD-2026-1124,CREDIT_CARD,Mastercard,setl_0f3f99362e,2026-04-03 19:00:10,5005.88,100.12,18.02,4887.74,,SETTLED
pay_a3fa0511b5e744,MID_RAZOR_991,ORD-2026-1125,UPI,NA,setl_d34441c91c,2026-04-03 19:15:29,14232.38,284.65,51.24,13896.49,,SETTLED
pay_7c647f26717741,MID_RAZOR_991,ORD-2026-1126,DEBIT_CARD,Visa,setl_4ff682807d,2026-04-03 19:30:53,7496.24,149.92,26.99,7319.33,,SETTLED
pay_511c23bf68564c,MID_RAZOR_991,ORD-2026-1127,NETBANKING,NA,setl_5988538759,2026-04-03 19:45:12,13867.09,277.34,49.92,13539.83,,SETTLED
pay_079a962cff6941,MID_RAZOR_991,ORD-2026-1128,NETBANKING,NA,setl_42ab74a9ae,2026-04-03 20:00:21,14046.6,280.93,50.57,13715.1,,SETTLED
pay_f879f2a0f9a44f,MID_RAZOR_991,ORD-2026-1129,NETBANKING,NA,setl_02ff35f253,2026-04-03 20:15:55,2654.63,53.09,9.56,2591.98,,SETTLED
pay_03dca57bf6bf43,MID_RAZOR_991,ORD-2026-1130,NETBANKING,NA,setl_379910e85c,2026-04-03 20:30:29,14026.36,280.53,50.5,13695.33,,SETTLED
pay_7b17935ebcba4c,MID_RAZOR_991,ORD-2026-1131,CREDIT_CARD,Visa,setl_a500440e2b,2026-04-03 20:45:02,5113.56,102.27,18.41,4992.88,,SETTLED
pay_2a44a4fda0954f,MID_RAZOR_991,ORD-2026-1132,CREDIT_CARD,Visa,setl_f8d8956899,2026-04-03 21:00:02,2330.57,46.61,8.39,2275.57,,SETTLED
pay_e821e60c30f545,MID_RAZOR_991,ORD-2026-1133,NETBANKING,NA,setl_444ee7c0db,2026-04-03 21:15:00,10975.44,219.51,39.51,10716.42,,SETTLED
pay_c7b6a503452647,MID_RAZOR_991,ORD-2026-1134,DEBIT_CARD,Visa,setl_cfd266f55a,2026-04-03 21:30:39,10544.22,210.88,37.96,10295.38,,SETTLED
pay_ae685e90e74b44,MID_RAZOR_991,ORD-2026-1135,DEBIT_CARD,Mastercard,setl_75714d5667,2026-04-03 21:45:45,13367.86,267.36,48.12,13052.38,,SETTLED
pay_5e5fcaf4138d40,MID_RAZOR_991,ORD-2026-1136,CREDIT_CARD,Mastercard,setl_1f9b75d92b,2026-04-03 22:00:43,13853.47,277.07,49.87,13526.53,,SETTLED
pay_2d829002a1704d,MID_RAZOR_991,ORD-2026-1137,UPI,NA,setl_48ce1858bd,2026-04-03 22:15:28,2912.29,58.25,10.48,2843.56,,SETTLED
pay_9315935c90ec4f,MID_RAZOR_991,ORD-2026-1138,UPI,NA,setl_28457970ec,2026-04-03 22:30:18,5697.72,113.95,20.51,5563.26,,SETTLED
pay_e0ef16e117ba48,MID_RAZOR_991,ORD-2026-1139,CREDIT_CARD,RuPay,setl_51a7af0c0c,2026-04-03 22:45:11,1645.04,32.9,5.92,1606.22,,SETTLED
pay_f613c7a34b3344,MID_RAZOR_991,ORD-2026-1140,CREDIT_CARD,RuPay,setl_311733305f,2026-04-03 23:00:29,9749.62,194.99,35.1,9519.53,,SETTLED
pay_67cfa3b9b8154b,MID_RAZOR_991,ORD-2026-1141,NETBANKING,NA,setl_6d47734d05,2026-04-03 23:15:57,4670.66,93.41,16.81,4560.44,,SETTLED
pay_b777734360ee4f,MID_RAZOR_991,ORD-2026-1142,DEBIT_CARD,Mastercard,setl_efda3675bc,2026-04-03 23:30:27,10509.55,210.19,37.83,10261.53,,SETTLED
pay_814c83d9126648,MID_RAZOR_991,ORD-2026-1143,NETBANKING,NA,setl_6a09baef87,2026-04-03 23:45:06,3939.48,78.79,14.18,3846.51,,SETTLED
pay_5af4c18ca33b4f,MID_RAZOR_991,ORD-2026-1144,DEBIT_CARD,RuPay,setl_0b59287cb7,2026-04-04 00:00:53,10044.33,200.89,36.16,9807.28,,SETTLED
pay_9526b012f6fb4b,MID_RAZOR_991,ORD-2026-1145,UPI,NA,setl_8da5f75a24,2026-04-04 00:15:58,9292.89,185.86,33.45,9073.58,,SETTLED
pay_2f6a79798a484a,MID_RAZOR_991,ORD-2026-1146,DEBIT_CARD,RuPay,setl_adfd46f993,2026-04-04 00:30:40,3256.91,65.14,11.73,3180.04,,SETTLED
pay_271cb24fe04347,MID_RAZOR_991,ORD-2026-1147,CREDIT_CARD,Mastercard,setl_4f7143b637,2026-04-04 00:45:06,13599.35,271.99,48.96,13278.4,,SETTLED
pay_91fd6499c3974b,MID_RAZOR_991,ORD-2026-1148,DEBIT_CARD,Mastercard,setl_7221d0b4d3,2026-04-04 01:00:08,1806.93,36.14,6.51,1764.28,,SETTLED
pay_fcf118780b0c44,MID_RAZOR_991,ORD-2026-1149,CREDIT_CARD,RuPay,setl_69bc6801c9,2026-04-04 01:15:50,8321.41,166.43,29.96,8125.02,,SETTLED
pay_d3eef54ccc704f,MID_RAZOR_991,ORD-2026-1150,CREDIT_CARD,Visa,setl_1a578e27fd,2026-04-04 01:30:58,12458.0,249.16,44.85,12163.99,,SETTLED
pay_f05d004ea2d54c,MID_RAZOR_991,ORD-2026-1151,UPI,NA,setl_9dee303fb9,2026-04-04 01:45:29,14461.95,289.24,52.06,14120.65,,SETTLED
pay_fc5e6613039246,MID_RAZOR_991,ORD-2026-1152,DEBIT_CARD,RuPay,setl_7b91d24d0d,2026-04-04 02:00:50,6221.33,124.43,22.4,6074.5,,SETTLED
pay_52a6c25f70bb48,MID_RAZOR_991,ORD-2026-1153,DEBIT_CARD,Mastercard,setl_86372a4de5,2026-04-04 02:15:24,12425.05,248.5,44.73,12131.82,,SETTLED
pay_705ca3aaa19d40,MID_RAZOR_991,ORD-2026-1154,UPI,NA,setl_2b8544a664,2026-04-04 02:30:39,13321.41,266.43,47.96,13007.02,,SETTLED
pay_2389fb3a25b44a,MID_RAZOR_991,ORD-2026-1155,NETBANKING,NA,setl_7bd7cde8ba,2026-04-04 02:45:58,10665.62,213.31,38.4,10413.91,,SETTLED
pay_63096c3edb3f42,MID_RAZOR_991,ORD-2026-1156,DEBIT_CARD,Visa,setl_04740980dc,2026-04-04 03:00:07,1909.28,38.19,6.87,1864.22,,SETTLED
pay_f41f7ce561374a,MID_RAZOR_991,ORD-2026-1157,NETBANKING,NA,setl_8aaf636268,2026-04-04 03:15:37,11262.9,225.26,40.55,10997.09,,SETTLED
pay_624c3f8ebaec47,MID_RAZOR_991,ORD-2026-1158,NETBANKING,NA,setl_166255d573,2026-04-04 03:30:39,6417.68,128.35,23.1,6266.23,,SETTLED
pay_5f578602557a45,MID_RAZOR_991,ORD-2026-1159,NETBANKING,NA,setl_550babc73e,2026-04-04 03:45:28,14283.05,285.66,51.42,13945.97,,SETTLED
pay_e25497fca79f49,MID_RAZOR_991,ORD-2026-1160,DEBIT_CARD,RuPay,setl_7f8bf64e1b,2026-04-04 04:00:25,4500.28,90.01,16.2,4394.07,,SETTLED
pay_75bf044c5dbd42,MID_RAZOR_991,ORD-2026-1161,UPI,NA,setl_fb1f2d8fb1,2026-04-04 04:15:03,11908.52,238.17,42.87,11627.48,,SETTLED
pay_9b0d27ad2ace46,MID_RAZOR_991,ORD-2026-1162,UPI,NA,setl_f1ff036e27,2026-04-04 04:30:53,11594.78,231.9,41.74,11321.14,,SETTLED
pay_39a256a150454d,MID_RAZOR_991,ORD-2026-1163,DEBIT_CARD,RuPay,setl_f74ea62d62,2026-04-04 04:45:50,13557.7,271.15,48.81,13237.74,,SETTLED
pay_9ee7032802614d,MID_RAZOR_991,ORD-2026-1164,DEBIT_CARD,RuPay,setl_4ee0f6e583,2026-04-04 05:00:07,10085.34,201.71,36.31,9847.32,,SETTLED
pay_f430e75273ba41,MID_RAZOR_991,ORD-2026-1165,CREDIT_CARD,Mastercard,setl_8ce1b69611,2026-04-04 05:15:20,728.83,14.58,2.62,711.63,,SETTLED
pay_38792c0016ed4b,MID_RAZOR_991,ORD-2026-1166,UPI,NA,setl_0d4ca64499,2026-04-04 05:30:47,1421.59,28.43,5.12,1388.04,,SETTLED
pay_e5a6f71d7f8149,MID_RAZOR_991,ORD-2026-1167,NETBANKING,NA,setl_0b022a059b,2026-04-04 05:45:32,3712.47,74.25,13.37,3624.85,,SETTLED
pay_882f740d915140,MID_RAZOR_991,ORD-2026-1168,DEBIT_CARD,Visa,setl_27f6b88c80,2026-04-04 06:00:41,14478.38,289.57,52.12,14136.69,,SETTLED
pay_f0f0a551589548,MID_RAZOR_991,ORD-2026-1169,NETBANKING,NA,setl_c9769a9041,2026-04-04 06:15:45,13690.66,273.81,49.29,13367.56,,SETTLED
pay_987bb26f5a3d49,MID_RAZOR_991,ORD-2026-1170,UPI,NA,setl_72d7896ecc,2026-04-04 06:30:08,4487.73,89.75,16.16,4381.82,,SETTLED
pay_4af6fdc90ef24a,MID_RAZOR_991,ORD-2026-1171,DEBIT_CARD,Visa,setl_281abb8ff3,2026-04-04 06:45:32,9278.69,185.57,33.4,9059.72,,SETTLED
pay_1d895162a82247,MID_RAZOR_991,ORD-2026-1172,CREDIT_CARD,Visa,setl_aff0bfe955,2026-04-04 07:00:28,13377.32,267.55,48.16,13061.61,,SETTLED
pay_3b1a49ea0aa84f,MID_RAZOR_991,ORD-2026-1173,UPI,NA,setl_b1666848ab,2026-04-04 07:15:20,6688.08,133.76,24.08,6530.24,,SETTLED
pay_027c273bbc7841,MID_RAZOR_991,ORD-2026-1174,UPI,NA,setl_8bd092f320,2026-04-04 07:30:05,12560.69,251.21,45.22,12264.26,,SETTLED
pay_b6e1afb37d4b47,MID_RAZOR_991,ORD-2026-1175,DEBIT_CARD,RuPay,setl_fab04db4de,2026-04-04 07:45:35,1369.72,27.39,4.93,1337.4,,SETTLED
pay_ff55830f9b1640,MID_RAZOR_991,ORD-2026-1176,NETBANKING,NA,setl_a2ed4057fd,2026-04-04 08:00:55,13779.73,275.59,49.61,13454.53,,SETTLED
pay_3a978913937248,MID_RAZOR_991,ORD-2026-1177,UPI,NA,setl_72ed8a60e3,2026-04-04 08:15:36,7857.48,157.15,28.29,7672.04,,SETTLED
pay_bc1bf5f025e644,MID_RAZOR_991,ORD-2026-1178,DEBIT_CARD,Mastercard,setl_d613d2d611,2026-04-04 08:30:23,2165.84,43.32,7.8,2114.72,,SETTLED
pay_ae78f4ba1efa46,MID_RAZOR_991,ORD-2026-1179,UPI,NA,setl_6f396fd91b,2026-04-04 08:45:38,13971.72,279.43,50.3,13641.99,,SETTLED
pay_dd61a42d805e44,MID_RAZOR_991,ORD-2026-1180,DEBIT_CARD,Visa,setl_11a331efb1,2026-04-04 09:00:22,588.53,11.77,2.12,574.64,,SETTLED
pay_f8b11326a25c4b,MID_RAZOR_991,ORD-2026-1181,CREDIT_CARD,Mastercard,setl_ad11deb2ff,2026-04-04 09:15:40,14591.25,291.82,52.53,14246.9,,SETTLED
pay_b5124b7545a24f,MID_RAZOR_991,ORD-2026-1182,NETBANKING,NA,setl_6b145a785e,2026-04-04 09:30:29,5442.99,108.86,19.59,5314.54,,SETTLED
pay_94671f5ef9b746,MID_RAZOR_991,ORD-2026-1183,UPI,NA,setl_712da44a26,2026-04-04 09:45:56,1262.83,25.26,4.55,1233.02,,SETTLED
pay_0b219cb38dd942,MID_RAZOR_991,ORD-2026-1184,DEBIT_CARD,Visa,setl_2a5591652f,2026-04-04 10:00:42,6648.21,132.96,23.93,6491.32,,SETTLED
pay_8d1abe36086c4a,MID_RAZOR_991,ORD-2026-1185,UPI,NA,setl_698c675437,2026-04-04 10:15:22,6733.75,134.68,24.24,6574.83,,SETTLED
pay_7477317139704b,MID_RAZOR_991,ORD-2026-1186,DEBIT_CARD,RuPay,setl_5c0eeef50f,2026-04-04 10:30:14,6231.32,124.63,22.43,6084.26,,SETTLED
pay_1e98acb1aa134a,MID_RAZOR_991,ORD-2026-1187,CREDIT_CARD,Visa,setl_ac22d24a6f,2026-04-04 10:45:18,5257.77,105.16,18.93,5133.68,,SETTLED
pay_c327c7ef607f4b,MID_RAZOR_991,ORD-2026-1188,CREDIT_CARD,Visa,setl_7a38acb0ba,2026-04-04 11:00:34,10703.23,214.06,38.53,10450.64,,SETTLED
pay_3c3cd63e525d42,MID_RAZOR_991,ORD-2026-1189,NETBANKING,NA,setl_f1352ea37c,2026-04-04 11:15:55,11259.6,225.19,40.53,10993.88,,SETTLED
pay_6ad46556480948,MID_RAZOR_991,ORD-2026-1190,DEBIT_CARD,Mastercard,setl_5491c468cb,2026-04-04 11:30:27,8814.3,176.29,31.73,8606.28,,SETTLED
pay_215384ca756647,MID_RAZOR_991,ORD-2026-1191,DEBIT_CARD,RuPay,setl_a1abea6275,2026-04-04 11:45:51,14240.41,284.81,51.27,13904.33,,SETTLED
pay_113c43be434347,MID_RAZOR_991,ORD-2026-1192,CREDIT_CARD,Visa,setl_945a6be9a5,2026-04-04 12:00:37,6306.52,126.13,22.7,6157.69,,SETTLED
pay_ed4a2e082c8040,MID_RAZOR_991,ORD-2026-1193,DEBIT_CARD,RuPay,setl_9471e5aabe,2026-04-04 12:15:04,7902.01,158.04,28.45,7715.52,,SETTLED
pay_95e8b6120c2444,MID_RAZOR_991,ORD-2026-1194,DEBIT_CARD,Visa,setl_31f9702170,2026-04-04 12:30:46,14394.24,287.88,51.82,14054.54,,SETTLED
pay_f2a400d4ca7541,MID_RAZOR_991,ORD-2026-1195,CREDIT_CARD,RuPay,setl_58b84a4ece,2026-04-04 12:45:38,2716.61,54.33,9.78,2652.5,,SETTLED
pay_5982f9175de441,MID_RAZOR_991,ORD-2026-1196,NETBANKING,NA,setl_3747507b09,2026-04-04 13:00:43,13900.24,278.0,50.04,13572.2,,SETTLED
pay_1ce0c00a6ccd49,MID_RAZOR_991,ORD-2026-1197,UPI,NA,setl_a5e212ca0f,2026-04-04 13:15:30,6912.02,138.24,24.88,6748.9,,SETTLED
pay_a7cec4be69b345,MID_RAZOR_991,ORD-2026-1198,UPI,NA,setl_01116f56aa,2026-04-04 13:30:19,7195.27,143.91,25.9,7025.46,,SETTLED
pay_adca57476c0046,MID_RAZOR_991,ORD-2026-1199,UPI,NA,setl_2e9af83d5d,2026-04-04 13:45:41,13031.63,260.63,46.91,12724.09,,SETTLED
pay_694a1e99f9ad43,MID_RAZOR_991,ORD-2026-1200,NETBANKING,NA,setl_0f4e6d58cd,2026-04-04 14:00:37,8537.59,170.75,30.73,8336.11,,SETTLED
pay_ca1bf4ba08e14b,MID_RAZOR_991,ORD-2026-1201,DEBIT_CARD,Mastercard,setl_56113767de,2026-04-04 14:15:30,7769.83,155.4,27.97,7586.46,,SETTLED
pay_effe9967ad6842,MID_RAZOR_991,ORD-2026-1202,DEBIT_CARD,Mastercard,setl_c1ed4f5789,2026-04-04 14:30:05,7815.96,156.32,28.14,7631.5,,SETTLED
pay_bd834a9ba2b143,MID_RAZOR_991,ORD-2026-1203,NETBANKING,NA,setl_3dfa0177e6,2026-04-04 14:45:33,8079.85,161.6,29.09,7889.16,,SETTLED
pay_6c1eae6af8be4d,MID_RAZOR_991,ORD-2026-1204,NETBANKING,NA,setl_a2e9a55f3e,2026-04-04 15:00:26,11729.74,234.59,42.23,11452.92,,SETTLED
pay_bfb14b7783174c,MID_RAZOR_991,ORD-2026-1205,DEBIT_CARD,RuPay,setl_c279d5a3e9,2026-04-04 15:15:35,10336.5,206.73,37.21,10092.56,,SETTLED
pay_8fa11d0f3ad04f,MID_RAZOR_991,ORD-2026-1206,CREDIT_CARD,Visa,setl_9450627d2b,2026-04-04 15:30:05,8949.72,178.99,32.22,8738.51,,SETTLED
pay_1b7bf5cbbfd44a,MID_RAZOR_991,ORD-2026-1207,NETBANKING,NA,setl_b022dcbfba,2026-04-04 15:45:08,9128.1,182.56,32.86,8912.68,,SETTLED
pay_e66ca80565304e,MID_RAZOR_991,ORD-2026-1208,DEBIT_CARD,RuPay,setl_6158073980,2026-04-04 16:00:42,10691.05,213.82,38.49,10438.74,,SETTLED
pay_53b3d90e340449,MID_RAZOR_991,ORD-2026-1209,DEBIT_CARD,RuPay,setl_f92d57a7b2,2026-04-04 16:15:23,4978.56,99.57,17.92,4861.07,,SETTLED
pay_d9b2bcef295e43,MID_RAZOR_991,ORD-2026-1210,CREDIT_CARD,RuPay,setl_91f725a160,2026-04-04 16:30:04,4788.99,95.78,17.24,4675.97,,SETTLED
pay_1487a8fba8da44,MID_RAZOR_991,ORD-2026-1211,UPI,NA,setl_0e488d9070,2026-04-04 16:45:42,5383.08,107.66,19.38,5256.04,,SETTLED
pay_f9d8c2f964794c,MID_RAZOR_991,ORD-2026-1212,CREDIT_CARD,Mastercard,setl_0564cdbd84,2026-04-04 17:00:49,9558.74,191.17,34.41,9333.16,,SETTLED
pay_0cd4c0c0270a4b,MID_RAZOR_991,ORD-2026-1213,DEBIT_CARD,Mastercard,setl_2fee6c9d34,2026-04-04 17:15:46,3944.19,78.88,14.2,3851.11,,SETTLED
pay_e93bd0b98f024f,MID_RAZOR_991,ORD-2026-1214,NETBANKING,NA,setl_316a09393d,2026-04-04 17:30:14,8243.16,164.86,29.67,8048.63,,SETTLED
pay_5bf5d9cbcb0643,MID_RAZOR_991,ORD-2026-1215,NETBANKING,NA,setl_5c61f72a9b,2026-04-04 17:45:29,11656.86,233.14,41.97,11381.75,,SETTLED
pay_b966c6c0ac9249,MID_RAZOR_991,ORD-2026-1216,CREDIT_CARD,Mastercard,setl_dfa0c68060,2026-04-04 18:00:08,13158.53,263.17,47.37,12847.99,,SETTLED
pay_96ac17e6d90342,MID_RAZOR_991,ORD-2026-1217,UPI,NA,setl_8a3d607d03,2026-04-04 18:15:45,12765.44,255.31,45.96,12464.17,,SETTLED
pay_7ec27f6987244f,MID_RAZOR_991,ORD-2026-1218,DEBIT_CARD,Visa,setl_351ec8db1a,2026-04-04 18:30:57,7943.61,158.87,28.6,7756.14,,SETTLED
pay_c703f5c8f6e145,MID_RAZOR_991,ORD-2026-1219,DEBIT_CARD,RuPay,setl_b2a689167d,2026-04-04 18:45:26,1272.22,25.44,4.58,1242.2,,SETTLED
pay_4f2a0fcc2f434e,MID_RAZOR_991,ORD-2026-1220,DEBIT_CARD,RuPay,setl_be62309a4d,2026-04-04 19:00:01,5120.93,102.42,18.44,5000.07,,SETTLED
pay_a5a56e560b8649,MID_RAZOR_991,ORD-2026-1221,CREDIT_CARD,RuPay,setl_02d6a945ed,2026-04-04 19:15:02,4659.75,93.2,16.78,4549.77,,SETTLED
pay_b1e5269a33ba42,MID_RAZOR_991,ORD-2026-1222,NETBANKING,NA,setl_99cb6d5af0,2026-04-04 19:30:39,576.14,11.52,2.07,562.55,,SETTLED
pay_f59e2cb6bde24a,MID_RAZOR_991,ORD-2026-1223,CREDIT_CARD,Mastercard,setl_5e15a1e54b,2026-04-04 19:45:46,9328.76,186.58,33.58,9108.6,,SETTLED
pay_7d78aa45ed0744,MID_RAZOR_991,ORD-2026-1224,DEBIT_CARD,RuPay,setl_24cbc17d13,2026-04-04 20:00:03,3957.37,79.15,14.25,3863.97,,SETTLED
pay_72e7dacfd66a4d,MID_RAZOR_991,ORD-2026-1225,UPI,NA,setl_1c434ee961,2026-04-04 20:15:40,7972.95,159.46,28.7,7784.79,,SETTLED
pay_333e6e75e1524e,MID_RAZOR_991,ORD-2026-1226,UPI,NA,setl_8dd183f173,2026-04-04 20:30:39,5615.83,112.32,20.22,5483.29,,SETTLED
pay_e80b005e600049,MID_RAZOR_991,ORD-2026-1227,DEBIT_CARD,RuPay,setl_75538fe800,2026-04-04 20:45:33,8389.19,167.78,30.2,8191.21,,SETTLED
pay_343465308e7749,MID_RAZOR_991,ORD-2026-1228,UPI,NA,setl_f7bb491c40,2026-04-04 21:00:40,6109.78,122.2,22.0,5965.58,,SETTLED
pay_5cbd4e3ed00a49,MID_RAZOR_991,ORD-2026-1229,UPI,NA,setl_761c7aa80b,2026-04-04 21:15:22,3996.33,79.93,14.39,3902.01,,SETTLED
pay_90dca17a66794d,MID_RAZOR_991,ORD-2026-1230,CREDIT_CARD,RuPay,setl_9c41a71b14,2026-04-04 21:30:22,8417.2,168.34,30.3,8218.56,,SETTLED
pay_a1ea6a88a44a41,MID_RAZOR_991,ORD-2026-1231,NETBANKING,NA,setl_e11fadcf27,2026-04-04 21:45:40,3143.03,62.86,11.31,3068.86,,SETTLED
pay_9683be9fc74b49,MID_RAZOR_991,ORD-2026-1232,UPI,NA,setl_ea1996d49f,2026-04-04 22:00:18,3423.07,68.46,12.32,3342.29,,SETTLED
pay_b9dc8320e7a445,MID_RAZOR_991,ORD-2026-1233,NETBANKING,NA,setl_3f9086effa,2026-04-04 22:15:52,8373.95,167.48,30.15,8176.32,,SETTLED
pay_68d1c095adc84d,MID_RAZOR_991,ORD-2026-1234,DEBIT_CARD,Visa,setl_7f41276c30,2026-04-04 22:30:55,11822.2,236.44,42.56,11543.2,,SETTLED
pay_9538fbb7ea9540,MID_RAZOR_991,ORD-2026-1235,NETBANKING,NA,setl_c043025d1f,2026-04-04 22:45:56,6300.32,126.01,22.68,6151.63,,SETTLED
pay_76b96eeb5fc449,MID_RAZOR_991,ORD-2026-1236,NETBANKING,NA,setl_b7a1dacf24,2026-04-04 23:00:44,7714.09,154.28,27.77,7532.04,,SETTLED
pay_c38a9b8d343146,MID_RAZOR_991,ORD-2026-1237,NETBANKING,NA,setl_0022ccadcb,2026-04-04 23:15:38,14928.92,298.58,53.74,14576.6,,SETTLED
pay_19c38689dbd34a,MID_RAZOR_991,ORD-2026-1238,UPI,NA,setl_8b89e93fcf,2026-04-04 23:30:20,10083.33,201.67,36.3,9845.36,,SETTLED
pay_820f82a16d134a,MID_RAZOR_991,ORD-2026-1239,CREDIT_CARD,Mastercard,setl_0da6016143,2026-04-04 23:45:28,5597.43,111.95,20.15,5465.33,,SETTLED
pay_8a190f4e48764d,MID_RAZOR_991,ORD-2026-1240,DEBIT_CARD,Mastercard,setl_c9926eb428,2026-04-05 00:00:50,14244.61,284.89,51.28,13908.44,,SETTLED
pay_41b5ef319bf344,MID_RAZOR_991,ORD-2026-1241,CREDIT_CARD,RuPay,setl_edefd70ec0,2026-04-05 00:15:09,12805.7,256.11,46.1,12503.49,,SETTLED
pay_b0d751bc1bf248,MID_RAZOR_991,ORD-2026-1242,DEBIT_CARD,Visa,setl_f96d206092,2026-04-05 00:30:24,14267.27,285.35,51.36,13930.56,,SETTLED
pay_07ab350680e348,MID_RAZOR_991,ORD-2026-1243,DEBIT_CARD,Visa,setl_d0be555818,2026-04-05 00:45:28,11564.72,231.29,41.63,11291.8,,SETTLED
pay_b6e9f632cab643,MID_RAZOR_991,ORD-2026-1244,DEBIT_CARD,RuPay,setl_6a39758c87,2026-04-05 01:00:07,875.74,17.51,3.15,855.08,,SETTLED
pay_08c7a0de3a7a4c,MID_RAZOR_991,ORD-2026-1245,UPI,NA,setl_a0991b7f99,2026-04-05 01:15:16,11736.99,234.74,42.25,11460.0,,SETTLED
pay_3a4fb1c6c1b74a,MID_RAZOR_991,ORD-2026-1246,CREDIT_CARD,RuPay,setl_764ab046a6,2026-04-05 01:30:08,12865.98,257.32,46.32,12562.34,,SETTLED
pay_cee74b1a572845,MID_RAZOR_991,ORD-2026-1247,DEBIT_CARD,Mastercard,setl_e3ea2aac79,2026-04-05 01:45:22,10788.34,215.77,38.84,10533.73,,SETTLED
pay_7a5ecb02361140,MID_RAZOR_991,ORD-2026-1248,CREDIT_CARD,Visa,setl_6082aa2314,2026-04-05 02:00:32,3751.5,75.03,13.51,3662.96,,SETTLED
pay_64c22b1646704e,MID_RAZOR_991,ORD-2026-1249,UPI,NA,setl_58afc471a2,2026-04-05 02:15:23,8533.31,170.67,30.72,8331.92,,SETTLED
pay_1223e1b37ebe49,MID_RAZOR_991,ORD-2026-1250,UPI,NA,setl_e8ef4d925c,2026-04-05 02:30:04,4984.72,99.69,17.94,4867.09,,SETTLED
pay_14c9fde51bfa44,MID_RAZOR_991,ORD-2026-1251,UPI,NA,setl_65f9000c23,2026-04-05 02:45:08,14599.51,291.99,52.56,14254.96,,SETTLED
pay_556c119328b448,MID_RAZOR_991,ORD-2026-1252,DEBIT_CARD,RuPay,setl_0db4102dcd,2026-04-05 03:00:56,12521.28,250.43,45.08,12225.77,,SETTLED
pay_12dbd883052548,MID_RAZOR_991,ORD-2026-1253,UPI,NA,setl_b1f66fbee1,2026-04-05 03:15:33,2718.72,54.37,9.79,2654.56,,SETTLED
pay_f1b3da3df56247,MID_RAZOR_991,ORD-2026-1254,CREDIT_CARD,Visa,setl_c325a6d55d,2026-04-05 03:30:33,13476.43,269.53,48.52,13158.38,,SETTLED
pay_e4baadd6cd0c45,MID_RAZOR_991,ORD-2026-1255,DEBIT_CARD,RuPay,setl_eb0ffcc7e9,2026-04-05 03:45:40,4890.96,97.82,17.61,4775.53,,SETTLED
pay_3caeaf9c8d0649,MID_RAZOR_991,ORD-2026-1256,CREDIT_CARD,RuPay,setl_13790c5afa,2026-04-05 04:00:42,9554.95,191.1,34.4,9329.45,,SETTLED
pay_7e7518c4060743,MID_RAZOR_991,ORD-2026-1257,UPI,NA,setl_ab92d8fceb,2026-04-05 04:15:02,14253.93,285.08,51.31,13917.54,,SETTLED
pay_60f5ccab79ec4e,MID_RAZOR_991,ORD-2026-1258,NETBANKING,NA,setl_bccc12feb1,2026-04-05 04:30:39,9765.37,195.31,35.16,9534.9,,SETTLED
pay_19126ec6de9649,MID_RAZOR_991,ORD-2026-1259,DEBIT_CARD,Visa,setl_e421b54f3b,2026-04-05 04:45:15,12167.98,243.36,43.8,11880.82,,SETTLED
pay_7567115068d540,MID_RAZOR_991,ORD-2026-1260,UPI,NA,setl_bdd5cd8d4c,2026-04-05 05:00:10,6874.28,137.49,24.75,6712.04,,SETTLED
pay_b08f4892e00f4b,MID_RAZOR_991,ORD-2026-1261,CREDIT_CARD,Visa,setl_69a3879fda,2026-04-05 05:15:55,10916.26,218.33,39.3,10658.63,,SETTLED
pay_55e608ca86a94e,MID_RAZOR_991,ORD-2026-1262,UPI,NA,setl_ab889c459f,2026-04-05 05:30:20,4005.2,80.1,14.42,3910.68,,SETTLED
pay_9f27ea25614047,MID_RAZOR_991,ORD-2026-1263,UPI,NA,setl_1c9d1d7511,2026-04-05 05:45:03,4708.07,94.16,16.95,4596.96,,SETTLED
pay_07e44507890644,MID_RAZOR_991,ORD-2026-1264,DEBIT_CARD,Mastercard,setl_dfc9f9ce9f,2026-04-05 06:00:46,5034.37,100.69,18.12,4915.56,,SETTLED
pay_c8d52c09cde047,MID_RAZOR_991,ORD-2026-1265,NETBANKING,NA,setl_acae894b51,2026-04-05 06:15:01,1805.71,36.11,6.5,1763.1,,SETTLED
pay_df588df89ee746,MID_RAZOR_991,ORD-2026-1266,CREDIT_CARD,Mastercard,setl_754c963cfa,2026-04-05 06:30:22,1205.54,24.11,4.34,1177.09,,SETTLED
pay_fd381a1089bc40,MID_RAZOR_991,ORD-2026-1267,NETBANKING,NA,setl_490187c07f,2026-04-05 06:45:18,8282.02,165.64,29.82,8086.56,,SETTLED
pay_94c4a0962af54a,MID_RAZOR_991,ORD-2026-1268,DEBIT_CARD,Visa,setl_89ec6c3a60,2026-04-05 07:00:23,1156.01,23.12,4.16,1128.73,,SETTLED
pay_9df47b3ab3c54c,MID_RAZOR_991,ORD-2026-1269,DEBIT_CARD,RuPay,setl_1206b561d4,2026-04-05 07:15:24,7811.71,156.23,28.12,7627.36,,SETTLED
pay_fa98de4c576348,MID_RAZOR_991,ORD-2026-1270,CREDIT_CARD,RuPay,setl_49f7f2babd,2026-04-05 07:30:25,5911.38,118.23,21.28,5771.87,,SETTLED
pay_7e5e55e2aa0a4e,MID_RAZOR_991,ORD-2026-1271,NETBANKING,NA,setl_1bea43014d,2026-04-05 07:45:32,1083.7,21.67,3.9,1058.13,,SETTLED
pay_5d09ec568d0a44,MID_RAZOR_991,ORD-2026-1272,NETBANKING,NA,setl_91eb8d3b13,2026-04-05 08:00:33,7126.33,142.53,25.66,6958.14,,SETTLED
pay_e91bec2b27a249,MID_RAZOR_991,ORD-2026-1273,DEBIT_CARD,RuPay,setl_a5ce8a21ec,2026-04-05 08:15:25,14863.93,297.28,53.51,14513.14,,SETTLED
pay_da27b16aecd74d,MID_RAZOR_991,ORD-2026-1274,NETBANKING,NA,setl_98934c122b,2026-04-05 08:30:45,8662.4,173.25,31.18,8457.97,,SETTLED
pay_6adcf59d7e5649,MID_RAZOR_991,ORD-2026-1275,UPI,NA,setl_4c5b7cc021,2026-04-05 08:45:26,8963.68,179.27,32.27,8752.14,,SETTLED
pay_6fcbd01517334f,MID_RAZOR_991,ORD-2026-1276,CREDIT_CARD,Mastercard,setl_c89837846b,2026-04-05 09:00:03,8961.09,179.22,32.26,8749.61,,SETTLED
pay_f92cc1fb29d549,MID_RAZOR_991,ORD-2026-1277,NETBANKING,NA,setl_8b94dafbda,2026-04-05 09:15:09,12414.09,248.28,44.69,12121.12,,SETTLED
pay_30ffdb63b73c41,MID_RAZOR_991,ORD-2026-1278,UPI,NA,setl_035adce748,2026-04-05 09:30:12,774.59,15.49,2.79,756.31,,SETTLED
pay_efb65f2a8ee04c,MID_RAZOR_991,ORD-2026-1279,CREDIT_CARD,Visa,setl_8b82deb20b,2026-04-05 09:45:32,11737.1,234.74,42.25,11460.11,,SETTLED
pay_e05347ecdc1541,MID_RAZOR_991,ORD-2026-1280,CREDIT_CARD,Mastercard,setl_ae77436dae,2026-04-05 10:00:13,8632.86,172.66,31.08,8429.12,,SETTLED
pay_85d4a7f0526148,MID_RAZOR_991,ORD-2026-1281,NETBANKING,NA,setl_041675e0db,2026-04-05 10:15:58,8230.34,164.61,29.63,8036.1,,SETTLED
pay_3472f2c490d748,MID_RAZOR_991,ORD-2026-1282,DEBIT_CARD,Mastercard,setl_d4314074c8,2026-04-05 10:30:30,3287.83,65.76,11.84,3210.23,,SETTLED
pay_c8244dafc76f4b,MID_RAZOR_991,ORD-2026-1283,DEBIT_CARD,Visa,setl_9703865d7f,2026-04-05 10:45:45,3505.53,70.11,12.62,3422.8,,SETTLED
pay_c66f7159caa045,MID_RAZOR_991,ORD-2026-1284,DEBIT_CARD,Visa,setl_a5f182ac47,2026-04-05 11:00:07,8815.41,176.31,31.74,8607.36,,SETTLED
pay_01579d6f038e4c,MID_RAZOR_991,ORD-2026-1285,CREDIT_CARD,Visa,setl_d1db71dbd3,2026-04-05 11:15:02,4670.64,93.41,16.81,4560.42,,SETTLED
pay_d417099b8cdb41,MID_RAZOR_991,ORD-2026-1286,NETBANKING,NA,setl_e5491af97a,2026-04-05 11:30:13,3429.99,68.6,12.35,3349.04,,SETTLED
pay_24f17c8b872543,MID_RAZOR_991,ORD-2026-1287,UPI,NA,setl_a6cb4fce40,2026-04-05 11:45:39,11242.92,224.86,40.47,10977.59,,SETTLED
pay_45e154b80b1f4c,MID_RAZOR_991,ORD-2026-1288,CREDIT_CARD,Mastercard,setl_17a2b4264e,2026-04-05 12:00:14,1261.12,25.22,4.54,1231.36,,SETTLED
pay_10b7656b1ef145,MID_RAZOR_991,ORD-2026-1289,CREDIT_CARD,RuPay,setl_b4c3f6c1f6,2026-04-05 12:15:35,14679.71,293.59,52.85,14333.27,,SETTLED
pay_5c12c2ec848543,MID_RAZOR_991,ORD-2026-1290,NETBANKING,NA,setl_4671b1e67d,2026-04-05 12:30:41,3392.11,67.84,12.21,3312.06,,SETTLED
pay_c39d982bbe0b46,MID_RAZOR_991,ORD-2026-1291,UPI,NA,setl_f1a4f822fe,2026-04-05 12:45:41,8824.93,176.5,31.77,8616.66,,SETTLED
pay_85265436a23c42,MID_RAZOR_991,ORD-2026-1292,CREDIT_CARD,Visa,setl_800ec03c8d,2026-04-05 13:00:56,12645.27,252.91,45.52,12346.84,,SETTLED
pay_ee8f386ba4c748,MID_RAZOR_991,ORD-2026-1293,DEBIT_CARD,RuPay,setl_5ec7b36fb1,2026-04-05 13:15:00,4826.69,96.53,17.38,4712.78,,SETTLED
pay_b0b5eeed791843,MID_RAZOR_991,ORD-2026-1294,NETBANKING,NA,setl_b5f091c8f7,2026-04-05 13:30:56,14109.13,282.18,50.79,13776.16,,SETTLED
pay_a2674ff3a09042,MID_RAZOR_991,ORD-2026-1295,UPI,NA,setl_b455849a7e,2026-04-05 13:45:21,2856.17,57.12,10.28,2788.77,,SETTLED
pay_f4d74cf176a74b,MID_RAZOR_991,ORD-2026-1296,UPI,NA,setl_1a49bc80a5,2026-04-05 14:00:47,5388.13,107.76,19.4,5260.97,,SETTLED
pay_caba3c8655f542,MID_RAZOR_991,ORD-2026-1297,CREDIT_CARD,Mastercard,setl_c79a68c5a7,2026-04-05 14:15:54,9761.52,195.23,35.14,9531.15,,SETTLED
pay_2f5648d1e22642,MID_RAZOR_991,ORD-2026-1298,NETBANKING,NA,setl_e5731260c6,2026-04-05 14:30:42,1883.08,37.66,6.78,1838.64,,SETTLED
pay_eab5fab466b04f,MID_RAZOR_991,ORD-2026-1299,UPI,NA,setl_92fb40249d,2026-04-05 14:45:16,6061.83,121.24,21.82,5918.77,,SETTLED
pay_2ce3719d2fb045,MID_RAZOR_991,ORD-2026-1300,UPI,NA,setl_2364390e96,2026-04-05 15:00:16,9978.41,199.57,35.92,9742.92,,SETTLED
pay_93f4df9d24e14b,MID_RAZOR_991,ORD-2026-1301,DEBIT_CARD,RuPay,setl_022bc3078b,2026-04-05 15:15:25,10448.07,208.96,37.61,10201.5,,SETTLED
pay_04477237f8464a,MID_RAZOR_991,ORD-2026-1302,DEBIT_CARD,Mastercard,setl_d2334c8cec,2026-04-05 15:30:14,3677.36,73.55,13.24,3590.57,,SETTLED
pay_a89c30d6f7504e,MID_RAZOR_991,ORD-2026-1303,DEBIT_CARD,Visa,setl_04c1f84039,2026-04-05 15:45:44,8463.9,169.28,30.47,8264.15,,SETTLED
pay_befd759cc89541,MID_RAZOR_991,ORD-2026-1304,CREDIT_CARD,Mastercard,setl_cd5d64a98e,2026-04-05 16:00:48,9139.31,182.79,32.9,8923.62,,SETTLED
pay_7fd181502dcc46,MID_RAZOR_991,ORD-2026-1305,DEBIT_CARD,RuPay,setl_3a8e71918f,2026-04-05 16:15:58,8680.45,173.61,31.25,8475.59,,SETTLED
pay_f2ba3fb78d724f,MID_RAZOR_991,ORD-2026-1306,CREDIT_CARD,RuPay,setl_2c18b09445,2026-04-05 16:30:20,12890.05,257.8,46.4,12585.85,,SETTLED
pay_2d5b8f15e1b54b,MID_RAZOR_991,ORD-2026-1307,NETBANKING,NA,setl_40964bc611,2026-04-05 16:45:05,13533.9,270.68,48.72,13214.5,,SETTLED
pay_10379aae679c4e,MID_RAZOR_991,ORD-2026-1308,NETBANKING,NA,setl_7a87df89d1,2026-04-05 17:00:29,8676.71,173.53,31.24,8471.94,,SETTLED
pay_cfc031b22e6d4c,MID_RAZOR_991,ORD-2026-1309,DEBIT_CARD,RuPay,setl_dfce792873,2026-04-05 17:15:47,3659.57,73.19,13.17,3573.21,,SETTLED
pay_15361b8567b64c,MID_RAZOR_991,ORD-2026-1310,UPI,NA,setl_f1388dd6bd,2026-04-05 17:30:34,14914.79,298.3,53.69,14562.8,,SETTLED
pay_3c50a16dc4d349,MID_RAZOR_991,ORD-2026-1311,CREDIT_CARD,RuPay,setl_84f34c8eb7,2026-04-05 17:45:49,9802.11,196.04,35.29,9570.78,,SETTLED
pay_9857f7b7de0947,MID_RAZOR_991,ORD-2026-1312,NETBANKING,NA,setl_8082caedcb,2026-04-05 18:00:05,10399.59,207.99,37.44,10154.16,,SETTLED
pay_ee31064809594b,MID_RAZOR_991,ORD-2026-1313,UPI,NA,setl_ae870a6d14,2026-04-05 18:15:11,14896.28,297.93,53.63,14544.72,,SETTLED
pay_59ffa9faac2443,MID_RAZOR_991,ORD-2026-1314,UPI,NA,setl_caabb19d46,2026-04-05 18:30:48,829.66,16.59,2.99,810.08,,SETTLED
pay_e8b3318ffc3f4d,MID_RAZOR_991,ORD-2026-1315,NETBANKING,NA,setl_ef4570feb9,2026-04-05 18:45:34,5999.51,119.99,21.6,5857.92,,SETTLED
pay_37d5fc6d5f704d,MID_RAZOR_991,ORD-2026-1316,DEBIT_CARD,RuPay,setl_54ea3377ef,2026-04-05 19:00:59,13190.52,263.81,47.49,12879.22,,SETTLED
pay_a08c59ad499c4e,MID_RAZOR_991,ORD-2026-1317,UPI,NA,setl_dd788dae6c,2026-04-05 19:15:15,3488.18,69.76,12.56,3405.86,,SETTLED
pay_53a9b9383e224b,MID_RAZOR_991,ORD-2026-1318,UPI,NA,setl_f1b59e0543,2026-04-05 19:30:15,11237.85,224.76,40.46,10972.63,,SETTLED
pay_12a1b648ed6840,MID_RAZOR_991,ORD-2026-1319,UPI,NA,setl_6641e10a3e,2026-04-05 19:45:08,7806.49,156.13,28.1,7622.26,,SETTLED
pay_018b928aae5841,MID_RAZOR_991,ORD-2026-1320,DEBIT_CARD,RuPay,setl_340e24116b,2026-04-05 20:00:19,13205.75,264.12,47.54,12894.09,,SETTLED
pay_e485c0264de044,MID_RAZOR_991,ORD-2026-1321,UPI,NA,setl_f65fe545be,2026-04-05 20:15:35,14253.54,285.07,51.31,13917.16,,SETTLED
pay_1f8e702577c247,MID_RAZOR_991,ORD-2026-1322,NETBANKING,NA,setl_29d2235c0f,2026-04-05 20:30:03,14598.21,291.96,52.55,14253.7,,SETTLED
pay_dc11700b99b44a,MID_RAZOR_991,ORD-2026-1323,NETBANKING,NA,setl_05bce94ff1,2026-04-05 20:45:09,4848.38,96.97,17.45,4733.96,,SETTLED
pay_f6dce08455af4d,MID_RAZOR_991,ORD-2026-1324,DEBIT_CARD,Mastercard,setl_ca511f4b40,2026-04-05 21:00:09,12183.75,243.68,43.86,11896.21,,SETTLED
pay_99038151eb0d4b,MID_RAZOR_991,ORD-2026-1325,CREDIT_CARD,Visa,setl_5a9b6b5749,2026-04-05 21:15:15,4197.44,83.95,15.11,4098.38,,SETTLED
pay_dea3d73dcb6344,MID_RAZOR_991,ORD-2026-1326,DEBIT_CARD,RuPay,setl_b514eb9d7b,2026-04-05 21:30:34,11006.48,220.13,39.62,10746.73,,SETTLED
pay_044e99d259ff4b,MID_RAZOR_991,ORD-2026-1327,UPI,NA,setl_a66ffaa060,2026-04-05 21:45:55,1555.37,31.11,5.6,1518.66,,SETTLED
pay_00ab77d1683443,MID_RAZOR_991,ORD-2026-1328,DEBIT_CARD,RuPay,setl_83c26001d7,2026-04-05 22:00:13,14088.82,281.78,50.72,13756.32,,SETTLED
pay_8c50a472a89544,MID_RAZOR_991,ORD-2026-1329,CREDIT_CARD,Visa,setl_bb422cc1af,2026-04-05 22:15:58,3970.3,79.41,14.29,3876.6,,SETTLED
pay_701204fdf4cc48,MID_RAZOR_991,ORD-2026-1330,DEBIT_CARD,Visa,setl_ae10e5c0f5,2026-04-05 22:30:16,5714.85,114.3,20.57,5579.98,,SETTLED
pay_1d4e759e7c204d,MID_RAZOR_991,ORD-2026-1331,NETBANKING,NA,setl_92a6bd8eac,2026-04-05 22:45:48,12676.1,253.52,45.63,12376.95,,SETTLED
pay_40a2f03257cc4f,MID_RAZOR_991,ORD-2026-1332,CREDIT_CARD,Mastercard,setl_90da9b0fd9,2026-04-05 23:00:09,735.19,14.7,2.65,717.84,,SETTLED
pay_7c5aa462eb434e,MID_RAZOR_991,ORD-2026-1333,CREDIT_CARD,Visa,setl_e34ea62937,2026-04-05 23:15:36,12583.76,251.68,45.3,12286.78,,SETTLED
pay_cd7955637f1743,MID_RAZOR_991,ORD-2026-1334,DEBIT_CARD,Visa,setl_8b9eb01a50,2026-04-05 23:30:48,12413.08,248.26,44.69,12120.13,,SETTLED
pay_890e52fc159146,MID_RAZOR_991,ORD-2026-1335,DEBIT_CARD,RuPay,setl_ecbc99be8e,2026-04-05 23:45:08,10944.55,218.89,39.4,10686.26,,SETTLED
pay_a60b8c47d6a24f,MID_RAZOR_991,ORD-2026-1336,UPI,NA,setl_60bd48749b,2026-04-06 00:00:33,990.44,19.81,3.57,967.06,,SETTLED
pay_9c1138f6dd7043,MID_RAZOR_991,ORD-2026-1337,NETBANKING,NA,setl_966d0a6a3d,2026-04-06 00:15:08,12716.9,254.34,45.78,12416.78,,SETTLED
pay_7c06493b891a47,MID_RAZOR_991,ORD-2026-1338,CREDIT_CARD,Mastercard,setl_fe9124441f,2026-04-06 00:30:29,5911.41,118.23,21.28,5771.9,,SETTLED
pay_0c9309911ee841,MID_RAZOR_991,ORD-2026-1339,NETBANKING,NA,setl_2adc710ef7,2026-04-06 00:45:00,742.53,14.85,2.67,725.01,,SETTLED
pay_8596b7c25aef48,MID_RAZOR_991,ORD-2026-1340,NETBANKING,NA,setl_006e312e47,2026-04-06 01:00:51,14125.82,282.52,50.85,13792.45,,SETTLED
pay_db1b8914a28f43,MID_RAZOR_991,ORD-2026-1341,CREDIT_CARD,Mastercard,setl_c5a9b2f05e,2026-04-06 01:15:33,4160.06,83.2,14.98,4061.88,,SETTLED
pay_b6b70ab112a04d,MID_RAZOR_991,ORD-2026-1342,DEBIT_CARD,Visa,setl_0695c32d89,2026-04-06 01:30:29,8692.53,173.85,31.29,8487.39,,SETTLED
pay_358b66fef1a546,MID_RAZOR_991,ORD-2026-1343,UPI,NA,setl_db1946b099,2026-04-06 01:45:05,6376.54,127.53,22.96,6226.05,,SETTLED
pay_37fd097b059a4f,MID_RAZOR_991,ORD-2026-1344,UPI,NA,setl_136e8d956b,2026-04-06 02:00:44,2985.06,59.7,10.75,2914.61,,SETTLED
pay_d2c10b0e6ece45,MID_RAZOR_991,ORD-2026-1345,UPI,NA,setl_7b0393faa3,2026-04-06 02:15:57,8158.31,163.17,29.37,7965.77,,SETTLED
pay_4abc2eea3b0240,MID_RAZOR_991,ORD-2026-1346,NETBANKING,NA,setl_c85924dab2,2026-04-06 02:30:17,1175.15,23.5,4.23,1147.42,,SETTLED
pay_f2e8ad65a0da4e,MID_RAZOR_991,ORD-2026-1347,UPI,NA,setl_0808b4fc79,2026-04-06 02:45:11,13967.11,279.34,50.28,13637.49,,SETTLED
pay_bf22987d108d4f,MID_RAZOR_991,ORD-2026-1348,NETBANKING,NA,setl_8d558e8d7a,2026-04-06 03:00:59,1615.59,32.31,5.82,1577.46,,SETTLED
pay_f867e3fab6e543,MID_RAZOR_991,ORD-2026-1349,NETBANKING,NA,setl_69355f5b65,2026-04-06 03:15:43,13499.62,269.99,48.6,13181.03,,SETTLED
pay_f0688fefc29945,MID_RAZOR_991,ORD-2026-1350,UPI,NA,setl_b772073a9f,2026-04-06 03:30:32,11309.12,226.18,40.71,11042.23,,SETTLED
pay_037cedfeacec41,MID_RAZOR_991,ORD-2026-1351,UPI,NA,setl_6982c732e1,2026-04-06 03:45:21,9274.95,185.5,33.39,9056.06,,SETTLED
pay_5af2cbcc42294b,MID_RAZOR_991,ORD-2026-1352,NETBANKING,NA,setl_c7420b067f,2026-04-06 04:00:31,3808.01,76.16,13.71,3718.14,,SETTLED
pay_cc7479c7b46f46,MID_RAZOR_991,ORD-2026-1353,NETBANKING,NA,setl_1209fffa8b,2026-04-06 04:15:05,11696.43,233.93,42.11,11420.39,,SETTLED
pay_7e59d5ab149a48,MID_RAZOR_991,ORD-2026-1354,DEBIT_CARD,RuPay,setl_c1f3da4a79,2026-04-06 04:30:24,10819.32,216.39,38.95,10563.98,,SETTLED
pay_5ef94231e3a047,MID_RAZOR_991,ORD-2026-1355,UPI,NA,setl_9a9775c7b4,2026-04-06 04:45:05,575.33,11.51,2.07,561.75,,SETTLED
pay_ebc22bba6bc14b,MID_RAZOR_991,ORD-2026-1356,UPI,NA,setl_86f43088ea,2026-04-06 05:00:08,1765.81,35.32,6.36,1724.13,,SETTLED
pay_3bf46644296845,MID_RAZOR_991,ORD-2026-1357,NETBANKING,NA,setl_d1ae31422c,2026-04-06 05:15:06,880.8,17.62,3.17,860.01,,SETTLED
pay_12ee8136a4b34d,MID_RAZOR_991,ORD-2026-1358,DEBIT_CARD,Visa,setl_d08c532662,2026-04-06 05:30:00,4731.79,94.64,17.04,4620.11,,SETTLED
pay_f3ce0ec2b2b646,MID_RAZOR_991,ORD-2026-1359,CREDIT_CARD,Mastercard,setl_37c0b7fb6e,2026-04-06 05:45:33,2958.95,59.18,10.65,2889.12,,SETTLED
pay_b08f1c0893ba46,MID_RAZOR_991,ORD-2026-1360,DEBIT_CARD,Visa,setl_e939181779,2026-04-06 06:00:09,1417.37,28.35,5.1,1383.92,,SETTLED
pay_1dc2252c6c7e49,MID_RAZOR_991,ORD-2026-1361,UPI,NA,setl_62e1d35c39,2026-04-06 06:15:23,4149.65,82.99,14.94,4051.72,,SETTLED
pay_92ec86d20ee34b,MID_RAZOR_991,ORD-2026-1362,CREDIT_CARD,Visa,setl_d80ecc82f2,2026-04-06 06:30:06,2464.6,49.29,8.87,2406.44,,SETTLED
pay_b2c24c31a91844,MID_RAZOR_991,ORD-2026-1363,NETBANKING,NA,setl_9e69e72d74,2026-04-06 06:45:51,13001.88,260.04,46.81,12695.03,,SETTLED
pay_0cea8d6a95ef42,MID_RAZOR_991,ORD-2026-1364,CREDIT_CARD,Visa,setl_290ad474c1,2026-04-06 07:00:20,9246.56,184.93,33.29,9028.34,,SETTLED
pay_7c56084331d842,MID_RAZOR_991,ORD-2026-1365,DEBIT_CARD,Visa,setl_9226c6b152,2026-04-06 07:15:47,10576.89,211.54,38.08,10327.27,,SETTLED
pay_db0e9bb771d64b,MID_RAZOR_991,ORD-2026-1366,NETBANKING,NA,setl_d2775937c6,2026-04-06 07:30:17,12339.17,246.78,44.42,12047.97,,SETTLED
pay_5f7d3ca781be41,MID_RAZOR_991,ORD-2026-1367,CREDIT_CARD,Mastercard,setl_e54b73a8b4,2026-04-06 07:45:34,3108.94,62.18,11.19,3035.57,,SETTLED
pay_1f36ad51cbe948,MID_RAZOR_991,ORD-2026-1368,CREDIT_CARD,Visa,setl_71db849353,2026-04-06 08:00:51,4724.3,94.49,17.01,4612.8,,SETTLED
pay_b79a39c384d34b,MID_RAZOR_991,ORD-2026-1369,DEBIT_CARD,RuPay,setl_8c7a697117,2026-04-06 08:15:16,10050.61,201.01,36.18,9813.42,,SETTLED
pay_a2f1c73a8f3b4a,MID_RAZOR_991,ORD-2026-1370,NETBANKING,NA,setl_0529f5dff7,2026-04-06 08:30:37,6311.67,126.23,22.72,6162.72,,SETTLED
pay_0fe7ef9d7f6043,MID_RAZOR_991,ORD-2026-1371,DEBIT_CARD,Mastercard,setl_b7e76e2212,2026-04-06 08:45:57,12278.31,245.57,44.2,11988.54,,SETTLED
pay_c0734bd03cf848,MID_RAZOR_991,ORD-2026-1372,DEBIT_CARD,RuPay,setl_daafb75474,2026-04-06 09:00:41,9383.83,187.68,33.78,9162.37,,SETTLED
pay_fdb357f282cd42,MID_RAZOR_991,ORD-2026-1373,UPI,NA,setl_ff05b3479b,2026-04-06 09:15:16,3719.02,74.38,13.39,3631.25,,SETTLED
pay_aedddd7741164f,MID_RAZOR_991,ORD-2026-1374,CREDIT_CARD,Visa,setl_2938a2c2e1,2026-04-06 09:30:23,6171.45,123.43,22.22,6025.8,,SETTLED
pay_69305399040e4a,MID_RAZOR_991,ORD-2026-1375,NETBANKING,NA,setl_3ca504edd4,2026-04-06 09:45:06,4783.77,95.68,17.22,4670.87,,SETTLED
pay_912a022d1b5c4e,MID_RAZOR_991,ORD-2026-1376,DEBIT_CARD,Visa,setl_9207f57c19,2026-04-06 10:00:29,11871.91,237.44,42.74,11591.73,,SETTLED
pay_f37b2ae7809f48,MID_RAZOR_991,ORD-2026-1377,NETBANKING,NA,setl_08a2b8186b,2026-04-06 10:15:46,10603.07,212.06,38.17,10352.84,,SETTLED
pay_cc038b1ad62b44,MID_RAZOR_991,ORD-2026-1378,UPI,NA,setl_9129c8b640,2026-04-06 10:30:01,12813.11,256.26,46.13,12510.72,,SETTLED
pay_3f3c55d1710345,MID_RAZOR_991,ORD-2026-1379,CREDIT_CARD,Mastercard,setl_bf18af0d0b,2026-04-06 10:45:11,8502.7,170.05,30.61,8302.04,,SETTLED
pay_12cbeaf17e354e,MID_RAZOR_991,ORD-2026-1380,CREDIT_CARD,Visa,setl_b44f9dc814,2026-04-06 11:00:40,3174.55,63.49,11.43,3099.63,,SETTLED
pay_a19b41a4cd3b4b,MID_RAZOR_991,ORD-2026-1381,CREDIT_CARD,Visa,setl_7caba8ac7f,2026-04-06 11:15:37,6728.52,134.57,24.22,6569.73,,SETTLED
pay_4721fb4cd11f41,MID_RAZOR_991,ORD-2026-1382,UPI,NA,setl_f128c85d6b,2026-04-06 11:30:36,1975.4,39.51,7.11,1928.78,,SETTLED
pay_3db67beaeeda4d,MID_RAZOR_991,ORD-2026-1383,NETBANKING,NA,setl_b4df42fa63,2026-04-06 11:45:07,4304.12,86.08,15.49,4202.55,,SETTLED
pay_93074d4bd41347,MID_RAZOR_991,ORD-2026-1384,NETBANKING,NA,setl_ce8fed2fa5,2026-04-06 12:00:37,2156.37,43.13,7.76,2105.48,,SETTLED
pay_4315edb16d4448,MID_RAZOR_991,ORD-2026-1385,DEBIT_CARD,Mastercard,setl_4a9ab92431,2026-04-06 12:15:37,1728.9,34.58,6.22,1688.1,,SETTLED
pay_54898726deef4e,MID_RAZOR_991,ORD-2026-1386,UPI,NA,setl_da198c3e2b,2026-04-06 12:30:11,5912.94,118.26,21.29,5773.39,,SETTLED
pay_b7cb2442bb2c4c,MID_RAZOR_991,ORD-2026-1387,CREDIT_CARD,Mastercard,setl_8fb79c4559,2026-04-06 12:45:24,6634.06,132.68,23.88,6477.5,,SETTLED
pay_d0ddddcc0deb45,MID_RAZOR_991,ORD-2026-1388,CREDIT_CARD,Mastercard,setl_569aa18c50,2026-04-06 13:00:10,7599.81,152.0,27.36,7420.45,,SETTLED
pay_b74ab8b3f9dd40,MID_RAZOR_991,ORD-2026-1389,UPI,NA,setl_963513724e,2026-04-06 13:15:55,5706.07,114.12,20.54,5571.41,,SETTLED
pay_d7333c5c512c49,MID_RAZOR_991,ORD-2026-1390,NETBANKING,NA,setl_c4ebdd8a07,2026-04-06 13:30:35,7828.85,156.58,28.18,7644.09,,SETTLED
pay_4db3023a3f4e41,MID_RAZOR_991,ORD-2026-1391,NETBANKING,NA,setl_43df87d436,2026-04-06 13:45:31,2925.18,58.5,10.53,2856.15,,SETTLED
pay_ec6401e3584e4e,MID_RAZOR_991,ORD-2026-1392,CREDIT_CARD,Mastercard,setl_921bb4314b,2026-04-06 14:00:18,2939.03,58.78,10.58,2869.67,,SETTLED
pay_d5bd79b809c34c,MID_RAZOR_991,ORD-2026-1393,NETBANKING,NA,setl_2fa8bf3ef8,2026-04-06 14:15:35,7906.69,158.13,28.46,7720.1,,SETTLED
pay_5142b700416842,MID_RAZOR_991,ORD-2026-1394,DEBIT_CARD,Mastercard,setl_96e3b4982d,2026-04-06 14:30:52,11473.4,229.47,41.3,11202.63,,SETTLED
pay_87aafb63b2c04c,MID_RAZOR_991,ORD-2026-1395,UPI,NA,setl_833e8c01cf,2026-04-06 14:45:47,12536.03,250.72,45.13,12240.18,,SETTLED
pay_6c5d4e15a8944f,MID_RAZOR_991,ORD-2026-1396,DEBIT_CARD,RuPay,setl_df536bec2d,2026-04-06 15:00:28,13046.71,260.93,46.97,12738.81,,SETTLED
pay_0226a22b438e4d,MID_RAZOR_991,ORD-2026-1397,DEBIT_CARD,Mastercard,setl_0ad262afb6,2026-04-06 15:15:39,9675.17,193.5,34.83,9446.84,,SETTLED
pay_c2b2b968383a4e,MID_RAZOR_991,ORD-2026-1398,CREDIT_CARD,RuPay,setl_586a1d0016,2026-04-06 15:30:36,5586.82,111.74,20.11,5454.97,,SETTLED
pay_c42a0a9a4a1b48,MID_RAZOR_991,ORD-2026-1399,DEBIT_CARD,Visa,setl_4295bc6210,2026-04-06 15:45:36,4376.47,87.53,15.76,4273.18,,SETTLED
pay_df4c1af80afc4e,MID_RAZOR_991,ORD-2026-1400,NETBANKING,NA,setl_fc5a821678,2026-04-06 16:00:58,1359.65,27.19,4.89,1327.57,,SETTLED
pay_915f3f3e959a48,MID_RAZOR_991,ORD-2026-1401,CREDIT_CARD,RuPay,setl_4aee79c289,2026-04-06 16:15:45,5170.4,103.41,18.61,5048.38,,SETTLED
pay_15a02e5b77f24a,MID_RAZOR_991,ORD-2026-1402,DEBIT_CARD,Mastercard,setl_1513964627,2026-04-06 16:30:26,5940.0,118.8,21.38,5799.82,,SETTLED
pay_bce178f5fb0d4e,MID_RAZOR_991,ORD-2026-1403,UPI,NA,setl_2641c82ced,2026-04-06 16:45:25,7976.4,159.53,28.72,7788.15,,SETTLED
pay_6627f72b7d154a,MID_RAZOR_991,ORD-2026-1404,DEBIT_CARD,Mastercard,setl_abd8e27846,2026-04-06 17:00:00,13099.16,261.98,47.16,12790.02,,SETTLED
pay_a1600d86c21243,MID_RAZOR_991,ORD-2026-1405,DEBIT_CARD,RuPay,setl_f7191e2bd6,2026-04-06 17:15:50,8249.15,164.98,29.7,8054.47,,SETTLED
pay_dbfe9f0688944c,MID_RAZOR_991,ORD-2026-1406,DEBIT_CARD,Visa,setl_983395759a,2026-04-06 17:30:35,8880.04,177.6,31.97,8670.47,,SETTLED
pay_1573c52c94fb45,MID_RAZOR_991,ORD-2026-1407,UPI,NA,setl_54934cb75b,2026-04-06 17:45:40,11866.4,237.33,42.72,11586.35,,SETTLED
pay_f3ef54c61b7a4e,MID_RAZOR_991,ORD-2026-1408,NETBANKING,NA,setl_68e6e14c3e,2026-04-06 18:00:29,509.8,10.2,1.84,497.76,,SETTLED
pay_17476ec466464a,MID_RAZOR_991,ORD-2026-1409,DEBIT_CARD,RuPay,setl_bdce8074e4,2026-04-06 18:15:55,14024.52,280.49,50.49,13693.54,,SETTLED
pay_7e2354958d5840,MID_RAZOR_991,ORD-2026-1410,UPI,NA,setl_bd6a9e962d,2026-04-06 18:30:23,10135.38,202.71,36.49,9896.18,,SETTLED
pay_3b032cc1cdff46,MID_RAZOR_991,ORD-2026-1411,CREDIT_CARD,Visa,setl_2e011a4740,2026-04-06 18:45:41,1822.39,36.45,6.56,1779.38,,SETTLED
pay_21740ba0747e45,MID_RAZOR_991,ORD-2026-1412,CREDIT_CARD,Mastercard,setl_826857526a,2026-04-06 19:00:14,8031.94,160.64,28.92,7842.38,,SETTLED
pay_96bee71a23df4b,MID_RAZOR_991,ORD-2026-1413,UPI,NA,setl_b543ca9bde,2026-04-06 19:15:55,6623.55,132.47,23.84,6467.24,,SETTLED
pay_be64a7a9ddb34d,MID_RAZOR_991,ORD-2026-1414,UPI,NA,setl_1cac53859b,2026-04-06 19:30:46,12186.37,243.73,43.87,11898.77,,SETTLED
pay_f8485ca12c1442,MID_RAZOR_991,ORD-2026-1415,CREDIT_CARD,Visa,setl_ebffaaf1cb,2026-04-06 19:45:49,12293.83,245.88,44.26,12003.69,,SETTLED
pay_ab83e71e64f348,MID_RAZOR_991,ORD-2026-1416,UPI,NA,setl_b1bcd8f4f8,2026-04-06 20:00:39,9925.29,198.51,35.73,9691.05,,SETTLED
pay_dc6561d1097f4b,MID_RAZOR_991,ORD-2026-1417,CREDIT_CARD,Visa,setl_b0a98f83fa,2026-04-06 20:15:39,10455.21,209.1,37.64,10208.47,,SETTLED
pay_853ea28873df49,MID_RAZOR_991,ORD-2026-1418,NETBANKING,NA,setl_17d3e5873d,2026-04-06 20:30:22,14467.11,289.34,52.08,14125.69,,SETTLED
pay_ea12089ae3b843,MID_RAZOR_991,ORD-2026-1419,UPI,NA,setl_24f9153b1e,2026-04-06 20:45:15,8524.25,170.49,30.69,8323.07,,SETTLED
pay_4b774d555f774d,MID_RAZOR_991,ORD-2026-1420,DEBIT_CARD,RuPay,setl_a6c033450d,2026-04-06 21:00:33,9300.44,186.01,33.48,9080.95,,SETTLED
pay_c3199d2ac52146,MID_RAZOR_991,ORD-2026-1421,UPI,NA,setl_c72fb6339f,2026-04-06 21:15:50,13519.73,270.39,48.67,13200.67,,SETTLED
pay_003e7e65d27b48,MID_RAZOR_991,ORD-2026-1422,NETBANKING,NA,setl_8f00b985dd,2026-04-06 21:30:40,9111.98,182.24,32.8,8896.94,,SETTLED
pay_c49498b8c64548,MID_RAZOR_991,ORD-2026-1423,NETBANKING,NA,setl_c5dec06377,2026-04-06 21:45:55,12665.11,253.3,45.59,12366.22,,SETTLED
pay_8c04187913e840,MID_RAZOR_991,ORD-2026-1424,NETBANKING,NA,setl_cf2bea0650,2026-04-06 22:00:49,1558.38,31.17,5.61,1521.6,,SETTLED
pay_30c3b10036914a,MID_RAZOR_991,ORD-2026-1425,UPI,NA,setl_57ebe35c6c,2026-04-06 22:15:50,6270.64,125.41,22.57,6122.66,,SETTLED
pay_1fdb2ec1f71f42,MID_RAZOR_991,ORD-2026-1426,NETBANKING,NA,setl_aef9b478e7,2026-04-06 22:30:27,10676.25,213.53,38.44,10424.28,,SETTLED
pay_b881478cb8c748,MID_RAZOR_991,ORD-2026-1427,CREDIT_CARD,Visa,setl_cb2fc25167,2026-04-06 22:45:05,4993.65,99.87,17.98,4875.8,,SETTLED
pay_3f0633e0b13042,MID_RAZOR_991,ORD-2026-1428,NETBANKING,NA,setl_7cf61550f3,2026-04-06 23:00:37,9697.27,193.95,34.91,9468.41,,SETTLED
pay_0bd18736c2ae47,MID_RAZOR_991,ORD-2026-1429,CREDIT_CARD,RuPay,setl_f2deeded9c,2026-04-06 23:15:15,1750.09,35.0,6.3,1708.79,,SETTLED
pay_7d884baa1c2d42,MID_RAZOR_991,ORD-2026-1430,UPI,NA,setl_13556e2736,2026-04-06 23:30:19,10158.15,203.16,36.57,9918.42,,SETTLED
pay_cadd3e95d66d4c,MID_RAZOR_991,ORD-2026-1431,UPI,NA,setl_7454117bdc,2026-04-06 23:45:10,7697.99,153.96,27.71,7516.32,,SETTLED
pay_2684698f94b24f,MID_RAZOR_991,ORD-2026-1432,DEBIT_CARD,RuPay,setl_8d9e08beac,2026-04-07 00:00:23,2340.49,46.81,8.43,2285.25,,SETTLED
pay_38d7ffeed68d4b,MID_RAZOR_991,ORD-2026-1433,DEBIT_CARD,Visa,setl_cc330cad31,2026-04-07 00:15:17,8095.89,161.92,29.15,7904.82,,SETTLED
pay_d418af8b0c8e42,MID_RAZOR_991,ORD-2026-1434,NETBANKING,NA,setl_89c54ba87e,2026-04-07 00:30:32,5721.8,114.44,20.6,5586.76,,SETTLED
pay_9a29663c74144d,MID_RAZOR_991,ORD-2026-1435,DEBIT_CARD,RuPay,setl_f294a40262,2026-04-07 00:45:57,8821.73,176.43,31.76,8613.54,,SETTLED
pay_5a7300d4ccca41,MID_RAZOR_991,ORD-2026-1436,UPI,NA,setl_2af0502feb,2026-04-07 01:00:54,13012.46,260.25,46.84,12705.37,,SETTLED
pay_e456512d1c6b48,MID_RAZOR_991,ORD-2026-1437,CREDIT_CARD,RuPay,setl_b6eae7c5ab,2026-04-07 01:15:59,14424.96,288.5,51.93,14084.53,,SETTLED
pay_c5974577271d4a,MID_RAZOR_991,ORD-2026-1438,NETBANKING,NA,setl_1f94708a42,2026-04-07 01:30:14,5166.13,103.32,18.6,5044.21,,SETTLED
pay_582b4956e9b84d,MID_RAZOR_991,ORD-2026-1439,UPI,NA,setl_eda0a54c8d,2026-04-07 01:45:36,5905.72,118.11,21.26,5766.35,,SETTLED
pay_83399f4ce6ac49,MID_RAZOR_991,ORD-2026-1440,UPI,NA,setl_1d5042ef15,2026-04-07 02:00:25,1499.43,29.99,5.4,1464.04,,SETTLED
pay_7ecd6d21317642,MID_RAZOR_991,ORD-2026-1441,DEBIT_CARD,RuPay,setl_98b0b2ed25,2026-04-07 02:15:35,7122.82,142.46,25.64,6954.72,,SETTLED
pay_e05c512a40fd46,MID_RAZOR_991,ORD-2026-1442,DEBIT_CARD,Mastercard,setl_6a1c95388e,2026-04-07 02:30:39,4017.47,80.35,14.46,3922.66,,SETTLED
pay_3736a09b764b47,MID_RAZOR_991,ORD-2026-1443,CREDIT_CARD,Mastercard,setl_89c2f6235e,2026-04-07 02:45:57,8425.11,168.5,30.33,8226.28,,SETTLED
pay_c36e5a7c427840,MID_RAZOR_991,ORD-2026-1444,UPI,NA,setl_9b04456cfb,2026-04-07 03:00:14,8352.41,167.05,30.07,8155.29,,SETTLED
pay_d0445c5d3c664b,MID_RAZOR_991,ORD-2026-1445,NETBANKING,NA,setl_dd4d7ebcb9,2026-04-07 03:15:54,11202.2,224.04,40.33,10937.83,,SETTLED
pay_fe0d928d36ce4f,MID_RAZOR_991,ORD-2026-1446,NETBANKING,NA,setl_62f0e55df5,2026-04-07 03:30:31,14437.18,288.74,51.97,14096.47,,SETTLED
pay_7c68f95b2b1845,MID_RAZOR_991,ORD-2026-1447,CREDIT_CARD,Mastercard,setl_5d52123c74,2026-04-07 03:45:26,10662.28,213.25,38.38,10410.65,,SETTLED
pay_2282df5a79864a,MID_RAZOR_991,ORD-2026-1448,CREDIT_CARD,Mastercard,setl_0a627aead1,2026-04-07 04:00:52,6218.09,124.36,22.38,6071.35,,SETTLED
pay_301a388dc01c4e,MID_RAZOR_991,ORD-2026-1449,CREDIT_CARD,Visa,setl_e661647b60,2026-04-07 04:15:16,12838.25,256.76,46.22,12535.27,,SETTLED
pay_6402be3042ed42,MID_RAZOR_991,ORD-2026-1450,DEBIT_CARD,RuPay,setl_e95cec04f8,2026-04-07 04:30:04,14181.54,283.63,51.05,13846.86,,SETTLED
pay_0763630736884e,MID_RAZOR_991,ORD-2026-1451,CREDIT_CARD,Visa,setl_6851252097,2026-04-07 04:45:29,5053.48,101.07,18.19,4934.22,,SETTLED
pay_a9785fbd823c44,MID_RAZOR_991,ORD-2026-1452,CREDIT_CARD,Visa,setl_4192263935,2026-04-07 05:00:19,7218.53,144.37,25.99,7048.17,,SETTLED
pay_92450921419f49,MID_RAZOR_991,ORD-2026-1453,DEBIT_CARD,Mastercard,setl_a1840527c4,2026-04-07 05:15:44,9247.89,184.96,33.29,9029.64,,SETTLED
pay_429ef22f22df4a,MID_RAZOR_991,ORD-2026-1454,CREDIT_CARD,Visa,setl_0f7357767e,2026-04-07 05:30:25,7945.17,158.9,28.6,7757.67,,SETTLED
pay_dec196a865f14b,MID_RAZOR_991,ORD-2026-1455,NETBANKING,NA,setl_5d9c20c892,2026-04-07 05:45:35,11347.14,226.94,40.85,11079.35,,SETTLED
pay_22620ea3e2a64a,MID_RAZOR_991,ORD-2026-1456,CREDIT_CARD,RuPay,setl_3475dadf50,2026-04-07 06:00:00,1394.2,27.88,5.02,1361.3,,SETTLED
pay_04e82cefda3448,MID_RAZOR_991,ORD-2026-1457,DEBIT_CARD,Mastercard,setl_270c6a29a8,2026-04-07 06:15:40,14094.84,281.9,50.74,13762.2,,SETTLED
pay_cc13ccf6012b42,MID_RAZOR_991,ORD-2026-1458,UPI,NA,setl_80841a926d,2026-04-07 06:30:01,14958.84,299.18,53.85,14605.81,,SETTLED
pay_bfa5e905ada64e,MID_RAZOR_991,ORD-2026-1459,UPI,NA,setl_9488844aca,2026-04-07 06:45:57,12785.49,255.71,46.03,12483.75,,SETTLED
pay_8e7970b161cf4d,MID_RAZOR_991,ORD-2026-1460,UPI,NA,setl_26d1be2378,2026-04-07 07:00:10,13899.91,278.0,50.04,13571.87,,SETTLED
pay_01b2239a22824c,MID_RAZOR_991,ORD-2026-1461,NETBANKING,NA,setl_dbabc04547,2026-04-07 07:15:43,6686.63,133.73,24.07,6528.83,,SETTLED
pay_b7b4315e1a3841,MID_RAZOR_991,ORD-2026-1462,CREDIT_CARD,RuPay,setl_85e8c996fb,2026-04-07 07:30:39,9478.06,189.56,34.12,9254.38,,SETTLED
pay_c46a7a873a2f41,MID_RAZOR_991,ORD-2026-1463,NETBANKING,NA,setl_ee0c5bbd2c,2026-04-07 07:45:03,1771.96,35.44,6.38,1730.14,,SETTLED
pay_efbd9d5615fe4e,MID_RAZOR_991,ORD-2026-1464,CREDIT_CARD,Mastercard,setl_6a56ee46ba,2026-04-07 08:00:51,8383.02,167.66,30.18,8185.18,,SETTLED
pay_11efa30cbc944c,MID_RAZOR_991,ORD-2026-1465,NETBANKING,NA,setl_6881368b4f,2026-04-07 08:15:34,11830.81,236.62,42.59,11551.6,,SETTLED
pay_7c94e9a688624c,MID_RAZOR_991,ORD-2026-1466,DEBIT_CARD,RuPay,setl_1e33bd08c8,2026-04-07 08:30:01,5123.72,102.47,18.44,5002.81,,SETTLED
pay_8b69b6e998f44e,MID_RAZOR_991,ORD-2026-1467,NETBANKING,NA,setl_c9c27305f1,2026-04-07 08:45:33,5682.78,113.66,20.46,5548.66,,SETTLED
pay_6beaef0deb5e4e,MID_RAZOR_991,ORD-2026-1468,CREDIT_CARD,Visa,setl_de06c53b21,2026-04-07 09:00:34,12336.13,246.72,44.41,12045.0,,SETTLED
pay_8596b617c2cf41,MID_RAZOR_991,ORD-2026-1469,NETBANKING,NA,setl_eab5518de5,2026-04-07 09:15:22,14060.49,281.21,50.62,13728.66,,SETTLED
pay_2bad91d0b4314b,MID_RAZOR_991,ORD-2026-1470,DEBIT_CARD,Mastercard,setl_14cdbc2305,2026-04-07 09:30:01,10700.07,214.0,38.52,10447.55,,SETTLED
pay_45058dba8c154a,MID_RAZOR_991,ORD-2026-1471,CREDIT_CARD,Visa,setl_c3c13f6971,2026-04-07 09:45:34,4981.27,99.63,17.93,4863.71,,SETTLED
pay_bd284846fc984d,MID_RAZOR_991,ORD-2026-1472,CREDIT_CARD,RuPay,setl_02ca0b3460,2026-04-07 10:00:33,7430.84,148.62,26.75,7255.47,,SETTLED
pay_2f320fd4a6be4f,MID_RAZOR_991,ORD-2026-1473,DEBIT_CARD,Mastercard,setl_178bbb2539,2026-04-07 10:15:11,13822.32,276.45,49.76,13496.11,,SETTLED
pay_148f416887f54c,MID_RAZOR_991,ORD-2026-1474,CREDIT_CARD,RuPay,setl_4cf0488f79,2026-04-07 10:30:54,8131.28,162.63,29.27,7939.38,,SETTLED
pay_4b2a7eb5310a48,MID_RAZOR_991,ORD-2026-1475,NETBANKING,NA,setl_7920d2afa0,2026-04-07 10:45:37,1964.97,39.3,7.07,1918.6,,SETTLED
pay_e2474ad85a4e46,MID_RAZOR_991,ORD-2026-1476,NETBANKING,NA,setl_96551b48af,2026-04-07 11:00:50,9769.36,195.39,35.17,9538.8,,SETTLED
pay_6d344cbf9b2d4d,MID_RAZOR_991,ORD-2026-1477,DEBIT_CARD,RuPay,setl_6c47b9deba,2026-04-07 11:15:42,9039.78,180.8,32.54,8826.44,,SETTLED
pay_e61de36846dd4e,MID_RAZOR_991,ORD-2026-1478,DEBIT_CARD,RuPay,setl_9478a7e289,2026-04-07 11:30:11,11068.05,221.36,39.84,10806.85,,SETTLED
pay_bb36d89844a842,MID_RAZOR_991,ORD-2026-1479,DEBIT_CARD,Mastercard,setl_bf0b6c86bf,2026-04-07 11:45:14,9774.88,195.5,35.19,9544.19,,SETTLED
pay_f457f2d1f0f34c,MID_RAZOR_991,ORD-2026-1480,UPI,NA,setl_ab5f03cc86,2026-04-07 12:00:15,5528.75,110.58,19.9,5398.27,,SETTLED
pay_c9d7a9a14f7a4a,MID_RAZOR_991,ORD-2026-1481,DEBIT_CARD,Visa,setl_326824911c,2026-04-07 12:15:00,4345.58,86.91,15.64,4243.03,,SETTLED
pay_5e5d45dcb72344,MID_RAZOR_991,ORD-2026-1482,UPI,NA,setl_bda13c0bcd,2026-04-07 12:30:46,518.58,10.37,1.87,506.34,,SETTLED
pay_a0cfa888428044,MID_RAZOR_991,ORD-2026-1483,NETBANKING,NA,setl_4352a388e5,2026-04-07 12:45:31,13285.67,265.71,47.83,12972.13,,SETTLED
pay_1f33654197a541,MID_RAZOR_991,ORD-2026-1484,NETBANKING,NA,setl_b516107100,2026-04-07 13:00:50,13028.74,260.57,46.9,12721.27,,SETTLED
pay_51b30275058843,MID_RAZOR_991,ORD-2026-1485,UPI,NA,setl_39a8e5f321,2026-04-07 13:15:18,791.13,15.82,2.85,772.46,,SETTLED
pay_79750ef17fd645,MID_RAZOR_991,ORD-2026-1486,NETBANKING,NA,setl_310817fb4e,2026-04-07 13:30:10,11113.78,222.28,40.01,10851.49,,SETTLED
pay_b747d0cd6d9d48,MID_RAZOR_991,ORD-2026-1487,NETBANKING,NA,setl_03f1008cac,2026-04-07 13:45:45,949.4,18.99,3.42,926.99,,SETTLED
pay_af993fd4636e4f,MID_RAZOR_991,ORD-2026-1488,DEBIT_CARD,RuPay,setl_cc4c446668,2026-04-07 14:00:12,6434.56,128.69,23.16,6282.71,,SETTLED
pay_6eb1eb8b667849,MID_RAZOR_991,ORD-2026-1489,CREDIT_CARD,RuPay,setl_9787777b49,2026-04-07 14:15:03,6197.08,123.94,22.31,6050.83,,SETTLED
pay_e6eba08f6da343,MID_RAZOR_991,ORD-2026-1490,NETBANKING,NA,setl_b5228b07a7,2026-04-07 14:30:05,4770.97,95.42,17.18,4658.37,,SETTLED
pay_9f0a2ea9b4b147,MID_RAZOR_991,ORD-2026-1491,CREDIT_CARD,Mastercard,setl_bbf8e66ef3,2026-04-07 14:45:18,14667.34,293.35,52.8,14321.19,,SETTLED
pay_c22d44d2fdb94d,MID_RAZOR_991,ORD-2026-1492,NETBANKING,NA,setl_e00b2dc761,2026-04-07 15:00:31,13475.72,269.51,48.51,13157.7,,SETTLED
pay_4878a43f0b1648,MID_RAZOR_991,ORD-2026-1493,CREDIT_CARD,Visa,setl_993f41fe5a,2026-04-07 15:15:56,6030.96,120.62,21.71,5888.63,,SETTLED
pay_5d4e5f055c2545,MID_RAZOR_991,ORD-2026-1494,NETBANKING,NA,setl_c332478793,2026-04-07 15:30:16,3780.51,75.61,13.61,3691.29,,SETTLED
pay_790fc9d088d248,MID_RAZOR_991,ORD-2026-1495,UPI,NA,setl_a199d2ff33,2026-04-07 15:45:05,10188.05,203.76,36.68,9947.61,,SETTLED
pay_d95d7eda459a48,MID_RAZOR_991,ORD-2026-1496,UPI,NA,setl_ba493b75ba,2026-04-07 16:00:53,6113.04,122.26,22.01,5968.77,,SETTLED
pay_1dc5e874e9f04c,MID_RAZOR_991,ORD-2026-1497,CREDIT_CARD,Visa,setl_ee08721ded,2026-04-07 16:15:19,1644.85,32.9,5.92,1606.03,,SETTLED
pay_59ee8e3330d14f,MID_RAZOR_991,ORD-2026-1498,CREDIT_CARD,RuPay,setl_f59ad12ba8,2026-04-07 16:30:48,7011.08,140.22,25.24,6845.62,,SETTLED
pay_873e05a65c664a,MID_RAZOR_991,ORD-2026-1499,UPI,NA,setl_5492b95d58,2026-04-07 16:45:43,6813.2,136.26,24.53,6652.41,,SETTLED
pay_6d5d3462c08c46,MID_RAZOR_991,ORD-2026-1500,UPI,NA,setl_7ac4a02462,2026-04-07 17:00:05,6127.44,122.55,22.06,5982.83,,SETTLED
pay_98a845bf31cc43,MID_RAZOR_991,ORD-2026-1501,NETBANKING,NA,setl_56cc5a2d77,2026-04-07 17:15:58,13165.26,263.31,47.4,12854.55,,SETTLED
pay_fa4afed5e8ef48,MID_RAZOR_991,ORD-2026-1502,CREDIT_CARD,Mastercard,setl_786fcda25c,2026-04-07 17:30:37,8948.82,178.98,32.22,8737.62,,SETTLED
pay_95126a17f6784f,MID_RAZOR_991,ORD-2026-1503,DEBIT_CARD,Mastercard,setl_3a56f85a9d,2026-04-07 17:45:56,5486.1,109.72,19.75,5356.63,,SETTLED
pay_7395a00fae1549,MID_RAZOR_991,ORD-2026-1504,NETBANKING,NA,setl_432975deb7,2026-04-07 18:00:02,2996.9,59.94,10.79,2926.17,,SETTLED
pay_2a1fc78d45934b,MID_RAZOR_991,ORD-2026-1505,NETBANKING,NA,setl_1b1ac258f9,2026-04-07 18:15:02,6238.99,124.78,22.46,6091.75,,SETTLED
pay_60d365c679f645,MID_RAZOR_991,ORD-2026-1506,NETBANKING,NA,setl_d6cadc3bb4,2026-04-07 18:30:58,4394.47,87.89,15.82,4290.76,,SETTLED
pay_1099028c53de4a,MID_RAZOR_991,ORD-2026-1507,DEBIT_CARD,Visa,setl_9342b2f16b,2026-04-07 18:45:17,12721.28,254.43,45.8,12421.05,,SETTLED
pay_23edc3705b824e,MID_RAZOR_991,ORD-2026-1508,NETBANKING,NA,setl_a65a1fb5da,2026-04-07 19:00:49,12474.44,249.49,44.91,12180.04,,SETTLED
pay_69961a2d8acc44,MID_RAZOR_991,ORD-2026-1509,UPI,NA,setl_7c3c7671ae,2026-04-07 19:15:12,6904.89,138.1,24.86,6741.93,,SETTLED
pay_1d6745523bd247,MID_RAZOR_991,ORD-2026-1510,DEBIT_CARD,RuPay,setl_0fb2c5b027,2026-04-07 19:30:32,11976.61,239.53,43.12,11693.96,,SETTLED
pay_4550f8d3138149,MID_RAZOR_991,ORD-2026-1511,CREDIT_CARD,Mastercard,setl_1e2c94593d,2026-04-07 19:45:56,8745.75,174.91,31.48,8539.36,,SETTLED
pay_1d217a276c5a4c,MID_RAZOR_991,ORD-2026-1512,CREDIT_CARD,RuPay,setl_01bf8067e1,2026-04-07 20:00:29,1233.11,24.66,4.44,1204.01,,SETTLED
pay_79e38f601f444a,MID_RAZOR_991,ORD-2026-1513,NETBANKING,NA,setl_b2102169a9,2026-04-07 20:15:32,6255.66,125.11,22.52,6108.03,,SETTLED
pay_3aa4f881ddcb4b,MID_RAZOR_991,ORD-2026-1514,NETBANKING,NA,setl_27c3d24f12,2026-04-07 20:30:38,6968.5,139.37,25.09,6804.04,,SETTLED
pay_7e1c6fc8754348,MID_RAZOR_991,ORD-2026-1515,CREDIT_CARD,Visa,setl_338114e71c,2026-04-07 20:45:47,12547.62,250.95,45.17,12251.5,,SETTLED
pay_498ee00fec1743,MID_RAZOR_991,ORD-2026-1516,CREDIT_CARD,Mastercard,setl_2f6b21bad0,2026-04-07 21:00:49,14491.31,289.83,52.17,14149.31,,SETTLED
pay_d4a19a1ea15442,MID_RAZOR_991,ORD-2026-1517,DEBIT_CARD,Mastercard,setl_aee20e7a47,2026-04-07 21:15:26,7942.58,158.85,28.59,7755.14,,SETTLED
pay_9859e4ced8a142,MID_RAZOR_991,ORD-2026-1518,UPI,NA,setl_f9d9cc17f5,2026-04-07 21:30:14,4159.66,83.19,14.97,4061.5,,SETTLED
pay_fb7db82692f34c,MID_RAZOR_991,ORD-2026-1519,NETBANKING,NA,setl_ce740998f9,2026-04-07 21:45:54,5556.28,111.13,20.0,5425.15,,SETTLED
pay_b887450de64246,MID_RAZOR_991,ORD-2026-1520,NETBANKING,NA,setl_a64fb3760b,2026-04-07 22:00:37,1983.53,39.67,7.14,1936.72,,SETTLED
pay_1fc0e1429c7740,MID_RAZOR_991,ORD-2026-1521,DEBIT_CARD,Visa,setl_70e07586b8,2026-04-07 22:15:43,2067.52,41.35,7.44,2018.73,,SETTLED
pay_b515337f93ed47,MID_RAZOR_991,ORD-2026-1522,DEBIT_CARD,Mastercard,setl_ce94299dfc,2026-04-07 22:30:45,14306.72,286.13,51.5,13969.09,,SETTLED
pay_babb3a34c51549,MID_RAZOR_991,ORD-2026-1523,CREDIT_CARD,RuPay,setl_d5f88dea82,2026-04-07 22:45:51,12931.07,258.62,46.55,12625.9,,SETTLED
pay_e511b438f6974c,MID_RAZOR_991,ORD-2026-1524,UPI,NA,setl_abec99eced,2026-04-07 23:00:41,7711.91,154.24,27.76,7529.91,,SETTLED
pay_be33f01fa8b041,MID_RAZOR_991,ORD-2026-1525,UPI,NA,setl_1d7e004b96,2026-04-07 23:15:37,10767.0,215.34,38.76,10512.9,,SETTLED
pay_6ec3932134254d,MID_RAZOR_991,ORD-2026-1526,NETBANKING,NA,setl_7cd5a87497,2026-04-07 23:30:58,14139.69,282.79,50.9,13806.0,,SETTLED
pay_c085d43df6a64e,MID_RAZOR_991,ORD-2026-1527,CREDIT_CARD,Visa,setl_d829a27bdb,2026-04-07 23:45:06,7326.32,146.53,26.38,7153.41,,SETTLED
pay_004f19dd9c024b,MID_RAZOR_991,ORD-2026-1528,DEBIT_CARD,Mastercard,setl_edc9b83a65,2026-04-08 00:00:05,3722.68,74.45,13.4,3634.83,,SETTLED
pay_07e0269c953d40,MID_RAZOR_991,ORD-2026-1529,DEBIT_CARD,Visa,setl_81aef29c76,2026-04-08 00:15:37,4763.74,95.27,17.15,4651.32,,SETTLED
pay_2a5b5233338448,MID_RAZOR_991,ORD-2026-1530,UPI,NA,setl_f477c604b8,2026-04-08 00:30:30,13396.68,267.93,48.23,13080.52,,SETTLED
pay_36e31df8452745,MID_RAZOR_991,ORD-2026-1531,NETBANKING,NA,setl_7b3841295e,2026-04-08 00:45:03,13127.31,262.55,47.26,12817.5,,SETTLED
pay_404e1d80653e44,MID_RAZOR_991,ORD-2026-1532,NETBANKING,NA,setl_50ae39047d,2026-04-08 01:00:09,5087.56,101.75,18.31,4967.5,,SETTLED
pay_215bad4ed4ab42,MID_RAZOR_991,ORD-2026-1533,CREDIT_CARD,Visa,setl_6bd846f5f0,2026-04-08 01:15:40,1341.2,26.82,4.83,1309.55,,SETTLED
pay_adc3b654b51041,MID_RAZOR_991,ORD-2026-1534,CREDIT_CARD,Mastercard,setl_97f2c582bf,2026-04-08 01:30:48,2797.31,55.95,10.07,2731.29,,SETTLED
pay_ac1b54cfaaa545,MID_RAZOR_991,ORD-2026-1535,NETBANKING,NA,setl_2c430032d2,2026-04-08 01:45:25,6720.87,134.42,24.2,6562.25,,SETTLED
pay_e3aa2202cb5748,MID_RAZOR_991,ORD-2026-1536,CREDIT_CARD,Mastercard,setl_3e14e90b43,2026-04-08 02:00:23,14275.99,285.52,51.39,13939.08,,SETTLED
pay_a98687cbd7a147,MID_RAZOR_991,ORD-2026-1537,UPI,NA,setl_6047cdfb48,2026-04-08 02:15:40,11137.25,222.75,40.09,10874.41,,SETTLED
pay_fa997755aeff42,MID_RAZOR_991,ORD-2026-1538,NETBANKING,NA,setl_f19e520973,2026-04-08 02:30:32,9035.72,180.71,32.53,8822.48,,SETTLED
pay_46f663efc55f44,MID_RAZOR_991,ORD-2026-1539,NETBANKING,NA,setl_8f380fba3c,2026-04-08 02:45:46,8044.18,160.88,28.96,7854.34,,SETTLED
pay_8f62fd9d879d42,MID_RAZOR_991,ORD-2026-1540,CREDIT_CARD,Visa,setl_ff1da070b0,2026-04-08 03:00:57,7607.59,152.15,27.39,7428.05,,SETTLED
pay_734b43aca2714d,MID_RAZOR_991,ORD-2026-1541,UPI,NA,setl_a9a2ea66bc,2026-04-08 03:15:14,3752.66,75.05,13.51,3664.1,,SETTLED
pay_8fc5b2c521d84c,MID_RAZOR_991,ORD-2026-1542,CREDIT_CARD,RuPay,setl_827dc471c1,2026-04-08 03:30:23,10811.1,216.22,38.92,10555.96,,SETTLED
pay_f0b80321b65a40,MID_RAZOR_991,ORD-2026-1543,UPI,NA,setl_298b7f85f1,2026-04-08 03:45:38,14922.86,298.46,53.72,14570.68,,SETTLED
pay_7357f7b3738843,MID_RAZOR_991,ORD-2026-1544,NETBANKING,NA,setl_47860504b5,2026-04-08 04:00:28,6013.68,120.27,21.65,5871.76,,SETTLED
pay_622b4d5ef92647,MID_RAZOR_991,ORD-2026-1545,CREDIT_CARD,Mastercard,setl_6198cd7315,2026-04-08 04:15:43,9639.51,192.79,34.7,9412.02,,SETTLED
pay_594b48f80bfe46,MID_RAZOR_991,ORD-2026-1546,DEBIT_CARD,Mastercard,setl_5272270c34,2026-04-08 04:30:38,10660.53,213.21,38.38,10408.94,,SETTLED
pay_d04cc8b7147744,MID_RAZOR_991,ORD-2026-1547,UPI,NA,setl_d9e035ef80,2026-04-08 04:45:18,2153.18,43.06,7.75,2102.37,,SETTLED
pay_d39696fe14664b,MID_RAZOR_991,ORD-2026-1548,DEBIT_CARD,Mastercard,setl_f560cac00d,2026-04-08 05:00:12,5689.87,113.8,20.48,5555.59,,SETTLED
pay_6177b8e26b7147,MID_RAZOR_991,ORD-2026-1549,NETBANKING,NA,setl_d103e11597,2026-04-08 05:15:58,3511.56,70.23,12.64,3428.69,,SETTLED
pay_8b6b1a351f694f,MID_RAZOR_991,ORD-2026-1550,UPI,NA,setl_f12b95741e,2026-04-08 05:30:58,2101.25,42.02,7.56,2051.67,,SETTLED
pay_3d6a8343501743,MID_RAZOR_991,ORD-2026-1551,UPI,NA,setl_c29ab2ca6a,2026-04-08 05:45:57,4210.44,84.21,15.16,4111.07,,SETTLED
pay_a5e955233a9b41,MID_RAZOR_991,ORD-2026-1552,UPI,NA,setl_21c0841692,2026-04-08 06:00:06,12291.09,245.82,44.25,12001.02,,SETTLED
pay_2104cdf6fa5146,MID_RAZOR_991,ORD-2026-1553,DEBIT_CARD,Visa,setl_f109f2902a,2026-04-08 06:15:47,2180.57,43.61,7.85,2129.11,,SETTLED
pay_1194dce6a85b4b,MID_RAZOR_991,ORD-2026-1554,DEBIT_CARD,Visa,setl_fda49dce2d,2026-04-08 06:30:57,6846.86,136.94,24.65,6685.27,,SETTLED
pay_437e799406274b,MID_RAZOR_991,ORD-2026-1555,DEBIT_CARD,RuPay,setl_27cd6b54ff,2026-04-08 06:45:07,6311.27,126.23,22.72,6162.32,,SETTLED
pay_072ee4417c6242,MID_RAZOR_991,ORD-2026-1556,NETBANKING,NA,setl_b2cc3f70b2,2026-04-08 07:00:41,13348.8,266.98,48.06,13033.76,,SETTLED
pay_af773c8c363043,MID_RAZOR_991,ORD-2026-1557,UPI,NA,setl_82905cb259,2026-04-08 07:15:54,2811.23,56.22,10.12,2744.89,,SETTLED
pay_c2e5f24e171542,MID_RAZOR_991,ORD-2026-1558,NETBANKING,NA,setl_fbfb105cae,2026-04-08 07:30:11,9364.19,187.28,33.71,9143.2,,SETTLED
pay_9d9f4796ebd04a,MID_RAZOR_991,ORD-2026-1559,CREDIT_CARD,Visa,setl_4fbdf3b7b2,2026-04-08 07:45:58,7577.78,151.56,27.28,7398.94,,SETTLED
pay_23e849f6606e47,MID_RAZOR_991,ORD-2026-1560,DEBIT_CARD,RuPay,setl_cb2fd4cf70,2026-04-08 08:00:45,13090.82,261.82,47.13,12781.87,,SETTLED
pay_6bea48821b7f4d,MID_RAZOR_991,ORD-2026-1561,CREDIT_CARD,Mastercard,setl_06187faa11,2026-04-08 08:15:55,5405.36,108.11,19.46,5277.79,,SETTLED
pay_f6f37c568e1345,MID_RAZOR_991,ORD-2026-1562,NETBANKING,NA,setl_4a9ea3b24c,2026-04-08 08:30:42,11036.45,220.73,39.73,10775.99,,SETTLED
pay_511885fb946244,MID_RAZOR_991,ORD-2026-1563,NETBANKING,NA,setl_48576f834a,2026-04-08 08:45:09,12665.98,253.32,45.6,12367.06,,SETTLED
pay_d27feab57d9a49,MID_RAZOR_991,ORD-2026-1564,NETBANKING,NA,setl_838c7c90ee,2026-04-08 09:00:54,7689.61,153.79,27.68,7508.14,,SETTLED
pay_9319eafcc4ff48,MID_RAZOR_991,ORD-2026-1565,CREDIT_CARD,Visa,setl_0db745c540,2026-04-08 09:15:17,1230.09,24.6,4.43,1201.06,,SETTLED
pay_14d082875ff84e,MID_RAZOR_991,ORD-2026-1566,CREDIT_CARD,RuPay,setl_9503896143,2026-04-08 09:30:29,6940.74,138.81,24.99,6776.94,,SETTLED
pay_aeb0d0d1aa3f49,MID_RAZOR_991,ORD-2026-1567,NETBANKING,NA,setl_e10a2acd76,2026-04-08 09:45:47,9973.91,199.48,35.91,9738.52,,SETTLED
pay_36e993aa1d914c,MID_RAZOR_991,ORD-2026-1568,UPI,NA,setl_94c961c556,2026-04-08 10:00:52,1817.99,36.36,6.54,1775.09,,SETTLED
pay_e15d137ed2114c,MID_RAZOR_991,ORD-2026-1569,NETBANKING,NA,setl_328494e412,2026-04-08 10:15:21,5768.47,115.37,20.77,5632.33,,SETTLED
pay_e10e863257fd47,MID_RAZOR_991,ORD-2026-1570,NETBANKING,NA,setl_dfc566361c,2026-04-08 10:30:45,10028.92,200.58,36.1,9792.24,,SETTLED
pay_cd9b0a831f8541,MID_RAZOR_991,ORD-2026-1571,CREDIT_CARD,RuPay,setl_55702260eb,2026-04-08 10:45:21,5649.52,112.99,20.34,5516.19,,SETTLED
pay_2296af07459946,MID_RAZOR_991,ORD-2026-1572,UPI,NA,setl_ff3d5b0db9,2026-04-08 11:00:02,13504.72,270.09,48.62,13186.01,,SETTLED
pay_c0b4f35c30b64c,MID_RAZOR_991,ORD-2026-1573,UPI,NA,setl_4663dcd574,2026-04-08 11:15:16,9357.35,187.15,33.69,9136.51,,SETTLED
pay_86c10bec66e444,MID_RAZOR_991,ORD-2026-1574,CREDIT_CARD,Mastercard,setl_3f113d6332,2026-04-08 11:30:21,2062.6,41.25,7.42,2013.93,,SETTLED
pay_9df978cd943645,MID_RAZOR_991,ORD-2026-1575,UPI,NA,setl_d84ac36cf7,2026-04-08 11:45:49,13430.44,268.61,48.35,13113.48,,SETTLED
pay_1db0edb6a1144b,MID_RAZOR_991,ORD-2026-1576,CREDIT_CARD,Visa,setl_dcd78260f4,2026-04-08 12:00:00,8190.28,163.81,29.49,7996.98,,SETTLED
pay_5ebf8c52e21741,MID_RAZOR_991,ORD-2026-1577,CREDIT_CARD,Mastercard,setl_acf1b95948,2026-04-08 12:15:37,3017.93,60.36,10.86,2946.71,,SETTLED
pay_2235d8f933a344,MID_RAZOR_991,ORD-2026-1578,DEBIT_CARD,Mastercard,setl_a78220b890,2026-04-08 12:30:56,6077.61,121.55,21.88,5934.18,,SETTLED
pay_35a83b1dba1645,MID_RAZOR_991,ORD-2026-1579,DEBIT_CARD,Visa,setl_68843e6cae,2026-04-08 12:45:51,2433.89,48.68,8.76,2376.45,,SETTLED
pay_e93eb52119ce48,MID_RAZOR_991,ORD-2026-1580,DEBIT_CARD,Mastercard,setl_5489c2b47f,2026-04-08 13:00:35,12980.26,259.61,46.73,12673.92,,SETTLED
pay_aead6541ca3042,MID_RAZOR_991,ORD-2026-1581,DEBIT_CARD,Mastercard,setl_3aadb193ae,2026-04-08 13:15:22,13857.28,277.15,49.89,13530.24,,SETTLED
pay_f326c4cf7ca347,MID_RAZOR_991,ORD-2026-1582,DEBIT_CARD,Mastercard,setl_9b2567b248,2026-04-08 13:30:07,11531.24,230.62,41.51,11259.11,,SETTLED
pay_f058c9f1864d41,MID_RAZOR_991,ORD-2026-1583,NETBANKING,NA,setl_68807b3b1d,2026-04-08 13:45:43,11344.1,226.88,40.84,11076.38,,SETTLED
pay_f9e884b1432f4d,MID_RAZOR_991,ORD-2026-1584,UPI,NA,setl_943f29dbb6,2026-04-08 14:00:01,6022.62,120.45,21.68,5880.49,,SETTLED
pay_7b37f49ff1f745,MID_RAZOR_991,ORD-2026-1585,CREDIT_CARD,Visa,setl_2926a7172e,2026-04-08 14:15:43,4133.13,82.66,14.88,4035.59,,SETTLED
pay_0df5d485bcf143,MID_RAZOR_991,ORD-2026-1586,UPI,NA,setl_debf824fcf,2026-04-08 14:30:22,12303.38,246.07,44.29,12013.02,,SETTLED
pay_05a475fa827542,MID_RAZOR_991,ORD-2026-1587,NETBANKING,NA,setl_76ff07f89e,2026-04-08 14:45:15,7908.37,158.17,28.47,7721.73,,SETTLED
pay_bbd2fab413ef45,MID_RAZOR_991,ORD-2026-1588,NETBANKING,NA,setl_ec0fa1422d,2026-04-08 15:00:26,14372.18,287.44,51.74,14033.0,,SETTLED
pay_5a5dc377f7a241,MID_RAZOR_991,ORD-2026-1589,DEBIT_CARD,RuPay,setl_81ac826e77,2026-04-08 15:15:39,13098.32,261.97,47.15,12789.2,,SETTLED
pay_5ce02b72d58246,MID_RAZOR_991,ORD-2026-1590,DEBIT_CARD,Mastercard,setl_0e8ebc04af,2026-04-08 15:30:34,11207.53,224.15,40.35,10943.03,,SETTLED
pay_c3325ce81a7a44,MID_RAZOR_991,ORD-2026-1591,UPI,NA,setl_3bd921c738,2026-04-08 15:45:11,14455.89,289.12,52.04,14114.73,,SETTLED
pay_fc71ed7272f744,MID_RAZOR_991,ORD-2026-1592,DEBIT_CARD,Mastercard,setl_1b0b121e68,2026-04-08 16:00:16,2385.96,47.72,8.59,2329.65,,SETTLED
pay_53ec889a796640,MID_RAZOR_991,ORD-2026-1593,CREDIT_CARD,RuPay,setl_6e6e831db9,2026-04-08 16:15:09,13965.11,279.3,50.27,13635.54,,SETTLED
pay_d3c33729eecb4e,MID_RAZOR_991,ORD-2026-1594,DEBIT_CARD,Visa,setl_93301ac0cf,2026-04-08 16:30:50,8803.82,176.08,31.69,8596.05,,SETTLED
pay_604fcab0b97447,MID_RAZOR_991,ORD-2026-1595,CREDIT_CARD,RuPay,setl_3a62e7ac05,2026-04-08 16:45:33,1488.56,29.77,5.36,1453.43,,SETTLED
pay_28aa0b37328944,MID_RAZOR_991,ORD-2026-1596,NETBANKING,NA,setl_2e0fbc1b50,2026-04-08 17:00:05,5566.34,111.33,20.04,5434.97,,SETTLED
pay_329ed389b6314a,MID_RAZOR_991,ORD-2026-1597,DEBIT_CARD,RuPay,setl_5db21b3f6f,2026-04-08 17:15:48,9465.07,189.3,34.07,9241.7,,SETTLED
pay_41f7e41f5a3b4d,MID_RAZOR_991,ORD-2026-1598,UPI,NA,setl_3ed91889a0,2026-04-08 17:30:42,5517.11,110.34,19.86,5386.91,,SETTLED
pay_f0ec0741eea84d,MID_RAZOR_991,ORD-2026-1599,CREDIT_CARD,RuPay,setl_9ccf6c47b3,2026-04-08 17:45:43,13342.07,266.84,48.03,13027.2,,SETTLED
pay_f61accb1a81245,MID_RAZOR_991,ORD-2026-1600,DEBIT_CARD,RuPay,setl_ac6a90f493,2026-04-08 18:00:58,7994.58,159.89,28.78,7805.91,,SETTLED
pay_ee2a142a90d948,MID_RAZOR_991,ORD-2026-1601,DEBIT_CARD,Mastercard,setl_19c8f0b5ab,2026-04-08 18:15:12,5144.53,102.89,18.52,5023.12,,SETTLED
pay_db48a6ffd81143,MID_RAZOR_991,ORD-2026-1602,UPI,NA,setl_ebe6f4b5ce,2026-04-08 18:30:40,1449.34,28.99,5.22,1415.13,,SETTLED
pay_d1f12ad700aa4c,MID_RAZOR_991,ORD-2026-1603,CREDIT_CARD,Mastercard,setl_2686467599,2026-04-08 18:45:53,10689.77,213.8,38.48,10437.49,,SETTLED
pay_9ab9e4fffd1344,MID_RAZOR_991,ORD-2026-1604,CREDIT_CARD,RuPay,setl_b78cc645f1,2026-04-08 19:00:29,10894.59,217.89,39.22,10637.48,,SETTLED
pay_751b7fd872ff46,MID_RAZOR_991,ORD-2026-1605,DEBIT_CARD,Mastercard,setl_6ff521ce13,2026-04-08 19:15:04,8836.95,176.74,31.81,8628.4,,SETTLED
pay_e011f43f442e4c,MID_RAZOR_991,ORD-2026-1606,NETBANKING,NA,setl_452f895ecb,2026-04-08 19:30:27,5087.86,101.76,18.32,4967.78,,SETTLED
pay_41f726a440fc46,MID_RAZOR_991,ORD-2026-1607,UPI,NA,setl_3a345b6fac,2026-04-08 19:45:48,11316.29,226.33,40.74,11049.22,,SETTLED
pay_8fef006125044c,MID_RAZOR_991,ORD-2026-1608,UPI,NA,setl_13f8badce2,2026-04-08 20:00:18,11909.93,238.2,42.88,11628.85,,SETTLED
pay_5da8804880094d,MID_RAZOR_991,ORD-2026-1609,NETBANKING,NA,setl_45fa46a65c,2026-04-08 20:15:24,6229.14,124.58,22.42,6082.14,,SETTLED
pay_7005ad57375641,MID_RAZOR_991,ORD-2026-1610,CREDIT_CARD,Mastercard,setl_228d34b212,2026-04-08 20:30:25,12053.17,241.06,43.39,11768.72,,SETTLED
pay_b84222ab9b2c4c,MID_RAZOR_991,ORD-2026-1611,DEBIT_CARD,RuPay,setl_f0d994271d,2026-04-08 20:45:35,13184.12,263.68,47.46,12872.98,,SETTLED
pay_d9499799a8dd44,MID_RAZOR_991,ORD-2026-1612,NETBANKING,NA,setl_d32a687845,2026-04-08 21:00:34,8439.12,168.78,30.38,8239.96,,SETTLED
pay_8fe0d01395d643,MID_RAZOR_991,ORD-2026-1613,DEBIT_CARD,RuPay,setl_80c93bad26,2026-04-08 21:15:26,13631.61,272.63,49.07,13309.91,,SETTLED
pay_48201046518344,MID_RAZOR_991,ORD-2026-1614,DEBIT_CARD,RuPay,setl_491bb831fd,2026-04-08 21:30:07,3129.69,62.59,11.27,3055.83,,SETTLED
pay_72022215f63241,MID_RAZOR_991,ORD-2026-1615,UPI,NA,setl_a356a1db16,2026-04-08 21:45:18,10239.44,204.79,36.86,9997.79,,SETTLED
pay_0e1181767bf74b,MID_RAZOR_991,ORD-2026-1616,NETBANKING,NA,setl_ef9f9d5c78,2026-04-08 22:00:21,5678.51,113.57,20.44,5544.5,,SETTLED
pay_296c8a27456640,MID_RAZOR_991,ORD-2026-1617,CREDIT_CARD,Visa,setl_f7177ff6d0,2026-04-08 22:15:31,7034.37,140.69,25.32,6868.36,,SETTLED
pay_6f0a0debef7d45,MID_RAZOR_991,ORD-2026-1618,DEBIT_CARD,Visa,setl_e3c7a73265,2026-04-08 22:30:27,2945.27,58.91,10.6,2875.76,,SETTLED
pay_92f889d807d947,MID_RAZOR_991,ORD-2026-1619,NETBANKING,NA,setl_bb21811f0e,2026-04-08 22:45:17,12681.6,253.63,45.65,12382.32,,SETTLED
pay_0f24f4bd408e42,MID_RAZOR_991,ORD-2026-1620,NETBANKING,NA,setl_a81c4a21cb,2026-04-08 23:00:28,5701.75,114.03,20.53,5567.19,,SETTLED
pay_4e1d67cb45534b,MID_RAZOR_991,ORD-2026-1621,UPI,NA,setl_4b31df745f,2026-04-08 23:15:53,4568.93,91.38,16.45,4461.1,,SETTLED
pay_fe2491a840a647,MID_RAZOR_991,ORD-2026-1622,UPI,NA,setl_08a5a24d92,2026-04-08 23:30:46,1593.3,31.87,5.74,1555.69,,SETTLED
pay_fef0ca1673d34a,MID_RAZOR_991,ORD-2026-1623,NETBANKING,NA,setl_5e9ec37ea9,2026-04-08 23:45:49,9055.53,181.11,32.6,8841.82,,SETTLED
pay_2d08e3196c144b,MID_RAZOR_991,ORD-2026-1624,NETBANKING,NA,setl_5d08d70d1b,2026-04-09 00:00:41,11740.36,234.81,42.27,11463.28,,SETTLED
pay_6c257fd594844a,MID_RAZOR_991,ORD-2026-1625,DEBIT_CARD,RuPay,setl_d27fb46e16,2026-04-09 00:15:29,7766.29,155.33,27.96,7583.0,,SETTLED
pay_ed01aa88f4714a,MID_RAZOR_991,ORD-2026-1626,CREDIT_CARD,Mastercard,setl_8ad4c356e9,2026-04-09 00:30:43,2904.73,58.09,10.46,2836.18,,SETTLED
pay_1b8e3d37a6e34c,MID_RAZOR_991,ORD-2026-1627,CREDIT_CARD,Mastercard,setl_f71f204528,2026-04-09 00:45:46,7510.8,150.22,27.04,7333.54,,SETTLED
pay_a0ff6034dc044b,MID_RAZOR_991,ORD-2026-1628,CREDIT_CARD,RuPay,setl_56f9973cc8,2026-04-09 01:00:16,5856.81,117.14,21.09,5718.58,,SETTLED
pay_b14922111fc04e,MID_RAZOR_991,ORD-2026-1629,DEBIT_CARD,Visa,setl_e48f9dd987,2026-04-09 01:15:30,13809.58,276.19,49.71,13483.68,,SETTLED
pay_658a4b3dcce343,MID_RAZOR_991,ORD-2026-1630,DEBIT_CARD,Mastercard,setl_c78bd125b3,2026-04-09 01:30:16,8890.16,177.8,32.0,8680.36,,SETTLED
pay_c92048d1a65840,MID_RAZOR_991,ORD-2026-1631,UPI,NA,setl_f4053e05a8,2026-04-09 01:45:33,4148.0,82.96,14.93,4050.11,,SETTLED
pay_f4bf50cc7beb4e,MID_RAZOR_991,ORD-2026-1632,DEBIT_CARD,Visa,setl_090d70fe38,2026-04-09 02:00:50,7490.6,149.81,26.97,7313.82,,SETTLED
pay_fd545218642041,MID_RAZOR_991,ORD-2026-1633,UPI,NA,setl_0f2f6fdee7,2026-04-09 02:15:32,9830.42,196.61,35.39,9598.42,,SETTLED
pay_c93619f7f3824a,MID_RAZOR_991,ORD-2026-1634,UPI,NA,setl_d1cdc0f122,2026-04-09 02:30:42,3840.02,76.8,13.82,3749.4,,SETTLED
pay_2b9c629535e34d,MID_RAZOR_991,ORD-2026-1635,NETBANKING,NA,setl_87574b6f41,2026-04-09 02:45:30,3555.21,71.1,12.8,3471.31,,SETTLED
pay_3ab22d6f2e3a47,MID_RAZOR_991,ORD-2026-1636,CREDIT_CARD,Mastercard,setl_c2761ab1d0,2026-04-09 03:00:37,2836.37,56.73,10.21,2769.43,,SETTLED
pay_8de4caadafb54f,MID_RAZOR_991,ORD-2026-1637,DEBIT_CARD,RuPay,setl_2023441a2c,2026-04-09 03:15:33,14394.46,287.89,51.82,14054.75,,SETTLED
pay_5385d5fcc24f4a,MID_RAZOR_991,ORD-2026-1638,DEBIT_CARD,RuPay,setl_9ff8a87a03,2026-04-09 03:30:13,7013.45,140.27,25.25,6847.93,,SETTLED
pay_c026c9390df245,MID_RAZOR_991,ORD-2026-1639,NETBANKING,NA,setl_386fd6598a,2026-04-09 03:45:38,2569.33,51.39,9.25,2508.69,,SETTLED
pay_e27c6957407242,MID_RAZOR_991,ORD-2026-1640,CREDIT_CARD,Mastercard,setl_01dc40c3db,2026-04-09 04:00:43,5468.73,109.37,19.69,5339.67,,SETTLED
pay_8e8e401f0aac4e,MID_RAZOR_991,ORD-2026-1641,NETBANKING,NA,setl_e722357340,2026-04-09 04:15:24,2417.09,48.34,8.7,2360.05,,SETTLED
pay_b8ce2ade2aa541,MID_RAZOR_991,ORD-2026-1642,NETBANKING,NA,setl_e5668442bc,2026-04-09 04:30:52,2668.64,53.37,9.61,2605.66,,SETTLED
pay_217b7b67254b4d,MID_RAZOR_991,ORD-2026-1643,UPI,NA,setl_68366ecce5,2026-04-09 04:45:56,11866.09,237.32,42.72,11586.05,,SETTLED
pay_59579f755fc84a,MID_RAZOR_991,ORD-2026-1644,CREDIT_CARD,Mastercard,setl_3a39022d5c,2026-04-09 05:00:34,12499.07,249.98,45.0,12204.09,,SETTLED
pay_2dc993f3d23442,MID_RAZOR_991,ORD-2026-1645,NETBANKING,NA,setl_4d3206ff9d,2026-04-09 05:15:14,14107.11,282.14,50.79,13774.18,,SETTLED
pay_36541122ffa944,MID_RAZOR_991,ORD-2026-1646,UPI,NA,setl_94e2d1cb40,2026-04-09 05:30:27,2441.31,48.83,8.79,2383.69,,SETTLED
pay_b36141fc9a8e40,MID_RAZOR_991,ORD-2026-1647,NETBANKING,NA,setl_f71cc565be,2026-04-09 05:45:16,3240.8,64.82,11.67,3164.31,,SETTLED
pay_ce5455e5b5b346,MID_RAZOR_991,ORD-2026-1648,UPI,NA,setl_657146c557,2026-04-09 06:00:24,9990.92,199.82,35.97,9755.13,,SETTLED
pay_9af634004c6741,MID_RAZOR_991,ORD-2026-1649,NETBANKING,NA,setl_4ea350543f,2026-04-09 06:15:41,8987.87,179.76,32.36,8775.75,,SETTLED
pay_dbed4f92b89243,MID_RAZOR_991,ORD-2026-1650,DEBIT_CARD,Mastercard,setl_51d7444a9d,2026-04-09 06:30:25,11447.09,228.94,41.21,11176.94,,SETTLED
pay_cfff5dd24f2348,MID_RAZOR_991,ORD-2026-1651,CREDIT_CARD,Visa,setl_e6535ad81c,2026-04-09 06:45:35,8546.21,170.92,30.77,8344.52,,SETTLED
pay_35e11951b71149,MID_RAZOR_991,ORD-2026-1652,NETBANKING,NA,setl_ed8d1775b8,2026-04-09 07:00:47,2501.99,50.04,9.01,2442.94,,SETTLED
pay_677a7a96d8f84f,MID_RAZOR_991,ORD-2026-1653,CREDIT_CARD,RuPay,setl_175cb81809,2026-04-09 07:15:13,7870.98,157.42,28.34,7685.22,,SETTLED
pay_0de44385c7aa4f,MID_RAZOR_991,ORD-2026-1654,UPI,NA,setl_62a0b843e1,2026-04-09 07:30:10,6142.0,122.84,22.11,5997.05,,SETTLED
pay_e6b2f6b995004d,MID_RAZOR_991,ORD-2026-1655,NETBANKING,NA,setl_8ae44cc29d,2026-04-09 07:45:05,1429.17,28.58,5.14,1395.45,,SETTLED
pay_52655833f82047,MID_RAZOR_991,ORD-2026-1656,NETBANKING,NA,setl_5a2ab72531,2026-04-09 08:00:59,14774.5,295.49,53.19,14425.82,,SETTLED
pay_4e40fe3366e247,MID_RAZOR_991,ORD-2026-1657,UPI,NA,setl_75e5103767,2026-04-09 08:15:49,12393.32,247.87,44.62,12100.83,,SETTLED
pay_405600fd60e94e,MID_RAZOR_991,ORD-2026-1658,DEBIT_CARD,RuPay,setl_49994f9f66,2026-04-09 08:30:02,11867.41,237.35,42.72,11587.34,,SETTLED
pay_09f0e13f8ec442,MID_RAZOR_991,ORD-2026-1659,CREDIT_CARD,Mastercard,setl_48ed01e7fb,2026-04-09 08:45:02,5716.23,114.32,20.58,5581.33,,SETTLED
pay_b281cd21f52547,MID_RAZOR_991,ORD-2026-1660,NETBANKING,NA,setl_472e3ad4f2,2026-04-09 09:00:22,10210.1,204.2,36.76,9969.14,,SETTLED
pay_413334469f5e4b,MID_RAZOR_991,ORD-2026-1661,UPI,NA,setl_a7ffcf0830,2026-04-09 09:15:58,1807.4,36.15,6.51,1764.74,,SETTLED
pay_79dd7761410540,MID_RAZOR_991,ORD-2026-1662,DEBIT_CARD,Visa,setl_578367252e,2026-04-09 09:30:14,9292.27,185.85,33.45,9072.97,,SETTLED
pay_3af8551f800f4f,MID_RAZOR_991,ORD-2026-1663,CREDIT_CARD,Visa,setl_fb6764ecf1,2026-04-09 09:45:32,2043.74,40.87,7.36,1995.51,,SETTLED
pay_9aaea708202a4c,MID_RAZOR_991,ORD-2026-1664,DEBIT_CARD,Mastercard,setl_678ae76a88,2026-04-09 10:00:52,12004.14,240.08,43.21,11720.85,,SETTLED
pay_f46157e4954c44,MID_RAZOR_991,ORD-2026-1665,NETBANKING,NA,setl_041189760e,2026-04-09 10:15:49,4027.46,80.55,14.5,3932.41,,SETTLED
pay_0ff3d713d52a4a,MID_RAZOR_991,ORD-2026-1666,UPI,NA,setl_6025458558,2026-04-09 10:30:30,2185.89,43.72,7.87,2134.3,,SETTLED
pay_e9249cbe87604c,MID_RAZOR_991,ORD-2026-1667,CREDIT_CARD,Visa,setl_db442d9227,2026-04-09 10:45:26,14353.96,287.08,51.67,14015.21,,SETTLED
pay_166a7c0a109243,MID_RAZOR_991,ORD-2026-1668,DEBIT_CARD,RuPay,setl_ac5ffff614,2026-04-09 11:00:18,1848.64,36.97,6.65,1805.02,,SETTLED
pay_30fa7f84169a44,MID_RAZOR_991,ORD-2026-1669,NETBANKING,NA,setl_0b9b17ffc3,2026-04-09 11:15:20,5626.3,112.53,20.26,5493.51,,SETTLED
pay_1228e1a34de84c,MID_RAZOR_991,ORD-2026-1670,NETBANKING,NA,setl_3aedbe4a83,2026-04-09 11:30:47,3395.16,67.9,12.22,3315.04,,SETTLED
pay_7bf84ff785ef47,MID_RAZOR_991,ORD-2026-1671,CREDIT_CARD,Mastercard,setl_c70d88b79c,2026-04-09 11:45:22,2761.94,55.24,9.94,2696.76,,SETTLED
pay_84c52049ef9148,MID_RAZOR_991,ORD-2026-1672,NETBANKING,NA,setl_2273e29ae0,2026-04-09 12:00:39,596.04,11.92,2.15,581.97,,SETTLED
pay_77d41b6c6b284a,MID_RAZOR_991,ORD-2026-1673,NETBANKING,NA,setl_6b00584a19,2026-04-09 12:15:57,14787.74,295.75,53.23,14438.76,,SETTLED
pay_9c6cd438c62146,MID_RAZOR_991,ORD-2026-1674,DEBIT_CARD,Visa,setl_0538a1356a,2026-04-09 12:30:14,11377.46,227.55,40.96,11108.95,,SETTLED
pay_7685d834b2034b,MID_RAZOR_991,ORD-2026-1675,NETBANKING,NA,setl_21e46a220d,2026-04-09 12:45:34,972.16,19.44,3.5,949.22,,SETTLED
pay_b85db640e25040,MID_RAZOR_991,ORD-2026-1676,UPI,NA,setl_de146cc48c,2026-04-09 13:00:44,8013.97,160.28,28.85,7824.84,,SETTLED
pay_4222738bfa8d48,MID_RAZOR_991,ORD-2026-1677,CREDIT_CARD,Visa,setl_dde7fea53b,2026-04-09 13:15:37,1960.84,39.22,7.06,1914.56,,SETTLED
pay_1dc6ad16e67947,MID_RAZOR_991,ORD-2026-1678,CREDIT_CARD,Visa,setl_e8fe522fcc,2026-04-09 13:30:30,14398.64,287.97,51.83,14058.84,,SETTLED
pay_6d990cdd20094b,MID_RAZOR_991,ORD-2026-1679,CREDIT_CARD,Visa,setl_7271d1b874,2026-04-09 13:45:44,11406.84,228.14,41.07,11137.63,,SETTLED
pay_bb8c54b0c43742,MID_RAZOR_991,ORD-2026-1680,CREDIT_CARD,Mastercard,setl_eb9d33bec9,2026-04-09 14:00:43,3814.22,76.28,13.73,3724.21,,SETTLED
pay_25445a61f78d43,MID_RAZOR_991,ORD-2026-1681,NETBANKING,NA,setl_7ee079568d,2026-04-09 14:15:54,6022.81,120.46,21.68,5880.67,,SETTLED
pay_c3289b1c901e46,MID_RAZOR_991,ORD-2026-1682,UPI,NA,setl_9e33cd6e9f,2026-04-09 14:30:11,6612.05,132.24,23.8,6456.01,,SETTLED
pay_fa4b5f7b64904b,MID_RAZOR_991,ORD-2026-1683,DEBIT_CARD,Visa,setl_5aca4a8e5e,2026-04-09 14:45:19,4139.12,82.78,14.9,4041.44,,SETTLED
pay_c02b2b52a40a4e,MID_RAZOR_991,ORD-2026-1684,UPI,NA,setl_03b4da032e,2026-04-09 15:00:13,12300.36,246.01,44.28,12010.07,,SETTLED
pay_cf89298da6e442,MID_RAZOR_991,ORD-2026-1685,DEBIT_CARD,Visa,setl_7b63c63416,2026-04-09 15:15:23,5724.45,114.49,20.61,5589.35,,SETTLED
pay_af80af4feaff40,MID_RAZOR_991,ORD-2026-1686,DEBIT_CARD,Mastercard,setl_d8efe51d2f,2026-04-09 15:30:38,3384.89,67.7,12.19,3305.0,,SETTLED
pay_97cbdea7f14743,MID_RAZOR_991,ORD-2026-1687,NETBANKING,NA,setl_9437c0b549,2026-04-09 15:45:49,11179.63,223.59,40.25,10915.79,,SETTLED
pay_53204784a15142,MID_RAZOR_991,ORD-2026-1688,CREDIT_CARD,RuPay,setl_e08847e7b2,2026-04-09 16:00:40,12211.9,244.24,43.96,11923.7,,SETTLED
pay_1a2c32039ba748,MID_RAZOR_991,ORD-2026-1689,NETBANKING,NA,setl_1ef7e8cd30,2026-04-09 16:15:54,13652.56,273.05,49.15,13330.36,,SETTLED
pay_e9d431ae25284a,MID_RAZOR_991,ORD-2026-1690,DEBIT_CARD,Mastercard,setl_f894e7e746,2026-04-09 16:30:18,10801.29,216.03,38.89,10546.37,,SETTLED
pay_45dc4061ee1840,MID_RAZOR_991,ORD-2026-1691,NETBANKING,NA,setl_70e7663044,2026-04-09 16:45:26,2926.11,58.52,10.53,2857.06,,SETTLED
pay_6325ad1c1cbd41,MID_RAZOR_991,ORD-2026-1692,DEBIT_CARD,Mastercard,setl_46b059e39d,2026-04-09 17:00:44,11371.23,227.42,40.94,11102.87,,SETTLED
pay_6ad2c4fb5f1443,MID_RAZOR_991,ORD-2026-1693,UPI,NA,setl_3eb2cadc79,2026-04-09 17:15:59,13241.02,264.82,47.67,12928.53,,SETTLED
pay_d17ea688e25b48,MID_RAZOR_991,ORD-2026-1694,UPI,NA,setl_07f5cbcdf7,2026-04-09 17:30:06,4305.56,86.11,15.5,4203.95,,SETTLED
pay_9506f55f140842,MID_RAZOR_991,ORD-2026-1695,DEBIT_CARD,RuPay,setl_17ceaa73f1,2026-04-09 17:45:15,11195.1,223.9,40.3,10930.9,,SETTLED
pay_b750d0504ff743,MID_RAZOR_991,ORD-2026-1696,CREDIT_CARD,RuPay,setl_1f935c6a8a,2026-04-09 18:00:02,10121.46,202.43,36.44,9882.59,,SETTLED
pay_7c857cf18a7144,MID_RAZOR_991,ORD-2026-1697,DEBIT_CARD,Mastercard,setl_f7fa6ed170,2026-04-09 18:15:28,2459.17,49.18,8.85,2401.14,,SETTLED
pay_1088b4d398a241,MID_RAZOR_991,ORD-2026-1698,NETBANKING,NA,setl_f69e7abee8,2026-04-09 18:30:33,9776.9,195.54,35.2,9546.16,,SETTLED
pay_d54a39bafdf440,MID_RAZOR_991,ORD-2026-1699,UPI,NA,setl_fad7af20fd,2026-04-09 18:45:28,4964.09,99.28,17.87,4846.94,,SETTLED
pay_a751f2563e7549,MID_RAZOR_991,ORD-2026-1700,UPI,NA,setl_94612da989,2026-04-09 19:00:33,12323.01,246.46,44.36,12032.19,,SETTLED
pay_0febb8b7a69d45,MID_RAZOR_991,ORD-2026-1701,UPI,NA,setl_c0af3bd337,2026-04-09 19:15:44,13870.28,277.41,49.93,13542.94,,SETTLED
pay_dbcf61ee48734b,MID_RAZOR_991,ORD-2026-1702,DEBIT_CARD,Mastercard,setl_ee74ea1fa0,2026-04-09 19:30:14,12053.13,241.06,43.39,11768.68,,SETTLED
pay_d28c757bcecb47,MID_RAZOR_991,ORD-2026-1703,NETBANKING,NA,setl_9462588d89,2026-04-09 19:45:25,4123.49,82.47,14.84,4026.18,,SETTLED
pay_e4f7bed549cf44,MID_RAZOR_991,ORD-2026-1704,NETBANKING,NA,setl_aa0c72a643,2026-04-09 20:00:40,3973.65,79.47,14.3,3879.88,,SETTLED
pay_bb78f28ebf2a42,MID_RAZOR_991,ORD-2026-1705,DEBIT_CARD,Visa,setl_8a6a0c8f5f,2026-04-09 20:15:12,12875.49,257.51,46.35,12571.63,,SETTLED
pay_02aad8f674524b,MID_RAZOR_991,ORD-2026-1706,NETBANKING,NA,setl_1ae1b31ae7,2026-04-09 20:30:39,7065.12,141.3,25.43,6898.39,,SETTLED
pay_58520efbccdd4d,MID_RAZOR_991,ORD-2026-1707,UPI,NA,setl_15a597bda4,2026-04-09 20:45:34,820.9,16.42,2.96,801.52,,SETTLED
pay_b49ed1ad023741,MID_RAZOR_991,ORD-2026-1708,NETBANKING,NA,setl_a9b6754e28,2026-04-09 21:00:46,618.96,12.38,2.23,604.35,,SETTLED
pay_a04a311a5df74f,MID_RAZOR_991,ORD-2026-1709,DEBIT_CARD,Visa,setl_750eb72fdd,2026-04-09 21:15:19,11893.02,237.86,42.81,11612.35,,SETTLED
pay_ccec3f3483064c,MID_RAZOR_991,ORD-2026-1710,UPI,NA,setl_8adb76faa3,2026-04-09 21:30:21,1663.23,33.26,5.99,1623.98,,SETTLED
pay_7bb6c23dc0a240,MID_RAZOR_991,ORD-2026-1711,UPI,NA,setl_1fde49deb8,2026-04-09 21:45:34,7317.13,146.34,26.34,7144.45,,SETTLED
pay_fbbd2914977740,MID_RAZOR_991,ORD-2026-1712,CREDIT_CARD,Visa,setl_a759bbcc58,2026-04-09 22:00:49,14637.1,292.74,52.69,14291.67,,SETTLED
pay_7182c72bb41b46,MID_RAZOR_991,ORD-2026-1713,UPI,NA,setl_0d441a82e5,2026-04-09 22:15:33,10157.11,203.14,36.57,9917.4,,SETTLED
pay_b7d763ef960e45,MID_RAZOR_991,ORD-2026-1714,DEBIT_CARD,RuPay,setl_a1e19b3d04,2026-04-09 22:30:40,11059.44,221.19,39.81,10798.44,,SETTLED
pay_558bd46270714e,MID_RAZOR_991,ORD-2026-1715,DEBIT_CARD,RuPay,setl_ea4e9b6407,2026-04-09 22:45:23,13369.03,267.38,48.13,13053.52,,SETTLED
pay_41ccf2b1ccd14f,MID_RAZOR_991,ORD-2026-1716,DEBIT_CARD,RuPay,setl_0f75a278c5,2026-04-09 23:00:10,12018.66,240.37,43.27,11735.02,,SETTLED
pay_0f5d6c83b99d45,MID_RAZOR_991,ORD-2026-1717,UPI,NA,setl_acf53768db,2026-04-09 23:15:37,11860.39,237.21,42.7,11580.48,,SETTLED
pay_6e7421765ffa4e,MID_RAZOR_991,ORD-2026-1718,UPI,NA,setl_665e764d9f,2026-04-09 23:30:15,2786.63,55.73,10.03,2720.87,,SETTLED
pay_b24cfadb7c854d,MID_RAZOR_991,ORD-2026-1719,UPI,NA,setl_be11148ff5,2026-04-09 23:45:03,5655.01,113.1,20.36,5521.55,,SETTLED
pay_6d6e175523cc4a,MID_RAZOR_991,ORD-2026-1720,CREDIT_CARD,Visa,setl_8d8dbc6806,2026-04-10 00:00:14,5092.72,101.85,18.33,4972.54,,SETTLED
pay_6e87111936ca41,MID_RAZOR_991,ORD-2026-1721,NETBANKING,NA,setl_eb238167c2,2026-04-10 00:15:22,11003.79,220.08,39.61,10744.1,,SETTLED
pay_8600010000a749,MID_RAZOR_991,ORD-2026-1722,DEBIT_CARD,Mastercard,setl_c10beabca3,2026-04-10 00:30:44,7606.33,152.13,27.38,7426.82,,SETTLED
pay_3f8de47f6aef44,MID_RAZOR_991,ORD-2026-1723,NETBANKING,NA,setl_7756630bc8,2026-04-10 00:45:17,13081.1,261.62,47.09,12772.39,,SETTLED
pay_d6220178fbd540,MID_RAZOR_991,ORD-2026-1724,DEBIT_CARD,Visa,setl_e564c64635,2026-04-10 01:00:34,5823.13,116.46,20.96,5685.71,,SETTLED
pay_ceba61a11d8943,MID_RAZOR_991,ORD-2026-1725,CREDIT_CARD,RuPay,setl_a40cbb50b0,2026-04-10 01:15:39,12924.02,258.48,46.53,12619.01,,SETTLED
pay_337a7f0fc5c246,MID_RAZOR_991,ORD-2026-1726,NETBANKING,NA,setl_04db881b0c,2026-04-10 01:30:12,8099.01,161.98,29.16,7907.87,,SETTLED
pay_268bd74c4e8043,MID_RAZOR_991,ORD-2026-1727,DEBIT_CARD,Visa,setl_8fae7dbc76,2026-04-10 01:45:41,5169.35,103.39,18.61,5047.35,,SETTLED
pay_b228fda2b6714f,MID_RAZOR_991,ORD-2026-1728,CREDIT_CARD,RuPay,setl_d7c5c37f6e,2026-04-10 02:00:55,953.47,19.07,3.43,930.97,,SETTLED
pay_bb33fd9867dd41,MID_RAZOR_991,ORD-2026-1729,NETBANKING,NA,setl_dba3eca4a4,2026-04-10 02:15:42,7603.69,152.07,27.37,7424.25,,SETTLED
pay_c41bd70ed3bb4e,MID_RAZOR_991,ORD-2026-1730,UPI,NA,setl_140d475105,2026-04-10 02:30:00,13988.06,279.76,50.36,13657.94,,SETTLED
pay_f266fdd3d21b4f,MID_RAZOR_991,ORD-2026-1731,UPI,NA,setl_da23d5f841,2026-04-10 02:45:29,12114.79,242.3,43.61,11828.88,,SETTLED
pay_b7911481fb584f,MID_RAZOR_991,ORD-2026-1732,DEBIT_CARD,Mastercard,setl_b5b75426cd,2026-04-10 03:00:03,12442.82,248.86,44.79,12149.17,,SETTLED
pay_d9c73620bf6b41,MID_RAZOR_991,ORD-2026-1733,DEBIT_CARD,RuPay,setl_5eced4d3f9,2026-04-10 03:15:13,14428.51,288.57,51.94,14088.0,,SETTLED
pay_203fe9bf97c746,MID_RAZOR_991,ORD-2026-1734,NETBANKING,NA,setl_b7aad4bd5e,2026-04-10 03:30:12,3300.23,66.0,11.88,3222.35,,SETTLED
pay_5807fb2673e448,MID_RAZOR_991,ORD-2026-1735,NETBANKING,NA,setl_f702ed8eea,2026-04-10 03:45:47,2029.96,40.6,7.31,1982.05,,SETTLED
pay_220d113f2e8743,MID_RAZOR_991,ORD-2026-1736,NETBANKING,NA,setl_800db05b68,2026-04-10 04:00:56,2009.48,40.19,7.23,1962.06,,SETTLED
pay_1f6059c338e04a,MID_RAZOR_991,ORD-2026-1737,CREDIT_CARD,Mastercard,setl_4b0a32a574,2026-04-10 04:15:38,6923.68,138.47,24.92,6760.29,,SETTLED
pay_1813e87ceaa44e,MID_RAZOR_991,ORD-2026-1738,DEBIT_CARD,Visa,setl_6d331b72a2,2026-04-10 04:30:48,9681.99,193.64,34.86,9453.49,,SETTLED
pay_f14c66bb056b46,MID_RAZOR_991,ORD-2026-1739,CREDIT_CARD,Visa,setl_a6621dd567,2026-04-10 04:45:49,8478.46,169.57,30.52,8278.37,,SETTLED
pay_c0a93aa383874a,MID_RAZOR_991,ORD-2026-1740,UPI,NA,setl_15a368bf3e,2026-04-10 05:00:46,1002.61,20.05,3.61,978.95,,SETTLED
pay_04dbfdc4c94441,MID_RAZOR_991,ORD-2026-1741,DEBIT_CARD,RuPay,setl_9d48a448a1,2026-04-10 05:15:19,14773.72,295.47,53.18,14425.07,,SETTLED
pay_15c8a2f8bf2b46,MID_RAZOR_991,ORD-2026-1742,DEBIT_CARD,Mastercard,setl_bdea22fb71,2026-04-10 05:30:32,8566.68,171.33,30.84,8364.51,,SETTLED
pay_ad1537625d4349,MID_RAZOR_991,ORD-2026-1743,CREDIT_CARD,RuPay,setl_d26acd6ba4,2026-04-10 05:45:16,5822.7,116.45,20.96,5685.29,,SETTLED
pay_46ec0947b46745,MID_RAZOR_991,ORD-2026-1744,UPI,NA,setl_95e6e9123c,2026-04-10 06:00:36,6297.07,125.94,22.67,6148.46,,SETTLED
pay_2ff5a828fd7149,MID_RAZOR_991,ORD-2026-1745,NETBANKING,NA,setl_ca44e29f3e,2026-04-10 06:15:11,7580.01,151.6,27.29,7401.12,,SETTLED
pay_bc53d3ca528649,MID_RAZOR_991,ORD-2026-1746,NETBANKING,NA,setl_78e98e4f79,2026-04-10 06:30:05,11811.77,236.24,42.52,11533.01,,SETTLED
pay_e294c1b44c7e47,MID_RAZOR_991,ORD-2026-1747,CREDIT_CARD,Mastercard,setl_039a4f1e11,2026-04-10 06:45:41,12817.43,256.35,46.14,12514.94,,SETTLED
pay_45781850b7504d,MID_RAZOR_991,ORD-2026-1748,UPI,NA,setl_0ef95c72d0,2026-04-10 07:00:19,8103.56,162.07,29.17,7912.32,,SETTLED
pay_4ee13019e2eb4e,MID_RAZOR_991,ORD-2026-1749,CREDIT_CARD,RuPay,setl_97d8ee519b,2026-04-10 07:15:03,10267.71,205.35,36.96,10025.4,,SETTLED
pay_50b0f3fec69d4a,MID_RAZOR_991,ORD-2026-1750,UPI,NA,setl_781aae15dc,2026-04-10 07:30:14,6763.07,135.26,24.35,6603.46,,SETTLED
pay_fa702b52228b4c,MID_RAZOR_991,ORD-2026-1751,NETBANKING,NA,setl_0e84f55d94,2026-04-10 07:45:36,11307.07,226.14,40.71,11040.22,,SETTLED
pay_43b54685613940,MID_RAZOR_991,ORD-2026-1752,NETBANKING,NA,setl_798e042f58,2026-04-10 08:00:49,10619.12,212.38,38.23,10368.51,,SETTLED
pay_e4c292dc7a7a4c,MID_RAZOR_991,ORD-2026-1753,NETBANKING,NA,setl_ca75551358,2026-04-10 08:15:41,8784.29,175.69,31.62,8576.98,,SETTLED
pay_93ced08d4c7f4d,MID_RAZOR_991,ORD-2026-1754,NETBANKING,NA,setl_4ccec36e69,2026-04-10 08:30:20,10428.7,208.57,37.54,10182.59,,SETTLED
pay_29d07462321b40,MID_RAZOR_991,ORD-2026-1755,DEBIT_CARD,Visa,setl_d2e39058c0,2026-04-10 08:45:12,5150.71,103.01,18.54,5029.16,,SETTLED
pay_0e1393cfbbcd43,MID_RAZOR_991,ORD-2026-1756,NETBANKING,NA,setl_8d427c4bec,2026-04-10 09:00:39,2614.37,52.29,9.41,2552.67,,SETTLED
pay_9814cc68d70342,MID_RAZOR_991,ORD-2026-1757,CREDIT_CARD,Mastercard,setl_24d8913fd5,2026-04-10 09:15:54,1744.31,34.89,6.28,1703.14,,SETTLED
pay_50c885b983a842,MID_RAZOR_991,ORD-2026-1758,DEBIT_CARD,RuPay,setl_5cf7b515f9,2026-04-10 09:30:21,10560.03,211.2,38.02,10310.81,,SETTLED
pay_22a1ac4a405a4c,MID_RAZOR_991,ORD-2026-1759,DEBIT_CARD,RuPay,setl_027d384074,2026-04-10 09:45:47,8301.08,166.02,29.88,8105.18,,SETTLED
pay_275d4c1ab9504a,MID_RAZOR_991,ORD-2026-1760,NETBANKING,NA,setl_cb0f3eb936,2026-04-10 10:00:39,11083.89,221.68,39.9,10822.31,,SETTLED
pay_6f3871d46ee943,MID_RAZOR_991,ORD-2026-1761,NETBANKING,NA,setl_c1343738c2,2026-04-10 10:15:37,13637.58,272.75,49.09,13315.74,,SETTLED
pay_23a8dc7b29a049,MID_RAZOR_991,ORD-2026-1762,DEBIT_CARD,RuPay,setl_8a5c91c645,2026-04-10 10:30:50,10599.64,211.99,38.16,10349.49,,SETTLED
pay_8b45f1b8f4a94e,MID_RAZOR_991,ORD-2026-1763,UPI,NA,setl_0b595b2988,2026-04-10 10:45:24,10075.41,201.51,36.27,9837.63,,SETTLED
pay_5c8838bf32b34c,MID_RAZOR_991,ORD-2026-1764,NETBANKING,NA,setl_b1e5228b00,2026-04-10 11:00:14,14707.0,294.14,52.95,14359.91,,SETTLED
pay_a842f358a01542,MID_RAZOR_991,ORD-2026-1765,NETBANKING,NA,setl_472d22e412,2026-04-10 11:15:55,9158.04,183.16,32.97,8941.91,,SETTLED
pay_b56533492d0b42,MID_RAZOR_991,ORD-2026-1766,UPI,NA,setl_32d4ef2e2a,2026-04-10 11:30:02,4087.19,81.74,14.71,3990.74,,SETTLED
pay_c65fc926376647,MID_RAZOR_991,ORD-2026-1767,CREDIT_CARD,RuPay,setl_61e99ec349,2026-04-10 11:45:22,10422.51,208.45,37.52,10176.54,,SETTLED
pay_e7d79537f70a4a,MID_RAZOR_991,ORD-2026-1768,DEBIT_CARD,RuPay,setl_53be16c561,2026-04-10 12:00:40,4236.35,84.73,15.25,4136.37,,SETTLED
pay_7f61188cac7143,MID_RAZOR_991,ORD-2026-1769,CREDIT_CARD,Visa,setl_2b62f0c065,2026-04-10 12:15:57,6196.28,123.93,22.31,6050.04,,SETTLED
pay_7f85ac08814c47,MID_RAZOR_991,ORD-2026-1770,CREDIT_CARD,Visa,setl_f8085ce95f,2026-04-10 12:30:15,8807.03,176.14,31.71,8599.18,,SETTLED
pay_315da1ee4c824a,MID_RAZOR_991,ORD-2026-1771,CREDIT_CARD,RuPay,setl_2ae27c2f54,2026-04-10 12:45:41,2509.36,50.19,9.03,2450.14,,SETTLED
pay_65abb78902294e,MID_RAZOR_991,ORD-2026-1772,CREDIT_CARD,Visa,setl_23a91ad961,2026-04-10 13:00:58,14648.77,292.98,52.74,14303.05,,SETTLED
pay_10883865248742,MID_RAZOR_991,ORD-2026-1773,UPI,NA,setl_6f374e5a37,2026-04-10 13:15:35,8227.94,164.56,29.62,8033.76,,SETTLED
pay_43ac5abf213144,MID_RAZOR_991,ORD-2026-1774,UPI,NA,setl_d2b2748d18,2026-04-10 13:30:48,5120.97,102.42,18.44,5000.11,,SETTLED
pay_4500113d8e9645,MID_RAZOR_991,ORD-2026-1775,DEBIT_CARD,RuPay,setl_c2967ae73c,2026-04-10 13:45:49,3225.04,64.5,11.61,3148.93,,SETTLED
pay_498e908ad66745,MID_RAZOR_991,ORD-2026-1776,DEBIT_CARD,Mastercard,setl_b66b74c317,2026-04-10 14:00:36,9379.25,187.59,33.77,9157.89,,SETTLED
pay_33fc8d8c452a46,MID_RAZOR_991,ORD-2026-1777,UPI,NA,setl_0f6aac0978,2026-04-10 14:15:44,11807.48,236.15,42.51,11528.82,,SETTLED
pay_1fb8bf4a09a54f,MID_RAZOR_991,ORD-2026-1778,DEBIT_CARD,RuPay,setl_be57f23e9e,2026-04-10 14:30:54,6118.17,122.36,22.02,5973.79,,SETTLED
pay_d35711db033e4d,MID_RAZOR_991,ORD-2026-1779,UPI,NA,setl_1df8ee84e3,2026-04-10 14:45:26,11585.81,231.72,41.71,11312.38,,SETTLED
pay_183f28b0747443,MID_RAZOR_991,ORD-2026-1780,CREDIT_CARD,RuPay,setl_0ea9d6edb0,2026-04-10 15:00:04,3067.63,61.35,11.04,2995.24,,SETTLED
pay_4ac8bd7d405247,MID_RAZOR_991,ORD-2026-1781,NETBANKING,NA,setl_3d0b5db6b3,2026-04-10 15:15:56,4078.37,81.57,14.68,3982.12,,SETTLED
pay_5f2b6967cdfc47,MID_RAZOR_991,ORD-2026-1782,NETBANKING,NA,setl_58b87b76a2,2026-04-10 15:30:46,5037.01,100.74,18.13,4918.14,,SETTLED
pay_e5bae6823d034a,MID_RAZOR_991,ORD-2026-1783,UPI,NA,setl_add168dc76,2026-04-10 15:45:33,2085.09,41.7,7.51,2035.88,,SETTLED
pay_560650f103834f,MID_RAZOR_991,ORD-2026-1784,NETBANKING,NA,setl_461cb8bea7,2026-04-10 16:00:47,1069.15,21.38,3.85,1043.92,,SETTLED
pay_a6eaf834ca7043,MID_RAZOR_991,ORD-2026-1785,CREDIT_CARD,Visa,setl_e5fefa9146,2026-04-10 16:15:28,6271.58,125.43,22.58,6123.57,,SETTLED
pay_7e5e7201032242,MID_RAZOR_991,ORD-2026-1786,DEBIT_CARD,Mastercard,setl_a36dc339c6,2026-04-10 16:30:58,1290.93,25.82,4.65,1260.46,,SETTLED
pay_8d4f10e3f8774f,MID_RAZOR_991,ORD-2026-1787,NETBANKING,NA,setl_904bc46807,2026-04-10 16:45:05,10978.38,219.57,39.52,10719.29,,SETTLED
pay_0df9e852e15f4f,MID_RAZOR_991,ORD-2026-1788,CREDIT_CARD,Visa,setl_c81354ff06,2026-04-10 17:00:26,5190.18,103.8,18.68,5067.7,,SETTLED
pay_3715484390564e,MID_RAZOR_991,ORD-2026-1789,CREDIT_CARD,Visa,setl_adeb73bd6d,2026-04-10 17:15:05,4126.19,82.52,14.85,4028.82,,SETTLED
pay_07b3c30423f340,MID_RAZOR_991,ORD-2026-1790,UPI,NA,setl_b90ed2a422,2026-04-10 17:30:45,7016.28,140.33,25.26,6850.69,,SETTLED
pay_09c10c69ef8e40,MID_RAZOR_991,ORD-2026-1791,CREDIT_CARD,Visa,setl_d3ee2d52cb,2026-04-10 17:45:35,6018.8,120.38,21.67,5876.75,,SETTLED
pay_6cfe8540759d48,MID_RAZOR_991,ORD-2026-1792,CREDIT_CARD,RuPay,setl_56b12693cf,2026-04-10 18:00:55,2596.81,51.94,9.35,2535.52,,SETTLED
pay_15766044fef649,MID_RAZOR_991,ORD-2026-1793,NETBANKING,NA,setl_ef5f190d70,2026-04-10 18:15:18,9583.57,191.67,34.5,9357.4,,SETTLED
pay_d9a8cbefc05748,MID_RAZOR_991,ORD-2026-1794,DEBIT_CARD,RuPay,setl_7daf904e26,2026-04-10 18:30:29,7715.6,154.31,27.78,7533.51,,SETTLED
pay_03b9b8617ca745,MID_RAZOR_991,ORD-2026-1795,CREDIT_CARD,RuPay,setl_b8075a2d67,2026-04-10 18:45:37,10062.32,201.25,36.23,9824.84,,SETTLED
pay_ad860abcbac64f,MID_RAZOR_991,ORD-2026-1796,UPI,NA,setl_08fdf19d0f,2026-04-10 19:00:15,13291.43,265.83,47.85,12977.75,,SETTLED
pay_0b8a13b7ce9e4c,MID_RAZOR_991,ORD-2026-1797,CREDIT_CARD,RuPay,setl_afe6aed916,2026-04-10 19:15:11,2649.71,52.99,9.54,2587.18,,SETTLED
pay_650cbbfc575d4a,MID_RAZOR_991,ORD-2026-1798,DEBIT_CARD,Visa,setl_404b6ee626,2026-04-10 19:30:58,1771.69,35.43,6.38,1729.88,,SETTLED
pay_48a7c8ebe42d46,MID_RAZOR_991,ORD-2026-1799,CREDIT_CARD,Visa,setl_c448a882b4,2026-04-10 19:45:47,8895.01,177.9,32.02,8685.09,,SETTLED
pay_849e2f5e8e964b,MID_RAZOR_991,ORD-2026-1800,DEBIT_CARD,Visa,setl_b94de0e0e3,2026-04-10 20:00:52,1481.17,29.62,5.33,1446.22,,SETTLED
pay_9b8815d1feab45,MID_RAZOR_991,ORD-2026-1801,CREDIT_CARD,RuPay,setl_7a40da1333,2026-04-10 20:15:44,12961.42,259.23,46.66,12655.53,,SETTLED
pay_069d57e1494b42,MID_RAZOR_991,ORD-2026-1802,CREDIT_CARD,Mastercard,setl_b3978ffbfd,2026-04-10 20:30:03,2084.88,41.7,7.51,2035.67,,SETTLED
pay_2b510f39a8ea47,MID_RAZOR_991,ORD-2026-1803,DEBIT_CARD,Visa,setl_278012140f,2026-04-10 20:45:38,12793.07,255.86,46.05,12491.16,,SETTLED
pay_d330cd1ca1204d,MID_RAZOR_991,ORD-2026-1804,DEBIT_CARD,RuPay,setl_eb3e41c8bf,2026-04-10 21:00:39,8658.2,173.16,31.17,8453.87,,SETTLED
pay_c9a09a9339db4e,MID_RAZOR_991,ORD-2026-1805,CREDIT_CARD,Mastercard,setl_25237b8d94,2026-04-10 21:15:14,10774.51,215.49,38.79,10520.23,,SETTLED
pay_49aad20b22dc45,MID_RAZOR_991,ORD-2026-1806,UPI,NA,setl_9034e23245,2026-04-10 21:30:47,12797.01,255.94,46.07,12495.0,,SETTLED
pay_62083df1ec954e,MID_RAZOR_991,ORD-2026-1807,CREDIT_CARD,RuPay,setl_f216dac0b6,2026-04-10 21:45:40,3417.21,68.34,12.3,3336.57,,SETTLED
pay_b4da52f787c44b,MID_RAZOR_991,ORD-2026-1808,DEBIT_CARD,Mastercard,setl_fa64137c8b,2026-04-10 22:00:35,5196.9,103.94,18.71,5074.25,,SETTLED
pay_f30ff11ca68948,MID_RAZOR_991,ORD-2026-1809,NETBANKING,NA,setl_abc6a6c708,2026-04-10 22:15:46,8749.36,174.99,31.5,8542.87,,SETTLED
pay_4adf16769a6d49,MID_RAZOR_991,ORD-2026-1810,DEBIT_CARD,Mastercard,setl_93089a47b4,2026-04-10 22:30:30,13784.36,275.69,49.62,13459.05,,SETTLED
pay_86fc960c4b3d42,MID_RAZOR_991,ORD-2026-1811,NETBANKING,NA,setl_b372b07188,2026-04-10 22:45:57,13045.75,260.92,46.97,12737.86,,SETTLED
pay_2c5d50b2d0e64d,MID_RAZOR_991,ORD-2026-1812,UPI,NA,setl_3bb680ed6d,2026-04-10 23:00:53,8055.56,161.11,29.0,7865.45,,SETTLED
pay_5b5fc764cb8845,MID_RAZOR_991,ORD-2026-1813,DEBIT_CARD,Visa,setl_387193e18d,2026-04-10 23:15:04,14559.39,291.19,52.41,14215.79,,SETTLED
pay_fb36918f046f41,MID_RAZOR_991,ORD-2026-1814,CREDIT_CARD,Mastercard,setl_31678cd14d,2026-04-10 23:30:38,6148.71,122.97,22.13,6003.61,,SETTLED
pay_56c5f6d673624d,MID_RAZOR_991,ORD-2026-1815,UPI,NA,setl_28136cf573,2026-04-10 23:45:17,6501.11,130.02,23.4,6347.69,,SETTLED
pay_6e27f49995944a,MID_RAZOR_991,ORD-2026-1816,DEBIT_CARD,RuPay,setl_f1d25fdbb1,2026-04-11 00:00:33,4883.62,97.67,17.58,4768.37,,SETTLED
pay_a72b2abfc81144,MID_RAZOR_991,ORD-2026-1817,CREDIT_CARD,RuPay,setl_2d32625893,2026-04-11 00:15:28,7836.92,156.74,28.21,7651.97,,SETTLED
pay_84b9ab20a2e841,MID_RAZOR_991,ORD-2026-1818,NETBANKING,NA,setl_ffac546b4c,2026-04-11 00:30:46,13171.25,263.43,47.42,12860.4,,SETTLED
pay_716352f670ed49,MID_RAZOR_991,ORD-2026-1819,CREDIT_CARD,RuPay,setl_af92abde7f,2026-04-11 00:45:46,1030.01,20.6,3.71,1005.7,,SETTLED
pay_d3820fdc22184d,MID_RAZOR_991,ORD-2026-1820,UPI,NA,setl_6636f648cb,2026-04-11 01:00:43,12797.8,255.96,46.07,12495.77,,SETTLED
pay_f4ab3a212b6b4d,MID_RAZOR_991,ORD-2026-1821,UPI,NA,setl_050bedcb05,2026-04-11 01:15:33,11609.61,232.19,41.79,11335.63,,SETTLED
pay_2bcea000fad84a,MID_RAZOR_991,ORD-2026-1822,CREDIT_CARD,Visa,setl_45d85edf4d,2026-04-11 01:30:12,3291.91,65.84,11.85,3214.22,,SETTLED
pay_80b30011ae1140,MID_RAZOR_991,ORD-2026-1823,UPI,NA,setl_475aa1f2ad,2026-04-11 01:45:17,2665.15,53.3,9.59,2602.26,,SETTLED
pay_73eaf4c3479a4b,MID_RAZOR_991,ORD-2026-1824,UPI,NA,setl_cdb8aeab5d,2026-04-11 02:00:13,8366.67,167.33,30.12,8169.22,,SETTLED
pay_fd862ff415454c,MID_RAZOR_991,ORD-2026-1825,DEBIT_CARD,Mastercard,setl_a875eaebd9,2026-04-11 02:15:15,2983.49,59.67,10.74,2913.08,,SETTLED
pay_3b6ab0b4854845,MID_RAZOR_991,ORD-2026-1826,CREDIT_CARD,RuPay,setl_b0d6de50b2,2026-04-11 02:30:30,13597.74,271.95,48.95,13276.84,,SETTLED
pay_9f05836a41c94f,MID_RAZOR_991,ORD-2026-1827,NETBANKING,NA,setl_ae85453ab4,2026-04-11 02:45:25,3095.25,61.91,11.14,3022.2,,SETTLED
pay_098cbf3dd1f74b,MID_RAZOR_991,ORD-2026-1828,CREDIT_CARD,Mastercard,setl_783daf3cac,2026-04-11 03:00:48,10227.62,204.55,36.82,9986.25,,SETTLED
pay_5700ccce59da4d,MID_RAZOR_991,ORD-2026-1829,CREDIT_CARD,RuPay,setl_34f29a7f6d,2026-04-11 03:15:52,12134.08,242.68,43.68,11847.72,,SETTLED
pay_6cd2a7ec6f794e,MID_RAZOR_991,ORD-2026-1830,NETBANKING,NA,setl_f75719e40a,2026-04-11 03:30:30,3859.57,77.19,13.89,3768.49,,SETTLED
pay_309b50af27c84c,MID_RAZOR_991,ORD-2026-1831,NETBANKING,NA,setl_86eceb5ac9,2026-04-11 03:45:11,10644.41,212.89,38.32,10393.2,,SETTLED
pay_503475e5d20140,MID_RAZOR_991,ORD-2026-1832,UPI,NA,setl_993e0f0469,2026-04-11 04:00:30,2136.86,42.74,7.69,2086.43,,SETTLED
pay_2148aadc334a4f,MID_RAZOR_991,ORD-2026-1833,CREDIT_CARD,Mastercard,setl_94fd5056d8,2026-04-11 04:15:06,6382.45,127.65,22.98,6231.82,,SETTLED
pay_0626a190d0e14f,MID_RAZOR_991,ORD-2026-1834,DEBIT_CARD,Mastercard,setl_c31e0a36b4,2026-04-11 04:30:29,6311.84,126.24,22.72,6162.88,,SETTLED
pay_2608a755757b4b,MID_RAZOR_991,ORD-2026-1835,CREDIT_CARD,Visa,setl_a5e0298003,2026-04-11 04:45:24,1457.87,29.16,5.25,1423.46,,SETTLED
pay_7309918829e243,MID_RAZOR_991,ORD-2026-1836,NETBANKING,NA,setl_2a453834bc,2026-04-11 05:00:36,11916.24,238.32,42.9,11635.02,,SETTLED
pay_889f741857bb4a,MID_RAZOR_991,ORD-2026-1837,UPI,NA,setl_d173448505,2026-04-11 05:15:47,13997.52,279.95,50.39,13667.18,,SETTLED
pay_7128d59ac76342,MID_RAZOR_991,ORD-2026-1838,DEBIT_CARD,Mastercard,setl_ba9bea9057,2026-04-11 05:30:06,12419.33,248.39,44.71,12126.23,,SETTLED
pay_c09cf5e8f4f64d,MID_RAZOR_991,ORD-2026-1839,NETBANKING,NA,setl_75fa9ea0b2,2026-04-11 05:45:20,7667.28,153.35,27.6,7486.33,,SETTLED
pay_0c121a9319334c,MID_RAZOR_991,ORD-2026-1840,UPI,NA,setl_97d3df2940,2026-04-11 06:00:48,2627.52,52.55,9.46,2565.51,,SETTLED
pay_f48c67370fe746,MID_RAZOR_991,ORD-2026-1841,NETBANKING,NA,setl_3245f93e8b,2026-04-11 06:15:12,3482.09,69.64,12.54,3399.91,,SETTLED
pay_7cd8b69bb6984e,MID_RAZOR_991,ORD-2026-1842,DEBIT_CARD,Visa,setl_96dad24112,2026-04-11 06:30:45,14747.41,294.95,53.09,14399.37,,SETTLED
pay_f29096fcd8e04f,MID_RAZOR_991,ORD-2026-1843,NETBANKING,NA,setl_6b4e4dbd9f,2026-04-11 06:45:54,2349.56,46.99,8.46,2294.11,,SETTLED
pay_ff229a5af07547,MID_RAZOR_991,ORD-2026-1844,UPI,NA,setl_5f04c72424,2026-04-11 07:00:00,10698.63,213.97,38.51,10446.15,,SETTLED
pay_50380dd5e3f24b,MID_RAZOR_991,ORD-2026-1845,NETBANKING,NA,setl_cdaf121b00,2026-04-11 07:15:44,9057.38,181.15,32.61,8843.62,,SETTLED
pay_bfad07a70ed64b,MID_RAZOR_991,ORD-2026-1846,NETBANKING,NA,setl_3c7b23c3b1,2026-04-11 07:30:34,3562.63,71.25,12.82,3478.56,,SETTLED
pay_60d1a47f21e64d,MID_RAZOR_991,ORD-2026-1847,NETBANKING,NA,setl_afb9fab5c2,2026-04-11 07:45:53,13904.99,278.1,50.06,13576.83,,SETTLED
pay_1452106c101246,MID_RAZOR_991,ORD-2026-1848,CREDIT_CARD,RuPay,setl_1e7451e87c,2026-04-11 08:00:00,1540.32,30.81,5.55,1503.96,,SETTLED
pay_9aecb93dcff84c,MID_RAZOR_991,ORD-2026-1849,NETBANKING,NA,setl_f9c3ebd98d,2026-04-11 08:15:08,1727.62,34.55,6.22,1686.85,,SETTLED
pay_702411cc986c43,MID_RAZOR_991,ORD-2026-1850,CREDIT_CARD,Visa,setl_0cedb99c8c,2026-04-11 08:30:32,6649.81,133.0,23.94,6492.87,,SETTLED
pay_899d7ab1a8d040,MID_RAZOR_991,ORD-2026-1851,NETBANKING,NA,setl_17d8ff9333,2026-04-11 08:45:38,607.73,12.15,2.19,593.39,,SETTLED
pay_bc5ed2f1ab0e4f,MID_RAZOR_991,ORD-2026-1852,DEBIT_CARD,Visa,setl_299db5746c,2026-04-11 09:00:59,8419.41,168.39,30.31,8220.71,,SETTLED
pay_e46d795764a04e,MID_RAZOR_991,ORD-2026-1853,DEBIT_CARD,RuPay,setl_df6e00cffb,2026-04-11 09:15:37,7482.23,149.64,26.94,7305.65,,SETTLED
pay_d78785ad59414a,MID_RAZOR_991,ORD-2026-1854,DEBIT_CARD,Visa,setl_8f1f6c8d36,2026-04-11 09:30:33,1634.4,32.69,5.88,1595.83,,SETTLED
pay_7f416023387f4a,MID_RAZOR_991,ORD-2026-1855,UPI,NA,setl_ac09a25d91,2026-04-11 09:45:43,9688.47,193.77,34.88,9459.82,,SETTLED
pay_09bb2f36421840,MID_RAZOR_991,ORD-2026-1856,UPI,NA,setl_a7cb61d890,2026-04-11 10:00:30,7083.5,141.67,25.5,6916.33,,SETTLED
pay_183835bdb5ee46,MID_RAZOR_991,ORD-2026-1857,DEBIT_CARD,Visa,setl_eabc4c3bd4,2026-04-11 10:15:18,2928.87,58.58,10.54,2859.75,,SETTLED
pay_d782dbc96bc443,MID_RAZOR_991,ORD-2026-1858,UPI,NA,setl_959fb2ced2,2026-04-11 10:30:40,7360.83,147.22,26.5,7187.11,,SETTLED
pay_5072c041e8374d,MID_RAZOR_991,ORD-2026-1859,UPI,NA,setl_ba46b3e5d8,2026-04-11 10:45:18,7529.02,150.58,27.1,7351.34,,SETTLED
pay_80249678e2c744,MID_RAZOR_991,ORD-2026-1860,DEBIT_CARD,Visa,setl_84888d3411,2026-04-11 11:00:08,9429.07,188.58,33.94,9206.55,,SETTLED
pay_9669b66658db49,MID_RAZOR_991,ORD-2026-1861,CREDIT_CARD,Mastercard,setl_c8d52e1fec,2026-04-11 11:15:47,2691.47,53.83,9.69,2627.95,,SETTLED
pay_843fa83b53f34c,MID_RAZOR_991,ORD-2026-1862,CREDIT_CARD,Visa,setl_78e1768377,2026-04-11 11:30:11,12090.89,241.82,43.53,11805.54,,SETTLED
pay_5dfd880614f74b,MID_RAZOR_991,ORD-2026-1863,CREDIT_CARD,Visa,setl_e741e35088,2026-04-11 11:45:48,14906.99,298.14,53.67,14555.18,,SETTLED
pay_40c39029843a44,MID_RAZOR_991,ORD-2026-1864,CREDIT_CARD,RuPay,setl_f42e3a5836,2026-04-11 12:00:36,11148.24,222.96,40.13,10885.15,,SETTLED
pay_f0a3855198994d,MID_RAZOR_991,ORD-2026-1865,UPI,NA,setl_44159fb1a1,2026-04-11 12:15:03,2930.21,58.6,10.55,2861.06,,SETTLED
pay_04c3bc7cda4749,MID_RAZOR_991,ORD-2026-1866,CREDIT_CARD,Visa,setl_9b4f3bd05c,2026-04-11 12:30:43,10731.31,214.63,38.63,10478.05,,SETTLED
pay_693a3ee1cfe84e,MID_RAZOR_991,ORD-2026-1867,UPI,NA,setl_154d5d3e70,2026-04-11 12:45:18,13944.73,278.89,50.2,13615.64,,SETTLED
pay_b149cc7c3b784a,MID_RAZOR_991,ORD-2026-1868,UPI,NA,setl_a856495bb1,2026-04-11 13:00:06,13806.83,276.14,49.71,13480.98,,SETTLED
pay_84df09730d9847,MID_RAZOR_991,ORD-2026-1869,DEBIT_CARD,Visa,setl_28d850a462,2026-04-11 13:15:17,4372.77,87.46,15.74,4269.57,,SETTLED
pay_2998f94301514e,MID_RAZOR_991,ORD-2026-1870,NETBANKING,NA,setl_530413ff47,2026-04-11 13:30:49,10291.72,205.83,37.05,10048.84,,SETTLED
pay_8b46b2d5fed64e,MID_RAZOR_991,ORD-2026-1871,CREDIT_CARD,Mastercard,setl_7a6e9be467,2026-04-11 13:45:21,10326.91,206.54,37.18,10083.19,,SETTLED
pay_25f5e5a9272a47,MID_RAZOR_991,ORD-2026-1872,UPI,NA,setl_a093b2119f,2026-04-11 14:00:53,1485.3,29.71,5.35,1450.24,,SETTLED
pay_a7ace882f6ed44,MID_RAZOR_991,ORD-2026-1873,NETBANKING,NA,setl_741a2c7a17,2026-04-11 14:15:22,3681.54,73.63,13.25,3594.66,,SETTLED
pay_ee147a23776e4b,MID_RAZOR_991,ORD-2026-1874,UPI,NA,setl_8c3f04be69,2026-04-11 14:30:03,14108.33,282.17,50.79,13775.37,,SETTLED
pay_b3d801c1cb314a,MID_RAZOR_991,ORD-2026-1875,UPI,NA,setl_7c359672a3,2026-04-11 14:45:05,12918.39,258.37,46.51,12613.51,,SETTLED
pay_b9271d0e58f14a,MID_RAZOR_991,ORD-2026-1876,CREDIT_CARD,RuPay,setl_8c281906fd,2026-04-11 15:00:44,3171.81,63.44,11.42,3096.95,,SETTLED
pay_4b2799ae805942,MID_RAZOR_991,ORD-2026-1877,NETBANKING,NA,setl_ce95d6191a,2026-04-11 15:15:59,14931.09,298.62,53.75,14578.72,,SETTLED
pay_5d87512250bb49,MID_RAZOR_991,ORD-2026-1878,DEBIT_CARD,RuPay,setl_3d15b89a24,2026-04-11 15:30:49,1572.96,31.46,5.66,1535.84,,SETTLED
pay_df2e45e90d3d44,MID_RAZOR_991,ORD-2026-1879,DEBIT_CARD,Visa,setl_0f390ad911,2026-04-11 15:45:11,6888.34,137.77,24.8,6725.77,,SETTLED
pay_201c4d78e6da41,MID_RAZOR_991,ORD-2026-1880,NETBANKING,NA,setl_ee7bf12f0e,2026-04-11 16:00:06,2586.15,51.72,9.31,2525.12,,SETTLED
pay_e4859b0809dc4f,MID_RAZOR_991,ORD-2026-1881,NETBANKING,NA,setl_46c5081637,2026-04-11 16:15:45,4255.45,85.11,15.32,4155.02,,SETTLED
pay_69d9d1e70a5248,MID_RAZOR_991,ORD-2026-1882,DEBIT_CARD,Visa,setl_0f3f372aed,2026-04-11 16:30:01,13499.43,269.99,48.6,13180.84,,SETTLED
pay_5a5866b9a3cd48,MID_RAZOR_991,ORD-2026-1883,NETBANKING,NA,setl_e820f1b379,2026-04-11 16:45:17,2698.31,53.97,9.71,2634.63,,SETTLED
pay_c8acc1c2d98f41,MID_RAZOR_991,ORD-2026-1884,NETBANKING,NA,setl_7044465d31,2026-04-11 17:00:30,6822.84,136.46,24.56,6661.82,,SETTLED
pay_8b0d2e401fe442,MID_RAZOR_991,ORD-2026-1885,NETBANKING,NA,setl_6414e6ed13,2026-04-11 17:15:07,8725.04,174.5,31.41,8519.13,,SETTLED
pay_56512c0bac3142,MID_RAZOR_991,ORD-2026-1886,UPI,NA,setl_4a9fc6054f,2026-04-11 17:30:40,14956.73,299.13,53.84,14603.76,,SETTLED
pay_638a113080884c,MID_RAZOR_991,ORD-2026-1887,UPI,NA,setl_9854ad73d9,2026-04-11 17:45:53,7164.77,143.3,25.79,6995.68,,SETTLED
pay_e023cc9c147f42,MID_RAZOR_991,ORD-2026-1888,UPI,NA,setl_96980e614d,2026-04-11 18:00:24,10080.64,201.61,36.29,9842.74,,SETTLED
pay_c5ce470d983548,MID_RAZOR_991,ORD-2026-1889,DEBIT_CARD,Visa,setl_6062b98262,2026-04-11 18:15:05,13335.61,266.71,48.01,13020.89,,SETTLED
pay_22110432ff6040,MID_RAZOR_991,ORD-2026-1890,CREDIT_CARD,RuPay,setl_25c2b9dc8d,2026-04-11 18:30:46,14947.56,298.95,53.81,14594.8,,SETTLED
pay_86690245be0c47,MID_RAZOR_991,ORD-2026-1891,DEBIT_CARD,Visa,setl_37be43c02d,2026-04-11 18:45:34,14491.83,289.84,52.17,14149.82,,SETTLED
pay_d23d3f1e268f4f,MID_RAZOR_991,ORD-2026-1892,DEBIT_CARD,Mastercard,setl_a35381aab7,2026-04-11 19:00:02,6379.86,127.6,22.97,6229.29,,SETTLED
pay_241a00109e9645,MID_RAZOR_991,ORD-2026-1893,CREDIT_CARD,Mastercard,setl_42f0c59d8c,2026-04-11 19:15:37,3878.29,77.57,13.96,3786.76,,SETTLED
pay_d8156bd63c634d,MID_RAZOR_991,ORD-2026-1894,UPI,NA,setl_6d6c2b12c8,2026-04-11 19:30:30,13654.09,273.08,49.15,13331.86,,SETTLED
pay_f242cb2e70bc48,MID_RAZOR_991,ORD-2026-1895,UPI,NA,setl_9552c78df2,2026-04-11 19:45:11,9673.59,193.47,34.82,9445.3,,SETTLED
pay_507ba2573fc24b,MID_RAZOR_991,ORD-2026-1896,UPI,NA,setl_e699192036,2026-04-11 20:00:52,12353.32,247.07,44.47,12061.78,,SETTLED
pay_49dad2ffdf0146,MID_RAZOR_991,ORD-2026-1897,CREDIT_CARD,RuPay,setl_ebcd41bf20,2026-04-11 20:15:51,3438.3,68.77,12.38,3357.15,,SETTLED
pay_bb7a16176b344f,MID_RAZOR_991,ORD-2026-1898,UPI,NA,setl_5f94c39a97,2026-04-11 20:30:43,8851.52,177.03,31.87,8642.62,,SETTLED
pay_f19f87656a404d,MID_RAZOR_991,ORD-2026-1899,UPI,NA,setl_3c014ae25c,2026-04-11 20:45:37,3014.99,60.3,10.85,2943.84,,SETTLED
pay_e7ebd33467cc42,MID_RAZOR_991,ORD-2026-1900,NETBANKING,NA,setl_377cc38126,2026-04-11 21:00:10,10596.29,211.93,38.15,10346.21,,SETTLED
pay_006c02966c8d4b,MID_RAZOR_991,ORD-2026-1901,UPI,NA,setl_6513e3b4f8,2026-04-11 21:15:08,1949.53,38.99,7.02,1903.52,,SETTLED
pay_c630e571945a45,MID_RAZOR_991,ORD-2026-1902,UPI,NA,setl_be562ba11d,2026-04-11 21:30:00,604.75,12.1,2.18,590.47,,SETTLED
pay_d1d3fb9329ff4c,MID_RAZOR_991,ORD-2026-1903,NETBANKING,NA,setl_f990e4c6e9,2026-04-11 21:45:44,12207.47,244.15,43.95,11919.37,,SETTLED
pay_80176661c53d40,MID_RAZOR_991,ORD-2026-1904,DEBIT_CARD,Mastercard,setl_2bbd70497a,2026-04-11 22:00:28,6474.45,129.49,23.31,6321.65,,SETTLED
pay_428f1a9b2c1043,MID_RAZOR_991,ORD-2026-1905,CREDIT_CARD,Mastercard,setl_94bd62052b,2026-04-11 22:15:31,9374.72,187.49,33.75,9153.48,,SETTLED
pay_6233f46624134c,MID_RAZOR_991,ORD-2026-1906,UPI,NA,setl_858e9ccb06,2026-04-11 22:30:35,3916.77,78.34,14.1,3824.33,,SETTLED
pay_683dccf71e424c,MID_RAZOR_991,ORD-2026-1907,CREDIT_CARD,Visa,setl_b912ecca82,2026-04-11 22:45:49,9583.73,191.67,34.5,9357.56,,SETTLED
pay_e476cf21f3bb4a,MID_RAZOR_991,ORD-2026-1908,CREDIT_CARD,Mastercard,setl_f2a72a0624,2026-04-11 23:00:54,14544.32,290.89,52.36,14201.07,,SETTLED
pay_e7cf6c85ce624e,MID_RAZOR_991,ORD-2026-1909,UPI,NA,setl_f8ec1d8e55,2026-04-11 23:15:03,9850.48,197.01,35.46,9618.01,,SETTLED
pay_1c11908d62624e,MID_RAZOR_991,ORD-2026-1910,NETBANKING,NA,setl_76040e3008,2026-04-11 23:30:02,2014.11,40.28,7.25,1966.58,,SETTLED
pay_83c8fcfc98ca4d,MID_RAZOR_991,ORD-2026-1911,UPI,NA,setl_27dd661a14,2026-04-11 23:45:31,7966.1,159.32,28.68,7778.1,,SETTLED
pay_42515489549545,MID_RAZOR_991,ORD-2026-1912,DEBIT_CARD,Visa,setl_7c874c77b9,2026-04-12 00:00:12,11332.76,226.66,40.8,11065.3,,SETTLED
pay_eb37184e8d6340,MID_RAZOR_991,ORD-2026-1913,CREDIT_CARD,RuPay,setl_81c825158a,2026-04-12 00:15:15,11197.34,223.95,40.31,10933.08,,SETTLED
pay_a02c84b86e6446,MID_RAZOR_991,ORD-2026-1914,NETBANKING,NA,setl_7374d5ab3f,2026-04-12 00:30:03,13412.09,268.24,48.28,13095.57,,SETTLED
pay_d4eea4c53b0741,MID_RAZOR_991,ORD-2026-1915,DEBIT_CARD,RuPay,setl_e503c2ba3e,2026-04-12 00:45:29,10937.41,218.75,39.38,10679.28,,SETTLED
pay_6ec80b9da32347,MID_RAZOR_991,ORD-2026-1916,UPI,NA,setl_95585e334e,2026-04-12 01:00:44,8745.65,174.91,31.48,8539.26,,SETTLED
pay_c455f2cf20564e,MID_RAZOR_991,ORD-2026-1917,NETBANKING,NA,setl_000b3029bd,2026-04-12 01:15:26,2982.42,59.65,10.74,2912.03,,SETTLED
pay_de10d2deff9b4c,MID_RAZOR_991,ORD-2026-1918,CREDIT_CARD,Mastercard,setl_c61926a6d4,2026-04-12 01:30:35,12897.56,257.95,46.43,12593.18,,SETTLED
pay_f932266a379440,MID_RAZOR_991,ORD-2026-1919,NETBANKING,NA,setl_addaefbcc6,2026-04-12 01:45:53,7210.06,144.2,25.96,7039.9,,SETTLED
pay_fdb0bac8b3904c,MID_RAZOR_991,ORD-2026-1920,CREDIT_CARD,Visa,setl_994173f0be,2026-04-12 02:00:27,8902.27,178.05,32.05,8692.17,,SETTLED
pay_b3b70c108a5545,MID_RAZOR_991,ORD-2026-1921,UPI,NA,setl_8851953942,2026-04-12 02:15:30,11135.41,222.71,40.09,10872.61,,SETTLED
pay_0e6adbf766924f,MID_RAZOR_991,ORD-2026-1922,NETBANKING,NA,setl_9b6d67c695,2026-04-12 02:30:51,12071.25,241.43,43.46,11786.36,,SETTLED
pay_106bc3bf243443,MID_RAZOR_991,ORD-2026-1923,UPI,NA,setl_f9140107a6,2026-04-12 02:45:44,11110.9,222.22,40.0,10848.68,,SETTLED
pay_cb6bdbb9361e46,MID_RAZOR_991,ORD-2026-1924,UPI,NA,setl_96fd82547a,2026-04-12 03:00:01,7456.85,149.14,26.85,7280.86,,SETTLED
pay_085b2a4ab82347,MID_RAZOR_991,ORD-2026-1925,UPI,NA,setl_be6e2e3fe4,2026-04-12 03:15:29,7224.53,144.49,26.01,7054.03,,SETTLED
pay_e7a4ed2450ad44,MID_RAZOR_991,ORD-2026-1926,DEBIT_CARD,Mastercard,setl_75a34c6173,2026-04-12 03:30:29,10706.58,214.13,38.54,10453.91,,SETTLED
pay_f7089ac73c384d,MID_RAZOR_991,ORD-2026-1927,DEBIT_CARD,Mastercard,setl_cfe861c353,2026-04-12 03:45:02,4800.55,96.01,17.28,4687.26,,SETTLED
pay_c6d28b5782734f,MID_RAZOR_991,ORD-2026-1928,CREDIT_CARD,Mastercard,setl_62ae665462,2026-04-12 04:00:05,9496.6,189.93,34.19,9272.48,,SETTLED
pay_fa5581d86f2846,MID_RAZOR_991,ORD-2026-1929,DEBIT_CARD,RuPay,setl_06bbcb782b,2026-04-12 04:15:07,6052.85,121.06,21.79,5910.0,,SETTLED
pay_e801867a86d940,MID_RAZOR_991,ORD-2026-1930,CREDIT_CARD,Mastercard,setl_e09b6233eb,2026-04-12 04:30:35,10720.67,214.41,38.59,10467.67,,SETTLED
pay_ff2329703b384e,MID_RAZOR_991,ORD-2026-1931,NETBANKING,NA,setl_7e468a3a1a,2026-04-12 04:45:47,14117.65,282.35,50.82,13784.48,,SETTLED
pay_1fe67fa82cf64b,MID_RAZOR_991,ORD-2026-1932,DEBIT_CARD,Visa,setl_3b8aa06932,2026-04-12 05:00:32,10363.29,207.27,37.31,10118.71,,SETTLED
pay_31094f0a1c6b49,MID_RAZOR_991,ORD-2026-1933,NETBANKING,NA,setl_3aa05182e6,2026-04-12 05:15:31,7771.03,155.42,27.98,7587.63,,SETTLED
pay_26391800337143,MID_RAZOR_991,ORD-2026-1934,DEBIT_CARD,Visa,setl_ffa24f7949,2026-04-12 05:30:39,5838.11,116.76,21.02,5700.33,,SETTLED
pay_7c7f7bfd6c7e4f,MID_RAZOR_991,ORD-2026-1935,NETBANKING,NA,setl_dc14b2fc74,2026-04-12 05:45:57,3092.77,61.86,11.13,3019.78,,SETTLED
pay_56a55cdf98d949,MID_RAZOR_991,ORD-2026-1936,CREDIT_CARD,Visa,setl_21dd91e9be,2026-04-12 06:00:09,13187.4,263.75,47.48,12876.17,,SETTLED
pay_08d5d9970f7941,MID_RAZOR_991,ORD-2026-1937,CREDIT_CARD,Visa,setl_242c9341a8,2026-04-12 06:15:22,6591.88,131.84,23.73,6436.31,,SETTLED
pay_287fe333cf3c44,MID_RAZOR_991,ORD-2026-1938,CREDIT_CARD,Mastercard,setl_5bcc460565,2026-04-12 06:30:41,5370.22,107.4,19.33,5243.49,,SETTLED
pay_39a283417f5b4f,MID_RAZOR_991,ORD-2026-1939,NETBANKING,NA,setl_f7f73ff61f,2026-04-12 06:45:37,10154.9,203.1,36.56,9915.24,,SETTLED
pay_0e7e1fc1cfb64d,MID_RAZOR_991,ORD-2026-1940,CREDIT_CARD,Visa,setl_b7e2ba3a02,2026-04-12 07:00:10,11944.38,238.89,43.0,11662.49,,SETTLED
pay_73f141dd137041,MID_RAZOR_991,ORD-2026-1941,UPI,NA,setl_f9ea5afb88,2026-04-12 07:15:09,5620.25,112.41,20.23,5487.61,,SETTLED
pay_d64840d4e4b24a,MID_RAZOR_991,ORD-2026-1942,DEBIT_CARD,RuPay,setl_99af5b6e1a,2026-04-12 07:30:11,12670.31,253.41,45.61,12371.29,,SETTLED
pay_445ae4c068384b,MID_RAZOR_991,ORD-2026-1943,DEBIT_CARD,Mastercard,setl_732d49af9b,2026-04-12 07:45:08,6892.89,137.86,24.81,6730.22,,SETTLED
pay_acba01c09d3641,MID_RAZOR_991,ORD-2026-1944,UPI,NA,setl_444407ed1a,2026-04-12 08:00:42,5095.68,101.91,18.34,4975.43,,SETTLED
pay_ef270a600b7c4c,MID_RAZOR_991,ORD-2026-1945,CREDIT_CARD,Mastercard,setl_a8749d704a,2026-04-12 08:15:19,2261.61,45.23,8.14,2208.24,,SETTLED
pay_4b4b4a14ef834c,MID_RAZOR_991,ORD-2026-1946,DEBIT_CARD,RuPay,setl_19c8ce6614,2026-04-12 08:30:00,14567.18,291.34,52.44,14223.4,,SETTLED
pay_7cc1c2f8dcb04c,MID_RAZOR_991,ORD-2026-1947,DEBIT_CARD,Visa,setl_b3244ab86f,2026-04-12 08:45:57,4702.49,94.05,16.93,4591.51,,SETTLED
pay_7ad4c6c4dc5644,MID_RAZOR_991,ORD-2026-1948,DEBIT_CARD,Mastercard,setl_67f5f6f1dc,2026-04-12 09:00:07,11108.79,222.18,39.99,10846.62,,SETTLED
pay_3383ab1e75fb48,MID_RAZOR_991,ORD-2026-1949,DEBIT_CARD,RuPay,setl_55a9ada77e,2026-04-12 09:15:25,9454.07,189.08,34.03,9230.96,,SETTLED
pay_2c8ad0cb107c40,MID_RAZOR_991,ORD-2026-1950,UPI,NA,setl_724bcc334c,2026-04-12 09:30:38,9799.03,195.98,35.28,9567.77,,SETTLED
pay_e68974b206634e,MID_RAZOR_991,ORD-2026-1951,DEBIT_CARD,RuPay,setl_f9f039082d,2026-04-12 09:45:01,1712.05,34.24,6.16,1671.65,,SETTLED
pay_af0148d74dde46,MID_RAZOR_991,ORD-2026-1952,NETBANKING,NA,setl_f10513ef48,2026-04-12 10:00:12,7611.75,152.24,27.4,7432.11,,SETTLED
pay_39a65342e89848,MID_RAZOR_991,ORD-2026-1953,NETBANKING,NA,setl_d353464411,2026-04-12 10:15:23,6098.63,121.97,21.95,5954.71,,SETTLED
pay_213eb914151642,MID_RAZOR_991,ORD-2026-1954,NETBANKING,NA,setl_65e2085b87,2026-04-12 10:30:55,8634.98,172.7,31.09,8431.19,,SETTLED
pay_f559868c491347,MID_RAZOR_991,ORD-2026-1955,NETBANKING,NA,setl_4249097c2f,2026-04-12 10:45:18,2874.96,57.5,10.35,2807.11,,SETTLED
pay_c4a90522a2bc4d,MID_RAZOR_991,ORD-2026-1956,UPI,NA,setl_ae0d831190,2026-04-12 11:00:09,3512.86,70.26,12.65,3429.95,,SETTLED
pay_eb6bbcfd234349,MID_RAZOR_991,ORD-2026-1957,NETBANKING,NA,setl_433ecdf5bc,2026-04-12 11:15:05,595.97,11.92,2.15,581.9,,SETTLED
pay_454081e70bc14f,MID_RAZOR_991,ORD-2026-1958,CREDIT_CARD,RuPay,setl_152363a1e6,2026-04-12 11:30:11,12568.11,251.36,45.24,12271.51,,SETTLED
pay_e70ea45a1a8e45,MID_RAZOR_991,ORD-2026-1959,DEBIT_CARD,Mastercard,setl_3f1344a3be,2026-04-12 11:45:19,7664.46,153.29,27.59,7483.58,,SETTLED
pay_306faad183d845,MID_RAZOR_991,ORD-2026-1960,CREDIT_CARD,Visa,setl_f5e60ec605,2026-04-12 12:00:19,14362.39,287.25,51.7,14023.44,,SETTLED
pay_08ed6640921647,MID_RAZOR_991,ORD-2026-1961,NETBANKING,NA,setl_a8f07751bd,2026-04-12 12:15:11,7632.35,152.65,27.48,7452.22,,SETTLED
pay_6b22cef205aa42,MID_RAZOR_991,ORD-2026-1962,NETBANKING,NA,setl_311fe758a2,2026-04-12 12:30:04,9183.92,183.68,33.06,8967.18,,SETTLED
pay_8dc0c049389f40,MID_RAZOR_991,ORD-2026-1963,DEBIT_CARD,Mastercard,setl_0bc4037c6d,2026-04-12 12:45:43,7402.59,148.05,26.65,7227.89,,SETTLED
pay_544eedeec0bf4d,MID_RAZOR_991,ORD-2026-1964,UPI,NA,setl_4fd8f86f71,2026-04-12 13:00:54,4263.29,85.27,15.35,4162.67,,SETTLED
pay_16c12fb99e044c,MID_RAZOR_991,ORD-2026-1965,CREDIT_CARD,Visa,setl_2c81c5c247,2026-04-12 13:15:10,1266.88,25.34,4.56,1236.98,,SETTLED
pay_affdf2eae2114b,MID_RAZOR_991,ORD-2026-1966,UPI,NA,setl_92f638e3ca,2026-04-12 13:30:18,4729.13,94.58,17.02,4617.53,,SETTLED
pay_6397e81b880042,MID_RAZOR_991,ORD-2026-1967,CREDIT_CARD,RuPay,setl_b52c6b81b7,2026-04-12 13:45:38,11413.11,228.26,41.09,11143.76,,SETTLED
pay_0401385f36514e,MID_RAZOR_991,ORD-2026-1968,DEBIT_CARD,Visa,setl_05cf7826fd,2026-04-12 14:00:43,10620.53,212.41,38.23,10369.89,,SETTLED
pay_ef7bdc531bc442,MID_RAZOR_991,ORD-2026-1969,CREDIT_CARD,RuPay,setl_94926d15e3,2026-04-12 14:15:08,8013.48,160.27,28.85,7824.36,,SETTLED
pay_08344bc31f2f46,MID_RAZOR_991,ORD-2026-1970,UPI,NA,setl_3ba85264bb,2026-04-12 14:30:13,2741.05,54.82,9.87,2676.36,,SETTLED
pay_ddbe7348c07342,MID_RAZOR_991,ORD-2026-1971,UPI,NA,setl_400e3adbfb,2026-04-12 14:45:26,7177.12,143.54,25.84,7007.74,,SETTLED
pay_e8bc73a9ea124d,MID_RAZOR_991,ORD-2026-1972,DEBIT_CARD,Visa,setl_6fba4e74e2,2026-04-12 15:00:44,5757.24,115.14,20.73,5621.37,,SETTLED
pay_4056fe8e5b4945,MID_RAZOR_991,ORD-2026-1973,CREDIT_CARD,Mastercard,setl_5a4f8cbb78,2026-04-12 15:15:19,917.01,18.34,3.3,895.37,,SETTLED
pay_14d02bac92574e,MID_RAZOR_991,ORD-2026-1974,CREDIT_CARD,Mastercard,setl_3e5374a028,2026-04-12 15:30:14,4957.71,99.15,17.85,4840.71,,SETTLED
pay_8bcc390c651649,MID_RAZOR_991,ORD-2026-1975,UPI,NA,setl_854d46691a,2026-04-12 15:45:04,772.69,15.45,2.78,754.46,,SETTLED
pay_b82b4b18d1f84e,MID_RAZOR_991,ORD-2026-1976,UPI,NA,setl_bf5203c64e,2026-04-12 16:00:50,10066.94,201.34,36.24,9829.36,,SETTLED
pay_a4e9fe310ef546,MID_RAZOR_991,ORD-2026-1977,UPI,NA,setl_c37e73aa09,2026-04-12 16:15:04,4873.86,97.48,17.55,4758.83,,SETTLED
pay_64580d0cdbd24f,MID_RAZOR_991,ORD-2026-1978,CREDIT_CARD,Mastercard,setl_80f3610433,2026-04-12 16:30:57,3400.35,68.01,12.24,3320.1,,SETTLED
pay_5b2dcc12220741,MID_RAZOR_991,ORD-2026-1979,DEBIT_CARD,Mastercard,setl_d0ff9d6ccf,2026-04-12 16:45:22,5606.95,112.14,20.19,5474.62,,SETTLED
pay_494dd077bc384c,MID_RAZOR_991,ORD-2026-1980,UPI,NA,setl_60b75bcd9d,2026-04-12 17:00:06,12384.0,247.68,44.58,12091.74,,SETTLED
pay_b682012c922b48,MID_RAZOR_991,ORD-2026-1981,DEBIT_CARD,RuPay,setl_cf788330d7,2026-04-12 17:15:57,11433.26,228.67,41.16,11163.43,,SETTLED
pay_81005b97080e42,MID_RAZOR_991,ORD-2026-1982,NETBANKING,NA,setl_963150ae5a,2026-04-12 17:30:23,10622.93,212.46,38.24,10372.23,,SETTLED
pay_148cd0487fa74c,MID_RAZOR_991,ORD-2026-1983,CREDIT_CARD,Visa,setl_269360b639,2026-04-12 17:45:24,6649.33,132.99,23.94,6492.4,,SETTLED
pay_af941a390f6643,MID_RAZOR_991,ORD-2026-1984,DEBIT_CARD,RuPay,setl_ca79648132,2026-04-12 18:00:29,2099.58,41.99,7.56,2050.03,,SETTLED
pay_717a0dd9e2424a,MID_RAZOR_991,ORD-2026-1985,DEBIT_CARD,Mastercard,setl_e38740fb5a,2026-04-12 18:15:46,1088.82,21.78,3.92,1063.12,,SETTLED
pay_f2d1aef3d61443,MID_RAZOR_991,ORD-2026-1986,NETBANKING,NA,setl_94ed230078,2026-04-12 18:30:38,11174.53,223.49,40.23,10910.81,,SETTLED
pay_3592fa0ccca34a,MID_RAZOR_991,ORD-2026-1987,NETBANKING,NA,setl_dc3ac0aab4,2026-04-12 18:45:12,12923.22,258.46,46.52,12618.24,,SETTLED
pay_a70c9831059745,MID_RAZOR_991,ORD-2026-1988,NETBANKING,NA,setl_827ac4e161,2026-04-12 19:00:43,2024.99,40.5,7.29,1977.2,,SETTLED
pay_9debc5823ba54a,MID_RAZOR_991,ORD-2026-1989,UPI,NA,setl_9f0c94eff4,2026-04-12 19:15:09,6224.77,124.5,22.41,6077.86,,SETTLED
pay_71d5b370af7f4c,MID_RAZOR_991,ORD-2026-1990,DEBIT_CARD,RuPay,setl_3f068cf3a7,2026-04-12 19:30:21,3403.82,68.08,12.25,3323.49,,SETTLED
pay_66d72b180efd4b,MID_RAZOR_991,ORD-2026-1991,NETBANKING,NA,setl_9e3ee8c9f1,2026-04-12 19:45:17,11589.85,231.8,41.72,11316.33,,SETTLED
pay_8b45977bd2c846,MID_RAZOR_991,ORD-2026-1992,NETBANKING,NA,setl_ca51d6a035,2026-04-12 20:00:31,7915.51,158.31,28.5,7728.7,,SETTLED
pay_47255156af6d4f,MID_RAZOR_991,ORD-2026-1993,NETBANKING,NA,setl_a473598d41,2026-04-12 20:15:31,3846.92,76.94,13.85,3756.13,,SETTLED
pay_73cf720ff5fc49,MID_RAZOR_991,ORD-2026-1994,UPI,NA,setl_b769b4c000,2026-04-12 20:30:31,10332.56,206.65,37.2,10088.71,,SETTLED
pay_f1fb5641c59646,MID_RAZOR_991,ORD-2026-1995,CREDIT_CARD,Visa,setl_141c3b0744,2026-04-12 20:45:39,9536.87,190.74,34.33,9311.8,,SETTLED
pay_930ea014ec364d,MID_RAZOR_991,ORD-2026-1996,NETBANKING,NA,setl_a65ecdeea4,2026-04-12 21:00:50,7257.32,145.15,26.13,7086.04,,SETTLED
pay_aec372734ec149,MID_RAZOR_991,ORD-2026-1997,DEBIT_CARD,Mastercard,setl_6c836e4012,2026-04-12 21:15:21,12237.48,244.75,44.05,11948.68,,SETTLED
pay_f23823864a444f,MID_RAZOR_991,ORD-2026-1998,UPI,NA,setl_6ba255546d,2026-04-12 21:30:27,13261.82,265.24,47.74,12948.84,,SETTLED
pay_a223e835e72b43,MID_RAZOR_991,ORD-2026-1999,NETBANKING,NA,setl_bd69537c2b,2026-04-12 21:45:29,1021.73,20.43,3.68,997.62,,SETTLED
pay_71702c858f0549,MID_RAZOR_991,ORD-2026-2000,DEBIT_CARD,Mastercard,setl_6b6ea350f4,2026-04-12 22:00:10,7626.45,152.53,27.46,7446.46,,SETTLED
pay_9d309af8ce924e,MID_RAZOR_991,ORD-2026-2001,UPI,NA,setl_4333b50679,2026-04-12 22:15:36,10287.86,205.76,37.04,10045.06,,SETTLED
pay_128b49ab1af74b,MID_RAZOR_991,ORD-2026-2002,CREDIT_CARD,Mastercard,setl_f25bda1f69,2026-04-12 22:30:03,6175.08,123.5,22.23,6029.35,,SETTLED
pay_ea720e01617249,MID_RAZOR_991,ORD-2026-2003,DEBIT_CARD,Visa,setl_69254a160e,2026-04-12 22:45:03,908.13,18.16,3.27,886.7,,SETTLED
pay_f14598f93e954a,MID_RAZOR_991,ORD-2026-2004,UPI,NA,setl_f375f4067b,2026-04-12 23:00:48,13424.47,268.49,48.33,13107.65,,SETTLED
pay_62149bab52384c,MID_RAZOR_991,ORD-2026-2005,DEBIT_CARD,Visa,setl_6dbe168e65,2026-04-12 23:15:22,1318.51,26.37,4.75,1287.39,,SETTLED
pay_f1b185b8eb3f42,MID_RAZOR_991,ORD-2026-2006,UPI,NA,setl_a048a4028e,2026-04-12 23:30:58,10475.87,209.52,37.71,10228.64,,SETTLED
pay_7a5e23fc433543,MID_RAZOR_991,ORD-2026-2007,DEBIT_CARD,RuPay,setl_e0d7a2a666,2026-04-12 23:45:29,10037.63,200.75,36.13,9800.75,,SETTLED
pay_f4465010d5824c,MID_RAZOR_991,ORD-2026-2008,DEBIT_CARD,RuPay,setl_23f41d3db9,2026-04-13 00:00:44,7310.65,146.21,26.32,7138.12,,SETTLED
pay_3e4873731e5b4a,MID_RAZOR_991,ORD-2026-2009,DEBIT_CARD,Mastercard,setl_b19d49566c,2026-04-13 00:15:06,12220.74,244.41,43.99,11932.34,,SETTLED
pay_063b9371674044,MID_RAZOR_991,ORD-2026-2010,NETBANKING,NA,setl_fb3a3b7b3a,2026-04-13 00:30:32,12266.13,245.32,44.16,11976.65,,SETTLED
pay_a573365d47ae40,MID_RAZOR_991,ORD-2026-2011,NETBANKING,NA,setl_0ef74ffff8,2026-04-13 00:45:12,7705.8,154.12,27.74,7523.94,,SETTLED
pay_6d90f956c0744c,MID_RAZOR_991,ORD-2026-2012,UPI,NA,setl_01b687eb4b,2026-04-13 01:00:19,14945.3,298.91,53.8,14592.59,,SETTLED
pay_b67a9b45cedd43,MID_RAZOR_991,ORD-2026-2013,UPI,NA,setl_b4823094a1,2026-04-13 01:15:37,5384.15,107.68,19.38,5257.09,,SETTLED
pay_a47d334acc274e,MID_RAZOR_991,ORD-2026-2014,DEBIT_CARD,RuPay,setl_8b0a5726d2,2026-04-13 01:30:41,12444.21,248.88,44.8,12150.53,,SETTLED
pay_33b0eccf257e4a,MID_RAZOR_991,ORD-2026-2015,DEBIT_CARD,RuPay,setl_345034e729,2026-04-13 01:45:26,6333.36,126.67,22.8,6183.89,,SETTLED
pay_b36218c1459142,MID_RAZOR_991,ORD-2026-2016,CREDIT_CARD,RuPay,setl_a539b9dc94,2026-04-13 02:00:40,10698.31,213.97,38.51,10445.83,,SETTLED
pay_939cf6e6ad2842,MID_RAZOR_991,ORD-2026-2017,NETBANKING,NA,setl_794edc6620,2026-04-13 02:15:17,14088.86,281.78,50.72,13756.36,,SETTLED
pay_6bf1e05198a146,MID_RAZOR_991,ORD-2026-2018,UPI,NA,setl_70ea34d129,2026-04-13 02:30:33,3409.4,68.19,12.27,3328.94,,SETTLED
pay_444324f16e194b,MID_RAZOR_991,ORD-2026-2019,DEBIT_CARD,Visa,setl_4524fe212f,2026-04-13 02:45:26,5120.47,102.41,18.43,4999.63,,SETTLED
pay_2fe07ff5d72c40,MID_RAZOR_991,ORD-2026-2020,DEBIT_CARD,Visa,setl_f570c33cc0,2026-04-13 03:00:41,2828.47,56.57,10.18,2761.72,,SETTLED
pay_001f9895c53142,MID_RAZOR_991,ORD-2026-2021,CREDIT_CARD,RuPay,setl_7464be2d52,2026-04-13 03:15:15,12057.15,241.14,43.41,11772.6,,SETTLED
pay_bb4af4fedfdf42,MID_RAZOR_991,ORD-2026-2022,NETBANKING,NA,setl_e21ea37b19,2026-04-13 03:30:41,13632.01,272.64,49.08,13310.29,,SETTLED
pay_9dbfcf75854c46,MID_RAZOR_991,ORD-2026-2023,DEBIT_CARD,Visa,setl_7751aa9721,2026-04-13 03:45:42,8485.24,169.7,30.55,8284.99,,SETTLED
pay_0b4bb3451a9e41,MID_RAZOR_991,ORD-2026-2024,UPI,NA,setl_f385cdd418,2026-04-13 04:00:55,13499.33,269.99,48.6,13180.74,,SETTLED
pay_891fcf2fad1943,MID_RAZOR_991,ORD-2026-2025,NETBANKING,NA,setl_298584fcff,2026-04-13 04:15:57,5769.8,115.4,20.77,5633.63,,SETTLED
pay_338cd1d60da141,MID_RAZOR_991,ORD-2026-2026,CREDIT_CARD,RuPay,setl_f4308d94ab,2026-04-13 04:30:36,11149.97,223.0,40.14,10886.83,,SETTLED
pay_65693acbeefa42,MID_RAZOR_991,ORD-2026-2027,DEBIT_CARD,Visa,setl_27756b8d41,2026-04-13 04:45:56,1808.61,36.17,6.51,1765.93,,SETTLED
pay_16dd8536e70f48,MID_RAZOR_991,ORD-2026-2028,NETBANKING,NA,setl_1a09e2dff1,2026-04-13 05:00:51,11351.43,227.03,40.87,11083.53,,SETTLED
pay_42cfce5c83d54b,MID_RAZOR_991,ORD-2026-2029,CREDIT_CARD,RuPay,setl_64b5364791,2026-04-13 05:15:17,6872.39,137.45,24.74,6710.2,,SETTLED
pay_b308b84c43b64c,MID_RAZOR_991,ORD-2026-2030,DEBIT_CARD,Mastercard,setl_85bc4e612c,2026-04-13 05:30:07,5089.1,101.78,18.32,4969.0,,SETTLED
pay_3c9ce0715fde41,MID_RAZOR_991,ORD-2026-2031,CREDIT_CARD,Visa,setl_1b98f4d19a,2026-04-13 05:45:30,10877.23,217.54,39.16,10620.53,,SETTLED
pay_40ccb521708c41,MID_RAZOR_991,ORD-2026-2032,UPI,NA,setl_213e2a4eef,2026-04-13 06:00:53,11222.02,224.44,40.4,10957.18,,SETTLED
pay_bbad4cc0e39a47,MID_RAZOR_991,ORD-2026-2033,NETBANKING,NA,setl_c3d8d0130e,2026-04-13 06:15:19,9764.76,195.3,35.15,9534.31,,SETTLED
pay_5692f7b6096e4b,MID_RAZOR_991,ORD-2026-2034,NETBANKING,NA,setl_2505c56b60,2026-04-13 06:30:24,614.06,12.28,2.21,599.57,,SETTLED
pay_1bf92efabf0948,MID_RAZOR_991,ORD-2026-2035,CREDIT_CARD,Visa,setl_4345c9a4dd,2026-04-13 06:45:13,12961.54,259.23,46.66,12655.65,,SETTLED
pay_df98ec972e8945,MID_RAZOR_991,ORD-2026-2036,NETBANKING,NA,setl_3ce7fff364,2026-04-13 07:00:50,991.28,19.83,3.57,967.88,,SETTLED
pay_352db9aa3ebb45,MID_RAZOR_991,ORD-2026-2037,DEBIT_CARD,Mastercard,setl_22bda42b46,2026-04-13 07:15:27,13213.04,264.26,47.57,12901.21,,SETTLED
pay_c422d9ed9cef4d,MID_RAZOR_991,ORD-2026-2038,UPI,NA,setl_029a305bdf,2026-04-13 07:30:22,6602.62,132.05,23.77,6446.8,,SETTLED
pay_75eb7663fd2c43,MID_RAZOR_991,ORD-2026-2039,UPI,NA,setl_c0f35f52d5,2026-04-13 07:45:48,1255.43,25.11,4.52,1225.8,,SETTLED
pay_8cd5a02e24bd43,MID_RAZOR_991,ORD-2026-2040,CREDIT_CARD,RuPay,setl_14b46f916f,2026-04-13 08:00:25,3401.09,68.02,12.24,3320.83,,SETTLED
pay_b45274ab955141,MID_RAZOR_991,ORD-2026-2041,CREDIT_CARD,RuPay,setl_6f3ab7b248,2026-04-13 08:15:33,10846.68,216.93,39.05,10590.7,,SETTLED
pay_61e5153d6cb448,MID_RAZOR_991,ORD-2026-2042,DEBIT_CARD,Visa,setl_fbe4a187b6,2026-04-13 08:30:30,13165.83,263.32,47.4,12855.11,,SETTLED
pay_0677c5b732b244,MID_RAZOR_991,ORD-2026-2043,DEBIT_CARD,Visa,setl_5d130b7265,2026-04-13 08:45:12,1723.78,34.48,6.21,1683.09,,SETTLED
pay_2759d0de09ac4e,MID_RAZOR_991,ORD-2026-2044,CREDIT_CARD,RuPay,setl_5101ac2403,2026-04-13 09:00:01,13885.13,277.7,49.99,13557.44,,SETTLED
pay_ee7ede0b577a42,MID_RAZOR_991,ORD-2026-2045,CREDIT_CARD,RuPay,setl_d03fba3904,2026-04-13 09:15:25,9461.06,189.22,34.06,9237.78,,SETTLED
pay_039b572361ac41,MID_RAZOR_991,ORD-2026-2046,CREDIT_CARD,Mastercard,setl_17d18e9047,2026-04-13 09:30:07,704.67,14.09,2.54,688.04,,SETTLED
pay_2dae83cb3eaf47,MID_RAZOR_991,ORD-2026-2047,NETBANKING,NA,setl_ee46dc0e30,2026-04-13 09:45:07,3755.02,75.1,13.52,3666.4,,SETTLED
pay_f96a83c4740042,MID_RAZOR_991,ORD-2026-2048,DEBIT_CARD,Mastercard,setl_25c7883c02,2026-04-13 10:00:31,6040.07,120.8,21.74,5897.53,,SETTLED
pay_42479ef4d82842,MID_RAZOR_991,ORD-2026-2049,DEBIT_CARD,Mastercard,setl_2ac2d1fb2b,2026-04-13 10:15:43,3245.77,64.92,11.69,3169.16,,SETTLED
pay_5e94cbebf5f949,MID_RAZOR_991,ORD-2026-2050,DEBIT_CARD,Visa,setl_2f03e0c5b8,2026-04-13 10:30:15,9456.36,189.13,34.04,9233.19,,SETTLED
pay_454396989aaf43,MID_RAZOR_991,ORD-2026-2051,NETBANKING,NA,setl_a78a8cfde3,2026-04-13 10:45:05,649.64,12.99,2.34,634.31,,SETTLED
pay_e2df06b5a96a4a,MID_RAZOR_991,ORD-2026-2052,NETBANKING,NA,setl_ba8320e10b,2026-04-13 11:00:45,6637.72,132.75,23.89,6481.08,,SETTLED
pay_138d790e10c941,MID_RAZOR_991,ORD-2026-2053,UPI,NA,setl_b4efec5cbc,2026-04-13 11:15:21,14000.44,280.01,50.4,13670.03,,SETTLED
pay_05c48c6c27ec48,MID_RAZOR_991,ORD-2026-2054,UPI,NA,setl_d0d5a19753,2026-04-13 11:30:00,4178.02,83.56,15.04,4079.42,,SETTLED
pay_36eaf7687a5342,MID_RAZOR_991,ORD-2026-2055,UPI,NA,setl_381aa13d93,2026-04-13 11:45:37,3100.9,62.02,11.16,3027.72,,SETTLED
pay_33cb8ecb0c7647,MID_RAZOR_991,ORD-2026-2056,NETBANKING,NA,setl_e078382f69,2026-04-13 12:00:08,1799.9,36.0,6.48,1757.42,,SETTLED
pay_83dbd7e045d948,MID_RAZOR_991,ORD-2026-2057,DEBIT_CARD,RuPay,setl_d0a4f6fac3,2026-04-13 12:15:08,7738.55,154.77,27.86,7555.92,,SETTLED
pay_b428d3ccdc024c,MID_RAZOR_991,ORD-2026-2058,DEBIT_CARD,Visa,setl_7941ddfc2a,2026-04-13 12:30:39,12529.04,250.58,45.1,12233.36,,SETTLED
pay_0460c88933964c,MID_RAZOR_991,ORD-2026-2059,DEBIT_CARD,Mastercard,setl_c08c0543ea,2026-04-13 12:45:31,11573.29,231.47,41.66,11300.16,,SETTLED
pay_5131ab8b4ba742,MID_RAZOR_991,ORD-2026-2060,NETBANKING,NA,setl_a081256d14,2026-04-13 13:00:03,3239.34,64.79,11.66,3162.89,,SETTLED
pay_3cca1182cb8f42,MID_RAZOR_991,ORD-2026-2061,DEBIT_CARD,RuPay,setl_d44527898e,2026-04-13 13:15:45,7273.43,145.47,26.18,7101.78,,SETTLED
pay_7be26cdc939b4b,MID_RAZOR_991,ORD-2026-2062,NETBANKING,NA,setl_d6e01fa5db,2026-04-13 13:30:29,7648.33,152.97,27.53,7467.83,,SETTLED
pay_41ac1d230ef64b,MID_RAZOR_991,ORD-2026-2063,DEBIT_CARD,RuPay,setl_bb0342d0a7,2026-04-13 13:45:53,2940.28,58.81,10.59,2870.88,,SETTLED
pay_59275db4983844,MID_RAZOR_991,ORD-2026-2064,CREDIT_CARD,Mastercard,setl_513db16960,2026-04-13 14:00:00,8127.22,162.54,29.26,7935.42,,SETTLED
pay_0227ce3c87c142,MID_RAZOR_991,ORD-2026-2065,UPI,NA,setl_61e740d375,2026-04-13 14:15:56,5265.54,105.31,18.96,5141.27,,SETTLED
pay_f59e494baab341,MID_RAZOR_991,ORD-2026-2066,UPI,NA,setl_f7399d498d,2026-04-13 14:30:53,5191.31,103.83,18.69,5068.79,,SETTLED
pay_6ebf8f1ead8e44,MID_RAZOR_991,ORD-2026-2067,NETBANKING,NA,setl_44e1fe088a,2026-04-13 14:45:29,9611.17,192.22,34.6,9384.35,,SETTLED
pay_4032d662da9c48,MID_RAZOR_991,ORD-2026-2068,UPI,NA,setl_54de39b020,2026-04-13 15:00:41,9524.29,190.49,34.29,9299.51,,SETTLED
pay_cfa7a84c172f4d,MID_RAZOR_991,ORD-2026-2069,CREDIT_CARD,RuPay,setl_ffc9329e11,2026-04-13 15:15:55,1205.89,24.12,4.34,1177.43,,SETTLED
pay_47ba0518faf04f,MID_RAZOR_991,ORD-2026-2070,UPI,NA,setl_d5b5952d01,2026-04-13 15:30:35,14302.55,286.05,51.49,13965.01,,SETTLED
pay_4e17311c33b94d,MID_RAZOR_991,ORD-2026-2071,CREDIT_CARD,Visa,setl_640519361b,2026-04-13 15:45:05,797.42,15.95,2.87,778.6,,SETTLED
pay_1e56b26e2e154a,MID_RAZOR_991,ORD-2026-2072,DEBIT_CARD,Mastercard,setl_96007791a0,2026-04-13 16:00:48,14339.27,286.79,51.62,14000.86,,SETTLED
pay_798850dc3fde47,MID_RAZOR_991,ORD-2026-2073,NETBANKING,NA,setl_45d1b8c756,2026-04-13 16:15:47,12192.12,243.84,43.89,11904.39,,SETTLED
pay_eb821aa6508c41,MID_RAZOR_991,ORD-2026-2074,UPI,NA,setl_bf4004d779,2026-04-13 16:30:53,5828.12,116.56,20.98,5690.58,,SETTLED
pay_2fd674bf7b9f43,MID_RAZOR_991,ORD-2026-2075,NETBANKING,NA,setl_e53e6ac84e,2026-04-13 16:45:17,8664.33,173.29,31.19,8459.85,,SETTLED
pay_e64fc8c5766446,MID_RAZOR_991,ORD-2026-2076,DEBIT_CARD,Mastercard,setl_13d7156b22,2026-04-13 17:00:11,6794.54,135.89,24.46,6634.19,,SETTLED
pay_e0c950e5f57848,MID_RAZOR_991,ORD-2026-2077,NETBANKING,NA,setl_093572cb61,2026-04-13 17:15:43,3751.34,75.03,13.51,3662.8,,SETTLED
pay_a3964c7f15444b,MID_RAZOR_991,ORD-2026-2078,UPI,NA,setl_91e4044846,2026-04-13 17:30:18,7289.18,145.78,26.24,7117.16,,SETTLED
pay_2fea7f8551d14b,MID_RAZOR_991,ORD-2026-2079,DEBIT_CARD,RuPay,setl_418c3dbef5,2026-04-13 17:45:33,6702.11,134.04,24.13,6543.94,,SETTLED
pay_d16c4a8750de4d,MID_RAZOR_991,ORD-2026-2080,UPI,NA,setl_abaf8d2529,2026-04-13 18:00:32,6661.25,133.22,23.98,6504.05,,SETTLED
pay_84679abdc67544,MID_RAZOR_991,ORD-2026-2081,DEBIT_CARD,Visa,setl_8f49ca0650,2026-04-13 18:15:16,8990.73,179.81,32.37,8778.55,,SETTLED
pay_b8a87ced36c94e,MID_RAZOR_991,ORD-2026-2082,NETBANKING,NA,setl_7980347f1f,2026-04-13 18:30:11,11899.57,237.99,42.84,11618.74,,SETTLED
pay_5007baa483d84d,MID_RAZOR_991,ORD-2026-2083,DEBIT_CARD,Visa,setl_764395624d,2026-04-13 18:45:37,10999.37,219.99,39.6,10739.78,,SETTLED
pay_3c5f067b1e754c,MID_RAZOR_991,ORD-2026-2084,CREDIT_CARD,RuPay,setl_7ef5708169,2026-04-13 19:00:11,1634.2,32.68,5.88,1595.64,,SETTLED
pay_861cfc0266c04d,MID_RAZOR_991,ORD-2026-2085,UPI,NA,setl_9d42271b50,2026-04-13 19:15:00,6226.54,124.53,22.42,6079.59,,SETTLED
pay_377ba8cba61749,MID_RAZOR_991,ORD-2026-2086,NETBANKING,NA,setl_f168ba25da,2026-04-13 19:30:55,10036.9,200.74,36.13,9800.03,,SETTLED
pay_27c8a63ecf5345,MID_RAZOR_991,ORD-2026-2087,DEBIT_CARD,Mastercard,setl_f591f08d94,2026-04-13 19:45:43,14465.55,289.31,52.08,14124.16,,SETTLED
pay_6cabc115ce6a46,MID_RAZOR_991,ORD-2026-2088,UPI,NA,setl_93e5f7c0d7,2026-04-13 20:00:12,2122.73,42.45,7.64,2072.64,,SETTLED
pay_5271ccc191e74e,MID_RAZOR_991,ORD-2026-2089,NETBANKING,NA,setl_a0bd99d8f2,2026-04-13 20:15:41,2604.74,52.09,9.38,2543.27,,SETTLED
pay_ea299a9831ab49,MID_RAZOR_991,ORD-2026-2090,CREDIT_CARD,RuPay,setl_940ed39ccf,2026-04-13 20:30:19,11660.96,233.22,41.98,11385.76,,SETTLED
pay_9d0f53f5ddf246,MID_RAZOR_991,ORD-2026-2091,CREDIT_CARD,RuPay,setl_5f85490e4f,2026-04-13 20:45:47,10687.67,213.75,38.48,10435.44,,SETTLED
pay_a2a4788289ec47,MID_RAZOR_991,ORD-2026-2092,CREDIT_CARD,RuPay,setl_01b4a2e389,2026-04-13 21:00:18,8756.74,175.13,31.52,8550.09,,SETTLED
pay_fa0d1773c2e841,MID_RAZOR_991,ORD-2026-2093,NETBANKING,NA,setl_e874ffe121,2026-04-13 21:15:26,12804.94,256.1,46.1,12502.74,,SETTLED
pay_ab7b337600b64a,MID_RAZOR_991,ORD-2026-2094,NETBANKING,NA,setl_705b96404c,2026-04-13 21:30:14,10857.21,217.14,39.09,10600.98,,SETTLED
pay_4b95192b905447,MID_RAZOR_991,ORD-2026-2095,UPI,NA,setl_90a6996e32,2026-04-13 21:45:17,13446.72,268.93,48.41,13129.38,,SETTLED
pay_5b0f1395861d48,MID_RAZOR_991,ORD-2026-2096,DEBIT_CARD,Visa,setl_d2171b46c1,2026-04-13 22:00:44,6825.34,136.51,24.57,6664.26,,SETTLED
pay_370bf70d5c9340,MID_RAZOR_991,ORD-2026-2097,DEBIT_CARD,Visa,setl_1f097b8857,2026-04-13 22:15:14,7860.72,157.21,28.3,7675.21,,SETTLED
pay_d2a90140615042,MID_RAZOR_991,ORD-2026-2098,CREDIT_CARD,Visa,setl_ca5665ae1b,2026-04-13 22:30:46,10815.09,216.3,38.93,10559.86,,SETTLED
pay_381a532e95a043,MID_RAZOR_991,ORD-2026-2099,NETBANKING,NA,setl_3fe774568e,2026-04-13 22:45:51,14578.65,291.57,52.48,14234.6,,SETTLED
pay_ad5f94bdeefc45,MID_RAZOR_991,ORD-2026-2100,UPI,NA,setl_cbe453f0e4,2026-04-13 23:00:42,7501.9,150.04,27.01,7324.85,,SETTLED
pay_0d7b7b83372c46,MID_RAZOR_991,ORD-2026-2101,UPI,NA,setl_bcbfbe314a,2026-04-13 23:15:50,6531.77,130.64,23.52,6377.61,,SETTLED
pay_6723810371bb42,MID_RAZOR_991,ORD-2026-2102,UPI,NA,setl_a39e4f0e19,2026-04-13 23:30:01,5702.41,114.05,20.53,5567.83,,SETTLED
pay_2a0acd50279444,MID_RAZOR_991,ORD-2026-2103,UPI,NA,setl_65b092c42e,2026-04-13 23:45:51,1423.15,28.46,5.12,1389.57,,SETTLED
pay_14e7927e6c5e47,MID_RAZOR_991,ORD-2026-2104,CREDIT_CARD,Visa,setl_79d172f392,2026-04-14 00:00:16,14908.11,298.16,53.67,14556.28,,SETTLED
pay_b0f658d1166546,MID_RAZOR_991,ORD-2026-2105,DEBIT_CARD,RuPay,setl_5ec80056dd,2026-04-14 00:15:54,10506.97,210.14,37.83,10259.0,,SETTLED
pay_aa553e0e45624e,MID_RAZOR_991,ORD-2026-2106,UPI,NA,setl_a6f1dbc494,2026-04-14 00:30:59,14220.88,284.42,51.2,13885.26,,SETTLED
pay_76fb73214dba4f,MID_RAZOR_991,ORD-2026-2107,UPI,NA,setl_1f069880fd,2026-04-14 00:45:52,8655.86,173.12,31.16,8451.58,,SETTLED
pay_fb6d16b0d8e04e,MID_RAZOR_991,ORD-2026-2108,CREDIT_CARD,Visa,setl_cc626e1b65,2026-04-14 01:00:10,11061.06,221.22,39.82,10800.02,,SETTLED
pay_22c7e87a60b548,MID_RAZOR_991,ORD-2026-2109,CREDIT_CARD,Mastercard,setl_5a05c1b0a8,2026-04-14 01:15:23,5351.81,107.04,19.27,5225.5,,SETTLED
pay_c55f3d19342f4e,MID_RAZOR_991,ORD-2026-2110,UPI,NA,setl_104bf0c7a0,2026-04-14 01:30:15,12604.79,252.1,45.38,12307.31,,SETTLED
pay_b1140bac49164d,MID_RAZOR_991,ORD-2026-2111,UPI,NA,setl_092ef6e8b5,2026-04-14 01:45:17,5900.33,118.01,21.24,5761.08,,SETTLED
pay_d4536daa51aa43,MID_RAZOR_991,ORD-2026-2112,CREDIT_CARD,Mastercard,setl_5da11b6c8d,2026-04-14 02:00:26,11914.63,238.29,42.89,11633.45,,SETTLED
pay_b852d6dec02248,MID_RAZOR_991,ORD-2026-2113,NETBANKING,NA,setl_1de3c36e01,2026-04-14 02:15:54,7984.25,159.69,28.74,7795.82,,SETTLED
pay_f3d6fe1a4e2645,MID_RAZOR_991,ORD-2026-2114,UPI,NA,setl_9960faf40a,2026-04-14 02:30:45,12190.58,243.81,43.89,11902.88,,SETTLED
pay_faa8c145f9594c,MID_RAZOR_991,ORD-2026-2115,CREDIT_CARD,Visa,setl_c4d63b6c82,2026-04-14 02:45:03,6202.36,124.05,22.33,6055.98,,SETTLED
pay_319b63bb95d145,MID_RAZOR_991,ORD-2026-2116,UPI,NA,setl_e386d977c3,2026-04-14 03:00:40,14710.68,294.21,52.96,14363.51,,SETTLED
pay_f6baa4bc882c4e,MID_RAZOR_991,ORD-2026-2117,DEBIT_CARD,Mastercard,setl_d8e498141f,2026-04-14 03:15:47,5048.58,100.97,18.17,4929.44,,SETTLED
pay_b2b10a13a0ea40,MID_RAZOR_991,ORD-2026-2118,CREDIT_CARD,Mastercard,setl_6403055ab1,2026-04-14 03:30:25,6969.74,139.39,25.09,6805.26,,SETTLED
pay_a5eba9cfb3e249,MID_RAZOR_991,ORD-2026-2119,NETBANKING,NA,setl_aaee6b3a9a,2026-04-14 03:45:44,5506.13,110.12,19.82,5376.19,,SETTLED
pay_79d0c701987144,MID_RAZOR_991,ORD-2026-2120,DEBIT_CARD,Visa,setl_b18a98b54d,2026-04-14 04:00:46,10923.77,218.48,39.33,10665.96,,SETTLED
pay_0eaed7975d6749,MID_RAZOR_991,ORD-2026-2121,DEBIT_CARD,Mastercard,setl_a4591d9473,2026-04-14 04:15:21,11477.17,229.54,41.32,11206.31,,SETTLED
pay_c2c17af167e44c,MID_RAZOR_991,ORD-2026-2122,DEBIT_CARD,RuPay,setl_871f4a815c,2026-04-14 04:30:53,11725.29,234.51,42.21,11448.57,,SETTLED
pay_d75a2737165348,MID_RAZOR_991,ORD-2026-2123,DEBIT_CARD,Visa,setl_b8e0e9bb77,2026-04-14 04:45:40,7858.74,157.17,28.29,7673.28,,SETTLED
pay_a4008ee198c64e,MID_RAZOR_991,ORD-2026-2124,NETBANKING,NA,setl_6e20dcafbd,2026-04-14 05:00:19,8800.31,176.01,31.68,8592.62,,SETTLED
pay_23067d5fa66f47,MID_RAZOR_991,ORD-2026-2125,CREDIT_CARD,Visa,setl_95b01e998c,2026-04-14 05:15:19,4625.76,92.52,16.65,4516.59,,SETTLED
pay_24f4624403cd43,MID_RAZOR_991,ORD-2026-2126,CREDIT_CARD,RuPay,setl_4dc0b37e71,2026-04-14 05:30:20,7988.55,159.77,28.76,7800.02,,SETTLED
pay_3e965b29961445,MID_RAZOR_991,ORD-2026-2127,NETBANKING,NA,setl_5f6ccd4ab0,2026-04-14 05:45:53,6474.77,129.5,23.31,6321.96,,SETTLED
pay_529e956dd1434e,MID_RAZOR_991,ORD-2026-2128,NETBANKING,NA,setl_86a8d56e66,2026-04-14 06:00:13,6969.38,139.39,25.09,6804.9,,SETTLED
pay_fed03de39bcf4f,MID_RAZOR_991,ORD-2026-2129,NETBANKING,NA,setl_8f8fa2e56b,2026-04-14 06:15:55,4323.56,86.47,15.56,4221.53,,SETTLED
pay_31210db0664b46,MID_RAZOR_991,ORD-2026-2130,NETBANKING,NA,setl_1ecba3a018,2026-04-14 06:30:46,14612.45,292.25,52.6,14267.6,,SETTLED
pay_baba6193b6ac40,MID_RAZOR_991,ORD-2026-2131,NETBANKING,NA,setl_6baf01db08,2026-04-14 06:45:08,14536.46,290.73,52.33,14193.4,,SETTLED
pay_dc3b640fe89643,MID_RAZOR_991,ORD-2026-2132,NETBANKING,NA,setl_217a6025f9,2026-04-14 07:00:30,972.81,19.46,3.5,949.85,,SETTLED
pay_a2f344ff611049,MID_RAZOR_991,ORD-2026-2133,NETBANKING,NA,setl_448587a62c,2026-04-14 07:15:07,2252.56,45.05,8.11,2199.4,,SETTLED
pay_9076a2ab1b874b,MID_RAZOR_991,ORD-2026-2134,DEBIT_CARD,Visa,setl_5a5c64625f,2026-04-14 07:30:23,4897.27,97.95,17.63,4781.69,,SETTLED
pay_30ddf215484747,MID_RAZOR_991,ORD-2026-2135,NETBANKING,NA,setl_78587a2989,2026-04-14 07:45:03,14083.9,281.68,50.7,13751.52,,SETTLED
pay_9a3a28ee9d4c44,MID_RAZOR_991,ORD-2026-2136,NETBANKING,NA,setl_be88cf5774,2026-04-14 08:00:00,2273.75,45.48,8.19,2220.08,,SETTLED
pay_fc6ee89cb6fa42,MID_RAZOR_991,ORD-2026-2137,DEBIT_CARD,Mastercard,setl_829a871f56,2026-04-14 08:15:28,13554.17,271.08,48.79,13234.3,,SETTLED
pay_3e59ae3565ea48,MID_RAZOR_991,ORD-2026-2138,CREDIT_CARD,Mastercard,setl_572787b02c,2026-04-14 08:30:40,7183.57,143.67,25.86,7014.04,,SETTLED
pay_6987d800224b46,MID_RAZOR_991,ORD-2026-2139,DEBIT_CARD,RuPay,setl_e24825a50c,2026-04-14 08:45:51,9559.17,191.18,34.41,9333.58,,SETTLED
pay_9831a7f3106e43,MID_RAZOR_991,ORD-2026-2140,DEBIT_CARD,Mastercard,setl_0ce51787cf,2026-04-14 09:00:02,14392.15,287.84,51.81,14052.5,,SETTLED
pay_90355abd545c45,MID_RAZOR_991,ORD-2026-2141,CREDIT_CARD,Mastercard,setl_6c4a59ed4e,2026-04-14 09:15:01,8793.92,175.88,31.66,8586.38,,SETTLED
pay_3b200b1a879447,MID_RAZOR_991,ORD-2026-2142,UPI,NA,setl_5f925ab910,2026-04-14 09:30:12,14349.94,287.0,51.66,14011.28,,SETTLED
pay_66fac399a8b54a,MID_RAZOR_991,ORD-2026-2143,CREDIT_CARD,Visa,setl_42a17cb1ae,2026-04-14 09:45:32,13504.53,270.09,48.62,13185.82,,SETTLED
pay_5d5580aa5c9c44,MID_RAZOR_991,ORD-2026-2144,DEBIT_CARD,RuPay,setl_8902c93b7c,2026-04-14 10:00:15,12530.51,250.61,45.11,12234.79,,SETTLED
pay_f48d3f29a1b046,MID_RAZOR_991,ORD-2026-2145,UPI,NA,setl_80f9601638,2026-04-14 10:15:31,12998.63,259.97,46.79,12691.87,,SETTLED
pay_c22a4261a2014a,MID_RAZOR_991,ORD-2026-2146,UPI,NA,setl_ab03dc9924,2026-04-14 10:30:55,8154.58,163.09,29.36,7962.13,,SETTLED
pay_624182f9b0ac46,MID_RAZOR_991,ORD-2026-2147,CREDIT_CARD,Visa,setl_bbbb709cfb,2026-04-14 10:45:09,3148.7,62.97,11.33,3074.4,,SETTLED
pay_5209b77ae47043,MID_RAZOR_991,ORD-2026-2148,CREDIT_CARD,RuPay,setl_b8287f76c1,2026-04-14 11:00:39,14436.29,288.73,51.97,14095.59,,SETTLED
pay_c37e89d94cb444,MID_RAZOR_991,ORD-2026-2149,NETBANKING,NA,setl_fa2a506235,2026-04-14 11:15:06,5140.6,102.81,18.51,5019.28,,SETTLED
pay_7d3e1f48349349,MID_RAZOR_991,ORD-2026-2150,UPI,NA,setl_58757a3609,2026-04-14 11:30:03,3437.11,68.74,12.37,3356.0,,SETTLED
pay_2675dbe540fe43,MID_RAZOR_991,ORD-2026-2151,NETBANKING,NA,setl_ffe7254cca,2026-04-14 11:45:07,4404.67,88.09,15.86,4300.72,,SETTLED
pay_f48279f27f254c,MID_RAZOR_991,ORD-2026-2152,NETBANKING,NA,setl_4b0d16bf5b,2026-04-14 12:00:01,6408.66,128.17,23.07,6257.42,,SETTLED
pay_34c74999bc8c4b,MID_RAZOR_991,ORD-2026-2153,UPI,NA,setl_e922241a5a,2026-04-14 12:15:15,11563.19,231.26,41.63,11290.3,,SETTLED
pay_cdb91a6017a04d,MID_RAZOR_991,ORD-2026-2154,UPI,NA,setl_86b4ecbbb6,2026-04-14 12:30:54,9719.09,194.38,34.99,9489.72,,SETTLED
pay_7d3d6a88f82a47,MID_RAZOR_991,ORD-2026-2155,CREDIT_CARD,Mastercard,setl_b46ff8f8a4,2026-04-14 12:45:27,14439.61,288.79,51.98,14098.84,,SETTLED
pay_ecc3739f115c4a,MID_RAZOR_991,ORD-2026-2156,DEBIT_CARD,Mastercard,setl_13a4b205f1,2026-04-14 13:00:10,507.87,10.16,1.83,495.88,,SETTLED
pay_265b518ced0347,MID_RAZOR_991,ORD-2026-2157,NETBANKING,NA,setl_5dca067997,2026-04-14 13:15:22,12715.36,254.31,45.78,12415.27,,SETTLED
pay_5c4a96bf288145,MID_RAZOR_991,ORD-2026-2158,UPI,NA,setl_8bf89eeb85,2026-04-14 13:30:19,1800.87,36.02,6.48,1758.37,,SETTLED
pay_a3326add2e7940,MID_RAZOR_991,ORD-2026-2159,NETBANKING,NA,setl_0933db1113,2026-04-14 13:45:13,9351.46,187.03,33.67,9130.76,,SETTLED
pay_64f3fbf6df2f4e,MID_RAZOR_991,ORD-2026-2160,NETBANKING,NA,setl_7b725fdc84,2026-04-14 14:00:17,4065.96,81.32,14.64,3970.0,,SETTLED
pay_42a4627f898440,MID_RAZOR_991,ORD-2026-2161,DEBIT_CARD,RuPay,setl_18107faafa,2026-04-14 14:15:58,10531.75,210.63,37.91,10283.21,,SETTLED
pay_26b3856235db4a,MID_RAZOR_991,ORD-2026-2162,CREDIT_CARD,Visa,setl_2450e44068,2026-04-14 14:30:35,13481.39,269.63,48.53,13163.23,,SETTLED
pay_cef777bfbb1648,MID_RAZOR_991,ORD-2026-2163,UPI,NA,setl_6ebe692cf9,2026-04-14 14:45:34,948.74,18.97,3.41,926.36,,SETTLED
pay_55bb47b42fcd4e,MID_RAZOR_991,ORD-2026-2164,NETBANKING,NA,setl_3f3fe7c114,2026-04-14 15:00:52,9219.01,184.38,33.19,9001.44,,SETTLED
pay_0482ab4616ff47,MID_RAZOR_991,ORD-2026-2165,UPI,NA,setl_f6c6f259e9,2026-04-14 15:15:29,5871.97,117.44,21.14,5733.39,,SETTLED
pay_850bd3aecd5e4c,MID_RAZOR_991,ORD-2026-2166,UPI,NA,setl_1671bac83c,2026-04-14 15:30:48,4576.45,91.53,16.48,4468.44,,SETTLED
pay_fcb3137dd8a44a,MID_RAZOR_991,ORD-2026-2167,DEBIT_CARD,Mastercard,setl_cb0956f895,2026-04-14 15:45:14,3896.74,77.93,14.03,3804.78,,SETTLED
pay_b9c82b9719ea45,MID_RAZOR_991,ORD-2026-2168,CREDIT_CARD,RuPay,setl_18eafbd392,2026-04-14 16:00:12,14771.82,295.44,53.18,14423.2,,SETTLED
pay_3fba106982064f,MID_RAZOR_991,ORD-2026-2169,CREDIT_CARD,Mastercard,setl_841cba54c2,2026-04-14 16:15:12,10067.66,201.35,36.24,9830.07,,SETTLED
pay_d503252d76fe4b,MID_RAZOR_991,ORD-2026-2170,UPI,NA,setl_4900badf62,2026-04-14 16:30:08,4264.55,85.29,15.35,4163.91,,SETTLED
pay_2c272bf6ed5543,MID_RAZOR_991,ORD-2026-2171,CREDIT_CARD,Mastercard,setl_37bc6a1cb1,2026-04-14 16:45:01,14883.29,297.67,53.58,14532.04,,SETTLED
pay_f8f3660420b544,MID_RAZOR_991,ORD-2026-2172,NETBANKING,NA,setl_d1de1e3c93,2026-04-14 17:00:00,14099.41,281.99,50.76,13766.66,,SETTLED
pay_134f2a6044ec40,MID_RAZOR_991,ORD-2026-2173,DEBIT_CARD,RuPay,setl_c4ba6fee94,2026-04-14 17:15:43,8015.28,160.31,28.86,7826.11,,SETTLED
pay_857c7c3608884a,MID_RAZOR_991,ORD-2026-2174,CREDIT_CARD,RuPay,setl_5bd6285216,2026-04-14 17:30:17,13816.68,276.33,49.74,13490.61,,SETTLED
pay_a317e419db404f,MID_RAZOR_991,ORD-2026-2175,CREDIT_CARD,Visa,setl_ccaeba20c6,2026-04-14 17:45:05,13261.43,265.23,47.74,12948.46,,SETTLED
pay_b0ef53e5bd2d40,MID_RAZOR_991,ORD-2026-2176,NETBANKING,NA,setl_374993f740,2026-04-14 18:00:04,13796.43,275.93,49.67,13470.83,,SETTLED
pay_859aa65a4bc046,MID_RAZOR_991,ORD-2026-2177,UPI,NA,setl_90aa5877bd,2026-04-14 18:15:01,7459.51,149.19,26.85,7283.47,,SETTLED
pay_ba48492b6a5d42,MID_RAZOR_991,ORD-2026-2178,DEBIT_CARD,RuPay,setl_62b4827cb6,2026-04-14 18:30:06,7366.86,147.34,26.52,7193.0,,SETTLED
pay_00a57d7eed1046,MID_RAZOR_991,ORD-2026-2179,UPI,NA,setl_7cfed3c0aa,2026-04-14 18:45:49,9199.49,183.99,33.12,8982.38,,SETTLED
pay_d3c45dc007f243,MID_RAZOR_991,ORD-2026-2180,UPI,NA,setl_def2dd4420,2026-04-14 19:00:05,14630.62,292.61,52.67,14285.34,,SETTLED
pay_350091e5091d43,MID_RAZOR_991,ORD-2026-2181,UPI,NA,setl_6cda031ace,2026-04-14 19:15:50,2349.27,46.99,8.46,2293.82,,SETTLED
pay_f8156f6cc9894c,MID_RAZOR_991,ORD-2026-2182,NETBANKING,NA,setl_c05117548f,2026-04-14 19:30:04,1976.5,39.53,7.12,1929.85,,SETTLED
pay_9446adf51cd640,MID_RAZOR_991,ORD-2026-2183,NETBANKING,NA,setl_7b80ed71ca,2026-04-14 19:45:06,9450.88,189.02,34.02,9227.84,,SETTLED
pay_771e5c02bb7a4e,MID_RAZOR_991,ORD-2026-2184,UPI,NA,setl_dcdc57011c,2026-04-14 20:00:29,6066.84,121.34,21.84,5923.66,,SETTLED
pay_9293a5baef5740,MID_RAZOR_991,ORD-2026-2185,UPI,NA,setl_7d3070d6f4,2026-04-14 20:15:29,7999.59,159.99,28.8,7810.8,,SETTLED
pay_aac8c617946849,MID_RAZOR_991,ORD-2026-2186,UPI,NA,setl_ddba59e6d9,2026-04-14 20:30:37,11946.54,238.93,43.01,11664.6,,SETTLED
pay_ae15be82c0e84d,MID_RAZOR_991,ORD-2026-2187,DEBIT_CARD,Visa,setl_5362ed103d,2026-04-14 20:45:26,7480.29,149.61,26.93,7303.75,,SETTLED
pay_42aeb3ece4a245,MID_RAZOR_991,ORD-2026-2188,UPI,NA,setl_08e70bc72a,2026-04-14 21:00:03,2351.37,47.03,8.47,2295.87,,SETTLED
pay_ac0e9879285648,MID_RAZOR_991,ORD-2026-2189,CREDIT_CARD,RuPay,setl_b403dce46d,2026-04-14 21:15:30,4975.78,99.52,17.91,4858.35,,SETTLED
pay_575b2569393246,MID_RAZOR_991,ORD-2026-2190,CREDIT_CARD,RuPay,setl_990b02791f,2026-04-14 21:30:15,7853.06,157.06,28.27,7667.73,,SETTLED
pay_c5d75fe3be104a,MID_RAZOR_991,ORD-2026-2191,CREDIT_CARD,RuPay,setl_d51b583964,2026-04-14 21:45:21,3245.66,64.91,11.68,3169.07,,SETTLED
pay_455dc7e50a0143,MID_RAZOR_991,ORD-2026-2192,DEBIT_CARD,Mastercard,setl_924f6948bc,2026-04-14 22:00:36,14464.44,289.29,52.07,14123.08,,SETTLED
pay_712a0599e22848,MID_RAZOR_991,ORD-2026-2193,NETBANKING,NA,setl_56042622a6,2026-04-14 22:15:56,11943.28,238.87,43.0,11661.41,,SETTLED
pay_eaefd9e9e9334f,MID_RAZOR_991,ORD-2026-2194,CREDIT_CARD,Mastercard,setl_a38d27bfb9,2026-04-14 22:30:14,7264.78,145.3,26.15,7093.33,,SETTLED
pay_a3de63a8dba940,MID_RAZOR_991,ORD-2026-2195,DEBIT_CARD,Mastercard,setl_945537bec0,2026-04-14 22:45:24,3477.09,69.54,12.52,3395.03,,SETTLED
pay_d1b549c8d09042,MID_RAZOR_991,ORD-2026-2196,DEBIT_CARD,RuPay,setl_0c605967ea,2026-04-14 23:00:35,2170.24,43.4,7.81,2119.03,,SETTLED
pay_eb23720b77814f,MID_RAZOR_991,ORD-2026-2197,DEBIT_CARD,RuPay,setl_2b623f952b,2026-04-14 23:15:01,3387.28,67.75,12.2,3307.33,,SETTLED
pay_f2ce5ced46164d,MID_RAZOR_991,ORD-2026-2198,CREDIT_CARD,Visa,setl_b1d7ff47ba,2026-04-14 23:30:54,8540.32,170.81,30.75,8338.76,,SETTLED
pay_a93f9b1a061e45,MID_RAZOR_991,ORD-2026-2199,UPI,NA,setl_907d33690e,2026-04-14 23:45:01,12555.96,251.12,45.2,12259.64,,SETTLED
pay_85e057abfaec45,MID_RAZOR_991,ORD-2026-2200,DEBIT_CARD,RuPay,setl_5321cd4664,2026-04-15 00:00:19,7114.95,142.3,25.61,6947.04,,SETTLED
pay_5b4299bf6e6d46,MID_RAZOR_991,ORD-2026-2201,NETBANKING,NA,setl_e7e9d89e60,2026-04-15 00:15:56,10808.66,216.17,38.91,10553.58,,SETTLED
pay_137f4c488aa542,MID_RAZOR_991,ORD-2026-2202,CREDIT_CARD,Mastercard,setl_c03682eef5,2026-04-15 00:30:24,10568.13,211.36,38.04,10318.73,,SETTLED
pay_c26620c1329e4b,MID_RAZOR_991,ORD-2026-2203,CREDIT_CARD,RuPay,setl_f3913dcd2e,2026-04-15 00:45:48,9432.41,188.65,33.96,9209.8,,SETTLED
pay_83507fbd0f9b48,MID_RAZOR_991,ORD-2026-2204,DEBIT_CARD,RuPay,setl_fa65d5aa1e,2026-04-15 01:00:03,9627.16,192.54,34.66,9399.96,,SETTLED
pay_38320911cb7a49,MID_RAZOR_991,ORD-2026-2205,CREDIT_CARD,Mastercard,setl_10383290e9,2026-04-15 01:15:05,11877.65,237.55,42.76,11597.34,,SETTLED
pay_a3b39fe205b14f,MID_RAZOR_991,ORD-2026-2206,DEBIT_CARD,Visa,setl_3d2436ede8,2026-04-15 01:30:33,7231.88,144.64,26.04,7061.2,,SETTLED
pay_939e45aaa60f46,MID_RAZOR_991,ORD-2026-2207,NETBANKING,NA,setl_5c097e0a2a,2026-04-15 01:45:45,14358.4,287.17,51.69,14019.54,,SETTLED
pay_50955f33cb1d44,MID_RAZOR_991,ORD-2026-2208,UPI,NA,setl_52227e88cb,2026-04-15 02:00:13,3683.13,73.66,13.26,3596.21,,SETTLED
pay_832229435fa74a,MID_RAZOR_991,ORD-2026-2209,NETBANKING,NA,setl_006b4b0cb5,2026-04-15 02:15:56,5967.7,119.35,21.48,5826.87,,SETTLED
pay_8ae8aee4b9404b,MID_RAZOR_991,ORD-2026-2210,CREDIT_CARD,RuPay,setl_b200d61287,2026-04-15 02:30:18,6945.33,138.91,25.0,6781.42,,SETTLED
pay_f320ecc8c4594c,MID_RAZOR_991,ORD-2026-2211,DEBIT_CARD,Visa,setl_c4070dc09b,2026-04-15 02:45:28,7279.49,145.59,26.21,7107.69,,SETTLED
pay_eb7509f376fe46,MID_RAZOR_991,ORD-2026-2212,UPI,NA,setl_b72ba407a4,2026-04-15 03:00:11,6904.48,138.09,24.86,6741.53,,SETTLED
pay_ad8f94efd3bb4f,MID_RAZOR_991,ORD-2026-2213,DEBIT_CARD,Mastercard,setl_126387f4d1,2026-04-15 03:15:32,8426.45,168.53,30.34,8227.58,,SETTLED
pay_18c4017ad32b41,MID_RAZOR_991,ORD-2026-2214,DEBIT_CARD,RuPay,setl_7c7de7236b,2026-04-15 03:30:34,3404.45,68.09,12.26,3324.1,,SETTLED
pay_fe7626e688d946,MID_RAZOR_991,ORD-2026-2215,DEBIT_CARD,RuPay,setl_e7a72843d9,2026-04-15 03:45:45,9258.49,185.17,33.33,9039.99,,SETTLED
pay_a5b74fb9f1c649,MID_RAZOR_991,ORD-2026-2216,UPI,NA,setl_0ac6966fcf,2026-04-15 04:00:49,4842.38,96.85,17.43,4728.1,,SETTLED
pay_0d46faf25aa34d,MID_RAZOR_991,ORD-2026-2217,UPI,NA,setl_b89ae8c520,2026-04-15 04:15:30,9984.32,199.69,35.94,9748.69,,SETTLED
pay_342f1610547e4d,MID_RAZOR_991,ORD-2026-2218,CREDIT_CARD,Visa,setl_3419869b6e,2026-04-15 04:30:14,7979.47,159.59,28.73,7791.15,,SETTLED
pay_58b546bc5f2e40,MID_RAZOR_991,ORD-2026-2219,DEBIT_CARD,RuPay,setl_326e6b7151,2026-04-15 04:45:27,11666.9,233.34,42.0,11391.56,,SETTLED
pay_bb252bdf943045,MID_RAZOR_991,ORD-2026-2220,UPI,NA,setl_a8ab2e3969,2026-04-15 05:00:23,2514.78,50.3,9.05,2455.43,,SETTLED
pay_913ae608b8eb46,MID_RAZOR_991,ORD-2026-2221,DEBIT_CARD,Visa,setl_27857934fd,2026-04-15 05:15:14,6577.64,131.55,23.68,6422.41,,SETTLED
pay_b6b67c4fcd3d47,MID_RAZOR_991,ORD-2026-2222,UPI,NA,setl_5ddd67cef5,2026-04-15 05:30:36,11887.69,237.75,42.8,11607.14,,SETTLED
pay_e04caf4799d845,MID_RAZOR_991,ORD-2026-2223,NETBANKING,NA,setl_5c0bc58097,2026-04-15 05:45:24,3460.97,69.22,12.46,3379.29,,SETTLED
pay_a7dfa97e1c044d,MID_RAZOR_991,ORD-2026-2224,NETBANKING,NA,setl_4a53d552ba,2026-04-15 06:00:06,5268.2,105.36,18.96,5143.88,,SETTLED
pay_32751bf0b6f049,MID_RAZOR_991,ORD-2026-2225,CREDIT_CARD,RuPay,setl_e81ee24e46,2026-04-15 06:15:52,10490.86,209.82,37.77,10243.27,,SETTLED
pay_bc8123ae73604a,MID_RAZOR_991,ORD-2026-2226,NETBANKING,NA,setl_e8abab242c,2026-04-15 06:30:18,3485.44,69.71,12.55,3403.18,,SETTLED
pay_c69e0966eec245,MID_RAZOR_991,ORD-2026-2227,UPI,NA,setl_ecbf05db32,2026-04-15 06:45:23,8018.71,160.37,28.87,7829.47,,SETTLED
pay_3f095d946d484f,MID_RAZOR_991,ORD-2026-2228,UPI,NA,setl_12e4f63691,2026-04-15 07:00:08,8278.57,165.57,29.8,8083.2,,SETTLED
pay_c5f6f05c56e348,MID_RAZOR_991,ORD-2026-2229,CREDIT_CARD,RuPay,setl_54d4075962,2026-04-15 07:15:19,6766.91,135.34,24.36,6607.21,,SETTLED
pay_edd08748e95843,MID_RAZOR_991,ORD-2026-2230,CREDIT_CARD,Mastercard,setl_916d807655,2026-04-15 07:30:45,10430.12,208.6,37.55,10183.97,,SETTLED
pay_d4fe56c7a37b42,MID_RAZOR_991,ORD-2026-2231,NETBANKING,NA,setl_8b256fc9ea,2026-04-15 07:45:04,12456.45,249.13,44.84,12162.48,,SETTLED
pay_8db4a798a9b243,MID_RAZOR_991,ORD-2026-2232,NETBANKING,NA,setl_f80687f1ef,2026-04-15 08:00:29,7209.08,144.18,25.95,7038.95,,SETTLED
pay_45bfed16a1e145,MID_RAZOR_991,ORD-2026-2233,NETBANKING,NA,setl_c5df9f3a10,2026-04-15 08:15:22,10654.59,213.09,38.36,10403.14,,SETTLED
pay_3f1edf5208c949,MID_RAZOR_991,ORD-2026-2234,CREDIT_CARD,Visa,setl_af7988968c,2026-04-15 08:30:15,3103.88,62.08,11.17,3030.63,,SETTLED
pay_07589c5308cd4b,MID_RAZOR_991,ORD-2026-2235,CREDIT_CARD,Mastercard,setl_c071e4b0bc,2026-04-15 08:45:36,1885.25,37.7,6.79,1840.76,,SETTLED
pay_50904f6a9f2f41,MID_RAZOR_991,ORD-2026-2236,DEBIT_CARD,Mastercard,setl_db520aae47,2026-04-15 09:00:58,1467.79,29.36,5.28,1433.15,,SETTLED
pay_7ff861dbfb4f48,MID_RAZOR_991,ORD-2026-2237,UPI,NA,setl_8afe8f8ccf,2026-04-15 09:15:23,1609.74,32.19,5.79,1571.76,,SETTLED
pay_bad44e73f74c45,MID_RAZOR_991,ORD-2026-2238,NETBANKING,NA,setl_884cab9543,2026-04-15 09:30:28,2890.17,57.8,10.4,2821.97,,SETTLED
pay_78d46e4ed19a4a,MID_RAZOR_991,ORD-2026-2239,UPI,NA,setl_18c87baeee,2026-04-15 09:45:40,10570.04,211.4,38.05,10320.59,,SETTLED
pay_12cf768f9d4948,MID_RAZOR_991,ORD-2026-2240,CREDIT_CARD,Visa,setl_e53234ca6f,2026-04-15 10:00:02,655.69,13.11,2.36,640.22,,SETTLED
pay_887b9f0fc5004c,MID_RAZOR_991,ORD-2026-2241,NETBANKING,NA,setl_4db9f19c26,2026-04-15 10:15:31,7189.68,143.79,25.88,7020.01,,SETTLED
pay_5b131e848c634d,MID_RAZOR_991,ORD-2026-2242,NETBANKING,NA,setl_45464478ec,2026-04-15 10:30:08,7326.42,146.53,26.38,7153.51,,SETTLED
pay_8cdc330a1c8846,MID_RAZOR_991,ORD-2026-2243,UPI,NA,setl_48202c62b0,2026-04-15 10:45:11,4765.1,95.3,17.15,4652.65,,SETTLED
pay_0334186fd3c949,MID_RAZOR_991,ORD-2026-2244,UPI,NA,setl_926a52beee,2026-04-15 11:00:43,4462.16,89.24,16.06,4356.86,,SETTLED
pay_903ff6356a0744,MID_RAZOR_991,ORD-2026-2245,UPI,NA,setl_99048a0460,2026-04-15 11:15:57,10288.14,205.76,37.04,10045.34,,SETTLED
pay_57f87a6625f04f,MID_RAZOR_991,ORD-2026-2246,UPI,NA,setl_6a07bd29a2,2026-04-15 11:30:24,10510.03,210.2,37.84,10261.99,,SETTLED
pay_262b6bfeeaa142,MID_RAZOR_991,ORD-2026-2247,NETBANKING,NA,setl_ec1bcad27f,2026-04-15 11:45:49,3425.2,68.5,12.33,3344.37,,SETTLED
pay_a59e8878072b41,MID_RAZOR_991,ORD-2026-2248,NETBANKING,NA,setl_3b82124006,2026-04-15 12:00:01,14844.71,296.89,53.44,14494.38,,SETTLED
pay_6fb626bc73504a,MID_RAZOR_991,ORD-2026-2249,CREDIT_CARD,RuPay,setl_af54974fda,2026-04-15 12:15:51,12613.08,252.26,45.41,12315.41,,SETTLED
pay_49a83dda599248,MID_RAZOR_991,ORD-2026-2250,UPI,NA,setl_dd5658264e,2026-04-15 12:30:52,5243.55,104.87,18.88,5119.8,,SETTLED
pay_8e287fa8156141,MID_RAZOR_991,ORD-2026-2251,NETBANKING,NA,setl_02aca9b6f5,2026-04-15 12:45:27,2251.66,45.03,8.11,2198.52,,SETTLED
pay_9249f10ab22a43,MID_RAZOR_991,ORD-2026-2252,UPI,NA,setl_202af381ee,2026-04-15 13:00:25,9982.9,199.66,35.94,9747.3,,SETTLED
pay_b475b70e721541,MID_RAZOR_991,ORD-2026-2253,UPI,NA,setl_fec4052295,2026-04-15 13:15:42,12318.73,246.37,44.35,12028.01,,SETTLED
pay_97bdabeab7c446,MID_RAZOR_991,ORD-2026-2254,NETBANKING,NA,setl_8ce7e5e9ac,2026-04-15 13:30:19,11629.4,232.59,41.87,11354.94,,SETTLED
pay_68c128a1cfe345,MID_RAZOR_991,ORD-2026-2255,CREDIT_CARD,Visa,setl_8f69ba9202,2026-04-15 13:45:06,9198.07,183.96,33.11,8981.0,,SETTLED
pay_f5a387cf21f844,MID_RAZOR_991,ORD-2026-2256,DEBIT_CARD,RuPay,setl_d033225570,2026-04-15 14:00:40,11544.89,230.9,41.56,11272.43,,SETTLED
pay_1126c387214347,MID_RAZOR_991,ORD-2026-2257,UPI,NA,setl_cbe1d1efb1,2026-04-15 14:15:38,13725.5,274.51,49.41,13401.58,,SETTLED
pay_54c60d5c04954e,MID_RAZOR_991,ORD-2026-2258,CREDIT_CARD,Mastercard,setl_af552583e0,2026-04-15 14:30:37,10717.12,214.34,38.58,10464.2,,SETTLED
pay_be193a50b62347,MID_RAZOR_991,ORD-2026-2259,UPI,NA,setl_1ba7b4bb6b,2026-04-15 14:45:19,3927.75,78.56,14.14,3835.05,,SETTLED
pay_2913798d9a7441,MID_RAZOR_991,ORD-2026-2260,CREDIT_CARD,Visa,setl_021949a3f7,2026-04-15 15:00:31,4800.91,96.02,17.28,4687.61,,SETTLED
pay_1ce5341084dd4b,MID_RAZOR_991,ORD-2026-2261,CREDIT_CARD,Mastercard,setl_bbf480a2a1,2026-04-15 15:15:38,14833.99,296.68,53.4,14483.91,,SETTLED
pay_799c5bcf489746,MID_RAZOR_991,ORD-2026-2262,UPI,NA,setl_cc4ee7ca32,2026-04-15 15:30:33,11980.81,239.62,43.13,11698.06,,SETTLED
pay_79f9296e6b6942,MID_RAZOR_991,ORD-2026-2263,DEBIT_CARD,Visa,setl_b8704df769,2026-04-15 15:45:15,3484.35,69.69,12.54,3402.12,,SETTLED
pay_caaec24d487845,MID_RAZOR_991,ORD-2026-2264,CREDIT_CARD,Mastercard,setl_6334ff4bc0,2026-04-15 16:00:55,6031.55,120.63,21.71,5889.21,,SETTLED
pay_eca6651986e744,MID_RAZOR_991,ORD-2026-2265,UPI,NA,setl_0d0d115493,2026-04-15 16:15:55,7628.81,152.58,27.46,7448.77,,SETTLED
pay_2573132004484c,MID_RAZOR_991,ORD-2026-2266,CREDIT_CARD,RuPay,setl_4a7081e9fc,2026-04-15 16:30:05,3018.3,60.37,10.87,2947.06,,SETTLED
pay_22d57bc3a26448,MID_RAZOR_991,ORD-2026-2267,NETBANKING,NA,setl_aed908cc51,2026-04-15 16:45:46,7272.58,145.45,26.18,7100.95,,SETTLED
pay_82d704b680d74f,MID_RAZOR_991,ORD-2026-2268,CREDIT_CARD,Mastercard,setl_fac160d6a2,2026-04-15 17:00:15,4894.96,97.9,17.62,4779.44,,SETTLED
pay_e74b7fac1e9245,MID_RAZOR_991,ORD-2026-2269,NETBANKING,NA,setl_20d510aa90,2026-04-15 17:15:05,14289.69,285.79,51.44,13952.46,,SETTLED
pay_fd58208188ab4f,MID_RAZOR_991,ORD-2026-2270,NETBANKING,NA,setl_3c81f0ef37,2026-04-15 17:30:27,7826.74,156.53,28.18,7642.03,,SETTLED
pay_66a541aa656e46,MID_RAZOR_991,ORD-2026-2271,NETBANKING,NA,setl_eb179997e6,2026-04-15 17:45:27,12883.61,257.67,46.38,12579.56,,SETTLED
pay_6c20f8570aba40,MID_RAZOR_991,ORD-2026-2272,CREDIT_CARD,Visa,setl_cbf10a163b,2026-04-15 18:00:24,7222.94,144.46,26.0,7052.48,,SETTLED
pay_e8f12a724a3a44,MID_RAZOR_991,ORD-2026-2273,NETBANKING,NA,setl_2a9060235a,2026-04-15 18:15:04,5331.9,106.64,19.2,5206.06,,SETTLED
pay_903cdae8cd2749,MID_RAZOR_991,ORD-2026-2274,UPI,NA,setl_e907aaffab,2026-04-15 18:30:00,12994.0,259.88,46.78,12687.34,,SETTLED
pay_4e2dac1047cc4d,MID_RAZOR_991,ORD-2026-2275,NETBANKING,NA,setl_2157055c35,2026-04-15 18:45:47,5910.6,118.21,21.28,5771.11,,SETTLED
pay_710cbf2ac4cd41,MID_RAZOR_991,ORD-2026-2276,UPI,NA,setl_8099820520,2026-04-15 19:00:26,13332.49,266.65,48.0,13017.84,,SETTLED
pay_f58ae69087eb4e,MID_RAZOR_991,ORD-2026-2277,NETBANKING,NA,setl_e1dd13fb0c,2026-04-15 19:15:16,11683.42,233.67,42.06,11407.69,,SETTLED
pay_66c459f0a63b4c,MID_RAZOR_991,ORD-2026-2278,DEBIT_CARD,Mastercard,setl_a5d47e682d,2026-04-15 19:30:03,9938.14,198.76,35.78,9703.6,,SETTLED
pay_cc56f19d99714c,MID_RAZOR_991,ORD-2026-2279,UPI,NA,setl_f4c076d702,2026-04-15 19:45:58,12290.33,245.81,44.25,12000.27,,SETTLED
pay_14c20e3fa58b4d,MID_RAZOR_991,ORD-2026-2280,DEBIT_CARD,Mastercard,setl_31af713eed,2026-04-15 20:00:29,14191.85,283.84,51.09,13856.92,,SETTLED
pay_17092b7de30f42,MID_RAZOR_991,ORD-2026-2281,CREDIT_CARD,RuPay,setl_46a475bbfe,2026-04-15 20:15:07,11679.1,233.58,42.04,11403.48,,SETTLED
pay_beb938b6b95a4d,MID_RAZOR_991,ORD-2026-2282,CREDIT_CARD,Visa,setl_4de921bbc5,2026-04-15 20:30:10,12531.37,250.63,45.11,12235.63,,SETTLED
pay_ffd56342233c42,MID_RAZOR_991,ORD-2026-2283,NETBANKING,NA,setl_4095b6a5c9,2026-04-15 20:45:37,4965.69,99.31,17.88,4848.5,,SETTLED
pay_ca869d5f2cfe4a,MID_RAZOR_991,ORD-2026-2284,DEBIT_CARD,RuPay,setl_41915c3cc0,2026-04-15 21:00:17,11356.59,227.13,40.88,11088.58,,SETTLED
pay_20d32ac6136f49,MID_RAZOR_991,ORD-2026-2285,NETBANKING,NA,setl_633aeda699,2026-04-15 21:15:00,1904.62,38.09,6.86,1859.67,,SETTLED
pay_1b960b9a8acc48,MID_RAZOR_991,ORD-2026-2286,NETBANKING,NA,setl_d6d942a890,2026-04-15 21:30:10,3057.82,61.16,11.01,2985.65,,SETTLED
pay_cc483d320e374c,MID_RAZOR_991,ORD-2026-2287,CREDIT_CARD,Mastercard,setl_3067a2d7a2,2026-04-15 21:45:07,7034.58,140.69,25.32,6868.57,,SETTLED
pay_a2805771543a4a,MID_RAZOR_991,ORD-2026-2288,CREDIT_CARD,RuPay,setl_5ed5c4210f,2026-04-15 22:00:16,14752.73,295.05,53.11,14404.57,,SETTLED
pay_80060843ea1d43,MID_RAZOR_991,ORD-2026-2289,UPI,NA,setl_7305a8f655,2026-04-15 22:15:55,9728.29,194.57,35.02,9498.7,,SETTLED
pay_4ade682340e849,MID_RAZOR_991,ORD-2026-2290,DEBIT_CARD,RuPay,setl_1f5151e42d,2026-04-15 22:30:21,930.17,18.6,3.35,908.22,,SETTLED
pay_a3a4fe3504ce4a,MID_RAZOR_991,ORD-2026-2291,UPI,NA,setl_ed42b9c851,2026-04-15 22:45:00,1385.32,27.71,4.99,1352.62,,SETTLED
pay_9e3cfd158d0d47,MID_RAZOR_991,ORD-2026-2292,UPI,NA,setl_a1c6c03862,2026-04-15 23:00:13,8073.85,161.48,29.07,7883.3,,SETTLED
pay_b0b9dcdd6b1545,MID_RAZOR_991,ORD-2026-2293,DEBIT_CARD,Visa,setl_22e97a85e0,2026-04-15 23:15:30,11475.22,229.5,41.31,11204.41,,SETTLED
pay_ddafa21ca8bc4c,MID_RAZOR_991,ORD-2026-2294,DEBIT_CARD,RuPay,setl_88d06ab92a,2026-04-15 23:30:23,10143.64,202.87,36.52,9904.25,,SETTLED
pay_b4439cde22ef40,MID_RAZOR_991,ORD-2026-2295,DEBIT_CARD,RuPay,setl_702752d5be,2026-04-15 23:45:00,7125.33,142.51,25.65,6957.17,,SETTLED
pay_1a8362d934434d,MID_RAZOR_991,ORD-2026-2296,UPI,NA,setl_2273ac2ee3,2026-04-16 00:00:55,8194.13,163.88,29.5,8000.75,,SETTLED
pay_4f66e039d7314d,MID_RAZOR_991,ORD-2026-2297,NETBANKING,NA,setl_b46926e919,2026-04-16 00:15:32,6490.34,129.81,23.37,6337.16,,SETTLED
pay_a5160389f3264a,MID_RAZOR_991,ORD-2026-2298,DEBIT_CARD,RuPay,setl_121bad3f02,2026-04-16 00:30:40,5722.98,114.46,20.6,5587.92,,SETTLED
pay_95e49b72d35d48,MID_RAZOR_991,ORD-2026-2299,CREDIT_CARD,Mastercard,setl_32d901058d,2026-04-16 00:45:31,6302.4,126.05,22.69,6153.66,,SETTLED
pay_0d5b0f4bb07a47,MID_RAZOR_991,ORD-2026-2300,UPI,NA,setl_851b9f0e19,2026-04-16 01:00:46,6080.45,121.61,21.89,5936.95,,SETTLED
pay_dee2a429a7f64a,MID_RAZOR_991,ORD-2026-2301,UPI,NA,setl_74f33744f7,2026-04-16 01:15:08,7719.91,154.4,27.79,7537.72,,SETTLED
pay_c7cafd03b11040,MID_RAZOR_991,ORD-2026-2302,CREDIT_CARD,Visa,setl_4e957cfae9,2026-04-16 01:30:07,7491.44,149.83,26.97,7314.64,,SETTLED
pay_246964ebd52249,MID_RAZOR_991,ORD-2026-2303,UPI,NA,setl_91cacbb6c2,2026-04-16 01:45:06,6805.95,136.12,24.5,6645.33,,SETTLED
pay_e4684334d9eb42,MID_RAZOR_991,ORD-2026-2304,DEBIT_CARD,RuPay,setl_d3c81c2926,2026-04-16 02:00:46,4235.61,84.71,15.25,4135.65,,SETTLED
pay_aa6e1546e46f4f,MID_RAZOR_991,ORD-2026-2305,NETBANKING,NA,setl_e4ca1c8b4f,2026-04-16 02:15:05,12035.34,240.71,43.33,11751.3,,SETTLED
pay_57d5391e1b024c,MID_RAZOR_991,ORD-2026-2306,UPI,NA,setl_2354dca14e,2026-04-16 02:30:41,5476.77,109.54,19.72,5347.51,,SETTLED
pay_a6dc37e2fcac44,MID_RAZOR_991,ORD-2026-2307,NETBANKING,NA,setl_64b8be5fe5,2026-04-16 02:45:51,3883.83,77.68,13.98,3792.17,,SETTLED
pay_0d9374639e7342,MID_RAZOR_991,ORD-2026-2308,UPI,NA,setl_1af7348dfc,2026-04-16 03:00:21,11238.43,224.77,40.46,10973.2,,SETTLED
pay_cededd2a65344e,MID_RAZOR_991,ORD-2026-2309,DEBIT_CARD,Visa,setl_39fce20f51,2026-04-16 03:15:36,11185.31,223.71,40.27,10921.33,,SETTLED
pay_afa8ff3ece4d44,MID_RAZOR_991,ORD-2026-2310,NETBANKING,NA,setl_a0df78ce77,2026-04-16 03:30:27,5134.82,102.7,18.49,5013.63,,SETTLED
pay_9344c5f1be8a41,MID_RAZOR_991,ORD-2026-2311,CREDIT_CARD,RuPay,setl_eae28c1424,2026-04-16 03:45:25,633.23,12.66,2.28,618.29,,SETTLED
pay_bbee9419adbf48,MID_RAZOR_991,ORD-2026-2312,CREDIT_CARD,Visa,setl_c2a0036758,2026-04-16 04:00:43,7108.88,142.18,25.59,6941.11,,SETTLED
pay_1237cfb4112946,MID_RAZOR_991,ORD-2026-2313,UPI,NA,setl_d0be73e881,2026-04-16 04:15:38,5142.02,102.84,18.51,5020.67,,SETTLED
pay_6ca5c414af704a,MID_RAZOR_991,ORD-2026-2314,NETBANKING,NA,setl_1f11a7bdca,2026-04-16 04:30:40,12515.97,250.32,45.06,12220.59,,SETTLED
pay_c7548b6736da4d,MID_RAZOR_991,ORD-2026-2315,UPI,NA,setl_7237eaf528,2026-04-16 04:45:51,5330.6,106.61,19.19,5204.8,,SETTLED
pay_8f54f6374b574f,MID_RAZOR_991,ORD-2026-2316,UPI,NA,setl_ab325a7768,2026-04-16 05:00:59,13048.76,260.98,46.98,12740.8,,SETTLED
pay_ac9524d3baca4b,MID_RAZOR_991,ORD-2026-2317,CREDIT_CARD,RuPay,setl_413975e7bf,2026-04-16 05:15:35,6188.14,123.76,22.28,6042.1,,SETTLED
pay_40d381dc8f9645,MID_RAZOR_991,ORD-2026-2318,NETBANKING,NA,setl_e217b9f8c7,2026-04-16 05:30:25,1541.44,30.83,5.55,1505.06,,SETTLED
pay_00b8cc1c44a249,MID_RAZOR_991,ORD-2026-2319,NETBANKING,NA,setl_01c9d48070,2026-04-16 05:45:06,2398.06,47.96,8.63,2341.47,,SETTLED
pay_fc84862651904e,MID_RAZOR_991,ORD-2026-2320,CREDIT_CARD,Mastercard,setl_b648af3805,2026-04-16 06:00:08,6907.31,138.15,24.87,6744.29,,SETTLED
pay_6b93f47ff27549,MID_RAZOR_991,ORD-2026-2321,CREDIT_CARD,Mastercard,setl_4f34ae1c7e,2026-04-16 06:15:41,632.42,12.65,2.28,617.49,,SETTLED
pay_549298f189284d,MID_RAZOR_991,ORD-2026-2322,NETBANKING,NA,setl_c7b96fc79c,2026-04-16 06:30:27,10351.96,207.04,37.27,10107.65,,SETTLED
pay_b18e3557dfad4e,MID_RAZOR_991,ORD-2026-2323,CREDIT_CARD,RuPay,setl_fcbfddc2b1,2026-04-16 06:45:07,14714.01,294.28,52.97,14366.76,,SETTLED
pay_04630470a0c44b,MID_RAZOR_991,ORD-2026-2324,NETBANKING,NA,setl_6e07f780f8,2026-04-16 07:00:15,992.9,19.86,3.57,969.47,,SETTLED
pay_db0edb44e2f64b,MID_RAZOR_991,ORD-2026-2325,CREDIT_CARD,Mastercard,setl_21ab925099,2026-04-16 07:15:47,5942.89,118.86,21.39,5802.64,,SETTLED
pay_7a92350e01b74b,MID_RAZOR_991,ORD-2026-2326,NETBANKING,NA,setl_2c168abc51,2026-04-16 07:30:23,668.24,13.36,2.4,652.48,,SETTLED
pay_c71c7cc068be4e,MID_RAZOR_991,ORD-2026-2327,CREDIT_CARD,RuPay,setl_c925bd8b8b,2026-04-16 07:45:37,8808.24,176.16,31.71,8600.37,,SETTLED
pay_5ccb0d8899cc41,MID_RAZOR_991,ORD-2026-2328,CREDIT_CARD,Visa,setl_6cb409c746,2026-04-16 08:00:30,14999.34,299.99,54.0,14645.35,,SETTLED
pay_05f852a8c32d45,MID_RAZOR_991,ORD-2026-2329,DEBIT_CARD,RuPay,setl_02f142ce91,2026-04-16 08:15:45,13678.77,273.58,49.24,13355.95,,SETTLED
pay_58bee0b1d48442,MID_RAZOR_991,ORD-2026-2330,UPI,NA,setl_1be8cad633,2026-04-16 08:30:25,8562.87,171.26,30.83,8360.78,,SETTLED
pay_4e96863b43954b,MID_RAZOR_991,ORD-2026-2331,UPI,NA,setl_bb0b6ed141,2026-04-16 08:45:48,11418.33,228.37,41.11,11148.85,,SETTLED
pay_6b6f98668fc347,MID_RAZOR_991,ORD-2026-2332,NETBANKING,NA,setl_a37f9a09a0,2026-04-16 09:00:51,5057.29,101.15,18.21,4937.93,,SETTLED
pay_a08ee2273fb948,MID_RAZOR_991,ORD-2026-2333,CREDIT_CARD,RuPay,setl_c57de4b740,2026-04-16 09:15:35,4223.03,84.46,15.2,4123.37,,SETTLED
pay_30eb5eccd1ea45,MID_RAZOR_991,ORD-2026-2334,CREDIT_CARD,Visa,setl_c26111c12f,2026-04-16 09:30:42,501.24,10.02,1.8,489.42,,SETTLED
pay_21df3dd4ea8947,MID_RAZOR_991,ORD-2026-2335,DEBIT_CARD,Mastercard,setl_989791daea,2026-04-16 09:45:34,6951.34,139.03,25.03,6787.28,,SETTLED
pay_4cd712b118a44a,MID_RAZOR_991,ORD-2026-2336,CREDIT_CARD,Mastercard,setl_f7f202fd07,2026-04-16 10:00:06,10107.95,202.16,36.39,9869.4,,SETTLED
pay_ec54045102bc4a,MID_RAZOR_991,ORD-2026-2337,DEBIT_CARD,RuPay,setl_0e146c6f53,2026-04-16 10:15:08,9231.09,184.62,33.23,9013.24,,SETTLED
pay_eb7b1d6c6bec45,MID_RAZOR_991,ORD-2026-2338,NETBANKING,NA,setl_1dff2f14aa,2026-04-16 10:30:04,8472.8,169.46,30.5,8272.84,,SETTLED
pay_6611ed2abd5945,MID_RAZOR_991,ORD-2026-2339,NETBANKING,NA,setl_057509ebb6,2026-04-16 10:45:29,1707.18,34.14,6.15,1666.89,,SETTLED
pay_f14967ce496148,MID_RAZOR_991,ORD-2026-2340,CREDIT_CARD,Mastercard,setl_4f37003101,2026-04-16 11:00:13,1523.09,30.46,5.48,1487.15,,SETTLED
pay_ea7ade22efcc46,MID_RAZOR_991,ORD-2026-2341,DEBIT_CARD,Mastercard,setl_87ba77b72a,2026-04-16 11:15:42,9892.68,197.85,35.61,9659.22,,SETTLED
pay_15a3329f2e4841,MID_RAZOR_991,ORD-2026-2342,CREDIT_CARD,Visa,setl_5e641eb451,2026-04-16 11:30:50,6787.59,135.75,24.43,6627.41,,SETTLED
pay_03859c472e6447,MID_RAZOR_991,ORD-2026-2343,UPI,NA,setl_65e2dc79c1,2026-04-16 11:45:34,2094.86,41.9,7.54,2045.42,,SETTLED
pay_1646893c58314d,MID_RAZOR_991,ORD-2026-2344,UPI,NA,setl_0b39393031,2026-04-16 12:00:23,13684.06,273.68,49.26,13361.12,,SETTLED
pay_56b648874d4541,MID_RAZOR_991,ORD-2026-2345,UPI,NA,setl_50322c9f7a,2026-04-16 12:15:24,14702.54,294.05,52.93,14355.56,,SETTLED
pay_467c011a6f974c,MID_RAZOR_991,ORD-2026-2346,CREDIT_CARD,Mastercard,setl_0574d235cb,2026-04-16 12:30:46,13194.92,263.9,47.5,12883.52,,SETTLED
pay_a566fc158fed4a,MID_RAZOR_991,ORD-2026-2347,DEBIT_CARD,Mastercard,setl_41d519919f,2026-04-16 12:45:17,9308.27,186.17,33.51,9088.59,,SETTLED
pay_c6832606035143,MID_RAZOR_991,ORD-2026-2348,NETBANKING,NA,setl_07172e2e80,2026-04-16 13:00:11,5505.01,110.1,19.82,5375.09,,SETTLED
pay_33991e4dc46041,MID_RAZOR_991,ORD-2026-2349,NETBANKING,NA,setl_76b6818646,2026-04-16 13:15:37,2349.8,47.0,8.46,2294.34,,SETTLED
pay_ec482a614e8e42,MID_RAZOR_991,ORD-2026-2350,CREDIT_CARD,RuPay,setl_5100354c71,2026-04-16 13:30:24,8729.63,174.59,31.43,8523.61,,SETTLED
pay_ae0cdb918dba45,MID_RAZOR_991,ORD-2026-2351,CREDIT_CARD,Mastercard,setl_be73e22cf1,2026-04-16 13:45:38,6564.53,131.29,23.63,6409.61,,SETTLED
pay_3aaf836271c748,MID_RAZOR_991,ORD-2026-2352,NETBANKING,NA,setl_1d54ef44f7,2026-04-16 14:00:32,4658.89,93.18,16.77,4548.94,,SETTLED
pay_6578e73ada564b,MID_RAZOR_991,ORD-2026-2353,CREDIT_CARD,Visa,setl_adcaf7df26,2026-04-16 14:15:40,12939.86,258.8,46.58,12634.48,,SETTLED
pay_6362ad2e88a74a,MID_RAZOR_991,ORD-2026-2354,UPI,NA,setl_051dbdacd9,2026-04-16 14:30:04,11084.32,221.69,39.9,10822.73,,SETTLED
pay_1958a39b58d84c,MID_RAZOR_991,ORD-2026-2355,DEBIT_CARD,Mastercard,setl_07a594b885,2026-04-16 14:45:59,7646.33,152.93,27.53,7465.87,,SETTLED
pay_622a086a8b0d4b,MID_RAZOR_991,ORD-2026-2356,CREDIT_CARD,Visa,setl_2856a198ad,2026-04-16 15:00:31,7967.67,159.35,28.68,7779.64,,SETTLED
pay_60667770335241,MID_RAZOR_991,ORD-2026-2357,CREDIT_CARD,Mastercard,setl_07aed0e679,2026-04-16 15:15:00,10855.32,217.11,39.08,10599.13,,SETTLED
pay_e473d9893c5a40,MID_RAZOR_991,ORD-2026-2358,UPI,NA,setl_7d6957f301,2026-04-16 15:30:38,7005.45,140.11,25.22,6840.12,,SETTLED
pay_81e5278fbace47,MID_RAZOR_991,ORD-2026-2359,CREDIT_CARD,RuPay,setl_33a013e1c5,2026-04-16 15:45:23,12671.43,253.43,45.62,12372.38,,SETTLED
pay_13aadee7b5a546,MID_RAZOR_991,ORD-2026-2360,CREDIT_CARD,Visa,setl_9a24617eeb,2026-04-16 16:00:07,5400.4,108.01,19.44,5272.95,,SETTLED
pay_3190fbd1852d49,MID_RAZOR_991,ORD-2026-2361,DEBIT_CARD,Visa,setl_81d6884716,2026-04-16 16:15:18,4338.89,86.78,15.62,4236.49,,SETTLED
pay_d4d510172b5846,MID_RAZOR_991,ORD-2026-2362,CREDIT_CARD,Visa,setl_87f02c2385,2026-04-16 16:30:59,14030.12,280.6,50.51,13699.01,,SETTLED
pay_c703451066754b,MID_RAZOR_991,ORD-2026-2363,UPI,NA,setl_18d931bf65,2026-04-16 16:45:22,585.42,11.71,2.11,571.6,,SETTLED
pay_8c14932d63224e,MID_RAZOR_991,ORD-2026-2364,UPI,NA,setl_dcbe521525,2026-04-16 17:00:22,13407.85,268.16,48.27,13091.42,,SETTLED
pay_e58bad1cc33042,MID_RAZOR_991,ORD-2026-2365,NETBANKING,NA,setl_bbccbac410,2026-04-16 17:15:31,3364.39,67.29,12.11,3284.99,,SETTLED
pay_e0060d560b5241,MID_RAZOR_991,ORD-2026-2366,UPI,NA,setl_331dfb8854,2026-04-16 17:30:09,11656.99,233.14,41.97,11381.88,,SETTLED
pay_d1322a62657246,MID_RAZOR_991,ORD-2026-2367,DEBIT_CARD,Visa,setl_6b40dabfa7,2026-04-16 17:45:27,13436.8,268.74,48.37,13119.69,,SETTLED
pay_444a10be06fb43,MID_RAZOR_991,ORD-2026-2368,NETBANKING,NA,setl_267998497e,2026-04-16 18:00:10,2528.18,50.56,9.1,2468.52,,SETTLED
pay_e107d9596f1243,MID_RAZOR_991,ORD-2026-2369,CREDIT_CARD,RuPay,setl_9d04090e91,2026-04-16 18:15:12,4631.05,92.62,16.67,4521.76,,SETTLED
pay_77d4b804a8a543,MID_RAZOR_991,ORD-2026-2370,UPI,NA,setl_bcf278412d,2026-04-16 18:30:10,10159.97,203.2,36.58,9920.19,,SETTLED
pay_cc5200c3eb1841,MID_RAZOR_991,ORD-2026-2371,NETBANKING,NA,setl_cf78be00cd,2026-04-16 18:45:51,10385.18,207.7,37.39,10140.09,,SETTLED
pay_5da6e32dc9964a,MID_RAZOR_991,ORD-2026-2372,NETBANKING,NA,setl_056b3f82f5,2026-04-16 19:00:32,11026.92,220.54,39.7,10766.68,,SETTLED
pay_ac042d389e5544,MID_RAZOR_991,ORD-2026-2373,UPI,NA,setl_acef403401,2026-04-16 19:15:08,2755.36,55.11,9.92,2690.33,,SETTLED
pay_29fc24ee143e46,MID_RAZOR_991,ORD-2026-2374,UPI,NA,setl_c95bc0da15,2026-04-16 19:30:43,12532.62,250.65,45.12,12236.85,,SETTLED
pay_4b887b489a8f47,MID_RAZOR_991,ORD-2026-2375,NETBANKING,NA,setl_fc461ea518,2026-04-16 19:45:18,4592.24,91.84,16.53,4483.87,,SETTLED
pay_86fd374fe5cb47,MID_RAZOR_991,ORD-2026-2376,CREDIT_CARD,RuPay,setl_1f95725655,2026-04-16 20:00:17,11617.55,232.35,41.82,11343.38,,SETTLED
pay_72e71f95736e4b,MID_RAZOR_991,ORD-2026-2377,NETBANKING,NA,setl_a0d7c295c7,2026-04-16 20:15:12,7371.45,147.43,26.54,7197.48,,SETTLED
pay_f9dd317b4fef4a,MID_RAZOR_991,ORD-2026-2378,CREDIT_CARD,RuPay,setl_af2d7e695d,2026-04-16 20:30:54,9072.34,181.45,32.66,8858.23,,SETTLED
pay_386a9975335c40,MID_RAZOR_991,ORD-2026-2379,UPI,NA,setl_d1fd053a59,2026-04-16 20:45:17,14860.78,297.22,53.5,14510.06,,SETTLED
pay_3908bd02cf334f,MID_RAZOR_991,ORD-2026-2380,UPI,NA,setl_70b7effbbc,2026-04-16 21:00:55,1238.85,24.78,4.46,1209.61,,SETTLED
pay_f33782fe6e1249,MID_RAZOR_991,ORD-2026-2381,CREDIT_CARD,RuPay,setl_ce7ceaeb6c,2026-04-16 21:15:21,6678.1,133.56,24.04,6520.5,,SETTLED
pay_3f71f28b5ccc43,MID_RAZOR_991,ORD-2026-2382,DEBIT_CARD,RuPay,setl_ff11ba1b92,2026-04-16 21:30:17,5771.85,115.44,20.78,5635.63,,SETTLED
pay_abd0d703736747,MID_RAZOR_991,ORD-2026-2383,UPI,NA,setl_f58164ce62,2026-04-16 21:45:11,1092.89,21.86,3.93,1067.1,,SETTLED
pay_de2275058cab49,MID_RAZOR_991,ORD-2026-2384,DEBIT_CARD,Visa,setl_caf3b66c29,2026-04-16 22:00:17,13672.99,273.46,49.22,13350.31,,SETTLED
pay_1b7d39fb91be48,MID_RAZOR_991,ORD-2026-2385,DEBIT_CARD,Visa,setl_d8af398510,2026-04-16 22:15:19,2117.16,42.34,7.62,2067.2,,SETTLED
pay_f3ea462df2b044,MID_RAZOR_991,ORD-2026-2386,DEBIT_CARD,Visa,setl_8b590ba6fd,2026-04-16 22:30:47,12245.51,244.91,44.08,11956.52,,SETTLED
pay_6c7446c05c1d4f,MID_RAZOR_991,ORD-2026-2387,DEBIT_CARD,RuPay,setl_76f9cc59fd,2026-04-16 22:45:37,6068.72,121.37,21.85,5925.5,,SETTLED
pay_5cc8f93146804c,MID_RAZOR_991,ORD-2026-2388,UPI,NA,setl_f9e2981c68,2026-04-16 23:00:02,9005.14,180.1,32.42,8792.62,,SETTLED
pay_945fcf83585a46,MID_RAZOR_991,ORD-2026-2389,UPI,NA,setl_53bd41728f,2026-04-16 23:15:34,9475.65,189.51,34.11,9252.03,,SETTLED
pay_0e7644eb696740,MID_RAZOR_991,ORD-2026-2390,CREDIT_CARD,Mastercard,setl_0d8a5894e7,2026-04-16 23:30:46,2728.25,54.56,9.82,2663.87,,SETTLED
pay_2c1e172411fd4b,MID_RAZOR_991,ORD-2026-2391,DEBIT_CARD,Mastercard,setl_b9b8062f06,2026-04-16 23:45:22,13476.24,269.52,48.51,13158.21,,SETTLED
pay_00d5ac2c78eb4f,MID_RAZOR_991,ORD-2026-2392,UPI,NA,setl_82e19a1016,2026-04-17 00:00:30,6575.56,131.51,23.67,6420.38,,SETTLED
pay_2028e7200fff4a,MID_RAZOR_991,ORD-2026-2393,CREDIT_CARD,Visa,setl_320a028c1d,2026-04-17 00:15:02,14359.14,287.18,51.69,14020.27,,SETTLED
pay_063bbae4d3c34a,MID_RAZOR_991,ORD-2026-2394,NETBANKING,NA,setl_d674892359,2026-04-17 00:30:31,10428.07,208.56,37.54,10181.97,,SETTLED
pay_89aa0a863d0349,MID_RAZOR_991,ORD-2026-2395,NETBANKING,NA,setl_016fcbf544,2026-04-17 00:45:35,11800.9,236.02,42.48,11522.4,,SETTLED
pay_0053405e903245,MID_RAZOR_991,ORD-2026-2396,UPI,NA,setl_206086e1fa,2026-04-17 01:00:10,8792.52,175.85,31.65,8585.02,,SETTLED
pay_208d4f05d74443,MID_RAZOR_991,ORD-2026-2397,DEBIT_CARD,Visa,setl_aa04dc0a44,2026-04-17 01:15:54,3694.88,73.9,13.3,3607.68,,SETTLED
pay_3b59aa28017d41,MID_RAZOR_991,ORD-2026-2398,UPI,NA,setl_64ec1a1cd4,2026-04-17 01:30:34,3954.14,79.08,14.23,3860.83,,SETTLED
pay_d6685c42f7804e,MID_RAZOR_991,ORD-2026-2399,CREDIT_CARD,Visa,setl_05b1b146f2,2026-04-17 01:45:55,11964.01,239.28,43.07,11681.66,,SETTLED
pay_9566fc76ad0747,MID_RAZOR_991,ORD-2026-2400,DEBIT_CARD,Mastercard,setl_9c1cdb1cbe,2026-04-17 02:00:38,14597.17,291.94,52.55,14252.68,,SETTLED
pay_2ae8fdadf69942,MID_RAZOR_991,ORD-2026-2401,CREDIT_CARD,Visa,setl_ff9e2e559a,2026-04-17 02:15:57,9366.49,187.33,33.72,9145.44,,SETTLED
pay_bd3440dba1e947,MID_RAZOR_991,ORD-2026-2402,DEBIT_CARD,RuPay,setl_7d34eb1b71,2026-04-17 02:30:46,14495.8,289.92,52.19,14153.69,,SETTLED
pay_090af3e5dc6640,MID_RAZOR_991,ORD-2026-2403,UPI,NA,setl_263df8e0ae,2026-04-17 02:45:46,11313.66,226.27,40.73,11046.66,,SETTLED
pay_b3a1a190fd1446,MID_RAZOR_991,ORD-2026-2404,CREDIT_CARD,Visa,setl_79362eaefb,2026-04-17 03:00:14,5201.81,104.04,18.73,5079.04,,SETTLED
pay_30f605008eb84e,MID_RAZOR_991,ORD-2026-2405,NETBANKING,NA,setl_131372b383,2026-04-17 03:15:09,6967.81,139.36,25.08,6803.37,,SETTLED
pay_0fc47b2a5ee14a,MID_RAZOR_991,ORD-2026-2406,UPI,NA,setl_1725b46af6,2026-04-17 03:30:31,3131.95,62.64,11.28,3058.03,,SETTLED
pay_3b67eb175e3d4e,MID_RAZOR_991,ORD-2026-2407,CREDIT_CARD,Mastercard,setl_de0cd7ea11,2026-04-17 03:45:18,805.19,16.1,2.9,786.19,,SETTLED
pay_61e284ef8fb845,MID_RAZOR_991,ORD-2026-2408,UPI,NA,setl_df50fa5cbb,2026-04-17 04:00:09,1544.71,30.89,5.56,1508.26,,SETTLED
pay_52792cd5b8564c,MID_RAZOR_991,ORD-2026-2409,CREDIT_CARD,Mastercard,setl_e8c864706e,2026-04-17 04:15:48,12215.89,244.32,43.98,11927.59,,SETTLED
pay_5bc2ca07deec4c,MID_RAZOR_991,ORD-2026-2410,UPI,NA,setl_0ae2909bd0,2026-04-17 04:30:48,12542.5,250.85,45.15,12246.5,,SETTLED
pay_6af80bd124d845,MID_RAZOR_991,ORD-2026-2411,DEBIT_CARD,RuPay,setl_6297aa75a2,2026-04-17 04:45:40,9194.74,183.89,33.1,8977.75,,SETTLED
pay_d3a89b4fb0a242,MID_RAZOR_991,ORD-2026-2412,DEBIT_CARD,Mastercard,setl_35a29d10de,2026-04-17 05:00:05,3433.66,68.67,12.36,3352.63,,SETTLED
pay_f563db21539c4b,MID_RAZOR_991,ORD-2026-2413,DEBIT_CARD,Visa,setl_8aa330b5e0,2026-04-17 05:15:09,4035.23,80.7,14.53,3940.0,,SETTLED
pay_9821e9a311cd4b,MID_RAZOR_991,ORD-2026-2414,UPI,NA,setl_79570794a1,2026-04-17 05:30:01,12461.41,249.23,44.86,12167.32,,SETTLED
pay_63338e89248e43,MID_RAZOR_991,ORD-2026-2415,NETBANKING,NA,setl_3cb8f7100a,2026-04-17 05:45:09,517.55,10.35,1.86,505.34,,SETTLED
pay_7dc0389b14944e,MID_RAZOR_991,ORD-2026-2416,CREDIT_CARD,Visa,setl_ffcbc20fdc,2026-04-17 06:00:41,4659.27,93.19,16.77,4549.31,,SETTLED
pay_f7c49e8cb45642,MID_RAZOR_991,ORD-2026-2417,NETBANKING,NA,setl_ae9346aa47,2026-04-17 06:15:10,14866.14,297.32,53.52,14515.3,,SETTLED
pay_ab36a92274b74d,MID_RAZOR_991,ORD-2026-2418,DEBIT_CARD,RuPay,setl_772e536e40,2026-04-17 06:30:23,13888.13,277.76,50.0,13560.37,,SETTLED
pay_30c4ac216c574f,MID_RAZOR_991,ORD-2026-2419,NETBANKING,NA,setl_f4701ec6c6,2026-04-17 06:45:33,5355.24,107.1,19.28,5228.86,,SETTLED
pay_7dd72a8dd35b4b,MID_RAZOR_991,ORD-2026-2420,DEBIT_CARD,Mastercard,setl_200193fe74,2026-04-17 07:00:52,4661.58,93.23,16.78,4551.57,,SETTLED
pay_5f57a416821e4e,MID_RAZOR_991,ORD-2026-2421,UPI,NA,setl_4e6d49465b,2026-04-17 07:15:50,531.59,10.63,1.91,519.05,,SETTLED
pay_6f9fc3f7938f41,MID_RAZOR_991,ORD-2026-2422,NETBANKING,NA,setl_57f61d52d1,2026-04-17 07:30:28,10959.48,219.19,39.45,10700.84,,SETTLED
pay_af37f2393ac04c,MID_RAZOR_991,ORD-2026-2423,DEBIT_CARD,RuPay,setl_6d44b534e8,2026-04-17 07:45:05,5184.27,103.69,18.66,5061.92,,SETTLED
pay_a5adbef296574f,MID_RAZOR_991,ORD-2026-2424,DEBIT_CARD,Visa,setl_f50a7d9847,2026-04-17 08:00:27,7478.68,149.57,26.92,7302.19,,SETTLED
pay_7d3b5ca983a34d,MID_RAZOR_991,ORD-2026-2425,CREDIT_CARD,Mastercard,setl_1bbcd30b14,2026-04-17 08:15:58,4065.67,81.31,14.64,3969.72,,SETTLED
pay_4f42b9e5b84542,MID_RAZOR_991,ORD-2026-2426,NETBANKING,NA,setl_da0c86281c,2026-04-17 08:30:34,8275.08,165.5,29.79,8079.79,,SETTLED
pay_b097bcfeeb1440,MID_RAZOR_991,ORD-2026-2427,NETBANKING,NA,setl_69cf2578c7,2026-04-17 08:45:33,8879.21,177.58,31.96,8669.67,,SETTLED
pay_6bb64ed3f4d841,MID_RAZOR_991,ORD-2026-2428,UPI,NA,setl_b9e405dc54,2026-04-17 09:00:13,14911.63,298.23,53.68,14559.72,,SETTLED
pay_a5e0312ac3ad43,MID_RAZOR_991,ORD-2026-2429,UPI,NA,setl_e818233291,2026-04-17 09:15:03,13714.75,274.3,49.37,13391.08,,SETTLED
pay_7ec8a58b54de44,MID_RAZOR_991,ORD-2026-2430,NETBANKING,NA,setl_dacb6c2662,2026-04-17 09:30:15,3555.69,71.11,12.8,3471.78,,SETTLED
pay_666b73cef06c43,MID_RAZOR_991,ORD-2026-2431,CREDIT_CARD,Visa,setl_e86ffcdb05,2026-04-17 09:45:46,882.03,17.64,3.18,861.21,,SETTLED
pay_1013bf67bc5842,MID_RAZOR_991,ORD-2026-2432,UPI,NA,setl_175fdb3119,2026-04-17 10:00:30,12642.84,252.86,45.51,12344.47,,SETTLED
pay_95fd55bd5a0641,MID_RAZOR_991,ORD-2026-2433,UPI,NA,setl_25cd8a77d1,2026-04-17 10:15:15,1617.45,32.35,5.82,1579.28,,SETTLED
pay_03ffae5af0da4e,MID_RAZOR_991,ORD-2026-2434,CREDIT_CARD,Mastercard,setl_5e947514a5,2026-04-17 10:30:33,10629.18,212.58,38.26,10378.34,,SETTLED
pay_2c0700aa03eb43,MID_RAZOR_991,ORD-2026-2435,NETBANKING,NA,setl_dda47855a5,2026-04-17 10:45:50,9850.28,197.01,35.46,9617.81,,SETTLED
pay_881097dc070d4a,MID_RAZOR_991,ORD-2026-2436,UPI,NA,setl_713e4bbcc9,2026-04-17 11:00:38,11391.43,227.83,41.01,11122.59,,SETTLED
pay_fa98be53033246,MID_RAZOR_991,ORD-2026-2437,NETBANKING,NA,setl_ff8097b127,2026-04-17 11:15:43,14249.51,284.99,51.3,13913.22,,SETTLED
pay_8f5ff52c98cd4e,MID_RAZOR_991,ORD-2026-2438,DEBIT_CARD,Mastercard,setl_ebadca76ed,2026-04-17 11:30:14,6643.22,132.86,23.91,6486.45,,SETTLED
pay_a239166e984e4a,MID_RAZOR_991,ORD-2026-2439,CREDIT_CARD,Visa,setl_c5fbc46111,2026-04-17 11:45:39,1311.95,26.24,4.72,1280.99,,SETTLED
pay_d2e41c4500e544,MID_RAZOR_991,ORD-2026-2440,UPI,NA,setl_aa121320f3,2026-04-17 12:00:52,10540.19,210.8,37.94,10291.45,,SETTLED
pay_66d1ae8a94af4a,MID_RAZOR_991,ORD-2026-2441,NETBANKING,NA,setl_8a6182c37d,2026-04-17 12:15:10,1292.74,25.85,4.65,1262.24,,SETTLED
pay_e4df2036377246,MID_RAZOR_991,ORD-2026-2442,UPI,NA,setl_084abb07e6,2026-04-17 12:30:06,1628.22,32.56,5.86,1589.8,,SETTLED
pay_a339f54e64c040,MID_RAZOR_991,ORD-2026-2443,UPI,NA,setl_ab3fd9dfda,2026-04-17 12:45:04,3572.69,71.45,12.86,3488.38,,SETTLED
pay_0d9cdc0151834c,MID_RAZOR_991,ORD-2026-2444,UPI,NA,setl_32bad17732,2026-04-17 13:00:15,4402.94,88.06,15.85,4299.03,,SETTLED
pay_cad7ebedd73444,MID_RAZOR_991,ORD-2026-2445,DEBIT_CARD,RuPay,setl_caed70e6c8,2026-04-17 13:15:19,622.94,12.46,2.24,608.24,,SETTLED
pay_30fbe208387c49,MID_RAZOR_991,ORD-2026-2446,NETBANKING,NA,setl_ab2a771087,2026-04-17 13:30:46,5659.64,113.19,20.37,5526.08,,SETTLED
pay_78888d46754648,MID_RAZOR_991,ORD-2026-2447,NETBANKING,NA,setl_2bf952920d,2026-04-17 13:45:57,11251.04,225.02,40.5,10985.52,,SETTLED
pay_a456061e45434d,MID_RAZOR_991,ORD-2026-2448,NETBANKING,NA,setl_ba67e7fa3c,2026-04-17 14:00:30,9002.19,180.04,32.41,8789.74,,SETTLED
pay_190d7d0bb04d4a,MID_RAZOR_991,ORD-2026-2449,NETBANKING,NA,setl_e3f05611d4,2026-04-17 14:15:05,13335.46,266.71,48.01,13020.74,,SETTLED
pay_2f80d252e35841,MID_RAZOR_991,ORD-2026-2450,CREDIT_CARD,Mastercard,setl_d6ce9df047,2026-04-17 14:30:10,14904.54,298.09,53.66,14552.79,,SETTLED
pay_7db3dee3a92b45,MID_RAZOR_991,ORD-2026-2451,DEBIT_CARD,Visa,setl_73e2d5e613,2026-04-17 14:45:50,2402.36,48.05,8.65,2345.66,,SETTLED
pay_570a37928d2d41,MID_RAZOR_991,ORD-2026-2452,UPI,NA,setl_333ed4e698,2026-04-17 15:00:57,10835.06,216.7,39.01,10579.35,,SETTLED
pay_81e36e815ce14f,MID_RAZOR_991,ORD-2026-2453,UPI,NA,setl_ddd88166a0,2026-04-17 15:15:09,8720.06,174.4,31.39,8514.27,,SETTLED
pay_ca5123b9b6b942,MID_RAZOR_991,ORD-2026-2454,UPI,NA,setl_b1bb8b5bc2,2026-04-17 15:30:31,1864.65,37.29,6.71,1820.65,,SETTLED
pay_1b7603c0d3ea42,MID_RAZOR_991,ORD-2026-2455,DEBIT_CARD,Visa,setl_aa624cc846,2026-04-17 15:45:05,1531.44,30.63,5.51,1495.3,,SETTLED
pay_da4d8bf09b404f,MID_RAZOR_991,ORD-2026-2456,NETBANKING,NA,setl_5fe1a56f05,2026-04-17 16:00:41,13900.33,278.01,50.04,13572.28,,SETTLED
pay_5fc43d83ebac4a,MID_RAZOR_991,ORD-2026-2457,DEBIT_CARD,Visa,setl_fe713754b0,2026-04-17 16:15:26,12926.51,258.53,46.54,12621.44,,SETTLED
pay_15762aa067bd4b,MID_RAZOR_991,ORD-2026-2458,DEBIT_CARD,Visa,setl_987fd5859e,2026-04-17 16:30:05,10391.91,207.84,37.41,10146.66,,SETTLED
pay_c3614a3c8a1244,MID_RAZOR_991,ORD-2026-2459,UPI,NA,setl_0d9846a43d,2026-04-17 16:45:39,14672.76,293.46,52.82,14326.48,,SETTLED
pay_fd8225008a704c,MID_RAZOR_991,ORD-2026-2460,UPI,NA,setl_3c76e0ec24,2026-04-17 17:00:09,12869.37,257.39,46.33,12565.65,,SETTLED
pay_a8b339bdde6343,MID_RAZOR_991,ORD-2026-2461,UPI,NA,setl_0cd56b02ab,2026-04-17 17:15:14,6129.23,122.58,22.06,5984.59,,SETTLED
pay_29809786c8094e,MID_RAZOR_991,ORD-2026-2462,NETBANKING,NA,setl_74086db0c1,2026-04-17 17:30:41,8259.18,165.18,29.73,8064.27,,SETTLED
pay_b98893aa38d046,MID_RAZOR_991,ORD-2026-2463,UPI,NA,setl_eecca10ecf,2026-04-17 17:45:58,14413.45,288.27,51.89,14073.29,,SETTLED
pay_db2f34db77bd40,MID_RAZOR_991,ORD-2026-2464,UPI,NA,setl_f881408859,2026-04-17 18:00:20,5465.14,109.3,19.67,5336.17,,SETTLED
pay_3a1203c0c75d46,MID_RAZOR_991,ORD-2026-2465,UPI,NA,setl_374af68a80,2026-04-17 18:15:17,7091.39,141.83,25.53,6924.03,,SETTLED
pay_d36c85b68fd541,MID_RAZOR_991,ORD-2026-2466,DEBIT_CARD,Mastercard,setl_cabac0f518,2026-04-17 18:30:02,14823.26,296.47,53.36,14473.43,,SETTLED
pay_192dc5f534ee42,MID_RAZOR_991,ORD-2026-2467,NETBANKING,NA,setl_36ef1efe30,2026-04-17 18:45:13,1284.12,25.68,4.62,1253.82,,SETTLED
pay_e489aab5c71545,MID_RAZOR_991,ORD-2026-2468,CREDIT_CARD,RuPay,setl_1ba01f05c7,2026-04-17 19:00:09,1504.26,30.09,5.42,1468.75,,SETTLED
pay_61b3c00f3e7448,MID_RAZOR_991,ORD-2026-2469,NETBANKING,NA,setl_0ca99bce60,2026-04-17 19:15:55,6585.97,131.72,23.71,6430.54,,SETTLED
pay_57c84aeaaa414b,MID_RAZOR_991,ORD-2026-2470,UPI,NA,setl_bc9987999f,2026-04-17 19:30:57,13573.81,271.48,48.87,13253.46,,SETTLED
pay_61cadeef47824a,MID_RAZOR_991,ORD-2026-2471,NETBANKING,NA,setl_6e8ee7dc38,2026-04-17 19:45:30,7394.74,147.89,26.62,7220.23,,SETTLED
pay_122378966fd547,MID_RAZOR_991,ORD-2026-2472,NETBANKING,NA,setl_83c3bb9165,2026-04-17 20:00:52,644.01,12.88,2.32,628.81,,SETTLED
pay_0e56803ae39f44,MID_RAZOR_991,ORD-2026-2473,CREDIT_CARD,Visa,setl_9c814bb43e,2026-04-17 20:15:42,14802.34,296.05,53.29,14453.0,,SETTLED
pay_d5cd33536f1943,MID_RAZOR_991,ORD-2026-2474,CREDIT_CARD,Visa,setl_00152eeca1,2026-04-17 20:30:55,5087.91,101.76,18.32,4967.83,,SETTLED
pay_8072b928ee1343,MID_RAZOR_991,ORD-2026-2475,NETBANKING,NA,setl_9f314989cf,2026-04-17 20:45:53,12930.37,258.61,46.55,12625.21,,SETTLED
pay_0ee0a5fffa2040,MID_RAZOR_991,ORD-2026-2476,CREDIT_CARD,Visa,setl_65fb9c3df9,2026-04-17 21:00:44,8418.25,168.37,30.31,8219.57,,SETTLED
pay_b7c8ca458cd645,MID_RAZOR_991,ORD-2026-2477,CREDIT_CARD,RuPay,setl_32c627da06,2026-04-17 21:15:43,8864.13,177.28,31.91,8654.94,,SETTLED
pay_dab268ae6e6941,MID_RAZOR_991,ORD-2026-2478,UPI,NA,setl_a4c95f6bc4,2026-04-17 21:30:44,7737.39,154.75,27.86,7554.78,,SETTLED
pay_54640a52260640,MID_RAZOR_991,ORD-2026-2479,NETBANKING,NA,setl_65019817dc,2026-04-17 21:45:33,14624.02,292.48,52.65,14278.89,,SETTLED
pay_ecfe1636afe441,MID_RAZOR_991,ORD-2026-2480,CREDIT_CARD,Mastercard,setl_675f3b9f11,2026-04-17 22:00:38,2858.53,57.17,10.29,2791.07,,SETTLED
pay_bb6f135aeba547,MID_RAZOR_991,ORD-2026-2481,NETBANKING,NA,setl_201e30c914,2026-04-17 22:15:40,4607.1,92.14,16.59,4498.37,,SETTLED
pay_82ccd49f05de4d,MID_RAZOR_991,ORD-2026-2482,UPI,NA,setl_f92b343276,2026-04-17 22:30:39,14021.2,280.42,50.48,13690.3,,SETTLED
pay_b93f52b147c946,MID_RAZOR_991,ORD-2026-2483,UPI,NA,setl_cb705b1ce5,2026-04-17 22:45:40,6939.5,138.79,24.98,6775.73,,SETTLED
pay_d1e555eccc3040,MID_RAZOR_991,ORD-2026-2484,CREDIT_CARD,RuPay,setl_3e602f5825,2026-04-17 23:00:49,7092.13,141.84,25.53,6924.76,,SETTLED
pay_03f0ad53a6d64d,MID_RAZOR_991,ORD-2026-2485,UPI,NA,setl_dc2e00cf42,2026-04-17 23:15:22,14530.43,290.61,52.31,14187.51,,SETTLED
pay_16899d5521ce43,MID_RAZOR_991,ORD-2026-2486,NETBANKING,NA,setl_f1707b148e,2026-04-17 23:30:00,14124.44,282.49,50.85,13791.1,,SETTLED
pay_8591fc44be2846,MID_RAZOR_991,ORD-2026-2487,DEBIT_CARD,Visa,setl_f22ab2c3f1,2026-04-17 23:45:53,13588.76,271.78,48.92,13268.06,,SETTLED
pay_057a3575b0a04a,MID_RAZOR_991,ORD-2026-2488,UPI,NA,setl_1defdb4d76,2026-04-18 00:00:00,880.58,17.61,3.17,859.8,,SETTLED
pay_62a3faf1ffa44c,MID_RAZOR_991,ORD-2026-2489,CREDIT_CARD,Mastercard,setl_7ecf5a566c,2026-04-18 00:15:27,4006.55,80.13,14.42,3912.0,,SETTLED
pay_e4cd32be8b204c,MID_RAZOR_991,ORD-2026-2490,UPI,NA,setl_b5e65efed5,2026-04-18 00:30:51,14013.14,280.26,50.45,13682.43,,SETTLED
pay_cd5eb185684a40,MID_RAZOR_991,ORD-2026-2491,CREDIT_CARD,Visa,setl_ae2ed03170,2026-04-18 00:45:57,5112.81,102.26,18.41,4992.14,,SETTLED
pay_401808a0e6e549,MID_RAZOR_991,ORD-2026-2492,CREDIT_CARD,Mastercard,setl_49c1512f57,2026-04-18 01:00:07,9655.9,193.12,34.76,9428.02,,SETTLED
pay_99b9f28551294a,MID_RAZOR_991,ORD-2026-2493,DEBIT_CARD,RuPay,setl_ed836c877a,2026-04-18 01:15:05,1852.35,37.05,6.67,1808.63,,SETTLED
pay_3a62bb2be3db4b,MID_RAZOR_991,ORD-2026-2494,CREDIT_CARD,RuPay,setl_bb8638ee1b,2026-04-18 01:30:39,10759.85,215.2,38.74,10505.91,,SETTLED
pay_78fa73e1532641,MID_RAZOR_991,ORD-2026-2495,CREDIT_CARD,Visa,setl_ecd27ac2ca,2026-04-18 01:45:40,9656.78,193.14,34.77,9428.87,,SETTLED
pay_82cf78c2a95741,MID_RAZOR_991,ORD-2026-2496,DEBIT_CARD,RuPay,setl_045ece2823,2026-04-18 02:00:34,12686.62,253.73,45.67,12387.22,,SETTLED
pay_242c9c98ba3f48,MID_RAZOR_991,ORD-2026-2497,UPI,NA,setl_09faeb48de,2026-04-18 02:15:59,2584.66,51.69,9.3,2523.67,,SETTLED
pay_022977473eeb4e,MID_RAZOR_991,ORD-2026-2498,NETBANKING,NA,setl_948254306e,2026-04-18 02:30:59,9140.47,182.81,32.91,8924.75,,SETTLED
pay_2853585560ee4c,MID_RAZOR_991,ORD-2026-2499,UPI,NA,setl_59535d9c75,2026-04-18 02:45:04,7666.55,153.33,27.6,7485.62,,SETTLED
pay_a9781ee1889a44,MID_RAZOR_991,ORD-2026-2500,UPI,NA,setl_87c9b18227,2026-04-18 03:00:26,1566.85,31.34,5.64,1529.87,,SETTLED
pay_15a6082d518f41,MID_RAZOR_991,ORD-2026-2501,DEBIT_CARD,Mastercard,setl_5653ed6859,2026-04-18 03:15:58,7037.74,140.75,25.33,6871.66,,SETTLED
pay_e5db7a691a434e,MID_RAZOR_991,ORD-2026-2502,UPI,NA,setl_a33dd93550,2026-04-18 03:30:07,14650.78,293.02,52.74,14305.02,,SETTLED
pay_5001db91d62243,MID_RAZOR_991,ORD-2026-2503,CREDIT_CARD,Mastercard,setl_4cea689464,2026-04-18 03:45:47,4190.26,83.81,15.09,4091.36,,SETTLED
pay_10e640331e8f4c,MID_RAZOR_991,ORD-2026-2504,UPI,NA,setl_286615d904,2026-04-18 04:00:33,7920.3,158.41,28.51,7733.38,,SETTLED
pay_77a23405fd044d,MID_RAZOR_991,ORD-2026-2505,UPI,NA,setl_aa09dd87bf,2026-04-18 04:15:20,2509.19,50.18,9.03,2449.98,,SETTLED
pay_57a0a5cd1eb442,MID_RAZOR_991,ORD-2026-2506,DEBIT_CARD,Visa,setl_5ae2201a01,2026-04-18 04:30:30,3388.94,67.78,12.2,3308.96,,SETTLED
pay_1c7d0f7b871146,MID_RAZOR_991,ORD-2026-2507,DEBIT_CARD,Visa,setl_7e74088c65,2026-04-18 04:45:47,12230.67,244.61,44.03,11942.03,,SETTLED
pay_fa4ef0bc9cd94f,MID_RAZOR_991,ORD-2026-2508,CREDIT_CARD,RuPay,setl_d99f3c89dd,2026-04-18 05:00:43,12767.52,255.35,45.96,12466.21,,SETTLED
pay_4fdf9e1e18ee4f,MID_RAZOR_991,ORD-2026-2509,DEBIT_CARD,RuPay,setl_0167207447,2026-04-18 05:15:50,3484.56,69.69,12.54,3402.33,,SETTLED
pay_bbb919c2683c40,MID_RAZOR_991,ORD-2026-2510,DEBIT_CARD,Visa,setl_e16e9e5059,2026-04-18 05:30:39,2059.61,41.19,7.41,2011.01,,SETTLED
pay_98a8f6f17b7a46,MID_RAZOR_991,ORD-2026-2511,DEBIT_CARD,Mastercard,setl_5f7dae9f99,2026-04-18 05:45:52,1431.86,28.64,5.16,1398.06,,SETTLED
pay_d7cdc90c17544a,MID_RAZOR_991,ORD-2026-2512,DEBIT_CARD,Mastercard,setl_8e550e039b,2026-04-18 06:00:52,13220.16,264.4,47.59,12908.17,,SETTLED
pay_855670b9680045,MID_RAZOR_991,ORD-2026-2513,CREDIT_CARD,Visa,setl_05624b0e61,2026-04-18 06:15:27,11968.0,239.36,43.08,11685.56,,SETTLED
pay_8cf611d02ff746,MID_RAZOR_991,ORD-2026-2514,DEBIT_CARD,Visa,setl_be2a86aaee,2026-04-18 06:30:09,11802.96,236.06,42.49,11524.41,,SETTLED
pay_2f848451e0a244,MID_RAZOR_991,ORD-2026-2515,DEBIT_CARD,RuPay,setl_d00c0fa8ac,2026-04-18 06:45:29,8728.3,174.57,31.42,8522.31,,SETTLED
pay_1086d0daccc14b,MID_RAZOR_991,ORD-2026-2516,DEBIT_CARD,Mastercard,setl_b28843c17a,2026-04-18 07:00:13,8145.3,162.91,29.32,7953.07,,SETTLED
pay_3701cb030f5248,MID_RAZOR_991,ORD-2026-2517,UPI,NA,setl_c66188ca18,2026-04-18 07:15:36,13443.63,268.87,48.4,13126.36,,SETTLED
pay_12eb9de189544e,MID_RAZOR_991,ORD-2026-2518,DEBIT_CARD,RuPay,setl_3c904d81c7,2026-04-18 07:30:12,1220.07,24.4,4.39,1191.28,,SETTLED
pay_58a2aeda1aaa4c,MID_RAZOR_991,ORD-2026-2519,NETBANKING,NA,setl_7d40ba663b,2026-04-18 07:45:07,2299.34,45.99,8.28,2245.07,,SETTLED
pay_40d6aad8e1a344,MID_RAZOR_991,ORD-2026-2520,CREDIT_CARD,Mastercard,setl_7248a3b865,2026-04-18 08:00:01,4633.04,92.66,16.68,4523.7,,SETTLED
pay_f2297ba4dfde4b,MID_RAZOR_991,ORD-2026-2521,UPI,NA,setl_c8e08b406f,2026-04-18 08:15:57,8235.27,164.71,29.65,8040.91,,SETTLED
pay_23bcd81ba38347,MID_RAZOR_991,ORD-2026-2522,UPI,NA,setl_779dd86db8,2026-04-18 08:30:30,1879.24,37.58,6.76,1834.9,,SETTLED
pay_115d605f2d924a,MID_RAZOR_991,ORD-2026-2523,DEBIT_CARD,Visa,setl_50a2de6618,2026-04-18 08:45:05,8568.53,171.37,30.85,8366.31,,SETTLED
pay_77c3ea781a8542,MID_RAZOR_991,ORD-2026-2524,DEBIT_CARD,Mastercard,setl_1c6225c298,2026-04-18 09:00:29,7653.38,153.07,27.55,7472.76,,SETTLED
pay_fc093e4f2a0648,MID_RAZOR_991,ORD-2026-2525,UPI,NA,setl_6c2a995477,2026-04-18 09:15:52,650.74,13.01,2.34,635.39,,SETTLED
pay_884de15341e04c,MID_RAZOR_991,ORD-2026-2526,CREDIT_CARD,RuPay,setl_872469f40d,2026-04-18 09:30:12,10999.56,219.99,39.6,10739.97,,SETTLED
pay_d97e01d24d4040,MID_RAZOR_991,ORD-2026-2527,DEBIT_CARD,RuPay,setl_6d3581adde,2026-04-18 09:45:07,1196.05,23.92,4.31,1167.82,,SETTLED
pay_129437920e804f,MID_RAZOR_991,ORD-2026-2528,NETBANKING,NA,setl_da1620e9e5,2026-04-18 10:00:17,10630.64,212.61,38.27,10379.76,,SETTLED
pay_5391ce6e093142,MID_RAZOR_991,ORD-2026-2529,DEBIT_CARD,RuPay,setl_285cbf1d3b,2026-04-18 10:15:48,8969.89,179.4,32.29,8758.2,,SETTLED
pay_8fa98346880346,MID_RAZOR_991,ORD-2026-2530,CREDIT_CARD,Mastercard,setl_48cbaa41b8,2026-04-18 10:30:30,10088.4,201.77,36.32,9850.31,,SETTLED
pay_99240c909f9546,MID_RAZOR_991,ORD-2026-2531,CREDIT_CARD,RuPay,setl_718302504e,2026-04-18 10:45:16,11609.93,232.2,41.8,11335.93,,SETTLED
pay_ea5ec05e45ac40,MID_RAZOR_991,ORD-2026-2532,CREDIT_CARD,Mastercard,setl_3382cb3432,2026-04-18 11:00:04,1589.59,31.79,5.72,1552.08,,SETTLED
pay_c331c58db0b241,MID_RAZOR_991,ORD-2026-2533,CREDIT_CARD,Visa,setl_2226ff980f,2026-04-18 11:15:52,6083.37,121.67,21.9,5939.8,,SETTLED
pay_ec6aa570876e44,MID_RAZOR_991,ORD-2026-2534,DEBIT_CARD,Visa,setl_60c1e14b1e,2026-04-18 11:30:45,7083.32,141.67,25.5,6916.15,,SETTLED
pay_e2a5b6c448fc40,MID_RAZOR_991,ORD-2026-2535,CREDIT_CARD,Visa,setl_4ae2a2d55f,2026-04-18 11:45:24,14638.44,292.77,52.7,14292.97,,SETTLED
pay_46a2d27756d647,MID_RAZOR_991,ORD-2026-2536,UPI,NA,setl_87a5be46c6,2026-04-18 12:00:17,6634.86,132.7,23.89,6478.27,,SETTLED
pay_d7d897386b784d,MID_RAZOR_991,ORD-2026-2537,NETBANKING,NA,setl_48844750ee,2026-04-18 12:15:56,2054.01,41.08,7.39,2005.54,,SETTLED
pay_f892fb16847848,MID_RAZOR_991,ORD-2026-2538,CREDIT_CARD,Visa,setl_6121a1e934,2026-04-18 12:30:01,7405.49,148.11,26.66,7230.72,,SETTLED
pay_f294caa432ae4b,MID_RAZOR_991,ORD-2026-2539,UPI,NA,setl_6a8b60a29a,2026-04-18 12:45:22,6756.37,135.13,24.32,6596.92,,SETTLED
pay_42ff4b0392ae4a,MID_RAZOR_991,ORD-2026-2540,DEBIT_CARD,RuPay,setl_7f20cd6c4e,2026-04-18 13:00:28,4452.54,89.05,16.03,4347.46,,SETTLED
pay_0ba62175853d49,MID_RAZOR_991,ORD-2026-2541,NETBANKING,NA,setl_317b190e85,2026-04-18 13:15:12,4763.09,95.26,17.15,4650.68,,SETTLED
pay_8c4a43fc9d434b,MID_RAZOR_991,ORD-2026-2542,NETBANKING,NA,setl_c3241b4678,2026-04-18 13:30:33,6786.7,135.73,24.43,6626.54,,SETTLED
pay_724d04772b444c,MID_RAZOR_991,ORD-2026-2543,CREDIT_CARD,RuPay,setl_d6348d1718,2026-04-18 13:45:03,13478.35,269.57,48.52,13160.26,,SETTLED
pay_7c9e0233fd0648,MID_RAZOR_991,ORD-2026-2544,DEBIT_CARD,RuPay,setl_45696c4fe8,2026-04-18 14:00:56,9493.2,189.86,34.17,9269.17,,SETTLED
pay_961224a3413849,MID_RAZOR_991,ORD-2026-2545,DEBIT_CARD,Visa,setl_74811869a5,2026-04-18 14:15:13,2979.92,59.6,10.73,2909.59,,SETTLED
pay_76032a7d550647,MID_RAZOR_991,ORD-2026-2546,DEBIT_CARD,Mastercard,setl_9966010511,2026-04-18 14:30:00,1866.52,37.33,6.72,1822.47,,SETTLED
pay_a08ae341d53945,MID_RAZOR_991,ORD-2026-2547,DEBIT_CARD,Mastercard,setl_141ac6ac71,2026-04-18 14:45:15,2968.37,59.37,10.69,2898.31,,SETTLED
pay_230b7a2f27084a,MID_RAZOR_991,ORD-2026-2548,CREDIT_CARD,RuPay,setl_5e0165e55b,2026-04-18 15:00:42,7381.71,147.63,26.57,7207.51,,SETTLED
pay_eecdc1046bf94f,MID_RAZOR_991,ORD-2026-2549,UPI,NA,setl_4015a78d15,2026-04-18 15:15:10,10348.44,206.97,37.25,10104.22,,SETTLED
pay_794f99b2504141,MID_RAZOR_991,ORD-2026-2550,UPI,NA,setl_cc3f91e6a7,2026-04-18 15:30:31,13161.67,263.23,47.38,12851.06,,SETTLED
pay_0cae02938fb04c,MID_RAZOR_991,ORD-2026-2551,DEBIT_CARD,RuPay,setl_6d916584ce,2026-04-18 15:45:33,7795.62,155.91,28.06,7611.65,,SETTLED
pay_0cf3c8c0da4f46,MID_RAZOR_991,ORD-2026-2552,DEBIT_CARD,Visa,setl_39dcc48824,2026-04-18 16:00:31,11154.82,223.1,40.16,10891.56,,SETTLED
pay_2320b4f99cb44a,MID_RAZOR_991,ORD-2026-2553,DEBIT_CARD,Visa,setl_9b46f59009,2026-04-18 16:15:00,12502.37,250.05,45.01,12207.31,,SETTLED
pay_f3c32463512e4b,MID_RAZOR_991,ORD-2026-2554,NETBANKING,NA,setl_35bf00acfa,2026-04-18 16:30:07,4414.09,88.28,15.89,4309.92,,SETTLED
pay_b383055b11b246,MID_RAZOR_991,ORD-2026-2555,NETBANKING,NA,setl_0aed3841d5,2026-04-18 16:45:54,3693.71,73.87,13.3,3606.54,,SETTLED
pay_22bf4aee0a414c,MID_RAZOR_991,ORD-2026-2556,NETBANKING,NA,setl_1801d4a6e6,2026-04-18 17:00:23,3491.46,69.83,12.57,3409.06,,SETTLED
pay_3dfc818668fd41,MID_RAZOR_991,ORD-2026-2557,DEBIT_CARD,Mastercard,setl_ae5184b13e,2026-04-18 17:15:43,8401.29,168.03,30.25,8203.01,,SETTLED
pay_3400a4c89f3242,MID_RAZOR_991,ORD-2026-2558,DEBIT_CARD,Visa,setl_c79d9e17a6,2026-04-18 17:30:25,9042.64,180.85,32.55,8829.24,,SETTLED
pay_6b6850fbbad842,MID_RAZOR_991,ORD-2026-2559,DEBIT_CARD,Mastercard,setl_96b2d5fc63,2026-04-18 17:45:07,6785.16,135.7,24.43,6625.03,,SETTLED
pay_a5289bd9925147,MID_RAZOR_991,ORD-2026-2560,UPI,NA,setl_83902b4a3f,2026-04-18 18:00:00,7734.44,154.69,27.84,7551.91,,SETTLED
pay_f52dbd949ae145,MID_RAZOR_991,ORD-2026-2561,DEBIT_CARD,Mastercard,setl_bc564e09b7,2026-04-18 18:15:35,10132.64,202.65,36.48,9893.51,,SETTLED
pay_c834433148984a,MID_RAZOR_991,ORD-2026-2562,DEBIT_CARD,RuPay,setl_95e0519a53,2026-04-18 18:30:29,1093.82,21.88,3.94,1068.0,,SETTLED
pay_ab3b700a1aca48,MID_RAZOR_991,ORD-2026-2563,DEBIT_CARD,RuPay,setl_1fef7b8500,2026-04-18 18:45:27,5607.71,112.15,20.19,5475.37,,SETTLED
pay_4cae76ac8d9c4c,MID_RAZOR_991,ORD-2026-2564,DEBIT_CARD,Mastercard,setl_5be76c11f0,2026-04-18 19:00:42,14398.6,287.97,51.83,14058.8,,SETTLED
pay_0e7209a258ee49,MID_RAZOR_991,ORD-2026-2565,CREDIT_CARD,Visa,setl_828c51fe03,2026-04-18 19:15:37,13814.77,276.3,49.73,13488.74,,SETTLED
pay_469b845d55db47,MID_RAZOR_991,ORD-2026-2566,CREDIT_CARD,Mastercard,setl_5444a23331,2026-04-18 19:30:40,6100.49,122.01,21.96,5956.52,,SETTLED
pay_d976d953868b4a,MID_RAZOR_991,ORD-2026-2567,DEBIT_CARD,RuPay,setl_8d89c7768a,2026-04-18 19:45:36,6819.34,136.39,24.55,6658.4,,SETTLED
pay_4ba22190989d44,MID_RAZOR_991,ORD-2026-2568,CREDIT_CARD,Visa,setl_088fe0aac4,2026-04-18 20:00:08,6536.53,130.73,23.53,6382.27,,SETTLED
pay_dfa3647afa5f45,MID_RAZOR_991,ORD-2026-2569,NETBANKING,NA,setl_1b1f173502,2026-04-18 20:15:34,3158.9,63.18,11.37,3084.35,,SETTLED
pay_cbb1599e220243,MID_RAZOR_991,ORD-2026-2570,DEBIT_CARD,Mastercard,setl_69559e1b51,2026-04-18 20:30:59,10434.87,208.7,37.57,10188.6,,SETTLED
pay_3d22d83d804f45,MID_RAZOR_991,ORD-2026-2571,NETBANKING,NA,setl_d0a4bb7f8d,2026-04-18 20:45:26,7188.62,143.77,25.88,7018.97,,SETTLED
pay_24ca91a9b52443,MID_RAZOR_991,ORD-2026-2572,DEBIT_CARD,RuPay,setl_e9f5a90a5e,2026-04-18 21:00:37,7927.0,158.54,28.54,7739.92,,SETTLED
pay_34196388e3604e,MID_RAZOR_991,ORD-2026-2573,DEBIT_CARD,RuPay,setl_cf0cd60f7c,2026-04-18 21:15:48,12754.06,255.08,45.91,12453.07,,SETTLED
pay_051aee166e914f,MID_RAZOR_991,ORD-2026-2574,NETBANKING,NA,setl_72280dc90b,2026-04-18 21:30:53,1288.02,25.76,4.64,1257.62,,SETTLED
pay_e0703e99bf6148,MID_RAZOR_991,ORD-2026-2575,UPI,NA,setl_3fd95589e0,2026-04-18 21:45:52,4713.37,94.27,16.97,4602.13,,SETTLED
pay_f1874c22db554c,MID_RAZOR_991,ORD-2026-2576,UPI,NA,setl_2fc36faaa4,2026-04-18 22:00:47,8976.95,179.54,32.32,8765.09,,SETTLED
pay_0e4bd1365cc842,MID_RAZOR_991,ORD-2026-2577,CREDIT_CARD,Mastercard,setl_92fa52267d,2026-04-18 22:15:09,8649.71,172.99,31.14,8445.58,,SETTLED
pay_615aaa39414342,MID_RAZOR_991,ORD-2026-2578,CREDIT_CARD,Visa,setl_8ea73aad90,2026-04-18 22:30:40,5007.92,100.16,18.03,4889.73,,SETTLED
pay_5401f0d83cfb4c,MID_RAZOR_991,ORD-2026-2579,UPI,NA,setl_240cda8faa,2026-04-18 22:45:04,500.52,10.01,1.8,488.71,,SETTLED
pay_3df23217a4b042,MID_RAZOR_991,ORD-2026-2580,UPI,NA,setl_1f87aa04c4,2026-04-18 23:00:30,857.52,17.15,3.09,837.28,,SETTLED
pay_5e60d0a278d44b,MID_RAZOR_991,ORD-2026-2581,DEBIT_CARD,Visa,setl_23a0ede55a,2026-04-18 23:15:30,14749.1,294.98,53.1,14401.02,,SETTLED
pay_704eae2fa13142,MID_RAZOR_991,ORD-2026-2582,NETBANKING,NA,setl_1dcf6c5cd9,2026-04-18 23:30:54,10043.31,200.87,36.16,9806.28,,SETTLED
pay_bb9f1deb30e043,MID_RAZOR_991,ORD-2026-2583,CREDIT_CARD,RuPay,setl_3bdbf72b93,2026-04-18 23:45:52,11296.68,225.93,40.67,11030.08,,SETTLED
pay_854f84956d4e49,MID_RAZOR_991,ORD-2026-2584,CREDIT_CARD,Visa,setl_802bd67a30,2026-04-19 00:00:30,4705.52,94.11,16.94,4594.47,,SETTLED
pay_be172fb258e44b,MID_RAZOR_991,ORD-2026-2585,DEBIT_CARD,Visa,setl_f57ad16745,2026-04-19 00:15:24,10615.96,212.32,38.22,10365.42,,SETTLED
pay_1b2f122a652148,MID_RAZOR_991,ORD-2026-2586,CREDIT_CARD,RuPay,setl_2edca79d81,2026-04-19 00:30:18,7127.69,142.55,25.66,6959.48,,SETTLED
pay_9c672b22ef5c4f,MID_RAZOR_991,ORD-2026-2587,NETBANKING,NA,setl_bdb0cf1d11,2026-04-19 00:45:02,13667.57,273.35,49.2,13345.02,,SETTLED
pay_baeef513806246,MID_RAZOR_991,ORD-2026-2588,NETBANKING,NA,setl_abaf94ad34,2026-04-19 01:00:17,632.24,12.64,2.28,617.32,,SETTLED
pay_bda4209010b941,MID_RAZOR_991,ORD-2026-2589,CREDIT_CARD,Visa,setl_e94134c86e,2026-04-19 01:15:57,10740.26,214.81,38.67,10486.78,,SETTLED
pay_0b71608e92a74f,MID_RAZOR_991,ORD-2026-2590,CREDIT_CARD,Visa,setl_0f3c30ef5c,2026-04-19 01:30:41,10928.53,218.57,39.34,10670.62,,SETTLED
pay_01979c1e23f74a,MID_RAZOR_991,ORD-2026-2591,CREDIT_CARD,Visa,setl_8786d396d7,2026-04-19 01:45:50,11557.81,231.16,41.61,11285.04,,SETTLED
pay_d28d56624e4a42,MID_RAZOR_991,ORD-2026-2592,NETBANKING,NA,setl_3c070fadac,2026-04-19 02:00:24,14457.05,289.14,52.05,14115.86,,SETTLED
pay_68d6b3931e8245,MID_RAZOR_991,ORD-2026-2593,DEBIT_CARD,RuPay,setl_885911b6e1,2026-04-19 02:15:44,5199.11,103.98,18.72,5076.41,,SETTLED
pay_ada3f102a8cc45,MID_RAZOR_991,ORD-2026-2594,UPI,NA,setl_21293f0bb3,2026-04-19 02:30:02,928.07,18.56,3.34,906.17,,SETTLED
pay_264844058cf842,MID_RAZOR_991,ORD-2026-2595,NETBANKING,NA,setl_928ea3dabb,2026-04-19 02:45:59,10350.17,207.0,37.26,10105.91,,SETTLED
pay_49154949f86346,MID_RAZOR_991,ORD-2026-2596,CREDIT_CARD,RuPay,setl_75a6234cd5,2026-04-19 03:00:57,13270.95,265.42,47.78,12957.75,,SETTLED
pay_bb9e4cdf1a0842,MID_RAZOR_991,ORD-2026-2597,UPI,NA,setl_cb03a9e8d2,2026-04-19 03:15:02,12778.63,255.57,46.0,12477.06,,SETTLED
pay_879adc32cf6040,MID_RAZOR_991,ORD-2026-2598,UPI,NA,setl_0d180cd100,2026-04-19 03:30:59,3023.97,60.48,10.89,2952.6,,SETTLED
pay_4e9aa83d95554d,MID_RAZOR_991,ORD-2026-2599,CREDIT_CARD,RuPay,setl_6ee07d6032,2026-04-19 03:45:16,7620.99,152.42,27.44,7441.13,,SETTLED
pay_3f894bb6fc0540,MID_RAZOR_991,ORD-2026-2600,NETBANKING,NA,setl_8e3f9b179e,2026-04-19 04:00:52,8163.68,163.27,29.39,7971.02,,SETTLED
pay_2a3889b5cacc40,MID_RAZOR_991,ORD-2026-2601,UPI,NA,setl_dd6aa7864d,2026-04-19 04:15:13,981.97,19.64,3.54,958.79,,SETTLED
pay_1df7e9150ba24e,MID_RAZOR_991,ORD-2026-2602,UPI,NA,setl_10a517f367,2026-04-19 04:30:21,3186.91,63.74,11.47,3111.7,,SETTLED
pay_e458781ad6164a,MID_RAZOR_991,ORD-2026-2603,NETBANKING,NA,setl_cc346f5ded,2026-04-19 04:45:32,5605.54,112.11,20.18,5473.25,,SETTLED
pay_7bf47ea5b5b34f,MID_RAZOR_991,ORD-2026-2604,NETBANKING,NA,setl_a772096144,2026-04-19 05:00:55,1527.58,30.55,5.5,1491.53,,SETTLED
pay_92ebfffc281043,MID_RAZOR_991,ORD-2026-2605,UPI,NA,setl_ad7103d5a2,2026-04-19 05:15:07,7731.33,154.63,27.83,7548.87,,SETTLED
pay_f36e2a94b30e45,MID_RAZOR_991,ORD-2026-2606,CREDIT_CARD,Visa,setl_9bd4e149d3,2026-04-19 05:30:59,12508.15,250.16,45.03,12212.96,,SETTLED
pay_fd6dd178a73e4b,MID_RAZOR_991,ORD-2026-2607,DEBIT_CARD,RuPay,setl_5baa7c2766,2026-04-19 05:45:34,8842.66,176.85,31.83,8633.98,,SETTLED
pay_c554217dd8ec47,MID_RAZOR_991,ORD-2026-2608,UPI,NA,setl_56db105004,2026-04-19 06:00:34,10614.01,212.28,38.21,10363.52,,SETTLED
pay_358c0cba208043,MID_RAZOR_991,ORD-2026-2609,UPI,NA,setl_608b028842,2026-04-19 06:15:02,5401.66,108.03,19.45,5274.18,,SETTLED
pay_6c578e00042645,MID_RAZOR_991,ORD-2026-2610,UPI,NA,setl_19cdf32f6b,2026-04-19 06:30:08,3461.38,69.23,12.46,3379.69,,SETTLED
pay_22ba61f3de964a,MID_RAZOR_991,ORD-2026-2611,UPI,NA,setl_2d5a540215,2026-04-19 06:45:51,14245.97,284.92,51.29,13909.76,,SETTLED
pay_204ccb33634a45,MID_RAZOR_991,ORD-2026-2612,UPI,NA,setl_e490e23332,2026-04-19 07:00:56,8495.67,169.91,30.58,8295.18,,SETTLED
pay_45dec94d3fa642,MID_RAZOR_991,ORD-2026-2613,UPI,NA,setl_3164686622,2026-04-19 07:15:31,7860.26,157.21,28.3,7674.75,,SETTLED
pay_a273bccc46d54e,MID_RAZOR_991,ORD-2026-2614,CREDIT_CARD,RuPay,setl_5a8162181f,2026-04-19 07:30:59,1302.67,26.05,4.69,1271.93,,SETTLED
pay_297cb8f1ef4f44,MID_RAZOR_991,ORD-2026-2615,UPI,NA,setl_09d270242e,2026-04-19 07:45:35,7491.51,149.83,26.97,7314.71,,SETTLED
pay_737992378b494e,MID_RAZOR_991,ORD-2026-2616,NETBANKING,NA,setl_3f663f951b,2026-04-19 08:00:35,2497.67,49.95,8.99,2438.73,,SETTLED
pay_aaa1b1e906df4b,MID_RAZOR_991,ORD-2026-2617,DEBIT_CARD,RuPay,setl_7d0cbdcb05,2026-04-19 08:15:21,6829.61,136.59,24.59,6668.43,,SETTLED
pay_6a87953dc8364a,MID_RAZOR_991,ORD-2026-2618,UPI,NA,setl_23b221140a,2026-04-19 08:30:14,6489.45,129.79,23.36,6336.3,,SETTLED
pay_4c48d55bf7b747,MID_RAZOR_991,ORD-2026-2619,UPI,NA,setl_14c0c7dda5,2026-04-19 08:45:55,10937.49,218.75,39.38,10679.36,,SETTLED
pay_f722cad96a9e48,MID_RAZOR_991,ORD-2026-2620,CREDIT_CARD,Visa,setl_07ad1edcdf,2026-04-19 09:00:02,5054.83,101.1,18.2,4935.53,,SETTLED
pay_f6cc63c0bcf842,MID_RAZOR_991,ORD-2026-2621,NETBANKING,NA,setl_ff8809ef02,2026-04-19 09:15:42,2274.46,45.49,8.19,2220.78,,SETTLED
pay_b1c1a85944ec43,MID_RAZOR_991,ORD-2026-2622,CREDIT_CARD,Visa,setl_4af496ed7c,2026-04-19 09:30:45,11160.67,223.21,40.18,10897.28,,SETTLED
pay_f1abda326e5440,MID_RAZOR_991,ORD-2026-2623,DEBIT_CARD,Mastercard,setl_eb6c81686c,2026-04-19 09:45:18,13100.08,262.0,47.16,12790.92,,SETTLED
pay_f455b96d605743,MID_RAZOR_991,ORD-2026-2624,UPI,NA,setl_32f84ca9b7,2026-04-19 10:00:03,5526.21,110.52,19.89,5395.8,,SETTLED
pay_b29b24e8306a40,MID_RAZOR_991,ORD-2026-2625,CREDIT_CARD,RuPay,setl_c07032ca9e,2026-04-19 10:15:53,14651.11,293.02,52.74,14305.35,,SETTLED
pay_bf8f693839d94b,MID_RAZOR_991,ORD-2026-2626,UPI,NA,setl_53770fb448,2026-04-19 10:30:23,11011.21,220.22,39.64,10751.35,,SETTLED
pay_16c84f2365c34f,MID_RAZOR_991,ORD-2026-2627,NETBANKING,NA,setl_a42369b824,2026-04-19 10:45:07,808.7,16.17,2.91,789.62,,SETTLED
pay_ac9ba26cbce342,MID_RAZOR_991,ORD-2026-2628,DEBIT_CARD,RuPay,setl_9eb16ba21b,2026-04-19 11:00:03,4546.84,90.94,16.37,4439.53,,SETTLED
pay_a314eea41b1243,MID_RAZOR_991,ORD-2026-2629,NETBANKING,NA,setl_e5b8faf70b,2026-04-19 11:15:28,1144.03,22.88,4.12,1117.03,,SETTLED
pay_45c4637bb5bd46,MID_RAZOR_991,ORD-2026-2630,UPI,NA,setl_88781390f1,2026-04-19 11:30:42,4924.65,98.49,17.73,4808.43,,SETTLED
pay_51544f7ae3074c,MID_RAZOR_991,ORD-2026-2631,DEBIT_CARD,Visa,setl_7de2e3bde4,2026-04-19 11:45:51,11423.12,228.46,41.12,11153.54,,SETTLED
pay_f906063a0cff45,MID_RAZOR_991,ORD-2026-2632,NETBANKING,NA,setl_1a0a03b299,2026-04-19 12:00:55,6699.46,133.99,24.12,6541.35,,SETTLED
pay_4727b2df38c24e,MID_RAZOR_991,ORD-2026-2633,DEBIT_CARD,Mastercard,setl_e4403aaa66,2026-04-19 12:15:29,6645.61,132.91,23.92,6488.78,,SETTLED
pay_411b19608e264a,MID_RAZOR_991,ORD-2026-2634,NETBANKING,NA,setl_fb3af9fb9d,2026-04-19 12:30:47,14892.89,297.86,53.61,14541.42,,SETTLED
pay_a9bbbcd39ffa4a,MID_RAZOR_991,ORD-2026-2635,DEBIT_CARD,RuPay,setl_62eca87286,2026-04-19 12:45:15,11684.42,233.69,42.06,11408.67,,SETTLED
pay_d1304829f2084e,MID_RAZOR_991,ORD-2026-2636,DEBIT_CARD,Visa,setl_6530c5c554,2026-04-19 13:00:17,10058.83,201.18,36.21,9821.44,,SETTLED
pay_3382b74df10442,MID_RAZOR_991,ORD-2026-2637,DEBIT_CARD,Visa,setl_7608027ee3,2026-04-19 13:15:54,3092.37,61.85,11.13,3019.39,,SETTLED
pay_0cb7bc51561d4c,MID_RAZOR_991,ORD-2026-2638,UPI,NA,setl_9eef56bfc8,2026-04-19 13:30:22,7463.01,149.26,26.87,7286.88,,SETTLED
pay_89ed717c8fcc46,MID_RAZOR_991,ORD-2026-2639,DEBIT_CARD,Mastercard,setl_bda48ab414,2026-04-19 13:45:35,5053.38,101.07,18.19,4934.12,,SETTLED
pay_0a5271a7726946,MID_RAZOR_991,ORD-2026-2640,DEBIT_CARD,Visa,setl_e1e155684b,2026-04-19 14:00:55,7676.47,153.53,27.64,7495.3,,SETTLED
pay_0753341311b14a,MID_RAZOR_991,ORD-2026-2641,UPI,NA,setl_f5c2ddedca,2026-04-19 14:15:14,2159.48,43.19,7.77,2108.52,,SETTLED
pay_50afd118a80845,MID_RAZOR_991,ORD-2026-2642,DEBIT_CARD,RuPay,setl_9e016bc55a,2026-04-19 14:30:35,10901.69,218.03,39.25,10644.41,,SETTLED
pay_4caf6526866842,MID_RAZOR_991,ORD-2026-2643,DEBIT_CARD,Mastercard,setl_f1096b8f40,2026-04-19 14:45:45,1148.63,22.97,4.13,1121.53,,SETTLED
pay_b0f262f58e304d,MID_RAZOR_991,ORD-2026-2644,NETBANKING,NA,setl_6b87d74ce1,2026-04-19 15:00:07,7910.02,158.2,28.48,7723.34,,SETTLED
pay_88646043008f48,MID_RAZOR_991,ORD-2026-2645,NETBANKING,NA,setl_c20c86777e,2026-04-19 15:15:04,9807.36,196.15,35.31,9575.9,,SETTLED
pay_8d1c748ac9154e,MID_RAZOR_991,ORD-2026-2646,DEBIT_CARD,Visa,setl_669db6bba0,2026-04-19 15:30:26,13512.19,270.24,48.64,13193.31,,SETTLED
pay_335213242a2541,MID_RAZOR_991,ORD-2026-2647,CREDIT_CARD,Visa,setl_2f5319ede0,2026-04-19 15:45:02,4717.65,94.35,16.98,4606.32,,SETTLED
pay_f075a7ba083241,MID_RAZOR_991,ORD-2026-2648,CREDIT_CARD,Visa,setl_1e7a6c37e7,2026-04-19 16:00:32,10878.64,217.57,39.16,10621.91,,SETTLED
pay_9d7b6a8a0c0747,MID_RAZOR_991,ORD-2026-2649,NETBANKING,NA,setl_b9baa2941b,2026-04-19 16:15:53,8948.95,178.98,32.22,8737.75,,SETTLED
pay_c0f4270d094949,MID_RAZOR_991,ORD-2026-2650,UPI,NA,setl_4b9f0653c5,2026-04-19 16:30:04,14400.06,288.0,51.84,14060.22,,SETTLED
pay_801e859cc0eb47,MID_RAZOR_991,ORD-2026-2651,NETBANKING,NA,setl_8b78645c89,2026-04-19 16:45:34,11129.16,222.58,40.06,10866.52,,SETTLED
pay_6a4f423cbcf140,MID_RAZOR_991,ORD-2026-2652,NETBANKING,NA,setl_45328f3939,2026-04-19 17:00:20,4403.15,88.06,15.85,4299.24,,SETTLED
pay_45e8e8d1cd4c4c,MID_RAZOR_991,ORD-2026-2653,DEBIT_CARD,RuPay,setl_9cf85f8e1f,2026-04-19 17:15:29,5064.84,101.3,18.23,4945.31,,SETTLED
pay_9ec6d897898945,MID_RAZOR_991,ORD-2026-2654,NETBANKING,NA,setl_d8d675c3ae,2026-04-19 17:30:23,1655.51,33.11,5.96,1616.44,,SETTLED
pay_01c34e3a5f6e46,MID_RAZOR_991,ORD-2026-2655,CREDIT_CARD,Visa,setl_bce8195867,2026-04-19 17:45:50,6573.33,131.47,23.66,6418.2,,SETTLED
pay_703d4379ad5c4c,MID_RAZOR_991,ORD-2026-2656,CREDIT_CARD,Mastercard,setl_0713ada5f4,2026-04-19 18:00:16,12039.91,240.8,43.34,11755.77,,SETTLED
pay_ae3209c1f2ce4a,MID_RAZOR_991,ORD-2026-2657,NETBANKING,NA,setl_9e43dd3924,2026-04-19 18:15:32,14757.09,295.14,53.13,14408.82,,SETTLED
pay_43e66b83c8bf49,MID_RAZOR_991,ORD-2026-2658,NETBANKING,NA,setl_205b83010a,2026-04-19 18:30:00,2918.18,58.36,10.5,2849.32,,SETTLED
pay_657669eb906543,MID_RAZOR_991,ORD-2026-2659,NETBANKING,NA,setl_e8fcdc1692,2026-04-19 18:45:47,1964.43,39.29,7.07,1918.07,,SETTLED
pay_1f249b46634a46,MID_RAZOR_991,ORD-2026-2660,UPI,NA,setl_63532e6a1a,2026-04-19 19:00:08,7966.01,159.32,28.68,7778.01,,SETTLED
pay_7bd09a5d16d246,MID_RAZOR_991,ORD-2026-2661,CREDIT_CARD,Mastercard,setl_239fb82bf9,2026-04-19 19:15:18,2225.93,44.52,8.01,2173.4,,SETTLED
pay_1d17bf32fc6b4a,MID_RAZOR_991,ORD-2026-2662,UPI,NA,setl_d50ab12b6e,2026-04-19 19:30:04,11211.85,224.24,40.36,10947.25,,SETTLED
pay_32f38a4309dc4e,MID_RAZOR_991,ORD-2026-2663,NETBANKING,NA,setl_1d07bebbca,2026-04-19 19:45:18,11486.07,229.72,41.35,11215.0,,SETTLED
pay_6bcd44730d5049,MID_RAZOR_991,ORD-2026-2664,UPI,NA,setl_fd488e07eb,2026-04-19 20:00:09,13486.19,269.72,48.55,13167.92,,SETTLED
pay_eb5b1c79437843,MID_RAZOR_991,ORD-2026-2665,DEBIT_CARD,Visa,setl_94b683cbfb,2026-04-19 20:15:11,7875.67,157.51,28.35,7689.81,,SETTLED
pay_3dd63001f7a14f,MID_RAZOR_991,ORD-2026-2666,DEBIT_CARD,RuPay,setl_c61efcd5b8,2026-04-19 20:30:36,8006.33,160.13,28.82,7817.38,,SETTLED
pay_3e6272a3fdca42,MID_RAZOR_991,ORD-2026-2667,DEBIT_CARD,Visa,setl_0b47e76333,2026-04-19 20:45:24,5119.39,102.39,18.43,4998.57,,SETTLED
pay_5c7e0d2599f747,MID_RAZOR_991,ORD-2026-2668,CREDIT_CARD,Visa,setl_80129aa9ef,2026-04-19 21:00:33,4534.72,90.69,16.32,4427.71,,SETTLED
pay_2da9eab526cf4a,MID_RAZOR_991,ORD-2026-2669,UPI,NA,setl_1d83ce09e0,2026-04-19 21:15:18,4470.8,89.42,16.1,4365.28,,SETTLED
pay_66111ce74f6540,MID_RAZOR_991,ORD-2026-2670,UPI,NA,setl_e2c5888c74,2026-04-19 21:30:59,3859.28,77.19,13.89,3768.2,,SETTLED
pay_ef51bcc71c0044,MID_RAZOR_991,ORD-2026-2671,CREDIT_CARD,RuPay,setl_a0622bdec1,2026-04-19 21:45:38,13586.85,271.74,48.91,13266.2,,SETTLED
pay_4963e172599441,MID_RAZOR_991,ORD-2026-2672,NETBANKING,NA,setl_7d09158f55,2026-04-19 22:00:53,12424.77,248.5,44.73,12131.54,,SETTLED
pay_2b7b0ee7fed241,MID_RAZOR_991,ORD-2026-2673,NETBANKING,NA,setl_197b93e061,2026-04-19 22:15:46,6949.96,139.0,25.02,6785.94,,SETTLED
pay_939e6ddfdc484f,MID_RAZOR_991,ORD-2026-2674,UPI,NA,setl_586c6e0cd0,2026-04-19 22:30:28,13388.76,267.78,48.2,13072.78,,SETTLED
pay_cf8fbc7b5c9e4a,MID_RAZOR_991,ORD-2026-2675,DEBIT_CARD,Mastercard,setl_76333ee131,2026-04-19 22:45:42,2188.71,43.77,7.88,2137.06,,SETTLED
pay_87f30f754ffb45,MID_RAZOR_991,ORD-2026-2676,UPI,NA,setl_02fe288582,2026-04-19 23:00:20,2772.54,55.45,9.98,2707.11,,SETTLED
pay_98725e808cb849,MID_RAZOR_991,ORD-2026-2677,UPI,NA,setl_48cd332dc0,2026-04-19 23:15:45,10475.09,209.5,37.71,10227.88,,SETTLED
pay_ea48dcfc72434b,MID_RAZOR_991,ORD-2026-2678,DEBIT_CARD,RuPay,setl_d3090a068f,2026-04-19 23:30:53,8593.47,171.87,30.94,8390.66,,SETTLED
pay_f658cc0479c049,MID_RAZOR_991,ORD-2026-2679,CREDIT_CARD,Mastercard,setl_22d474b0c3,2026-04-19 23:45:24,13145.66,262.91,47.32,12835.43,,SETTLED
pay_57867ac9142f44,MID_RAZOR_991,ORD-2026-2680,CREDIT_CARD,Visa,setl_9a8f98f309,2026-04-20 00:00:52,3213.02,64.26,11.57,3137.19,,SETTLED
pay_1ad11d84d7aa40,MID_RAZOR_991,ORD-2026-2681,UPI,NA,setl_02cf333e7d,2026-04-20 00:15:33,12928.77,258.58,46.54,12623.65,,SETTLED
pay_ff81e048098044,MID_RAZOR_991,ORD-2026-2682,CREDIT_CARD,Mastercard,setl_2e468ff0d6,2026-04-20 00:30:11,1062.78,21.26,3.83,1037.69,,SETTLED
pay_039072b821814d,MID_RAZOR_991,ORD-2026-2683,CREDIT_CARD,Mastercard,setl_3cad064afb,2026-04-20 00:45:22,7521.38,150.43,27.08,7343.87,,SETTLED
pay_a0136d50e7c747,MID_RAZOR_991,ORD-2026-2684,NETBANKING,NA,setl_c8276296fe,2026-04-20 01:00:31,12052.82,241.06,43.39,11768.37,,SETTLED
pay_61d895c08e1e40,MID_RAZOR_991,ORD-2026-2685,DEBIT_CARD,RuPay,setl_8a839db565,2026-04-20 01:15:14,2129.33,42.59,7.67,2079.07,,SETTLED
pay_6894e81b8a3446,MID_RAZOR_991,ORD-2026-2686,NETBANKING,NA,setl_887e043d2e,2026-04-20 01:30:07,3054.82,61.1,11.0,2982.72,,SETTLED
pay_2c6425ce32af44,MID_RAZOR_991,ORD-2026-2687,NETBANKING,NA,setl_7912ead5d4,2026-04-20 01:45:45,2356.84,47.14,8.49,2301.21,,SETTLED
pay_b7fec87e6ae549,MID_RAZOR_991,ORD-2026-2688,CREDIT_CARD,RuPay,setl_6d09186f88,2026-04-20 02:00:18,4384.9,87.7,15.79,4281.41,,SETTLED
pay_db053a22c9d444,MID_RAZOR_991,ORD-2026-2689,DEBIT_CARD,Visa,setl_4ef9826775,2026-04-20 02:15:43,5105.47,102.11,18.38,4984.98,,SETTLED
pay_1cfed3f0eff445,MID_RAZOR_991,ORD-2026-2690,UPI,NA,setl_c2802b7d57,2026-04-20 02:30:17,7539.83,150.8,27.14,7361.89,,SETTLED
pay_36d79696bba74b,MID_RAZOR_991,ORD-2026-2691,DEBIT_CARD,Visa,setl_cd2f542967,2026-04-20 02:45:26,3709.0,74.18,13.35,3621.47,,SETTLED
pay_9d4d6e39531742,MID_RAZOR_991,ORD-2026-2692,UPI,NA,setl_7b0f6aa6b7,2026-04-20 03:00:39,9355.9,187.12,33.68,9135.1,,SETTLED
pay_436ea300e6f94f,MID_RAZOR_991,ORD-2026-2693,UPI,NA,setl_2424f77dfe,2026-04-20 03:15:51,5998.23,119.96,21.59,5856.68,,SETTLED
pay_85241451f92a43,MID_RAZOR_991,ORD-2026-2694,UPI,NA,setl_729237c522,2026-04-20 03:30:41,1213.62,24.27,4.37,1184.98,,SETTLED
pay_9f83aeeb006242,MID_RAZOR_991,ORD-2026-2695,NETBANKING,NA,setl_d74a419792,2026-04-20 03:45:55,10908.4,218.17,39.27,10650.96,,SETTLED
pay_0082c689967147,MID_RAZOR_991,ORD-2026-2696,CREDIT_CARD,RuPay,setl_6c38d02b29,2026-04-20 04:00:02,12759.49,255.19,45.93,12458.37,,SETTLED
pay_e5bc95ba518f43,MID_RAZOR_991,ORD-2026-2697,NETBANKING,NA,setl_312e947526,2026-04-20 04:15:02,2775.71,55.51,9.99,2710.21,,SETTLED
pay_479f1050955344,MID_RAZOR_991,ORD-2026-2698,CREDIT_CARD,RuPay,setl_47f2def827,2026-04-20 04:30:17,11373.77,227.48,40.95,11105.34,,SETTLED
pay_c2e2b497f00b41,MID_RAZOR_991,ORD-2026-2699,DEBIT_CARD,RuPay,setl_b11b0885a9,2026-04-20 04:45:04,1571.41,31.43,5.66,1534.32,,SETTLED
pay_0d722470794742,MID_RAZOR_991,ORD-2026-2700,CREDIT_CARD,RuPay,setl_06272d0977,2026-04-20 05:00:47,9028.84,180.58,32.5,8815.76,,SETTLED
pay_be774449667b4b,MID_RAZOR_991,ORD-2026-2701,DEBIT_CARD,Visa,setl_fb0a5a02a0,2026-04-20 05:15:32,11280.51,225.61,40.61,11014.29,,SETTLED
pay_5fbebb367dce41,MID_RAZOR_991,ORD-2026-2702,DEBIT_CARD,Mastercard,setl_ccbd76b21e,2026-04-20 05:30:36,7335.31,146.71,26.41,7162.19,,SETTLED
pay_5ca99dc42d0941,MID_RAZOR_991,ORD-2026-2703,DEBIT_CARD,Visa,setl_7b9250339d,2026-04-20 05:45:18,13661.15,273.22,49.18,13338.75,,SETTLED
pay_11a30fcd6c004f,MID_RAZOR_991,ORD-2026-2704,NETBANKING,NA,setl_2ac81378f4,2026-04-20 06:00:46,6207.86,124.16,22.35,6061.35,,SETTLED
pay_61dd6933515a49,MID_RAZOR_991,ORD-2026-2705,CREDIT_CARD,Mastercard,setl_8f1a266bf3,2026-04-20 06:15:01,6261.55,125.23,22.54,6113.78,,SETTLED
pay_dc6b010a3b8f4c,MID_RAZOR_991,ORD-2026-2706,UPI,NA,setl_1e3882ded6,2026-04-20 06:30:41,5003.84,100.08,18.01,4885.75,,SETTLED
pay_44c85238edd746,MID_RAZOR_991,ORD-2026-2707,CREDIT_CARD,Visa,setl_131ae7990f,2026-04-20 06:45:37,4124.55,82.49,14.85,4027.21,,SETTLED
pay_68bf4624b92b4b,MID_RAZOR_991,ORD-2026-2708,CREDIT_CARD,RuPay,setl_7fe2c7b1de,2026-04-20 07:00:49,7654.56,153.09,27.56,7473.91,,SETTLED
pay_4fb5cce989434e,MID_RAZOR_991,ORD-2026-2709,CREDIT_CARD,RuPay,setl_1a5d6f9c7d,2026-04-20 07:15:20,10490.47,209.81,37.77,10242.89,,SETTLED
pay_ca9657efd12d44,MID_RAZOR_991,ORD-2026-2710,NETBANKING,NA,setl_b586cd76de,2026-04-20 07:30:34,7747.32,154.95,27.89,7564.48,,SETTLED
pay_62266a2e82634e,MID_RAZOR_991,ORD-2026-2711,UPI,NA,setl_9b64c9c096,2026-04-20 07:45:58,2023.14,40.46,7.28,1975.4,,SETTLED
pay_34a96934386241,MID_RAZOR_991,ORD-2026-2712,CREDIT_CARD,Mastercard,setl_fdbabc6094,2026-04-20 08:00:47,2261.43,45.23,8.14,2208.06,,SETTLED
pay_8d2ff2fdd82042,MID_RAZOR_991,ORD-2026-2713,NETBANKING,NA,setl_47cfcb6a3a,2026-04-20 08:15:10,9579.39,191.59,34.49,9353.31,,SETTLED
pay_0243ea1f72394e,MID_RAZOR_991,ORD-2026-2714,NETBANKING,NA,setl_ac31ad03e5,2026-04-20 08:30:25,634.25,12.69,2.28,619.28,,SETTLED
pay_a01c1dfd92464f,MID_RAZOR_991,ORD-2026-2715,DEBIT_CARD,Mastercard,setl_c0978e79a0,2026-04-20 08:45:20,9418.96,188.38,33.91,9196.67,,SETTLED
pay_f953cd83d56e41,MID_RAZOR_991,ORD-2026-2716,DEBIT_CARD,Mastercard,setl_1fe892f272,2026-04-20 09:00:43,3464.7,69.29,12.47,3382.94,,SETTLED
pay_670caa47024d47,MID_RAZOR_991,ORD-2026-2717,NETBANKING,NA,setl_38c975f8cd,2026-04-20 09:15:13,14074.94,281.5,50.67,13742.77,,SETTLED
pay_658f7ab451c94a,MID_RAZOR_991,ORD-2026-2718,NETBANKING,NA,setl_5198a71cb8,2026-04-20 09:30:00,5106.48,102.13,18.38,4985.97,,SETTLED
pay_62b040f0a7ef4d,MID_RAZOR_991,ORD-2026-2719,DEBIT_CARD,Mastercard,setl_fdd984f886,2026-04-20 09:45:12,3389.38,67.79,12.2,3309.39,,SETTLED
pay_c8b8bea7ac7949,MID_RAZOR_991,ORD-2026-2720,UPI,NA,setl_a15d954180,2026-04-20 10:00:39,7296.06,145.92,26.27,7123.87,,SETTLED
pay_e33e31e7aea644,MID_RAZOR_991,ORD-2026-2721,CREDIT_CARD,Visa,setl_2207343604,2026-04-20 10:15:40,704.88,14.1,2.54,688.24,,SETTLED
pay_c165686cf54c40,MID_RAZOR_991,ORD-2026-2722,DEBIT_CARD,Visa,setl_1b41a3df17,2026-04-20 10:30:39,11621.34,232.43,41.84,11347.07,,SETTLED
pay_e65ac8b9920d42,MID_RAZOR_991,ORD-2026-2723,CREDIT_CARD,RuPay,setl_fb7cde8c03,2026-04-20 10:45:37,2710.12,54.2,9.76,2646.16,,SETTLED
pay_7e73e099a4ec43,MID_RAZOR_991,ORD-2026-2724,UPI,NA,setl_eb16be16e4,2026-04-20 11:00:08,12054.82,241.1,43.4,11770.32,,SETTLED
pay_574b550d7cb14b,MID_RAZOR_991,ORD-2026-2725,DEBIT_CARD,Mastercard,setl_6137deda4b,2026-04-20 11:15:55,9430.36,188.61,33.95,9207.8,,SETTLED
pay_2e9a9bd27f6d4d,MID_RAZOR_991,ORD-2026-2726,CREDIT_CARD,RuPay,setl_60dd92a31c,2026-04-20 11:30:05,13978.43,279.57,50.32,13648.54,,SETTLED
pay_a113a737e16a4c,MID_RAZOR_991,ORD-2026-2727,DEBIT_CARD,RuPay,setl_0a6277a0f7,2026-04-20 11:45:57,14562.71,291.25,52.42,14219.04,,SETTLED
pay_0c3420e4ecb745,MID_RAZOR_991,ORD-2026-2728,DEBIT_CARD,Visa,setl_231621d5cd,2026-04-20 12:00:32,11520.11,230.4,41.47,11248.24,,SETTLED
pay_79967f35c37049,MID_RAZOR_991,ORD-2026-2729,NETBANKING,NA,setl_1c414cf35b,2026-04-20 12:15:45,7379.93,147.6,26.57,7205.76,,SETTLED
pay_1d1bc0bfb1174b,MID_RAZOR_991,ORD-2026-2730,CREDIT_CARD,RuPay,setl_582f2ca914,2026-04-20 12:30:40,12587.27,251.75,45.31,12290.21,,SETTLED
pay_f10c716b8b7d40,MID_RAZOR_991,ORD-2026-2731,DEBIT_CARD,Mastercard,setl_08352ade42,2026-04-20 12:45:07,8589.62,171.79,30.92,8386.91,,SETTLED
pay_617768c3535843,MID_RAZOR_991,ORD-2026-2732,DEBIT_CARD,Visa,setl_e52a136a6c,2026-04-20 13:00:49,10215.57,204.31,36.78,9974.48,,SETTLED
pay_7957efa2ea644b,MID_RAZOR_991,ORD-2026-2733,NETBANKING,NA,setl_08ed5e9b88,2026-04-20 13:15:23,3095.58,61.91,11.14,3022.53,,SETTLED
pay_a51abfa68a4643,MID_RAZOR_991,ORD-2026-2734,CREDIT_CARD,RuPay,setl_6b5f12456b,2026-04-20 13:30:37,5000.67,100.01,18.0,4882.66,,SETTLED
pay_e5a30a1f2e2146,MID_RAZOR_991,ORD-2026-2735,DEBIT_CARD,RuPay,setl_9f9e1960db,2026-04-20 13:45:41,4486.8,89.74,16.15,4380.91,,SETTLED
pay_23cee874c99b4b,MID_RAZOR_991,ORD-2026-2736,DEBIT_CARD,Visa,setl_23b1508ff7,2026-04-20 14:00:40,1329.79,26.6,4.79,1298.4,,SETTLED
pay_c19dfdce365d45,MID_RAZOR_991,ORD-2026-2737,NETBANKING,NA,setl_29f563d8c0,2026-04-20 14:15:31,3019.68,60.39,10.87,2948.42,,SETTLED
pay_46784caa3ea149,MID_RAZOR_991,ORD-2026-2738,CREDIT_CARD,Mastercard,setl_fd6035fae2,2026-04-20 14:30:47,3065.16,61.3,11.03,2992.83,,SETTLED
pay_768fc7efdaab40,MID_RAZOR_991,ORD-2026-2739,UPI,NA,setl_4639843ae0,2026-04-20 14:45:28,9743.43,194.87,35.08,9513.48,,SETTLED
pay_e74e9f690bc146,MID_RAZOR_991,ORD-2026-2740,DEBIT_CARD,RuPay,setl_405c8bd9cf,2026-04-20 15:00:41,9403.05,188.06,33.85,9181.14,,SETTLED
pay_03f1ce266a454e,MID_RAZOR_991,ORD-2026-2741,CREDIT_CARD,Mastercard,setl_e7d5b97144,2026-04-20 15:15:46,14192.36,283.85,51.09,13857.42,,SETTLED
pay_7e9a5bc91c2d42,MID_RAZOR_991,ORD-2026-2742,UPI,NA,setl_c77651a052,2026-04-20 15:30:04,3297.63,65.95,11.87,3219.81,,SETTLED
pay_d5500b8ccbe248,MID_RAZOR_991,ORD-2026-2743,CREDIT_CARD,Visa,setl_c9a85e799d,2026-04-20 15:45:02,4495.12,89.9,16.18,4389.04,,SETTLED
pay_d4306d91f80342,MID_RAZOR_991,ORD-2026-2744,UPI,NA,setl_d232515a39,2026-04-20 16:00:19,4469.57,89.39,16.09,4364.09,,SETTLED
pay_eaf224e4b44b41,MID_RAZOR_991,ORD-2026-2745,UPI,NA,setl_3b163740e5,2026-04-20 16:15:36,13988.96,279.78,50.36,13658.82,,SETTLED
pay_106214f4af074e,MID_RAZOR_991,ORD-2026-2746,CREDIT_CARD,Visa,setl_fd658d171e,2026-04-20 16:30:37,9586.06,191.72,34.51,9359.83,,SETTLED
pay_4579f378710041,MID_RAZOR_991,ORD-2026-2747,DEBIT_CARD,Visa,setl_f64f4a2567,2026-04-20 16:45:05,13219.38,264.39,47.59,12907.4,,SETTLED
pay_026616aeade64c,MID_RAZOR_991,ORD-2026-2748,CREDIT_CARD,Visa,setl_b86339967c,2026-04-20 17:00:03,6000.0,120.0,21.6,5858.4,,SETTLED
pay_ed65b2ed14d842,MID_RAZOR_991,ORD-2026-2749,DEBIT_CARD,Visa,setl_67d69a0bb3,2026-04-20 17:15:14,12611.49,252.23,45.4,12313.86,,SETTLED
pay_6c20377dccef45,MID_RAZOR_991,ORD-2026-2750,DEBIT_CARD,Mastercard,setl_2a47aea6ab,2026-04-20 17:30:28,4335.9,86.72,15.61,4233.57,,SETTLED
pay_6addfb90bb2d4b,MID_RAZOR_991,ORD-2026-2751,NETBANKING,NA,setl_59d5960bd2,2026-04-20 17:45:53,9649.88,193.0,34.74,9422.14,,SETTLED
pay_72d737ec76a04f,MID_RAZOR_991,ORD-2026-2752,CREDIT_CARD,Mastercard,setl_61bbc2a708,2026-04-20 18:00:27,5530.36,110.61,19.91,5399.84,,SETTLED
pay_1c7a152beb514d,MID_RAZOR_991,ORD-2026-2753,DEBIT_CARD,RuPay,setl_e118cf30e5,2026-04-20 18:15:32,11714.43,234.29,42.17,11437.97,,SETTLED
pay_52d96c0f509c4f,MID_RAZOR_991,ORD-2026-2754,UPI,NA,setl_365ad7ac4d,2026-04-20 18:30:33,10045.82,200.92,36.17,9808.73,,SETTLED
pay_86f0882cff3d43,MID_RAZOR_991,ORD-2026-2755,DEBIT_CARD,Visa,setl_9cdf797d3c,2026-04-20 18:45:36,5979.7,119.59,21.53,5838.58,,SETTLED
pay_0515abcf43c24e,MID_RAZOR_991,ORD-2026-2756,DEBIT_CARD,RuPay,setl_2a2290a530,2026-04-20 19:00:10,6610.41,132.21,23.8,6454.4,,SETTLED
pay_4bf48b3cfa224d,MID_RAZOR_991,ORD-2026-2757,CREDIT_CARD,Visa,setl_876b7f36a9,2026-04-20 19:15:19,2859.81,57.2,10.3,2792.31,,SETTLED
pay_6db7632a14764e,MID_RAZOR_991,ORD-2026-2758,NETBANKING,NA,setl_36a0066750,2026-04-20 19:30:37,8851.5,177.03,31.87,8642.6,,SETTLED
pay_c81614b36e6c41,MID_RAZOR_991,ORD-2026-2759,CREDIT_CARD,Visa,setl_e43d4df677,2026-04-20 19:45:46,5911.61,118.23,21.28,5772.1,,SETTLED
pay_6d7ad392cd834b,MID_RAZOR_991,ORD-2026-2760,UPI,NA,setl_be2702364d,2026-04-20 20:00:59,13222.77,264.46,47.6,12910.71,,SETTLED
pay_cb3492644ae643,MID_RAZOR_991,ORD-2026-2761,DEBIT_CARD,Mastercard,setl_fb1fbf5cba,2026-04-20 20:15:25,9099.6,181.99,32.76,8884.85,,SETTLED
pay_1d230c8b0fb54d,MID_RAZOR_991,ORD-2026-2762,CREDIT_CARD,Mastercard,setl_9fcddae1b0,2026-04-20 20:30:48,2523.46,50.47,9.08,2463.91,,SETTLED
pay_fe364b1caed741,MID_RAZOR_991,ORD-2026-2763,CREDIT_CARD,Visa,setl_75a9d5ab9c,2026-04-20 20:45:29,6241.91,124.84,22.47,6094.6,,SETTLED
pay_9913259df28d42,MID_RAZOR_991,ORD-2026-2764,CREDIT_CARD,Visa,setl_baa8d8bda3,2026-04-20 21:00:19,1665.44,33.31,6.0,1626.13,,SETTLED
pay_02f116677bd240,MID_RAZOR_991,ORD-2026-2765,CREDIT_CARD,RuPay,setl_14d0acb45a,2026-04-20 21:15:43,8552.55,171.05,30.79,8350.71,,SETTLED
pay_4acaac7a784545,MID_RAZOR_991,ORD-2026-2766,UPI,NA,setl_9fbe00d136,2026-04-20 21:30:30,8472.52,169.45,30.5,8272.57,,SETTLED
pay_7cf43e187b6c44,MID_RAZOR_991,ORD-2026-2767,NETBANKING,NA,setl_fa427d8c71,2026-04-20 21:45:53,7220.52,144.41,25.99,7050.12,,SETTLED
pay_69bc40bd70a84f,MID_RAZOR_991,ORD-2026-2768,CREDIT_CARD,Visa,setl_b834d0fd77,2026-04-20 22:00:49,5243.12,104.86,18.87,5119.39,,SETTLED
pay_e6d4d0626dec4d,MID_RAZOR_991,ORD-2026-2769,NETBANKING,NA,setl_ee2d6662ed,2026-04-20 22:15:34,1539.02,30.78,5.54,1502.7,,SETTLED
pay_2d6a66d7feab4a,MID_RAZOR_991,ORD-2026-2770,UPI,NA,setl_545bf7770d,2026-04-20 22:30:14,13341.03,266.82,48.03,13026.18,,SETTLED
pay_a0e1c40e98da43,MID_RAZOR_991,ORD-2026-2771,UPI,NA,setl_f4edf5e9d2,2026-04-20 22:45:39,9187.97,183.76,33.08,8971.13,,SETTLED
pay_3003ab7c5bb04e,MID_RAZOR_991,ORD-2026-2772,NETBANKING,NA,setl_640af5356a,2026-04-20 23:00:12,1141.59,22.83,4.11,1114.65,,SETTLED
pay_d788a5e3c13b41,MID_RAZOR_991,ORD-2026-2773,CREDIT_CARD,Visa,setl_c218cccde6,2026-04-20 23:15:09,4631.98,92.64,16.68,4522.66,,SETTLED
pay_431d7480c8f542,MID_RAZOR_991,ORD-2026-2774,CREDIT_CARD,RuPay,setl_415f237e0c,2026-04-20 23:30:25,10393.93,207.88,37.42,10148.63,,SETTLED
pay_2abba7be293449,MID_RAZOR_991,ORD-2026-2775,UPI,NA,setl_817465ee83,2026-04-20 23:45:41,13005.76,260.12,46.82,12698.82,,SETTLED
pay_35b607ae29eb46,MID_RAZOR_991,ORD-2026-2776,NETBANKING,NA,setl_67e604d9e0,2026-04-21 00:00:43,7093.03,141.86,25.53,6925.64,,SETTLED
pay_b1e88be668f243,MID_RAZOR_991,ORD-2026-2777,UPI,NA,setl_cfaa72e623,2026-04-21 00:15:19,6662.23,133.24,23.98,6505.01,,SETTLED
pay_e48053dd52cb4c,MID_RAZOR_991,ORD-2026-2778,DEBIT_CARD,Visa,setl_55abc534aa,2026-04-21 00:30:45,5358.42,107.17,19.29,5231.96,,SETTLED
pay_97a4bebf6d9449,MID_RAZOR_991,ORD-2026-2779,NETBANKING,NA,setl_1cf5fb7c49,2026-04-21 00:45:34,11514.36,230.29,41.45,11242.62,,SETTLED
pay_62315e9b94f044,MID_RAZOR_991,ORD-2026-2780,DEBIT_CARD,RuPay,setl_60e93f19e3,2026-04-21 01:00:32,12286.11,245.72,44.23,11996.16,,SETTLED
pay_ae71640fad4e4a,MID_RAZOR_991,ORD-2026-2781,UPI,NA,setl_ea498d44ea,2026-04-21 01:15:07,13084.5,261.69,47.1,12775.71,,SETTLED
pay_c7f6f7b9139a42,MID_RAZOR_991,ORD-2026-2782,DEBIT_CARD,Visa,setl_a7640a7c9e,2026-04-21 01:30:27,5393.2,107.86,19.41,5265.93,,SETTLED
pay_e96a456aba9b4e,MID_RAZOR_991,ORD-2026-2783,DEBIT_CARD,Visa,setl_fe91eef2ee,2026-04-21 01:45:26,754.03,15.08,2.71,736.24,,SETTLED
pay_82b2d595a2074b,MID_RAZOR_991,ORD-2026-2784,UPI,NA,setl_6301fe9678,2026-04-21 02:00:22,11112.61,222.25,40.0,10850.36,,SETTLED
pay_1dbee6fc46da4b,MID_RAZOR_991,ORD-2026-2785,UPI,NA,setl_aa582351ac,2026-04-21 02:15:34,1871.3,37.43,6.74,1827.13,,SETTLED
pay_123f08efe0d848,MID_RAZOR_991,ORD-2026-2786,DEBIT_CARD,Visa,setl_cc8a3dd886,2026-04-21 02:30:44,9450.0,189.0,34.02,9226.98,,SETTLED
pay_0718699a3b864f,MID_RAZOR_991,ORD-2026-2787,DEBIT_CARD,Visa,setl_df935f5e96,2026-04-21 02:45:02,2627.88,52.56,9.46,2565.86,,SETTLED
pay_8d0bdcd43d6143,MID_RAZOR_991,ORD-2026-2788,UPI,NA,setl_39e0897053,2026-04-21 03:00:21,13947.89,278.96,50.21,13618.72,,SETTLED
pay_c9372fcde23648,MID_RAZOR_991,ORD-2026-2789,DEBIT_CARD,Mastercard,setl_2b73e69cf2,2026-04-21 03:15:41,11268.93,225.38,40.57,11002.98,,SETTLED
pay_61ceada6003e4c,MID_RAZOR_991,ORD-2026-2790,DEBIT_CARD,Visa,setl_13043cee9a,2026-04-21 03:30:39,7953.57,159.07,28.63,7765.87,,SETTLED
pay_6947b858bc7640,MID_RAZOR_991,ORD-2026-2791,NETBANKING,NA,setl_0afe559f1e,2026-04-21 03:45:13,11530.43,230.61,41.51,11258.31,,SETTLED
pay_6fbb1b8915ed4d,MID_RAZOR_991,ORD-2026-2792,CREDIT_CARD,Visa,setl_26afb71039,2026-04-21 04:00:32,10235.87,204.72,36.85,9994.3,,SETTLED
pay_5a5396092ff543,MID_RAZOR_991,ORD-2026-2793,UPI,NA,setl_624a762324,2026-04-21 04:15:26,3503.48,70.07,12.61,3420.8,,SETTLED
pay_a79350e7de0b46,MID_RAZOR_991,ORD-2026-2794,NETBANKING,NA,setl_528912443e,2026-04-21 04:30:38,11958.74,239.17,43.05,11676.52,,SETTLED
pay_b8da03d08c5242,MID_RAZOR_991,ORD-2026-2795,DEBIT_CARD,RuPay,setl_bb73ad62f3,2026-04-21 04:45:04,9365.1,187.3,33.71,9144.09,,SETTLED
pay_2f6edbb783814f,MID_RAZOR_991,ORD-2026-2796,DEBIT_CARD,Mastercard,setl_56dc58a1c9,2026-04-21 05:00:24,7396.24,147.92,26.63,7221.69,,SETTLED
pay_102dd36d22aa46,MID_RAZOR_991,ORD-2026-2797,NETBANKING,NA,setl_3813c85065,2026-04-21 05:15:09,7198.24,143.96,25.91,7028.37,,SETTLED
pay_46794b961cdd4b,MID_RAZOR_991,ORD-2026-2798,NETBANKING,NA,setl_b287392cd3,2026-04-21 05:30:16,6342.6,126.85,22.83,6192.92,,SETTLED
pay_0305dcb1a38748,MID_RAZOR_991,ORD-2026-2799,UPI,NA,setl_ec178d04f7,2026-04-21 05:45:13,11346.16,226.92,40.85,11078.39,,SETTLED
pay_d96333ff6f9047,MID_RAZOR_991,ORD-2026-2800,DEBIT_CARD,Visa,setl_6fa3f93ea5,2026-04-21 06:00:43,7277.01,145.54,26.2,7105.27,,SETTLED
pay_d0ee52055ae344,MID_RAZOR_991,ORD-2026-2801,DEBIT_CARD,Mastercard,setl_af8e9b40ed,2026-04-21 06:15:27,6523.2,130.46,23.48,6369.26,,SETTLED
pay_93444e01e78346,MID_RAZOR_991,ORD-2026-2802,CREDIT_CARD,Visa,setl_8174c778c0,2026-04-21 06:30:58,8295.09,165.9,29.86,8099.33,,SETTLED
pay_2816a1951f6140,MID_RAZOR_991,ORD-2026-2803,CREDIT_CARD,RuPay,setl_f8c4b53537,2026-04-21 06:45:07,8775.8,175.52,31.59,8568.69,,SETTLED
pay_a164e437e97740,MID_RAZOR_991,ORD-2026-2804,NETBANKING,NA,setl_db74750e21,2026-04-21 07:00:35,6423.48,128.47,23.12,6271.89,,SETTLED
pay_05b01c1865d847,MID_RAZOR_991,ORD-2026-2805,DEBIT_CARD,Mastercard,setl_f3736bca71,2026-04-21 07:15:06,10131.4,202.63,36.47,9892.3,,SETTLED
pay_66023359de814d,MID_RAZOR_991,ORD-2026-2806,CREDIT_CARD,Visa,setl_ae7da80578,2026-04-21 07:30:31,11474.01,229.48,41.31,11203.22,,SETTLED
pay_b1a7235c85574f,MID_RAZOR_991,ORD-2026-2807,NETBANKING,NA,setl_0fa04f665d,2026-04-21 07:45:18,548.39,10.97,1.97,535.45,,SETTLED
pay_cd3b21ae49e843,MID_RAZOR_991,ORD-2026-2808,UPI,NA,setl_6ef9ee492a,2026-04-21 08:00:24,8912.29,178.25,32.09,8701.95,,SETTLED
pay_2899b225134a44,MID_RAZOR_991,ORD-2026-2809,UPI,NA,setl_1cb8c6e069,2026-04-21 08:15:39,3750.79,75.02,13.5,3662.27,,SETTLED
pay_e1e5786ac9ed4c,MID_RAZOR_991,ORD-2026-2810,NETBANKING,NA,setl_a47c856cbf,2026-04-21 08:30:01,5212.79,104.26,18.77,5089.76,,SETTLED
pay_2b13ef69d4da41,MID_RAZOR_991,ORD-2026-2811,UPI,NA,setl_159b2ff84c,2026-04-21 08:45:23,829.43,16.59,2.99,809.85,,SETTLED
pay_2214802c85024f,MID_RAZOR_991,ORD-2026-2812,CREDIT_CARD,Visa,setl_43fc612649,2026-04-21 09:00:23,10984.37,219.69,39.54,10725.14,,SETTLED
pay_d2b30242401f46,MID_RAZOR_991,ORD-2026-2813,CREDIT_CARD,Visa,setl_4fe48a2738,2026-04-21 09:15:08,4748.24,94.96,17.09,4636.19,,SETTLED
pay_c3a885a054be42,MID_RAZOR_991,ORD-2026-2814,CREDIT_CARD,Mastercard,setl_e6f63bac17,2026-04-21 09:30:38,6932.97,138.66,24.96,6769.35,,SETTLED
pay_487433b36f1b43,MID_RAZOR_991,ORD-2026-2815,DEBIT_CARD,RuPay,setl_2741c93ae8,2026-04-21 09:45:15,7202.08,144.04,25.93,7032.11,,SETTLED
pay_6e701e7821564f,MID_RAZOR_991,ORD-2026-2816,NETBANKING,NA,setl_b47a6bcf2c,2026-04-21 10:00:55,8036.63,160.73,28.93,7846.97,,SETTLED
pay_24a984c30e594f,MID_RAZOR_991,ORD-2026-2817,DEBIT_CARD,Mastercard,setl_f759a24a35,2026-04-21 10:15:34,2254.24,45.08,8.11,2201.05,,SETTLED
pay_46444a386bb744,MID_RAZOR_991,ORD-2026-2818,UPI,NA,setl_238fb242bf,2026-04-21 10:30:18,12269.1,245.38,44.17,11979.55,,SETTLED
pay_8b44b809218b41,MID_RAZOR_991,ORD-2026-2819,NETBANKING,NA,setl_adae9a2552,2026-04-21 10:45:27,11917.64,238.35,42.9,11636.39,,SETTLED
pay_02beebab41294b,MID_RAZOR_991,ORD-2026-2820,UPI,NA,setl_def85b4ce1,2026-04-21 11:00:46,2949.83,59.0,10.62,2880.21,,SETTLED
pay_89a8b471f35949,MID_RAZOR_991,ORD-2026-2821,NETBANKING,NA,setl_42d32ba233,2026-04-21 11:15:13,4335.36,86.71,15.61,4233.04,,SETTLED
pay_ac70d54fd16444,MID_RAZOR_991,ORD-2026-2822,NETBANKING,NA,setl_5b1ccc0e36,2026-04-21 11:30:48,4048.56,80.97,14.57,3953.02,,SETTLED
pay_e3c851cbc6234c,MID_RAZOR_991,ORD-2026-2823,DEBIT_CARD,Visa,setl_4111131c43,2026-04-21 11:45:44,4239.87,84.8,15.26,4139.81,,SETTLED
pay_0f03f237f15d48,MID_RAZOR_991,ORD-2026-2824,CREDIT_CARD,Mastercard,setl_f6f743b37b,2026-04-21 12:00:18,876.14,17.52,3.15,855.47,,SETTLED
pay_9e468246480d4b,MID_RAZOR_991,ORD-2026-2825,DEBIT_CARD,Mastercard,setl_31fec9341d,2026-04-21 12:15:10,8730.78,174.62,31.43,8524.73,,SETTLED
pay_96033e36dc7d4e,MID_RAZOR_991,ORD-2026-2826,DEBIT_CARD,RuPay,setl_5a69edf540,2026-04-21 12:30:47,12175.38,243.51,43.83,11888.04,,SETTLED
pay_81902863b64d40,MID_RAZOR_991,ORD-2026-2827,DEBIT_CARD,Mastercard,setl_da6dd6eb05,2026-04-21 12:45:14,906.07,18.12,3.26,884.69,,SETTLED
pay_a29d3bcfc8d54c,MID_RAZOR_991,ORD-2026-2828,UPI,NA,setl_9c0ba36573,2026-04-21 13:00:16,5780.35,115.61,20.81,5643.93,,SETTLED
pay_6a35adc999474a,MID_RAZOR_991,ORD-2026-2829,CREDIT_CARD,Visa,setl_bc8a60e11e,2026-04-21 13:15:41,2760.21,55.2,9.94,2695.07,,SETTLED
pay_707ed217574143,MID_RAZOR_991,ORD-2026-2830,NETBANKING,NA,setl_34f0b3d8f0,2026-04-21 13:30:41,2952.25,59.05,10.63,2882.57,,SETTLED
pay_00cc318bad9b46,MID_RAZOR_991,ORD-2026-2831,UPI,NA,setl_7ff328ffa8,2026-04-21 13:45:42,14230.75,284.62,51.23,13894.9,,SETTLED
pay_d040da68b67b4a,MID_RAZOR_991,ORD-2026-2832,CREDIT_CARD,Visa,setl_c893fa56ef,2026-04-21 14:00:38,11781.21,235.62,42.41,11503.18,,SETTLED
pay_ee275e8036d144,MID_RAZOR_991,ORD-2026-2833,NETBANKING,NA,setl_087da27f8b,2026-04-21 14:15:36,13734.19,274.68,49.44,13410.07,,SETTLED
pay_1e0470bfb3604d,MID_RAZOR_991,ORD-2026-2834,CREDIT_CARD,Mastercard,setl_f60fbf0a3b,2026-04-21 14:30:12,5771.62,115.43,20.78,5635.41,,SETTLED
pay_f13ddfe032174a,MID_RAZOR_991,ORD-2026-2835,UPI,NA,setl_676707667e,2026-04-21 14:45:17,8522.62,170.45,30.68,8321.49,,SETTLED
pay_c888ca86b06243,MID_RAZOR_991,ORD-2026-2836,UPI,NA,setl_9b4fbcff44,2026-04-21 15:00:28,8717.18,174.34,31.38,8511.46,,SETTLED
pay_c909f07e79d440,MID_RAZOR_991,ORD-2026-2837,CREDIT_CARD,Mastercard,setl_3bcff58c8f,2026-04-21 15:15:59,9936.7,198.73,35.77,9702.2,,SETTLED
pay_0009c57f7a5d48,MID_RAZOR_991,ORD-2026-2838,CREDIT_CARD,RuPay,setl_b8754d5dce,2026-04-21 15:30:38,4353.57,87.07,15.67,4250.83,,SETTLED
pay_cdef568b64754a,MID_RAZOR_991,ORD-2026-2839,UPI,NA,setl_46abb70e30,2026-04-21 15:45:57,13595.44,271.91,48.94,13274.59,,SETTLED
pay_fbe17faf34c34f,MID_RAZOR_991,ORD-2026-2840,CREDIT_CARD,Mastercard,setl_fd8ab57d71,2026-04-21 16:00:48,8928.42,178.57,32.14,8717.71,,SETTLED
pay_b0be04baa2da40,MID_RAZOR_991,ORD-2026-2841,UPI,NA,setl_77f878ca9c,2026-04-21 16:15:20,11955.23,239.1,43.04,11673.09,,SETTLED
pay_4e5e4d95a20c4a,MID_RAZOR_991,ORD-2026-2842,UPI,NA,setl_a45d5fd50e,2026-04-21 16:30:30,3362.25,67.25,12.11,3282.89,,SETTLED
pay_f3bbcfb80f0f4d,MID_RAZOR_991,ORD-2026-2843,DEBIT_CARD,Mastercard,setl_6808b73e45,2026-04-21 16:45:00,8934.85,178.7,32.17,8723.98,,SETTLED
pay_896a80c7563f42,MID_RAZOR_991,ORD-2026-2844,NETBANKING,NA,setl_d8fb0ec71d,2026-04-21 17:00:00,4150.34,83.01,14.94,4052.39,,SETTLED
pay_c0b98bb01c114e,MID_RAZOR_991,ORD-2026-2845,CREDIT_CARD,Visa,setl_3e3d28f27b,2026-04-21 17:15:32,7507.56,150.15,27.03,7330.38,,SETTLED
pay_1a47fe3b0ea74c,MID_RAZOR_991,ORD-2026-2846,CREDIT_CARD,Visa,setl_1b04d93796,2026-04-21 17:30:17,10328.72,206.57,37.18,10084.97,,SETTLED
pay_0ca263253b4b4b,MID_RAZOR_991,ORD-2026-2847,CREDIT_CARD,Visa,setl_4aa1c795ff,2026-04-21 17:45:00,5128.51,102.57,18.46,5007.48,,SETTLED
pay_ce0b45551acc42,MID_RAZOR_991,ORD-2026-2848,UPI,NA,setl_4de5b174f7,2026-04-21 18:00:48,6764.22,135.28,24.35,6604.59,,SETTLED
pay_d12e6391f9da4e,MID_RAZOR_991,ORD-2026-2849,CREDIT_CARD,RuPay,setl_859289795a,2026-04-21 18:15:49,2076.32,41.53,7.48,2027.31,,SETTLED
pay_499355529b2145,MID_RAZOR_991,ORD-2026-2850,DEBIT_CARD,Mastercard,setl_20e551c7e0,2026-04-21 18:30:30,1992.3,39.85,7.17,1945.28,,SETTLED
pay_0c5fb86f8f8e48,MID_RAZOR_991,ORD-2026-2851,CREDIT_CARD,Visa,setl_d5f43ae4d5,2026-04-21 18:45:10,3282.61,65.65,11.82,3205.14,,SETTLED
pay_b70f0b7ec3c742,MID_RAZOR_991,ORD-2026-2852,DEBIT_CARD,Mastercard,setl_387c7a5fe4,2026-04-21 19:00:30,9975.61,199.51,35.91,9740.19,,SETTLED
pay_931d9a1339944e,MID_RAZOR_991,ORD-2026-2853,NETBANKING,NA,setl_b59bf9897c,2026-04-21 19:15:59,12915.44,258.31,46.5,12610.63,,SETTLED
pay_7c39d094511e43,MID_RAZOR_991,ORD-2026-2854,DEBIT_CARD,Mastercard,setl_4f84cd9ae9,2026-04-21 19:30:20,7020.76,140.42,25.28,6855.06,,SETTLED
pay_4ec17a56672940,MID_RAZOR_991,ORD-2026-2855,UPI,NA,setl_ba3446f668,2026-04-21 19:45:48,14129.82,282.6,50.87,13796.35,,SETTLED
pay_05887224849346,MID_RAZOR_991,ORD-2026-2856,CREDIT_CARD,Visa,setl_b117ad6bdf,2026-04-21 20:00:49,4476.01,89.52,16.11,4370.38,,SETTLED
pay_603f92ba730a45,MID_RAZOR_991,ORD-2026-2857,DEBIT_CARD,Visa,setl_ea07cf585c,2026-04-21 20:15:01,5166.76,103.34,18.6,5044.82,,SETTLED
pay_f3f1f7c460b24a,MID_RAZOR_991,ORD-2026-2858,CREDIT_CARD,RuPay,setl_a6f12004cf,2026-04-21 20:30:39,7792.68,155.85,28.05,7608.78,,SETTLED
pay_a8997cfa422345,MID_RAZOR_991,ORD-2026-2859,DEBIT_CARD,Mastercard,setl_61c032b33a,2026-04-21 20:45:30,14151.67,283.03,50.95,13817.69,,SETTLED
pay_b179ca5ef6bd4b,MID_RAZOR_991,ORD-2026-2860,NETBANKING,NA,setl_90bb00311a,2026-04-21 21:00:15,4562.07,91.24,16.42,4454.41,,SETTLED
pay_3db20405dbee46,MID_RAZOR_991,ORD-2026-2861,DEBIT_CARD,Visa,setl_2a428d10d7,2026-04-21 21:15:34,5857.01,117.14,21.09,5718.78,,SETTLED
pay_b16e660d1b904f,MID_RAZOR_991,ORD-2026-2862,UPI,NA,setl_db13cc20d6,2026-04-21 21:30:20,14669.09,293.38,52.81,14322.9,,SETTLED
pay_564b677bb3304c,MID_RAZOR_991,ORD-2026-2863,CREDIT_CARD,Mastercard,setl_abf1271c1f,2026-04-21 21:45:05,6854.79,137.1,24.68,6693.01,,SETTLED
pay_6b343906c1ff40,MID_RAZOR_991,ORD-2026-2864,DEBIT_CARD,Mastercard,setl_be4766ff8c,2026-04-21 22:00:33,12350.99,247.02,44.46,12059.51,,SETTLED
pay_f6b738602a9847,MID_RAZOR_991,ORD-2026-2865,DEBIT_CARD,Visa,setl_d90ebae51f,2026-04-21 22:15:57,11704.19,234.08,42.13,11427.98,,SETTLED
pay_d97db6bbf17f4f,MID_RAZOR_991,ORD-2026-2866,NETBANKING,NA,setl_4dbf1a3989,2026-04-21 22:30:23,5328.68,106.57,19.18,5202.93,,SETTLED
pay_851bf1dba7b641,MID_RAZOR_991,ORD-2026-2867,CREDIT_CARD,RuPay,setl_a0c4539f03,2026-04-21 22:45:41,6456.29,129.13,23.24,6303.92,,SETTLED
pay_6585fef7663547,MID_RAZOR_991,ORD-2026-2868,UPI,NA,setl_8234b1ab68,2026-04-21 23:00:58,14849.82,297.0,53.46,14499.36,,SETTLED
pay_6ee6d60ffa6c4f,MID_RAZOR_991,ORD-2026-2869,DEBIT_CARD,Mastercard,setl_e3f5b9d519,2026-04-21 23:15:31,4598.37,91.97,16.55,4489.85,,SETTLED
pay_b755386fe92748,MID_RAZOR_991,ORD-2026-2870,UPI,NA,setl_ad67a85874,2026-04-21 23:30:35,11818.53,236.37,42.55,11539.61,,SETTLED
pay_d196c72faa6e47,MID_RAZOR_991,ORD-2026-2871,NETBANKING,NA,setl_f8b9f135dd,2026-04-21 23:45:39,9927.52,198.55,35.74,9693.23,,SETTLED
pay_13cd6e9487b14e,MID_RAZOR_991,ORD-2026-2872,DEBIT_CARD,Visa,setl_0d4978e958,2026-04-22 00:00:28,13395.66,267.91,48.22,13079.53,,SETTLED
pay_7973f06e18d445,MID_RAZOR_991,ORD-2026-2873,DEBIT_CARD,Visa,setl_ebd60ac859,2026-04-22 00:15:33,11826.14,236.52,42.57,11547.05,,SETTLED
pay_852fade9bbeb42,MID_RAZOR_991,ORD-2026-2874,UPI,NA,setl_77b14f1a72,2026-04-22 00:30:39,12509.23,250.18,45.03,12214.02,,SETTLED
pay_bff63a72343540,MID_RAZOR_991,ORD-2026-2875,CREDIT_CARD,Visa,setl_76ae1bfae4,2026-04-22 00:45:54,3731.9,74.64,13.44,3643.82,,SETTLED
pay_b11310372c2e4f,MID_RAZOR_991,ORD-2026-2876,CREDIT_CARD,Mastercard,setl_09551b4808,2026-04-22 01:00:59,5642.36,112.85,20.31,5509.2,,SETTLED
pay_3bed94fcfe574b,MID_RAZOR_991,ORD-2026-2877,DEBIT_CARD,RuPay,setl_3b599dc206,2026-04-22 01:15:06,880.26,17.61,3.17,859.48,,SETTLED
pay_1d2ac10259d348,MID_RAZOR_991,ORD-2026-2878,DEBIT_CARD,Visa,setl_7da949ec09,2026-04-22 01:30:59,3836.51,76.73,13.81,3745.97,,SETTLED
pay_65fd1083473c45,MID_RAZOR_991,ORD-2026-2879,DEBIT_CARD,RuPay,setl_5630065faf,2026-04-22 01:45:59,13838.23,276.76,49.82,13511.65,,SETTLED
pay_2b4bb4e03d214c,MID_RAZOR_991,ORD-2026-2880,UPI,NA,setl_8ba0f5f79e,2026-04-22 02:00:53,14246.2,284.92,51.29,13909.99,,SETTLED
pay_ff06580bbc3749,MID_RAZOR_991,ORD-2026-2881,NETBANKING,NA,setl_a21ab2d728,2026-04-22 02:15:03,6978.78,139.58,25.12,6814.08,,SETTLED
pay_2f3f686734ec42,MID_RAZOR_991,ORD-2026-2882,UPI,NA,setl_2b5cb3bd36,2026-04-22 02:30:05,14554.03,291.08,52.39,14210.56,,SETTLED
pay_690639fd861842,MID_RAZOR_991,ORD-2026-2883,CREDIT_CARD,RuPay,setl_d805417104,2026-04-22 02:45:07,14140.09,282.8,50.9,13806.39,,SETTLED
pay_93ca3601bf3143,MID_RAZOR_991,ORD-2026-2884,UPI,NA,setl_db7629ee6e,2026-04-22 03:00:51,7850.2,157.0,28.26,7664.94,,SETTLED
pay_a10b9d3406d147,MID_RAZOR_991,ORD-2026-2885,UPI,NA,setl_b70865a219,2026-04-22 03:15:00,6010.42,120.21,21.64,5868.57,,SETTLED
pay_35464f2f681f41,MID_RAZOR_991,ORD-2026-2886,DEBIT_CARD,RuPay,setl_1bdeaa39e5,2026-04-22 03:30:27,14216.14,284.32,51.18,13880.64,,SETTLED
pay_11751bdbe05a49,MID_RAZOR_991,ORD-2026-2887,NETBANKING,NA,setl_467436dfbf,2026-04-22 03:45:56,7334.74,146.69,26.4,7161.65,,SETTLED
pay_9d5806d4ff1249,MID_RAZOR_991,ORD-2026-2888,UPI,NA,setl_bf3d0f7811,2026-04-22 04:00:09,12787.51,255.75,46.03,12485.73,,SETTLED
pay_0223a10fb4fa4e,MID_RAZOR_991,ORD-2026-2889,CREDIT_CARD,RuPay,setl_6a9daaa988,2026-04-22 04:15:44,7312.28,146.25,26.32,7139.71,,SETTLED
pay_34526796f8e840,MID_RAZOR_991,ORD-2026-2890,DEBIT_CARD,Visa,setl_309e1dacc4,2026-04-22 04:30:39,6515.71,130.31,23.46,6361.94,,SETTLED
pay_59bd95fee8a84c,MID_RAZOR_991,ORD-2026-2891,CREDIT_CARD,Mastercard,setl_d3c61d5ac8,2026-04-22 04:45:51,12249.64,244.99,44.1,11960.55,,SETTLED
pay_c462477503a545,MID_RAZOR_991,ORD-2026-2892,UPI,NA,setl_345f40a748,2026-04-22 05:00:31,3459.11,69.18,12.45,3377.48,,SETTLED
pay_3eb3f01cc4d349,MID_RAZOR_991,ORD-2026-2893,DEBIT_CARD,RuPay,setl_92fa834bfe,2026-04-22 05:15:50,874.54,17.49,3.15,853.9,,SETTLED
pay_a2f4d2d72a1e47,MID_RAZOR_991,ORD-2026-2894,NETBANKING,NA,setl_1d28f1f53b,2026-04-22 05:30:02,8322.39,166.45,29.96,8125.98,,SETTLED
pay_bc22bcd38e1349,MID_RAZOR_991,ORD-2026-2895,DEBIT_CARD,RuPay,setl_c31c3edbf2,2026-04-22 05:45:05,6588.3,131.77,23.72,6432.81,,SETTLED
pay_fa0e711a3be449,MID_RAZOR_991,ORD-2026-2896,NETBANKING,NA,setl_4934946dd0,2026-04-22 06:00:08,12925.28,258.51,46.53,12620.24,,SETTLED
pay_615e113eedb14e,MID_RAZOR_991,ORD-2026-2897,CREDIT_CARD,Visa,setl_72ba53659f,2026-04-22 06:15:42,8329.8,166.6,29.99,8133.21,,SETTLED
pay_9375c462da114c,MID_RAZOR_991,ORD-2026-2898,CREDIT_CARD,RuPay,setl_eb9a9a8a68,2026-04-22 06:30:14,7963.64,159.27,28.67,7775.7,,SETTLED
pay_f9a836d637904a,MID_RAZOR_991,ORD-2026-2899,UPI,NA,setl_a24242e14c,2026-04-22 06:45:45,6355.66,127.11,22.88,6205.67,,SETTLED
pay_e3ba6fdd37d342,MID_RAZOR_991,ORD-2026-2900,DEBIT_CARD,Visa,setl_7b72af6624,2026-04-22 07:00:45,14622.37,292.45,52.64,14277.28,,SETTLED
pay_92fb958259ff49,MID_RAZOR_991,ORD-2026-2901,CREDIT_CARD,Visa,setl_44019494ae,2026-04-22 07:15:27,5934.18,118.68,21.36,5794.14,,SETTLED
pay_e35af47d9f9d4e,MID_RAZOR_991,ORD-2026-2902,NETBANKING,NA,setl_0c928c9c5c,2026-04-22 07:30:40,1196.27,23.93,4.31,1168.03,,SETTLED
pay_23ae003fb70847,MID_RAZOR_991,ORD-2026-2903,UPI,NA,setl_d2b393082f,2026-04-22 07:45:53,12024.2,240.48,43.29,11740.43,,SETTLED
pay_b219a13616fb48,MID_RAZOR_991,ORD-2026-2904,NETBANKING,NA,setl_dd720a2641,2026-04-22 08:00:30,12936.37,258.73,46.57,12631.07,,SETTLED
pay_4c5d5ea3acb440,MID_RAZOR_991,ORD-2026-2905,NETBANKING,NA,setl_7a8d2b3880,2026-04-22 08:15:13,7071.31,141.43,25.46,6904.42,,SETTLED
pay_1e638081fc124a,MID_RAZOR_991,ORD-2026-2906,DEBIT_CARD,Mastercard,setl_bc37227e4d,2026-04-22 08:30:49,7960.12,159.2,28.66,7772.26,,SETTLED
pay_a2bb5f2d2fee4c,MID_RAZOR_991,ORD-2026-2907,NETBANKING,NA,setl_c904a19850,2026-04-22 08:45:49,8459.06,169.18,30.45,8259.43,,SETTLED
pay_3221eddc58de44,MID_RAZOR_991,ORD-2026-2908,UPI,NA,setl_a8ad3ad235,2026-04-22 09:00:50,5798.62,115.97,20.87,5661.78,,SETTLED
pay_cbad3f2bf22246,MID_RAZOR_991,ORD-2026-2909,NETBANKING,NA,setl_efb0ba64cd,2026-04-22 09:15:53,2111.49,42.23,7.6,2061.66,,SETTLED
pay_ff406d966a2346,MID_RAZOR_991,ORD-2026-2910,UPI,NA,setl_2f50b8d749,2026-04-22 09:30:55,14589.36,291.79,52.52,14245.05,,SETTLED
pay_069bde5cb3404d,MID_RAZOR_991,ORD-2026-2911,CREDIT_CARD,RuPay,setl_177c42bfab,2026-04-22 09:45:53,10368.33,207.37,37.33,10123.63,,SETTLED
pay_32afbb70330940,MID_RAZOR_991,ORD-2026-2912,CREDIT_CARD,Mastercard,setl_0cb2e76c26,2026-04-22 10:00:55,8193.14,163.86,29.49,7999.79,,SETTLED
pay_fa809a20f54149,MID_RAZOR_991,ORD-2026-2913,CREDIT_CARD,Visa,setl_ae9f14ac9c,2026-04-22 10:15:10,1952.0,39.04,7.03,1905.93,,SETTLED
pay_a9258032187540,MID_RAZOR_991,ORD-2026-2914,CREDIT_CARD,Mastercard,setl_b437ac9706,2026-04-22 10:30:09,8341.91,166.84,30.03,8145.04,,SETTLED
pay_435faf014a0249,MID_RAZOR_991,ORD-2026-2915,DEBIT_CARD,Visa,setl_314304d063,2026-04-22 10:45:57,8065.35,161.31,29.04,7875.0,,SETTLED
pay_e62966dcab3a45,MID_RAZOR_991,ORD-2026-2916,DEBIT_CARD,RuPay,setl_52e01d9e4f,2026-04-22 11:00:04,4144.27,82.89,14.92,4046.46,,SETTLED
pay_28e17ddb05a345,MID_RAZOR_991,ORD-2026-2917,UPI,NA,setl_ffa68bf982,2026-04-22 11:15:48,6450.45,129.01,23.22,6298.22,,SETTLED
pay_5a866e1dabb84f,MID_RAZOR_991,ORD-2026-2918,CREDIT_CARD,Visa,setl_7119cc39cc,2026-04-22 11:30:50,2811.92,56.24,10.12,2745.56,,SETTLED
pay_eb1230a4b49741,MID_RAZOR_991,ORD-2026-2919,DEBIT_CARD,RuPay,setl_cee2d8e2f3,2026-04-22 11:45:14,14468.68,289.37,52.09,14127.22,,SETTLED
pay_53a9c705992b48,MID_RAZOR_991,ORD-2026-2920,CREDIT_CARD,RuPay,setl_8fd37e8854,2026-04-22 12:00:28,2564.92,51.3,9.23,2504.39,,SETTLED
pay_7acc5a5ed9aa46,MID_RAZOR_991,ORD-2026-2921,DEBIT_CARD,Mastercard,setl_26ee03df09,2026-04-22 12:15:06,11689.04,233.78,42.08,11413.18,,SETTLED
pay_a985e32d76fb45,MID_RAZOR_991,ORD-2026-2922,UPI,NA,setl_e3b1160311,2026-04-22 12:30:34,11272.22,225.44,40.58,11006.2,,SETTLED
pay_6374267dbe6b4f,MID_RAZOR_991,ORD-2026-2923,DEBIT_CARD,Visa,setl_4d9ea59f23,2026-04-22 12:45:02,6031.77,120.64,21.72,5889.41,,SETTLED
pay_f07ba92c6fd943,MID_RAZOR_991,ORD-2026-2924,CREDIT_CARD,Mastercard,setl_8029006aaa,2026-04-22 13:00:44,13049.84,261.0,46.98,12741.86,,SETTLED
pay_a7c2b37010f440,MID_RAZOR_991,ORD-2026-2925,UPI,NA,setl_66db6077b0,2026-04-22 13:15:46,9248.08,184.96,33.29,9029.83,,SETTLED
pay_0c40e56a1d6643,MID_RAZOR_991,ORD-2026-2926,NETBANKING,NA,setl_d600b40e91,2026-04-22 13:30:26,1321.46,26.43,4.76,1290.27,,SETTLED
pay_3a471ea76c6d49,MID_RAZOR_991,ORD-2026-2927,DEBIT_CARD,Visa,setl_d4105ef66a,2026-04-22 13:45:42,12626.3,252.53,45.46,12328.31,,SETTLED
pay_ee2e3432631f47,MID_RAZOR_991,ORD-2026-2928,NETBANKING,NA,setl_56906de55e,2026-04-22 14:00:15,8993.87,179.88,32.38,8781.61,,SETTLED
pay_3dc672c53a514f,MID_RAZOR_991,ORD-2026-2929,UPI,NA,setl_1b4db210a9,2026-04-22 14:15:49,12480.78,249.62,44.93,12186.23,,SETTLED
pay_852529babfe04d,MID_RAZOR_991,ORD-2026-2930,NETBANKING,NA,setl_d1b8620a00,2026-04-22 14:30:38,8025.02,160.5,28.89,7835.63,,SETTLED
pay_27f2e29b2b6445,MID_RAZOR_991,ORD-2026-2931,UPI,NA,setl_ed0d192157,2026-04-22 14:45:36,1876.25,37.52,6.75,1831.98,,SETTLED
pay_184341bca9424c,MID_RAZOR_991,ORD-2026-2932,NETBANKING,NA,setl_9bb329528c,2026-04-22 15:00:52,6209.3,124.19,22.35,6062.76,,SETTLED
pay_aa52061cc8704d,MID_RAZOR_991,ORD-2026-2933,NETBANKING,NA,setl_cd59bc8a4d,2026-04-22 15:15:36,13019.46,260.39,46.87,12712.2,,SETTLED
pay_79132b6c83f24e,MID_RAZOR_991,ORD-2026-2934,NETBANKING,NA,setl_7caedde2a6,2026-04-22 15:30:42,13667.18,273.34,49.2,13344.64,,SETTLED
pay_3747737aeaad40,MID_RAZOR_991,ORD-2026-2935,DEBIT_CARD,RuPay,setl_3c57afaef5,2026-04-22 15:45:18,13849.71,276.99,49.86,13522.86,,SETTLED
pay_3d6e9f1a836047,MID_RAZOR_991,ORD-2026-2936,DEBIT_CARD,Mastercard,setl_27f89a196b,2026-04-22 16:00:22,5609.49,112.19,20.19,5477.11,,SETTLED
pay_5df583f972d54a,MID_RAZOR_991,ORD-2026-2937,DEBIT_CARD,Visa,setl_203d953ca6,2026-04-22 16:15:44,14869.15,297.38,53.53,14518.24,,SETTLED
pay_ca29667866a54a,MID_RAZOR_991,ORD-2026-2938,DEBIT_CARD,Mastercard,setl_93d0319e07,2026-04-22 16:30:25,11423.13,228.46,41.12,11153.55,,SETTLED
pay_b6f42c842eb44c,MID_RAZOR_991,ORD-2026-2939,CREDIT_CARD,Visa,setl_ccdc16c986,2026-04-22 16:45:53,4934.61,98.69,17.76,4818.16,,SETTLED
pay_9b6da51a255c44,MID_RAZOR_991,ORD-2026-2940,NETBANKING,NA,setl_4d074dfcf9,2026-04-22 17:00:40,3199.79,64.0,11.52,3124.27,,SETTLED
pay_fb2edb737a8b43,MID_RAZOR_991,ORD-2026-2941,NETBANKING,NA,setl_657765c20c,2026-04-22 17:15:22,5386.52,107.73,19.39,5259.4,,SETTLED
pay_7c6fdf24c5be45,MID_RAZOR_991,ORD-2026-2942,DEBIT_CARD,RuPay,setl_24ca8e71e1,2026-04-22 17:30:07,3251.95,65.04,11.71,3175.2,,SETTLED
pay_3f5b9e0b6cd942,MID_RAZOR_991,ORD-2026-2943,DEBIT_CARD,Mastercard,setl_7a98a96275,2026-04-22 17:45:34,3079.67,61.59,11.09,3006.99,,SETTLED
pay_c03b7876f2ce4e,MID_RAZOR_991,ORD-2026-2944,NETBANKING,NA,setl_db55aa2adb,2026-04-22 18:00:54,4318.87,86.38,15.55,4216.94,,SETTLED
pay_f34a332a9e4e4e,MID_RAZOR_991,ORD-2026-2945,NETBANKING,NA,setl_9f6c025572,2026-04-22 18:15:06,12752.64,255.05,45.91,12451.68,,SETTLED
pay_ca471dba428f45,MID_RAZOR_991,ORD-2026-2946,DEBIT_CARD,RuPay,setl_8394144566,2026-04-22 18:30:28,12478.94,249.58,44.92,12184.44,,SETTLED
pay_fb5f47a1b71d48,MID_RAZOR_991,ORD-2026-2947,UPI,NA,setl_16fa7db3bf,2026-04-22 18:45:31,3754.79,75.1,13.52,3666.17,,SETTLED
pay_1082a9f03e8943,MID_RAZOR_991,ORD-2026-2948,CREDIT_CARD,RuPay,setl_610102356c,2026-04-22 19:00:00,4803.5,96.07,17.29,4690.14,,SETTLED
pay_b940c2ce31fd41,MID_RAZOR_991,ORD-2026-2949,NETBANKING,NA,setl_be1443ea74,2026-04-22 19:15:35,8492.78,169.86,30.57,8292.35,,SETTLED
pay_f576c48bbd5b49,MID_RAZOR_991,ORD-2026-2950,NETBANKING,NA,setl_89b2735c1d,2026-04-22 19:30:40,8844.12,176.88,31.84,8635.4,,SETTLED
pay_26601c2324f24f,MID_RAZOR_991,ORD-2026-2951,DEBIT_CARD,Visa,setl_9af749d64a,2026-04-22 19:45:27,5868.31,117.37,21.13,5729.81,,SETTLED
pay_1ff2d3cf4d044b,MID_RAZOR_991,ORD-2026-2952,CREDIT_CARD,Visa,setl_8b5b835894,2026-04-22 20:00:55,12497.99,249.96,44.99,12203.04,,SETTLED
pay_cd218ed636a04e,MID_RAZOR_991,ORD-2026-2953,NETBANKING,NA,setl_5a771495ef,2026-04-22 20:15:34,5045.53,100.91,18.16,4926.46,,SETTLED
pay_0fa7f262af3d4a,MID_RAZOR_991,ORD-2026-2954,CREDIT_CARD,Visa,setl_222d134653,2026-04-22 20:30:17,8826.76,176.54,31.78,8618.44,,SETTLED
pay_d775ba7b97aa46,MID_RAZOR_991,ORD-2026-2955,NETBANKING,NA,setl_3fd4927e67,2026-04-22 20:45:04,14320.88,286.42,51.56,13982.9,,SETTLED
pay_f93c7b8c28254b,MID_RAZOR_991,ORD-2026-2956,UPI,NA,setl_a8a7659e83,2026-04-22 21:00:57,5540.24,110.8,19.94,5409.5,,SETTLED
pay_b8be3fd093194c,MID_RAZOR_991,ORD-2026-2957,DEBIT_CARD,Mastercard,setl_371b38ed60,2026-04-22 21:15:16,14236.59,284.73,51.25,13900.61,,SETTLED
pay_fe3dc8c4a35b45,MID_RAZOR_991,ORD-2026-2958,CREDIT_CARD,Visa,setl_57e638c396,2026-04-22 21:30:13,10096.11,201.92,36.35,9857.84,,SETTLED
pay_9aa360500fbc49,MID_RAZOR_991,ORD-2026-2959,DEBIT_CARD,RuPay,setl_de80a164c8,2026-04-22 21:45:36,12077.04,241.54,43.48,11792.02,,SETTLED
pay_e2461909047a44,MID_RAZOR_991,ORD-2026-2960,DEBIT_CARD,RuPay,setl_17bcf08574,2026-04-22 22:00:39,1268.08,25.36,4.56,1238.16,,SETTLED
pay_a5d7fc284b4844,MID_RAZOR_991,ORD-2026-2961,UPI,NA,setl_de911d2895,2026-04-22 22:15:33,6498.82,129.98,23.4,6345.44,,SETTLED
pay_3f7157631a3544,MID_RAZOR_991,ORD-2026-2962,CREDIT_CARD,RuPay,setl_a5b75d3ba6,2026-04-22 22:30:01,9916.4,198.33,35.7,9682.37,,SETTLED
pay_8d54a783d04f41,MID_RAZOR_991,ORD-2026-2963,UPI,NA,setl_2f435dc8be,2026-04-22 22:45:25,8823.04,176.46,31.76,8614.82,,SETTLED
pay_56d0e5e55dc943,MID_RAZOR_991,ORD-2026-2964,CREDIT_CARD,Visa,setl_399a992b2e,2026-04-22 23:00:11,1890.02,37.8,6.8,1845.42,,SETTLED
pay_6faa2e70ef6d4a,MID_RAZOR_991,ORD-2026-2965,NETBANKING,NA,setl_b11a8df83d,2026-04-22 23:15:05,3176.21,63.52,11.43,3101.26,,SETTLED
pay_d2f5fd15f7f84c,MID_RAZOR_991,ORD-2026-2966,UPI,NA,setl_3a2b3cc622,2026-04-22 23:30:21,7050.05,141.0,25.38,6883.67,,SETTLED
pay_14b1c2e012614b,MID_RAZOR_991,ORD-2026-2967,UPI,NA,setl_a54456e2a6,2026-04-22 23:45:35,1357.62,27.15,4.89,1325.58,,SETTLED
pay_5cc223ec4a954a,MID_RAZOR_991,ORD-2026-2968,UPI,NA,setl_96a3bed468,2026-04-23 00:00:00,5239.47,104.79,18.86,5115.82,,SETTLED
pay_5d36150d12244f,MID_RAZOR_991,ORD-2026-2969,UPI,NA,setl_a259c8134c,2026-04-23 00:15:11,3232.99,64.66,11.64,3156.69,,SETTLED
pay_0733c2cd32c142,MID_RAZOR_991,ORD-2026-2970,UPI,NA,setl_69b04b4852,2026-04-23 00:30:55,10406.13,208.12,37.46,10160.55,,SETTLED
pay_5c81c5865cc04d,MID_RAZOR_991,ORD-2026-2971,NETBANKING,NA,setl_98b86e0e0e,2026-04-23 00:45:45,12766.61,255.33,45.96,12465.32,,SETTLED
pay_d02960189cb24c,MID_RAZOR_991,ORD-2026-2972,NETBANKING,NA,setl_36971c034c,2026-04-23 01:00:01,9520.2,190.4,34.27,9295.53,,SETTLED
pay_82df9da9dde84c,MID_RAZOR_991,ORD-2026-2973,UPI,NA,setl_6dd7ea00e5,2026-04-23 01:15:22,10403.96,208.08,37.45,10158.43,,SETTLED
pay_4abc14d61f1140,MID_RAZOR_991,ORD-2026-2974,CREDIT_CARD,Mastercard,setl_ce2b3b0aa9,2026-04-23 01:30:58,5392.25,107.84,19.41,5265.0,,SETTLED
pay_f7ffb2ecad5146,MID_RAZOR_991,ORD-2026-2975,NETBANKING,NA,setl_844d16ccc9,2026-04-23 01:45:07,10196.22,203.92,36.71,9955.59,,SETTLED
pay_cf4ad21b648042,MID_RAZOR_991,ORD-2026-2976,CREDIT_CARD,Visa,setl_2a997e9bc5,2026-04-23 02:00:12,12013.78,240.28,43.25,11730.25,,SETTLED
pay_ad51315d20e746,MID_RAZOR_991,ORD-2026-2977,UPI,NA,setl_e1d47dfd54,2026-04-23 02:15:54,8037.74,160.75,28.93,7848.06,,SETTLED
pay_6aa5aa67f6d34b,MID_RAZOR_991,ORD-2026-2978,NETBANKING,NA,setl_99d9e47c40,2026-04-23 02:30:48,8422.53,168.45,30.32,8223.76,,SETTLED
pay_11fc6f6b551348,MID_RAZOR_991,ORD-2026-2979,CREDIT_CARD,Visa,setl_003596892d,2026-04-23 02:45:40,6681.63,133.63,24.05,6523.95,,SETTLED
pay_380b187ae1a34c,MID_RAZOR_991,ORD-2026-2980,NETBANKING,NA,setl_5cd3092987,2026-04-23 03:00:06,5161.96,103.24,18.58,5040.14,,SETTLED
pay_4825f2a4e4104a,MID_RAZOR_991,ORD-2026-2981,DEBIT_CARD,Mastercard,setl_13028b4ff1,2026-04-23 03:15:44,1299.18,25.98,4.68,1268.52,,SETTLED
pay_694ea158442646,MID_RAZOR_991,ORD-2026-2982,CREDIT_CARD,Mastercard,setl_2b7a979981,2026-04-23 03:30:20,11219.23,224.38,40.39,10954.46,,SETTLED
pay_ad171fe481a94f,MID_RAZOR_991,ORD-2026-2983,NETBANKING,NA,setl_be1df22d49,2026-04-23 03:45:12,5600.6,112.01,20.16,5468.43,,SETTLED
pay_2b96b70ec12045,MID_RAZOR_991,ORD-2026-2984,CREDIT_CARD,Mastercard,setl_0a78dce77c,2026-04-23 04:00:23,10376.43,207.53,37.36,10131.54,,SETTLED
pay_96f4da2b2c4e43,MID_RAZOR_991,ORD-2026-2985,CREDIT_CARD,Mastercard,setl_ad02e372dc,2026-04-23 04:15:20,1557.97,31.16,5.61,1521.2,,SETTLED
pay_4ca9d081eb0348,MID_RAZOR_991,ORD-2026-2986,UPI,NA,setl_4ab7f5d2da,2026-04-23 04:30:02,13870.25,277.41,49.93,13542.91,,SETTLED
pay_a5e6d21e621e4e,MID_RAZOR_991,ORD-2026-2987,UPI,NA,setl_279e2fc1c0,2026-04-23 04:45:57,3985.62,79.71,14.35,3891.56,,SETTLED
pay_c2ef8b750c3145,MID_RAZOR_991,ORD-2026-2988,NETBANKING,NA,setl_9272d0eee6,2026-04-23 05:00:02,2760.97,55.22,9.94,2695.81,,SETTLED
pay_bd4faee4827047,MID_RAZOR_991,ORD-2026-2989,DEBIT_CARD,RuPay,setl_97d8e42843,2026-04-23 05:15:56,9973.38,199.47,35.9,9738.01,,SETTLED
pay_a50279d3406243,MID_RAZOR_991,ORD-2026-2990,NETBANKING,NA,setl_74bbd65c3b,2026-04-23 05:30:24,4532.26,90.65,16.32,4425.29,,SETTLED
pay_27a18259c42348,MID_RAZOR_991,ORD-2026-2991,NETBANKING,NA,setl_05c493f573,2026-04-23 05:45:02,10592.03,211.84,38.13,10342.06,,SETTLED
pay_09163018d08049,MID_RAZOR_991,ORD-2026-2992,UPI,NA,setl_8b5eb68377,2026-04-23 06:00:40,2158.52,43.17,7.77,2107.58,,SETTLED
pay_2083d48dce4f4e,MID_RAZOR_991,ORD-2026-2993,DEBIT_CARD,RuPay,setl_ea0a84f1b2,2026-04-23 06:15:47,4219.24,84.38,15.19,4119.67,,SETTLED
pay_398ab53e6c8b4e,MID_RAZOR_991,ORD-2026-2994,DEBIT_CARD,RuPay,setl_bc43b14e19,2026-04-23 06:30:48,2231.31,44.63,8.03,2178.65,,SETTLED
pay_8ea3157e93be4c,MID_RAZOR_991,ORD-2026-2995,CREDIT_CARD,RuPay,setl_56f1479d8e,2026-04-23 06:45:33,14935.6,298.71,53.77,14583.12,,SETTLED
pay_4c9e21f246b94a,MID_RAZOR_991,ORD-2026-2996,UPI,NA,setl_c7fb74045a,2026-04-23 07:00:53,6126.93,122.54,22.06,5982.33,,SETTLED
pay_9679c838d6c249,MID_RAZOR_991,ORD-2026-2997,DEBIT_CARD,Visa,setl_61952a9585,2026-04-23 07:15:47,2570.0,51.4,9.25,2509.35,,SETTLED
pay_92c8b03bb98641,MID_RAZOR_991,ORD-2026-2998,CREDIT_CARD,Mastercard,setl_2301aae060,2026-04-23 07:30:20,1134.49,22.69,4.08,1107.72,,SETTLED
pay_c9a09dd8fa7f43,MID_RAZOR_991,ORD-2026-2999,CREDIT_CARD,Visa,setl_b723b2790b,2026-04-23 07:45:29,3409.41,68.19,12.27,3328.95,,SETTLED
pay_dd2e11c23dfa49,MID_RAZOR_991,ORD-2026-3000,UPI,NA,setl_9bfd629379,2026-04-23 08:00:14,3167.47,63.35,11.4,3092.72,,SETTLED
pay_dc25602f23fd4e,MID_RAZOR_991,ORD-2026-3001,UPI,NA,setl_c5fcbd2550,2026-04-23 08:15:55,6887.69,137.75,24.79,6725.15,,SETTLED
pay_e28d5bb360394a,MID_RAZOR_991,ORD-2026-3002,CREDIT_CARD,RuPay,setl_bfda3f8af4,2026-04-23 08:30:35,14480.56,289.61,52.13,14138.82,,SETTLED
pay_5b54f7cb3c0641,MID_RAZOR_991,ORD-2026-3003,UPI,NA,setl_d0da2bdb2b,2026-04-23 08:45:39,10947.0,218.94,39.41,10688.65,,SETTLED
pay_fefc93fa64f944,MID_RAZOR_991,ORD-2026-3004,CREDIT_CARD,RuPay,setl_d2afa5eb18,2026-04-23 09:00:24,549.6,10.99,1.98,536.63,,SETTLED
pay_1fd4c812c3434a,MID_RAZOR_991,ORD-2026-3005,CREDIT_CARD,Mastercard,setl_2b0cb7fc4e,2026-04-23 09:15:02,8672.76,173.46,31.22,8468.08,,SETTLED
pay_e246e0a2d66740,MID_RAZOR_991,ORD-2026-3006,NETBANKING,NA,setl_3df115ce55,2026-04-23 09:30:18,10441.34,208.83,37.59,10194.92,,SETTLED
pay_57bd7c458c7649,MID_RAZOR_991,ORD-2026-3007,DEBIT_CARD,Visa,setl_efced082b3,2026-04-23 09:45:40,7097.27,141.95,25.55,6929.77,,SETTLED
pay_5d615b898dd741,MID_RAZOR_991,ORD-2026-3008,CREDIT_CARD,RuPay,setl_e395a8283b,2026-04-23 10:00:18,9737.85,194.76,35.06,9508.03,,SETTLED
pay_eff50e8bd8c24e,MID_RAZOR_991,ORD-2026-3009,UPI,NA,setl_7a6f601b3b,2026-04-23 10:15:27,12179.03,243.58,43.84,11891.61,,SETTLED
pay_42b72c3be1aa42,MID_RAZOR_991,ORD-2026-3010,CREDIT_CARD,Visa,setl_3dedf01434,2026-04-23 10:30:08,12681.96,253.64,45.66,12382.66,,SETTLED
pay_7c2f79d69eab4f,MID_RAZOR_991,ORD-2026-3011,NETBANKING,NA,setl_c775e3132a,2026-04-23 10:45:46,7058.52,141.17,25.41,6891.94,,SETTLED
pay_fc189bc14a1648,MID_RAZOR_991,ORD-2026-3012,NETBANKING,NA,setl_8a985d5744,2026-04-23 11:00:08,10987.96,219.76,39.56,10728.64,,SETTLED
pay_a5ea7083385045,MID_RAZOR_991,ORD-2026-3013,CREDIT_CARD,Mastercard,setl_70f7405062,2026-04-23 11:15:42,11869.82,237.4,42.73,11589.69,,SETTLED
pay_6219b87d04dd4f,MID_RAZOR_991,ORD-2026-3014,NETBANKING,NA,setl_1fced71a37,2026-04-23 11:30:23,9838.0,196.76,35.42,9605.82,,SETTLED
pay_0977afdea29d40,MID_RAZOR_991,ORD-2026-3015,NETBANKING,NA,setl_60da551929,2026-04-23 11:45:19,13617.8,272.36,49.02,13296.42,,SETTLED
pay_0d35f241df0a40,MID_RAZOR_991,ORD-2026-3016,CREDIT_CARD,Mastercard,setl_982d4ab763,2026-04-23 12:00:24,14088.27,281.77,50.72,13755.78,,SETTLED
pay_8097f01754814d,MID_RAZOR_991,ORD-2026-3017,NETBANKING,NA,setl_eb2495fc0a,2026-04-23 12:15:36,10171.41,203.43,36.62,9931.36,,SETTLED
pay_0b02108e6f9f47,MID_RAZOR_991,ORD-2026-3018,CREDIT_CARD,Mastercard,setl_e4d3d41e57,2026-04-23 12:30:25,8838.5,176.77,31.82,8629.91,,SETTLED
pay_6b4427237df34a,MID_RAZOR_991,ORD-2026-3019,CREDIT_CARD,Mastercard,setl_f74bd28abb,2026-04-23 12:45:08,11557.99,231.16,41.61,11285.22,,SETTLED
pay_705a47db5fbc47,MID_RAZOR_991,ORD-2026-3020,UPI,NA,setl_28ba006e4a,2026-04-23 13:00:43,1907.44,38.15,6.87,1862.42,,SETTLED
pay_50144c607b254b,MID_RAZOR_991,ORD-2026-3021,DEBIT_CARD,RuPay,setl_46a9fe0bc0,2026-04-23 13:15:20,14007.66,280.15,50.43,13677.08,,SETTLED
pay_1d7089502c9f47,MID_RAZOR_991,ORD-2026-3022,DEBIT_CARD,RuPay,setl_111a4652b6,2026-04-23 13:30:23,9536.86,190.74,34.33,9311.79,,SETTLED
pay_6234a9f0c06948,MID_RAZOR_991,ORD-2026-3023,CREDIT_CARD,Visa,setl_67a35a480a,2026-04-23 13:45:19,1971.74,39.43,7.1,1925.21,,SETTLED
pay_30a9969c627a45,MID_RAZOR_991,ORD-2026-3024,NETBANKING,NA,setl_894de02e6c,2026-04-23 14:00:10,8644.13,172.88,31.12,8440.13,,SETTLED
pay_630c04d8dc404c,MID_RAZOR_991,ORD-2026-3025,UPI,NA,setl_f2ada89031,2026-04-23 14:15:42,14208.33,284.17,51.15,13873.01,,SETTLED
pay_d43712ccd98c4c,MID_RAZOR_991,ORD-2026-3026,NETBANKING,NA,setl_f5b3c19470,2026-04-23 14:30:30,6000.86,120.02,21.6,5859.24,,SETTLED
pay_70e0bafe2ccf4c,MID_RAZOR_991,ORD-2026-3027,DEBIT_CARD,Visa,setl_e2e4cb38b4,2026-04-23 14:45:37,8792.7,175.85,31.65,8585.2,,SETTLED
pay_197ad90e62c048,MID_RAZOR_991,ORD-2026-3028,DEBIT_CARD,Visa,setl_4fb170bf9d,2026-04-23 15:00:05,13354.12,267.08,48.07,13038.97,,SETTLED
pay_e32a5ae5b82c45,MID_RAZOR_991,ORD-2026-3029,NETBANKING,NA,setl_da10185a83,2026-04-23 15:15:58,2667.55,53.35,9.6,2604.6,,SETTLED
pay_fb2ccce35fc740,MID_RAZOR_991,ORD-2026-3030,UPI,NA,setl_6a34b8833c,2026-04-23 15:30:22,9240.78,184.82,33.27,9022.69,,SETTLED
pay_83ab13d3fb0246,MID_RAZOR_991,ORD-2026-3031,NETBANKING,NA,setl_1b5e82ecad,2026-04-23 15:45:10,5795.63,115.91,20.86,5658.86,,SETTLED
pay_276a604b65ff41,MID_RAZOR_991,ORD-2026-3032,UPI,NA,setl_f149c13895,2026-04-23 16:00:31,5119.23,102.38,18.43,4998.42,,SETTLED
pay_49aecf55f9f647,MID_RAZOR_991,ORD-2026-3033,DEBIT_CARD,Visa,setl_9392b6671f,2026-04-23 16:15:28,14944.23,298.88,53.8,14591.55,,SETTLED
pay_826a4f91cb834d,MID_RAZOR_991,ORD-2026-3034,NETBANKING,NA,setl_13f0f5f62a,2026-04-23 16:30:42,1663.54,33.27,5.99,1624.28,,SETTLED
pay_1b218b56e36a47,MID_RAZOR_991,ORD-2026-3035,UPI,NA,setl_2d6a8d58f9,2026-04-23 16:45:19,6019.73,120.39,21.67,5877.67,,SETTLED
pay_54e248e6ab6c46,MID_RAZOR_991,ORD-2026-3036,DEBIT_CARD,Mastercard,setl_7cd7deb75c,2026-04-23 17:00:24,5366.71,107.33,19.32,5240.06,,SETTLED
pay_3629496d94d141,MID_RAZOR_991,ORD-2026-3037,CREDIT_CARD,Visa,setl_60a978b42a,2026-04-23 17:15:46,4293.03,85.86,15.45,4191.72,,SETTLED
pay_d5310bfe50a243,MID_RAZOR_991,ORD-2026-3038,NETBANKING,NA,setl_02c6304104,2026-04-23 17:30:58,10241.21,204.82,36.87,9999.52,,SETTLED
pay_1a6ee92c3be54d,MID_RAZOR_991,ORD-2026-3039,UPI,NA,setl_71c5229f87,2026-04-23 17:45:15,1579.01,31.58,5.68,1541.75,,SETTLED
pay_5f3a9e468bd546,MID_RAZOR_991,ORD-2026-3040,CREDIT_CARD,RuPay,setl_71268f2fe0,2026-04-23 18:00:55,1593.47,31.87,5.74,1555.86,,SETTLED
pay_23b2ddf0cf5f47,MID_RAZOR_991,ORD-2026-3041,UPI,NA,setl_43688bb49d,2026-04-23 18:15:09,8949.95,179.0,32.22,8738.73,,SETTLED
pay_1d62da2d1fd44a,MID_RAZOR_991,ORD-2026-3042,UPI,NA,setl_831b18d4b9,2026-04-23 18:30:03,10710.14,214.2,38.56,10457.38,,SETTLED
pay_593974b171de47,MID_RAZOR_991,ORD-2026-3043,UPI,NA,setl_24420328f3,2026-04-23 18:45:00,6778.06,135.56,24.4,6618.1,,SETTLED
pay_7d933ad0180343,MID_RAZOR_991,ORD-2026-3044,NETBANKING,NA,setl_64327090ff,2026-04-23 19:00:20,9569.05,191.38,34.45,9343.22,,SETTLED
pay_855103e91daf49,MID_RAZOR_991,ORD-2026-3045,CREDIT_CARD,Visa,setl_45916883f7,2026-04-23 19:15:18,11107.69,222.15,39.99,10845.55,,SETTLED
pay_2a051e220e3e41,MID_RAZOR_991,ORD-2026-3046,UPI,NA,setl_df09cf0d10,2026-04-23 19:30:11,14625.76,292.52,52.65,14280.59,,SETTLED
pay_674bf242e83445,MID_RAZOR_991,ORD-2026-3047,UPI,NA,setl_aa2e414f3c,2026-04-23 19:45:44,11544.16,230.88,41.56,11271.72,,SETTLED
pay_836b22e0efd04b,MID_RAZOR_991,ORD-2026-3048,CREDIT_CARD,Visa,setl_1f62e623b0,2026-04-23 20:00:40,12622.59,252.45,45.44,12324.7,,SETTLED
pay_0a09a2043d3942,MID_RAZOR_991,ORD-2026-3049,DEBIT_CARD,RuPay,setl_19c5f316ae,2026-04-23 20:15:27,4138.77,82.78,14.9,4041.09,,SETTLED
pay_f532fa03667e4a,MID_RAZOR_991,ORD-2026-3050,DEBIT_CARD,Visa,setl_2f6692897e,2026-04-23 20:30:48,2838.33,56.77,10.22,2771.34,,SETTLED
pay_5cade4a1f3d24d,MID_RAZOR_991,ORD-2026-3051,UPI,NA,setl_128a5bcde8,2026-04-23 20:45:39,11456.93,229.14,41.25,11186.54,,SETTLED
pay_febda8de630a4b,MID_RAZOR_991,ORD-2026-3052,NETBANKING,NA,setl_13cbece412,2026-04-23 21:00:00,14668.93,293.38,52.81,14322.74,,SETTLED
pay_67d65310a78c4d,MID_RAZOR_991,ORD-2026-3053,UPI,NA,setl_d4757eeb39,2026-04-23 21:15:36,4305.34,86.11,15.5,4203.73,,SETTLED
pay_fc55ae774ddb4a,MID_RAZOR_991,ORD-2026-3054,NETBANKING,NA,setl_16285b6188,2026-04-23 21:30:23,7745.58,154.91,27.88,7562.79,,SETTLED
pay_bc534e6729454a,MID_RAZOR_991,ORD-2026-3055,CREDIT_CARD,RuPay,setl_8ef920eee2,2026-04-23 21:45:37,2973.02,59.46,10.7,2902.86,,SETTLED
pay_569dc52bde0c44,MID_RAZOR_991,ORD-2026-3056,DEBIT_CARD,Visa,setl_0c1a7656c6,2026-04-23 22:00:29,13095.89,261.92,47.15,12786.82,,SETTLED
pay_59c4d00c2c9948,MID_RAZOR_991,ORD-2026-3057,NETBANKING,NA,setl_077c35d42c,2026-04-23 22:15:26,14269.69,285.39,51.37,13932.93,,SETTLED
pay_29ffe0addf7048,MID_RAZOR_991,ORD-2026-3058,CREDIT_CARD,Visa,setl_633356943a,2026-04-23 22:30:23,702.28,14.05,2.53,685.7,,SETTLED
pay_ad221f7173884c,MID_RAZOR_991,ORD-2026-3059,CREDIT_CARD,RuPay,setl_5660912e9c,2026-04-23 22:45:01,6173.73,123.47,22.22,6028.04,,SETTLED
pay_01e90ee119c24f,MID_RAZOR_991,ORD-2026-3060,NETBANKING,NA,setl_92dd7dbee7,2026-04-23 23:00:25,2795.59,55.91,10.06,2729.62,,SETTLED
pay_29def7e56f5c40,MID_RAZOR_991,ORD-2026-3061,NETBANKING,NA,setl_ff6b0ea2ac,2026-04-23 23:15:27,6809.06,136.18,24.51,6648.37,,SETTLED
pay_8bd2510c484944,MID_RAZOR_991,ORD-2026-3062,UPI,NA,setl_c07298cf76,2026-04-23 23:30:20,10737.35,214.75,38.66,10483.94,,SETTLED
pay_8c6833d54be449,MID_RAZOR_991,ORD-2026-3063,CREDIT_CARD,Visa,setl_0712731fa9,2026-04-23 23:45:31,688.03,13.76,2.48,671.79,,SETTLED
pay_81d726bf366648,MID_RAZOR_991,ORD-2026-3064,DEBIT_CARD,Mastercard,setl_4e46bb31fa,2026-04-24 00:00:39,6720.46,134.41,24.19,6561.86,,SETTLED
pay_a18708ca9b6941,MID_RAZOR_991,ORD-2026-3065,DEBIT_CARD,Mastercard,setl_169c7b0c5a,2026-04-24 00:15:23,12203.3,244.07,43.93,11915.3,,SETTLED
pay_16132d3427954b,MID_RAZOR_991,ORD-2026-3066,UPI,NA,setl_425218c95f,2026-04-24 00:30:01,6982.63,139.65,25.14,6817.84,,SETTLED
pay_2ec23f10a2ae43,MID_RAZOR_991,ORD-2026-3067,CREDIT_CARD,Visa,setl_769013c8cb,2026-04-24 00:45:40,13778.2,275.56,49.6,13453.04,,SETTLED
pay_a35aaebd2f824b,MID_RAZOR_991,ORD-2026-3068,DEBIT_CARD,Mastercard,setl_f8b66a6bbd,2026-04-24 01:00:12,13576.91,271.54,48.88,13256.49,,SETTLED
pay_7629fa6665f448,MID_RAZOR_991,ORD-2026-3069,CREDIT_CARD,RuPay,setl_f83b71741d,2026-04-24 01:15:31,8667.82,173.36,31.2,8463.26,,SETTLED
pay_6df5cb7f8e9d46,MID_RAZOR_991,ORD-2026-3070,NETBANKING,NA,setl_ed9db34e1e,2026-04-24 01:30:48,2651.15,53.02,9.54,2588.59,,SETTLED
pay_aec3780c6dfa45,MID_RAZOR_991,ORD-2026-3071,DEBIT_CARD,RuPay,setl_b927e7894f,2026-04-24 01:45:28,6148.86,122.98,22.14,6003.74,,SETTLED
pay_b6f61d7608ae44,MID_RAZOR_991,ORD-2026-3072,UPI,NA,setl_8cc02c4283,2026-04-24 02:00:30,4075.49,81.51,14.67,3979.31,,SETTLED
pay_6d57be184ada44,MID_RAZOR_991,ORD-2026-3073,NETBANKING,NA,setl_02ab85b929,2026-04-24 02:15:35,2618.74,52.37,9.43,2556.94,,SETTLED
pay_babdd06f4fb845,MID_RAZOR_991,ORD-2026-3074,CREDIT_CARD,Mastercard,setl_4bfcca35e3,2026-04-24 02:30:12,14387.02,287.74,51.79,14047.49,,SETTLED
pay_18207ec29ef442,MID_RAZOR_991,ORD-2026-3075,CREDIT_CARD,Mastercard,setl_483229a741,2026-04-24 02:45:51,7809.87,156.2,28.12,7625.55,,SETTLED
pay_79aaaa06f0ff4c,MID_RAZOR_991,ORD-2026-3076,UPI,NA,setl_301a0f3360,2026-04-24 03:00:19,4284.32,85.69,15.42,4183.21,,SETTLED
pay_ac277364979a4e,MID_RAZOR_991,ORD-2026-3077,NETBANKING,NA,setl_06ecb7c9c3,2026-04-24 03:15:05,5845.16,116.9,21.04,5707.22,,SETTLED
pay_cd7d73c66e3347,MID_RAZOR_991,ORD-2026-3078,CREDIT_CARD,Mastercard,setl_f939bb3109,2026-04-24 03:30:28,11497.69,229.95,41.39,11226.35,,SETTLED
pay_4abd911f7ec144,MID_RAZOR_991,ORD-2026-3079,NETBANKING,NA,setl_cadd76be2d,2026-04-24 03:45:18,2862.07,57.24,10.3,2794.53,,SETTLED
pay_5c75fd4dc42e49,MID_RAZOR_991,ORD-2026-3080,NETBANKING,NA,setl_8b32448eee,2026-04-24 04:00:23,2555.42,51.11,9.2,2495.11,,SETTLED
pay_f6d62fb1bf1b43,MID_RAZOR_991,ORD-2026-3081,DEBIT_CARD,Visa,setl_36a8ca1413,2026-04-24 04:15:11,5235.85,104.72,18.85,5112.28,,SETTLED
pay_088268688c484c,MID_RAZOR_991,ORD-2026-3082,UPI,NA,setl_4de40df9f7,2026-04-24 04:30:56,7919.77,158.4,28.51,7732.86,,SETTLED
pay_a26f3eda928346,MID_RAZOR_991,ORD-2026-3083,CREDIT_CARD,RuPay,setl_acb55c8b83,2026-04-24 04:45:06,8080.32,161.61,29.09,7889.62,,SETTLED
pay_78e829d16f9148,MID_RAZOR_991,ORD-2026-3084,DEBIT_CARD,RuPay,setl_a8500e6cc6,2026-04-24 05:00:26,5481.81,109.64,19.74,5352.43,,SETTLED
pay_dc1d5a5b939643,MID_RAZOR_991,ORD-2026-3085,NETBANKING,NA,setl_d97f050404,2026-04-24 05:15:41,11951.07,239.02,43.02,11669.03,,SETTLED
pay_bca530bb8aef43,MID_RAZOR_991,ORD-2026-3086,CREDIT_CARD,RuPay,setl_76753b7bed,2026-04-24 05:30:48,13715.65,274.31,49.38,13391.96,,SETTLED
pay_b714d320fd0f45,MID_RAZOR_991,ORD-2026-3087,UPI,NA,setl_038e34b4ab,2026-04-24 05:45:03,9822.09,196.44,35.36,9590.29,,SETTLED
pay_ddbd04dd87cf4c,MID_RAZOR_991,ORD-2026-3088,CREDIT_CARD,RuPay,setl_c02a0e24c4,2026-04-24 06:00:55,2496.26,49.93,8.99,2437.34,,SETTLED
pay_0070dd22ae074d,MID_RAZOR_991,ORD-2026-3089,NETBANKING,NA,setl_bc295266b8,2026-04-24 06:15:01,7898.58,157.97,28.43,7712.18,,SETTLED
pay_99fd22b1247040,MID_RAZOR_991,ORD-2026-3090,NETBANKING,NA,setl_98e355c342,2026-04-24 06:30:35,1485.44,29.71,5.35,1450.38,,SETTLED
pay_09b0c04f41fd43,MID_RAZOR_991,ORD-2026-3091,NETBANKING,NA,setl_41d0828a7a,2026-04-24 06:45:00,5566.03,111.32,20.04,5434.67,,SETTLED
pay_db60a189c93b41,MID_RAZOR_991,ORD-2026-3092,CREDIT_CARD,Visa,setl_b6067c50a4,2026-04-24 07:00:13,2707.71,54.15,9.75,2643.81,,SETTLED
pay_083f6152969347,MID_RAZOR_991,ORD-2026-3093,DEBIT_CARD,Mastercard,setl_f858cc502f,2026-04-24 07:15:23,7907.75,158.16,28.47,7721.12,,SETTLED
pay_efd488cbe57044,MID_RAZOR_991,ORD-2026-3094,DEBIT_CARD,RuPay,setl_381bbbd273,2026-04-24 07:30:20,13519.96,270.4,48.67,13200.89,,SETTLED
pay_63bce2e021814e,MID_RAZOR_991,ORD-2026-3095,UPI,NA,setl_102ed8a238,2026-04-24 07:45:28,9248.83,184.98,33.3,9030.55,,SETTLED
pay_a08755238f6543,MID_RAZOR_991,ORD-2026-3096,UPI,NA,setl_42fbc60228,2026-04-24 08:00:24,12167.22,243.34,43.8,11880.08,,SETTLED
pay_df41712a3a3e4e,MID_RAZOR_991,ORD-2026-3097,DEBIT_CARD,Mastercard,setl_6fe37fe2d3,2026-04-24 08:15:43,3607.97,72.16,12.99,3522.82,,SETTLED
pay_f8a0ea51da4145,MID_RAZOR_991,ORD-2026-3098,CREDIT_CARD,Mastercard,setl_28f860bf1f,2026-04-24 08:30:56,13323.52,266.47,47.96,13009.09,,SETTLED
pay_59615fd7ff1849,MID_RAZOR_991,ORD-2026-3099,UPI,NA,setl_c556350666,2026-04-24 08:45:13,12529.01,250.58,45.1,12233.33,,SETTLED
pay_c9c3eb8687f545,MID_RAZOR_991,ORD-2026-3100,NETBANKING,NA,setl_97275a336c,2026-04-24 09:00:46,5246.7,104.93,18.89,5122.88,,SETTLED
pay_2d609c6d26ba46,MID_RAZOR_991,ORD-2026-3101,NETBANKING,NA,setl_9270510ac3,2026-04-24 09:15:35,9152.74,183.05,32.95,8936.74,,SETTLED
pay_73098fd3053e4c,MID_RAZOR_991,ORD-2026-3102,UPI,NA,setl_9ac7b68d80,2026-04-24 09:30:39,1225.41,24.51,4.41,1196.49,,SETTLED
pay_7aef8c21d70c42,MID_RAZOR_991,ORD-2026-3103,CREDIT_CARD,RuPay,setl_847d76dc59,2026-04-24 09:45:03,5836.72,116.73,21.01,5698.98,,SETTLED
pay_93df5ef90bc042,MID_RAZOR_991,ORD-2026-3104,UPI,NA,setl_686dd7ea6c,2026-04-24 10:00:17,6553.56,131.07,23.59,6398.9,,SETTLED
pay_43025144ba4d4d,MID_RAZOR_991,ORD-2026-3105,DEBIT_CARD,RuPay,setl_004bc7c0b4,2026-04-24 10:15:16,7125.45,142.51,25.65,6957.29,,SETTLED
pay_d04717da675f45,MID_RAZOR_991,ORD-2026-3106,UPI,NA,setl_58ba6c0f1c,2026-04-24 10:30:56,14000.12,280.0,50.4,13669.72,,SETTLED
pay_153c99b41e7a40,MID_RAZOR_991,ORD-2026-3107,CREDIT_CARD,Visa,setl_f5ec7d1520,2026-04-24 10:45:55,13353.38,267.07,48.07,13038.24,,SETTLED
pay_f610198d134f4d,MID_RAZOR_991,ORD-2026-3108,NETBANKING,NA,setl_6630476f54,2026-04-24 11:00:04,11105.79,222.12,39.98,10843.69,,SETTLED
pay_6b05122d77524b,MID_RAZOR_991,ORD-2026-3109,NETBANKING,NA,setl_f1e41fc44c,2026-04-24 11:15:01,1038.84,20.78,3.74,1014.32,,SETTLED
pay_17154ca88df54e,MID_RAZOR_991,ORD-2026-3110,UPI,NA,setl_f56817383f,2026-04-24 11:30:42,1413.65,28.27,5.09,1380.29,,SETTLED
pay_2a4f88b21ded42,MID_RAZOR_991,ORD-2026-3111,CREDIT_CARD,Visa,setl_9d6398a94b,2026-04-24 11:45:01,10233.02,204.66,36.84,9991.52,,SETTLED
pay_622567ac9b8e40,MID_RAZOR_991,ORD-2026-3112,UPI,NA,setl_ad4daee0bf,2026-04-24 12:00:41,1139.79,22.8,4.1,1112.89,,SETTLED
pay_5b7d382530654d,MID_RAZOR_991,ORD-2026-3113,UPI,NA,setl_f93b73e1fc,2026-04-24 12:15:18,5778.5,115.57,20.8,5642.13,,SETTLED
pay_6f77b8c5ecd041,MID_RAZOR_991,ORD-2026-3114,DEBIT_CARD,Mastercard,setl_7bd26e2f90,2026-04-24 12:30:35,8341.12,166.82,30.03,8144.27,,SETTLED
pay_e4cd1b95c36040,MID_RAZOR_991,ORD-2026-3115,CREDIT_CARD,Mastercard,setl_16ea143a4c,2026-04-24 12:45:25,5895.59,117.91,21.22,5756.46,,SETTLED
pay_e33fb16152d84c,MID_RAZOR_991,ORD-2026-3116,NETBANKING,NA,setl_142b2a646a,2026-04-24 13:00:43,8362.89,167.26,30.11,8165.52,,SETTLED
pay_9fa17fa16b0641,MID_RAZOR_991,ORD-2026-3117,CREDIT_CARD,Visa,setl_16536841be,2026-04-24 13:15:59,5700.7,114.01,20.52,5566.17,,SETTLED
pay_8a96e642578d4b,MID_RAZOR_991,ORD-2026-3118,CREDIT_CARD,RuPay,setl_68dff9de73,2026-04-24 13:30:21,7842.12,156.84,28.23,7657.05,,SETTLED
pay_7174b973dcca48,MID_RAZOR_991,ORD-2026-3119,CREDIT_CARD,Mastercard,setl_86202a0f1a,2026-04-24 13:45:08,14669.86,293.4,52.81,14323.65,,SETTLED
pay_16956611cdaf41,MID_RAZOR_991,ORD-2026-3120,NETBANKING,NA,setl_29e633229b,2026-04-24 14:00:56,2122.26,42.45,7.64,2072.17,,SETTLED
pay_2b847c755e9a4e,MID_RAZOR_991,ORD-2026-3121,UPI,NA,setl_026effa290,2026-04-24 14:15:16,14050.33,281.01,50.58,13718.74,,SETTLED
pay_e6d0842934a44d,MID_RAZOR_991,ORD-2026-3122,DEBIT_CARD,Visa,setl_a1d50448dd,2026-04-24 14:30:07,5219.57,104.39,18.79,5096.39,,SETTLED
pay_db5399f5c14040,MID_RAZOR_991,ORD-2026-3123,NETBANKING,NA,setl_ecbf6b4f88,2026-04-24 14:45:14,8866.78,177.34,31.92,8657.52,,SETTLED
pay_67ae2e0a2b6f49,MID_RAZOR_991,ORD-2026-3124,CREDIT_CARD,Mastercard,setl_18f4268203,2026-04-24 15:00:41,7077.98,141.56,25.48,6910.94,,SETTLED
pay_11267c0312a540,MID_RAZOR_991,ORD-2026-3125,UPI,NA,setl_a1662d7fb1,2026-04-24 15:15:31,2593.16,51.86,9.33,2531.97,,SETTLED
pay_954ef34049624d,MID_RAZOR_991,ORD-2026-3126,DEBIT_CARD,RuPay,setl_920fbfc926,2026-04-24 15:30:34,9754.6,195.09,35.12,9524.39,,SETTLED
pay_8a1b411a769947,MID_RAZOR_991,ORD-2026-3127,UPI,NA,setl_7313c0c55b,2026-04-24 15:45:13,3192.85,63.86,11.49,3117.5,,SETTLED
pay_0f79657de3ca41,MID_RAZOR_991,ORD-2026-3128,NETBANKING,NA,setl_508ec56bee,2026-04-24 16:00:22,10092.98,201.86,36.33,9854.79,,SETTLED
pay_2b26867588944d,MID_RAZOR_991,ORD-2026-3129,NETBANKING,NA,setl_5a8aa5c9af,2026-04-24 16:15:23,3522.5,70.45,12.68,3439.37,,SETTLED
pay_f2cb5140b6664f,MID_RAZOR_991,ORD-2026-3130,UPI,NA,setl_62b55d6589,2026-04-24 16:30:43,7624.34,152.49,27.45,7444.4,,SETTLED
pay_6491a6aa7ca440,MID_RAZOR_991,ORD-2026-3131,DEBIT_CARD,Mastercard,setl_32cd7eb2a7,2026-04-24 16:45:30,12987.04,259.74,46.75,12680.55,,SETTLED
pay_ba79b978aa0145,MID_RAZOR_991,ORD-2026-3132,DEBIT_CARD,Mastercard,setl_1de8ea1aca,2026-04-24 17:00:31,14922.26,298.45,53.72,14570.09,,SETTLED
pay_6555228ec8b04c,MID_RAZOR_991,ORD-2026-3133,NETBANKING,NA,setl_42a4661eaa,2026-04-24 17:15:16,8384.16,167.68,30.18,8186.3,,SETTLED
pay_2303cfd43b2a4c,MID_RAZOR_991,ORD-2026-3134,UPI,NA,setl_1211fa43fd,2026-04-24 17:30:29,6007.84,120.16,21.63,5866.05,,SETTLED
pay_5455631f33cd47,MID_RAZOR_991,ORD-2026-3135,UPI,NA,setl_f4e2a32bd9,2026-04-24 17:45:20,4992.3,99.85,17.97,4874.48,,SETTLED
pay_865ff23fc41842,MID_RAZOR_991,ORD-2026-3136,UPI,NA,setl_fd8a2ea416,2026-04-24 18:00:43,2361.57,47.23,8.5,2305.84,,SETTLED
pay_cf7d5a16357a44,MID_RAZOR_991,ORD-2026-3137,CREDIT_CARD,Visa,setl_e478511888,2026-04-24 18:15:17,10608.4,212.17,38.19,10358.04,,SETTLED
pay_5203bfb4ffbb47,MID_RAZOR_991,ORD-2026-3138,DEBIT_CARD,Mastercard,setl_73eb976fce,2026-04-24 18:30:07,10624.14,212.48,38.25,10373.41,,SETTLED
pay_a551cd20bfbc43,MID_RAZOR_991,ORD-2026-3139,UPI,NA,setl_2512d003a6,2026-04-24 18:45:18,9216.25,184.33,33.18,8998.74,,SETTLED
pay_5229001cf13543,MID_RAZOR_991,ORD-2026-3140,UPI,NA,setl_24402c709c,2026-04-24 19:00:12,7491.12,149.82,26.97,7314.33,,SETTLED
pay_3350c72e29f946,MID_RAZOR_991,ORD-2026-3141,CREDIT_CARD,Visa,setl_e1f6d05b58,2026-04-24 19:15:02,4883.01,97.66,17.58,4767.77,,SETTLED
pay_a76f62b58c4043,MID_RAZOR_991,ORD-2026-3142,CREDIT_CARD,Mastercard,setl_919666e405,2026-04-24 19:30:28,12222.07,244.44,44.0,11933.63,,SETTLED
pay_2a88227d6c6142,MID_RAZOR_991,ORD-2026-3143,UPI,NA,setl_8f1e657718,2026-04-24 19:45:28,7694.11,153.88,27.7,7512.53,,SETTLED
pay_726c7a2c3dff4a,MID_RAZOR_991,ORD-2026-3144,DEBIT_CARD,Mastercard,setl_664ccf40b4,2026-04-24 20:00:34,2041.76,40.84,7.35,1993.57,,SETTLED
pay_7e943a32d3144f,MID_RAZOR_991,ORD-2026-3145,NETBANKING,NA,setl_4261a9aba5,2026-04-24 20:15:04,1445.04,28.9,5.2,1410.94,,SETTLED
pay_d6fae235fe0340,MID_RAZOR_991,ORD-2026-3146,CREDIT_CARD,RuPay,setl_2650590cd4,2026-04-24 20:30:07,849.58,16.99,3.06,829.53,,SETTLED
pay_29a0491f106643,MID_RAZOR_991,ORD-2026-3147,NETBANKING,NA,setl_05e19cc30c,2026-04-24 20:45:42,14949.55,298.99,53.82,14596.74,,SETTLED
pay_9f173476ff8b4a,MID_RAZOR_991,ORD-2026-3148,CREDIT_CARD,Mastercard,setl_fe50166b2d,2026-04-24 21:00:26,2179.82,43.6,7.85,2128.37,,SETTLED
pay_6be9521090fa4d,MID_RAZOR_991,ORD-2026-3149,CREDIT_CARD,Mastercard,setl_799b5148a7,2026-04-24 21:15:44,6165.29,123.31,22.2,6019.78,,SETTLED
pay_bad7f43fb4bd44,MID_RAZOR_991,ORD-2026-3150,UPI,NA,setl_3152078c42,2026-04-24 21:30:33,10155.71,203.11,36.56,9916.04,,SETTLED
pay_b08cb4fc0d734f,MID_RAZOR_991,ORD-2026-3151,CREDIT_CARD,Visa,setl_26e2334ad1,2026-04-24 21:45:58,4033.3,80.67,14.52,3938.11,,SETTLED
pay_71f353d9d5c341,MID_RAZOR_991,ORD-2026-3152,NETBANKING,NA,setl_11dc6bbfe9,2026-04-24 22:00:30,3604.78,72.1,12.98,3519.7,,SETTLED
pay_e2d15144856c47,MID_RAZOR_991,ORD-2026-3153,UPI,NA,setl_819307a682,2026-04-24 22:15:09,10172.69,203.45,36.62,9932.62,,SETTLED
pay_dacb22dfdcb34c,MID_RAZOR_991,ORD-2026-3154,UPI,NA,setl_8f8d0b44eb,2026-04-24 22:30:36,2888.62,57.77,10.4,2820.45,,SETTLED
pay_0fae7d9476fe44,MID_RAZOR_991,ORD-2026-3155,DEBIT_CARD,Visa,setl_bf58fe4291,2026-04-24 22:45:03,11409.38,228.19,41.07,11140.12,,SETTLED
pay_84d4176666c94a,MID_RAZOR_991,ORD-2026-3156,CREDIT_CARD,Mastercard,setl_4a83670cec,2026-04-24 23:00:46,13996.31,279.93,50.39,13665.99,,SETTLED
pay_9f2c5b287e0446,MID_RAZOR_991,ORD-2026-3157,CREDIT_CARD,Visa,setl_036c35b6b1,2026-04-24 23:15:39,14266.12,285.32,51.36,13929.44,,SETTLED
pay_02c4ce9cdd7f4f,MID_RAZOR_991,ORD-2026-3158,CREDIT_CARD,RuPay,setl_60ae66b484,2026-04-24 23:30:38,8058.25,161.16,29.01,7868.08,,SETTLED
pay_cf42d7759a1d45,MID_RAZOR_991,ORD-2026-3159,NETBANKING,NA,setl_310dbe3157,2026-04-24 23:45:04,8644.46,172.89,31.12,8440.45,,SETTLED
pay_148e9f022a7a44,MID_RAZOR_991,ORD-2026-3160,NETBANKING,NA,setl_7d1b492c71,2026-04-25 00:00:17,7235.35,144.71,26.05,7064.59,,SETTLED
pay_608823edccea42,MID_RAZOR_991,ORD-2026-3161,NETBANKING,NA,setl_466a564d4a,2026-04-25 00:15:32,7572.92,151.46,27.26,7394.2,,SETTLED
pay_6c769329251646,MID_RAZOR_991,ORD-2026-3162,NETBANKING,NA,setl_ab4acf3491,2026-04-25 00:30:21,8224.72,164.49,29.61,8030.62,,SETTLED
pay_6032bfe5451c44,MID_RAZOR_991,ORD-2026-3163,DEBIT_CARD,Mastercard,setl_0f0fe7f846,2026-04-25 00:45:32,3803.71,76.07,13.69,3713.95,,SETTLED
pay_47474ec067404f,MID_RAZOR_991,ORD-2026-3164,DEBIT_CARD,RuPay,setl_2fbcc06226,2026-04-25 01:00:52,5357.48,107.15,19.29,5231.04,,SETTLED
pay_3c43d1dc543443,MID_RAZOR_991,ORD-2026-3165,CREDIT_CARD,Mastercard,setl_5e13e85240,2026-04-25 01:15:56,11909.95,238.2,42.88,11628.87,,SETTLED
pay_79694d16ac9d48,MID_RAZOR_991,ORD-2026-3166,DEBIT_CARD,RuPay,setl_b0fbd10dfc,2026-04-25 01:30:51,7209.01,144.18,25.95,7038.88,,SETTLED
pay_6127812a454449,MID_RAZOR_991,ORD-2026-3167,DEBIT_CARD,Mastercard,setl_15797fb8cb,2026-04-25 01:45:15,3483.14,69.66,12.54,3400.94,,SETTLED
pay_e1e0a3f925a340,MID_RAZOR_991,ORD-2026-3168,CREDIT_CARD,Visa,setl_c41a9195f4,2026-04-25 02:00:30,10897.1,217.94,39.23,10639.93,,SETTLED
pay_1abebb0273304d,MID_RAZOR_991,ORD-2026-3169,UPI,NA,setl_2dfc12ec79,2026-04-25 02:15:16,2304.22,46.08,8.29,2249.85,,SETTLED
pay_d6fce6d8e82c4b,MID_RAZOR_991,ORD-2026-3170,DEBIT_CARD,Visa,setl_54ddb2661e,2026-04-25 02:30:29,14053.89,281.08,50.59,13722.22,,SETTLED
pay_00b45283d9a841,MID_RAZOR_991,ORD-2026-3171,DEBIT_CARD,RuPay,setl_d5b5d3a09b,2026-04-25 02:45:27,9607.63,192.15,34.59,9380.89,,SETTLED
pay_bc3a96147dd440,MID_RAZOR_991,ORD-2026-3172,NETBANKING,NA,setl_342e00f5bc,2026-04-25 03:00:20,2231.95,44.64,8.04,2179.27,,SETTLED
pay_a704812d3b814d,MID_RAZOR_991,ORD-2026-3173,UPI,NA,setl_b15ee45b40,2026-04-25 03:15:02,12784.03,255.68,46.02,12482.33,,SETTLED
pay_6fd3e1ce89034c,MID_RAZOR_991,ORD-2026-3174,CREDIT_CARD,RuPay,setl_855adb4495,2026-04-25 03:30:59,11273.84,225.48,40.59,11007.77,,SETTLED
pay_aed7b3fde00d4f,MID_RAZOR_991,ORD-2026-3175,UPI,NA,setl_63dd8919b3,2026-04-25 03:45:00,2115.76,42.32,7.62,2065.82,,SETTLED
pay_b6fb6556058641,MID_RAZOR_991,ORD-2026-3176,CREDIT_CARD,Mastercard,setl_5fbb5ff729,2026-04-25 04:00:38,8773.95,175.48,31.59,8566.88,,SETTLED
pay_219e0887d21d44,MID_RAZOR_991,ORD-2026-3177,CREDIT_CARD,RuPay,setl_c2cadd07ae,2026-04-25 04:15:35,8969.74,179.39,32.29,8758.06,,SETTLED
pay_3e1bb26d37d84b,MID_RAZOR_991,ORD-2026-3178,UPI,NA,setl_2c6c00a989,2026-04-25 04:30:10,1822.08,36.44,6.56,1779.08,,SETTLED
pay_f42f491c3c284f,MID_RAZOR_991,ORD-2026-3179,NETBANKING,NA,setl_24b709d619,2026-04-25 04:45:14,4009.36,80.19,14.43,3914.74,,SETTLED
pay_140b72a5eaa143,MID_RAZOR_991,ORD-2026-3180,CREDIT_CARD,Mastercard,setl_a96946e003,2026-04-25 05:00:19,6810.3,136.21,24.52,6649.57,,SETTLED
pay_07548afa82e945,MID_RAZOR_991,ORD-2026-3181,UPI,NA,setl_13830c7fde,2026-04-25 05:15:26,10830.16,216.6,38.99,10574.57,,SETTLED
pay_96235f28175a43,MID_RAZOR_991,ORD-2026-3182,NETBANKING,NA,setl_292a026b6f,2026-04-25 05:30:01,8348.34,166.97,30.05,8151.32,,SETTLED
pay_95dcbd856c7e4c,MID_RAZOR_991,ORD-2026-3183,DEBIT_CARD,Visa,setl_66d4460586,2026-04-25 05:45:01,7735.97,154.72,27.85,7553.4,,SETTLED
pay_abdc972a0afb4d,MID_RAZOR_991,ORD-2026-3184,CREDIT_CARD,Mastercard,setl_c2e72bb510,2026-04-25 06:00:04,9213.83,184.28,33.17,8996.38,,SETTLED
pay_9abe55c8d1a542,MID_RAZOR_991,ORD-2026-3185,CREDIT_CARD,Visa,setl_90deae698c,2026-04-25 06:15:22,6373.98,127.48,22.95,6223.55,,SETTLED
pay_d871ed969fb347,MID_RAZOR_991,ORD-2026-3186,NETBANKING,NA,setl_7e469cee44,2026-04-25 06:30:38,13227.09,264.54,47.62,12914.93,,SETTLED
pay_4ba3928801d14e,MID_RAZOR_991,ORD-2026-3187,UPI,NA,setl_f8b413ae49,2026-04-25 06:45:28,10839.51,216.79,39.02,10583.7,,SETTLED
pay_cd5cacd3165945,MID_RAZOR_991,ORD-2026-3188,NETBANKING,NA,setl_e90e1e7342,2026-04-25 07:00:01,7618.88,152.38,27.43,7439.07,,SETTLED
pay_a16449dde5f049,MID_RAZOR_991,ORD-2026-3189,DEBIT_CARD,RuPay,setl_70f9799f6d,2026-04-25 07:15:17,5815.62,116.31,20.94,5678.37,,SETTLED
pay_0b534b04fb6345,MID_RAZOR_991,ORD-2026-3190,CREDIT_CARD,RuPay,setl_64933777aa,2026-04-25 07:30:24,5786.29,115.73,20.83,5649.73,,SETTLED
pay_2e8a29d3068549,MID_RAZOR_991,ORD-2026-3191,UPI,NA,setl_c0dfff18f0,2026-04-25 07:45:39,10582.04,211.64,38.1,10332.3,,SETTLED
pay_0db8bfb4d22d42,MID_RAZOR_991,ORD-2026-3192,NETBANKING,NA,setl_5bb1b9a37e,2026-04-25 08:00:09,4750.72,95.01,17.1,4638.61,,SETTLED
pay_ee626420e43a4c,MID_RAZOR_991,ORD-2026-3193,DEBIT_CARD,RuPay,setl_75cd3521cf,2026-04-25 08:15:33,1468.29,29.37,5.29,1433.63,,SETTLED
pay_ae11b779a50d4b,MID_RAZOR_991,ORD-2026-3194,CREDIT_CARD,Visa,setl_2de698fd78,2026-04-25 08:30:35,7318.6,146.37,26.35,7145.88,,SETTLED
pay_f0679cfee50549,MID_RAZOR_991,ORD-2026-3195,CREDIT_CARD,Mastercard,setl_3cb8fbd991,2026-04-25 08:45:45,1617.19,32.34,5.82,1579.03,,SETTLED
pay_3c2e2e40698f42,MID_RAZOR_991,ORD-2026-3196,NETBANKING,NA,setl_8b7145c63b,2026-04-25 09:00:35,11532.47,230.65,41.52,11260.3,,SETTLED
pay_347b9762a9a842,MID_RAZOR_991,ORD-2026-3197,CREDIT_CARD,RuPay,setl_5a628e697a,2026-04-25 09:15:20,12903.41,258.07,46.45,12598.89,,SETTLED
pay_301ab81429e34b,MID_RAZOR_991,ORD-2026-3198,NETBANKING,NA,setl_693ae7f175,2026-04-25 09:30:08,2921.52,58.43,10.52,2852.57,,SETTLED
pay_41a3479bcc0d48,MID_RAZOR_991,ORD-2026-3199,DEBIT_CARD,Mastercard,setl_606a04733a,2026-04-25 09:45:50,4549.52,90.99,16.38,4442.15,,SETTLED
pay_25d74c6857a845,MID_RAZOR_991,ORD-2026-3200,CREDIT_CARD,RuPay,setl_02e67d1409,2026-04-25 10:00:40,9287.16,185.74,33.43,9067.99,,SETTLED
pay_9581b96dd8bb4f,MID_RAZOR_991,ORD-2026-3201,NETBANKING,NA,setl_bd7789f7ee,2026-04-25 10:15:33,12083.15,241.66,43.5,11797.99,,SETTLED
pay_07f245b5c95447,MID_RAZOR_991,ORD-2026-3202,NETBANKING,NA,setl_0d3277e77c,2026-04-25 10:30:41,14177.64,283.55,51.04,13843.05,,SETTLED
pay_c8dc26f0d1f547,MID_RAZOR_991,ORD-2026-3203,NETBANKING,NA,setl_96a0c873fd,2026-04-25 10:45:48,4145.73,82.91,14.92,4047.9,,SETTLED
pay_f4ec52009c384a,MID_RAZOR_991,ORD-2026-3204,CREDIT_CARD,RuPay,setl_9915d01722,2026-04-25 11:00:13,1564.55,31.29,5.63,1527.63,,SETTLED
pay_d84e17586a6446,MID_RAZOR_991,ORD-2026-3205,NETBANKING,NA,setl_4ecfd359eb,2026-04-25 11:15:24,4843.01,96.86,17.43,4728.72,,SETTLED
pay_69d94db0ec6c4c,MID_RAZOR_991,ORD-2026-3206,UPI,NA,setl_caa90d23d3,2026-04-25 11:30:13,6815.29,136.31,24.54,6654.44,,SETTLED
pay_bc2a6db4849144,MID_RAZOR_991,ORD-2026-3207,CREDIT_CARD,Mastercard,setl_69a50de60c,2026-04-25 11:45:50,4878.6,97.57,17.56,4763.47,,SETTLED
pay_436de8424c8e40,MID_RAZOR_991,ORD-2026-3208,NETBANKING,NA,setl_f829f8b2a7,2026-04-25 12:00:16,7558.25,151.16,27.21,7379.88,,SETTLED
pay_17a886e8b6b545,MID_RAZOR_991,ORD-2026-3209,NETBANKING,NA,setl_156953f442,2026-04-25 12:15:08,6529.1,130.58,23.5,6375.02,,SETTLED
pay_c77fa4e994be41,MID_RAZOR_991,ORD-2026-3210,DEBIT_CARD,Visa,setl_93289afd0c,2026-04-25 12:30:03,5583.05,111.66,20.1,5451.29,,SETTLED
pay_71df7915469445,MID_RAZOR_991,ORD-2026-3211,DEBIT_CARD,Mastercard,setl_88e43337bc,2026-04-25 12:45:35,7418.07,148.36,26.7,7243.01,,SETTLED
pay_a01958c2e74144,MID_RAZOR_991,ORD-2026-3212,DEBIT_CARD,Mastercard,setl_ecc480a68f,2026-04-25 13:00:10,660.31,13.21,2.38,644.72,,SETTLED
pay_008b0a8cb2a341,MID_RAZOR_991,ORD-2026-3213,DEBIT_CARD,RuPay,setl_295d17799d,2026-04-25 13:15:01,7887.85,157.76,28.4,7701.69,,SETTLED
pay_f504606f98d342,MID_RAZOR_991,ORD-2026-3214,DEBIT_CARD,Mastercard,setl_a640f1b08b,2026-04-25 13:30:29,5530.42,110.61,19.91,5399.9,,SETTLED
pay_a64b166ec4694e,MID_RAZOR_991,ORD-2026-3215,UPI,NA,setl_f87a2c4f94,2026-04-25 13:45:56,6856.77,137.14,24.69,6694.94,,SETTLED
pay_aa7261e8e56147,MID_RAZOR_991,ORD-2026-3216,UPI,NA,setl_30221c53d6,2026-04-25 14:00:09,14027.74,280.55,50.5,13696.69,,SETTLED
pay_f41cd149d48440,MID_RAZOR_991,ORD-2026-3217,DEBIT_CARD,RuPay,setl_387dba8532,2026-04-25 14:15:09,11550.58,231.01,41.58,11277.99,,SETTLED
pay_f8077440e3e446,MID_RAZOR_991,ORD-2026-3218,NETBANKING,NA,setl_f90a022791,2026-04-25 14:30:14,1107.43,22.15,3.99,1081.29,,SETTLED
pay_80a0619bf21f4a,MID_RAZOR_991,ORD-2026-3219,CREDIT_CARD,Visa,setl_d6eb72781d,2026-04-25 14:45:51,12475.87,249.52,44.91,12181.44,,SETTLED
pay_b8156409f2de44,MID_RAZOR_991,ORD-2026-3220,CREDIT_CARD,RuPay,setl_f237ce3c46,2026-04-25 15:00:04,2869.18,57.38,10.33,2801.47,,SETTLED
pay_6e2430b732ba4a,MID_RAZOR_991,ORD-2026-3221,UPI,NA,setl_9c7ed21057,2026-04-25 15:15:14,7290.45,145.81,26.25,7118.39,,SETTLED
pay_36dc900f664c43,MID_RAZOR_991,ORD-2026-3222,NETBANKING,NA,setl_a338f09bda,2026-04-25 15:30:51,13541.38,270.83,48.75,13221.8,,SETTLED
pay_8151b854b7a248,MID_RAZOR_991,ORD-2026-3223,DEBIT_CARD,Mastercard,setl_6a322e7689,2026-04-25 15:45:42,5234.73,104.69,18.84,5111.2,,SETTLED
pay_72011ae8a29b40,MID_RAZOR_991,ORD-2026-3224,DEBIT_CARD,Mastercard,setl_c968326fa5,2026-04-25 16:00:49,13500.56,270.01,48.6,13181.95,,SETTLED
pay_8a1257c9b0b542,MID_RAZOR_991,ORD-2026-3225,DEBIT_CARD,Mastercard,setl_80ae1c6c45,2026-04-25 16:15:19,7733.68,154.67,27.84,7551.17,,SETTLED
pay_85ddef620cf649,MID_RAZOR_991,ORD-2026-3226,UPI,NA,setl_b172a2a5aa,2026-04-25 16:30:52,2645.59,52.91,9.52,2583.16,,SETTLED
pay_1374d01f007d42,MID_RAZOR_991,ORD-2026-3227,UPI,NA,setl_0783f418a5,2026-04-25 16:45:44,8362.03,167.24,30.1,8164.69,,SETTLED
pay_357ae41addca45,MID_RAZOR_991,ORD-2026-3228,DEBIT_CARD,Visa,setl_bdbce8455f,2026-04-25 17:00:05,4016.17,80.32,14.46,3921.39,,SETTLED
pay_1387d7cfaca041,MID_RAZOR_991,ORD-2026-3229,UPI,NA,setl_4f9ae15670,2026-04-25 17:15:27,6385.91,127.72,22.99,6235.2,,SETTLED
pay_479e92598e514b,MID_RAZOR_991,ORD-2026-3230,DEBIT_CARD,Visa,setl_af0b417e41,2026-04-25 17:30:07,4966.11,99.32,17.88,4848.91,,SETTLED
pay_1237e7050ee34c,MID_RAZOR_991,ORD-2026-3231,NETBANKING,NA,setl_7deb70c7aa,2026-04-25 17:45:27,12817.03,256.34,46.14,12514.55,,SETTLED
pay_fbce92f23d8645,MID_RAZOR_991,ORD-2026-3232,DEBIT_CARD,RuPay,setl_b08bea8485,2026-04-25 18:00:38,5243.57,104.87,18.88,5119.82,,SETTLED
pay_ac7a98e9869a4e,MID_RAZOR_991,ORD-2026-3233,UPI,NA,setl_666304d09a,2026-04-25 18:15:09,8335.37,166.71,30.01,8138.65,,SETTLED
pay_5a0d58c2748f43,MID_RAZOR_991,ORD-2026-3234,CREDIT_CARD,RuPay,setl_d46770ab9f,2026-04-25 18:30:00,7332.52,146.65,26.4,7159.47,,SETTLED
pay_fb68842cbeae48,MID_RAZOR_991,ORD-2026-3235,DEBIT_CARD,Mastercard,setl_7f89d38804,2026-04-25 18:45:36,1769.04,35.38,6.37,1727.29,,SETTLED
pay_5f9afe5f881f47,MID_RAZOR_991,ORD-2026-3236,UPI,NA,setl_cf738440f2,2026-04-25 19:00:02,9408.27,188.17,33.87,9186.23,,SETTLED
pay_16203d892ea04f,MID_RAZOR_991,ORD-2026-3237,UPI,NA,setl_9d8e9af3ff,2026-04-25 19:15:17,9103.87,182.08,32.77,8889.02,,SETTLED
pay_bdd68956758549,MID_RAZOR_991,ORD-2026-3238,NETBANKING,NA,setl_740c62a890,2026-04-25 19:30:38,12859.73,257.19,46.29,12556.25,,SETTLED
pay_9e197ce5b02f42,MID_RAZOR_991,ORD-2026-3239,UPI,NA,setl_697e936a5a,2026-04-25 19:45:31,9294.01,185.88,33.46,9074.67,,SETTLED
pay_657b4357a8be44,MID_RAZOR_991,ORD-2026-3240,CREDIT_CARD,Mastercard,setl_d77d7c3acf,2026-04-25 20:00:30,12248.93,244.98,44.1,11959.85,,SETTLED
pay_6f751df75b864b,MID_RAZOR_991,ORD-2026-3241,NETBANKING,NA,setl_0325da259e,2026-04-25 20:15:26,12201.01,244.02,43.92,11913.07,,SETTLED
pay_a11013aaa2b447,MID_RAZOR_991,ORD-2026-3242,CREDIT_CARD,Visa,setl_4d41fa4473,2026-04-25 20:30:09,10696.9,213.94,38.51,10444.45,,SETTLED
pay_4157d44bd8ca4f,MID_RAZOR_991,ORD-2026-3243,CREDIT_CARD,RuPay,setl_db3111a0e6,2026-04-25 20:45:28,2328.59,46.57,8.38,2273.64,,SETTLED
pay_bace6f44377843,MID_RAZOR_991,ORD-2026-3244,DEBIT_CARD,Mastercard,setl_484e73d20b,2026-04-25 21:00:15,10920.29,218.41,39.31,10662.57,,SETTLED
pay_e4fa7e95d9354c,MID_RAZOR_991,ORD-2026-3245,DEBIT_CARD,Mastercard,setl_ce79f736bd,2026-04-25 21:15:13,13486.05,269.72,48.55,13167.78,,SETTLED
pay_c6e0c924af0541,MID_RAZOR_991,ORD-2026-3246,DEBIT_CARD,RuPay,setl_7ab3c09a86,2026-04-25 21:30:03,955.0,19.1,3.44,932.46,,SETTLED
pay_7f84d20f0f9140,MID_RAZOR_991,ORD-2026-3247,NETBANKING,NA,setl_1dc00653a2,2026-04-25 21:45:42,14515.01,290.3,52.25,14172.46,,SETTLED
pay_6d3b6ac6805941,MID_RAZOR_991,ORD-2026-3248,NETBANKING,NA,setl_88624eb57a,2026-04-25 22:00:42,5064.43,101.29,18.23,4944.91,,SETTLED
pay_84ef915616d84f,MID_RAZOR_991,ORD-2026-3249,NETBANKING,NA,setl_630c78792f,2026-04-25 22:15:05,7559.97,151.2,27.22,7381.55,,SETTLED
pay_8590245aa93b46,MID_RAZOR_991,ORD-2026-3250,CREDIT_CARD,Mastercard,setl_e144b03b18,2026-04-25 22:30:38,7682.69,153.65,27.66,7501.38,,SETTLED
pay_c8fdf566499a4a,MID_RAZOR_991,ORD-2026-3251,UPI,NA,setl_1538ec680a,2026-04-25 22:45:49,633.76,12.68,2.28,618.8,,SETTLED
pay_f05cd6e39da045,MID_RAZOR_991,ORD-2026-3252,DEBIT_CARD,Visa,setl_72478440ff,2026-04-25 23:00:00,2016.66,40.33,7.26,1969.07,,SETTLED
pay_aaf8a0f764534d,MID_RAZOR_991,ORD-2026-3253,DEBIT_CARD,Mastercard,setl_aee1a486cd,2026-04-25 23:15:25,13399.0,267.98,48.24,13082.78,,SETTLED
pay_748ddade2b514b,MID_RAZOR_991,ORD-2026-3254,UPI,NA,setl_bbbd2d16e0,2026-04-25 23:30:29,14480.07,289.6,52.13,14138.34,,SETTLED
pay_83e2d6efb72242,MID_RAZOR_991,ORD-2026-3255,NETBANKING,NA,setl_218d1b5aec,2026-04-25 23:45:02,4625.04,92.5,16.65,4515.89,,SETTLED
pay_0abae62d0c6141,MID_RAZOR_991,ORD-2026-3256,UPI,NA,setl_9e61bb7ea6,2026-04-26 00:00:30,12528.52,250.57,45.1,12232.85,,SETTLED
pay_2a1b93f07a8b4f,MID_RAZOR_991,ORD-2026-3257,DEBIT_CARD,Mastercard,setl_8c3eccd990,2026-04-26 00:15:14,7014.43,140.29,25.25,6848.89,,SETTLED
pay_4b29dbade31f49,MID_RAZOR_991,ORD-2026-3258,DEBIT_CARD,Visa,setl_f5298703c2,2026-04-26 00:30:16,562.13,11.24,2.02,548.87,,SETTLED
pay_0fc1417220a746,MID_RAZOR_991,ORD-2026-3259,NETBANKING,NA,setl_77c1b60213,2026-04-26 00:45:15,6256.21,125.12,22.52,6108.57,,SETTLED
pay_b93210fd06064c,MID_RAZOR_991,ORD-2026-3260,NETBANKING,NA,setl_2ce449611c,2026-04-26 01:00:01,7775.4,155.51,27.99,7591.9,,SETTLED
pay_7f37127bc6954b,MID_RAZOR_991,ORD-2026-3261,CREDIT_CARD,Mastercard,setl_cbf516ded5,2026-04-26 01:15:42,8509.21,170.18,30.63,8308.4,,SETTLED
pay_a8a7f74f260d4b,MID_RAZOR_991,ORD-2026-3262,DEBIT_CARD,RuPay,setl_830f7e2ef0,2026-04-26 01:30:34,10013.49,200.27,36.05,9777.17,,SETTLED
pay_69087a6568bd4f,MID_RAZOR_991,ORD-2026-3263,CREDIT_CARD,Visa,setl_5cbdd77372,2026-04-26 01:45:01,1942.17,38.84,6.99,1896.34,,SETTLED
pay_45af89406d864b,MID_RAZOR_991,ORD-2026-3264,DEBIT_CARD,Visa,setl_5eb8b3d100,2026-04-26 02:00:10,13636.34,272.73,49.09,13314.52,,SETTLED
pay_fd6861b4654442,MID_RAZOR_991,ORD-2026-3265,DEBIT_CARD,Visa,setl_db3f183f34,2026-04-26 02:15:34,10527.58,210.55,37.9,10279.13,,SETTLED
pay_11b3f4e13c7c44,MID_RAZOR_991,ORD-2026-3266,CREDIT_CARD,RuPay,setl_9b520f17d5,2026-04-26 02:30:49,11669.92,233.4,42.01,11394.51,,SETTLED
pay_5165aad1cc2a44,MID_RAZOR_991,ORD-2026-3267,DEBIT_CARD,RuPay,setl_67f085e3c5,2026-04-26 02:45:32,11607.0,232.14,41.79,11333.07,,SETTLED
pay_ef0f11bf6cba41,MID_RAZOR_991,ORD-2026-3268,DEBIT_CARD,RuPay,setl_4c6a894342,2026-04-26 03:00:22,11940.5,238.81,42.99,11658.7,,SETTLED
pay_ba3e7f49f49e49,MID_RAZOR_991,ORD-2026-3269,DEBIT_CARD,Mastercard,setl_08716b3459,2026-04-26 03:15:01,13708.34,274.17,49.35,13384.82,,SETTLED
pay_99ce9549c93c4b,MID_RAZOR_991,ORD-2026-3270,CREDIT_CARD,Mastercard,setl_d85e5fc7ba,2026-04-26 03:30:52,10498.18,209.96,37.79,10250.43,,SETTLED
pay_032303a79b6c45,MID_RAZOR_991,ORD-2026-3271,UPI,NA,setl_a164c13caa,2026-04-26 03:45:21,12875.84,257.52,46.35,12571.97,,SETTLED
pay_9f5785422d6e4d,MID_RAZOR_991,ORD-2026-3272,CREDIT_CARD,RuPay,setl_62993d5f17,2026-04-26 04:00:12,9505.59,190.11,34.22,9281.26,,SETTLED
pay_cf3c78a29bab42,MID_RAZOR_991,ORD-2026-3273,CREDIT_CARD,Mastercard,setl_107305ca9e,2026-04-26 04:15:59,13736.8,274.74,49.45,13412.61,,SETTLED
pay_034709ff33c841,MID_RAZOR_991,ORD-2026-3274,DEBIT_CARD,Mastercard,setl_f5e06c4eaf,2026-04-26 04:30:23,3387.14,67.74,12.19,3307.21,,SETTLED
pay_ddd53661fa8244,MID_RAZOR_991,ORD-2026-3275,DEBIT_CARD,RuPay,setl_305288fed4,2026-04-26 04:45:42,14041.84,280.84,50.55,13710.45,,SETTLED
pay_3d3b55bb07d24a,MID_RAZOR_991,ORD-2026-3276,DEBIT_CARD,Visa,setl_def5657157,2026-04-26 05:00:05,2444.15,48.88,8.8,2386.47,,SETTLED
pay_9c2bc1c249bb4f,MID_RAZOR_991,ORD-2026-3277,UPI,NA,setl_151454ee0f,2026-04-26 05:15:37,2468.67,49.37,8.89,2410.41,,SETTLED
pay_79a9fb61cd7e42,MID_RAZOR_991,ORD-2026-3278,UPI,NA,setl_5ffd8876a4,2026-04-26 05:30:39,12257.02,245.14,44.13,11967.75,,SETTLED
pay_65665f68ee1144,MID_RAZOR_991,ORD-2026-3279,NETBANKING,NA,setl_807fa2dad0,2026-04-26 05:45:18,1064.61,21.29,3.83,1039.49,,SETTLED
pay_088b3a4049d84d,MID_RAZOR_991,ORD-2026-3280,DEBIT_CARD,Visa,setl_ed714e4b8a,2026-04-26 06:00:09,4569.69,91.39,16.45,4461.85,,SETTLED
pay_af908d95e06041,MID_RAZOR_991,ORD-2026-3281,DEBIT_CARD,Mastercard,setl_e66da3d0af,2026-04-26 06:15:19,6399.63,127.99,23.04,6248.6,,SETTLED
pay_688070dc2e514a,MID_RAZOR_991,ORD-2026-3282,UPI,NA,setl_5da1827fa3,2026-04-26 06:30:55,2492.66,49.85,8.97,2433.84,,SETTLED
pay_604c4edc6a2348,MID_RAZOR_991,ORD-2026-3283,DEBIT_CARD,RuPay,setl_475af525db,2026-04-26 06:45:06,14632.27,292.65,52.68,14286.94,,SETTLED
pay_7685e165786c45,MID_RAZOR_991,ORD-2026-3284,UPI,NA,setl_5085c424ca,2026-04-26 07:00:14,1211.64,24.23,4.36,1183.05,,SETTLED
pay_a732ffa3e5934f,MID_RAZOR_991,ORD-2026-3285,DEBIT_CARD,Mastercard,setl_6ddc72a20e,2026-04-26 07:15:42,4814.42,96.29,17.33,4700.8,,SETTLED
pay_0ace6a939d2f4b,MID_RAZOR_991,ORD-2026-3286,UPI,NA,setl_95a0706c5e,2026-04-26 07:30:42,5332.36,106.65,19.2,5206.51,,SETTLED
pay_b248a7ca088547,MID_RAZOR_991,ORD-2026-3287,UPI,NA,setl_6482c911c3,2026-04-26 07:45:06,13425.33,268.51,48.33,13108.49,,SETTLED
pay_a54f5857d7f346,MID_RAZOR_991,ORD-2026-3288,DEBIT_CARD,RuPay,setl_dafa12c7df,2026-04-26 08:00:37,14125.03,282.5,50.85,13791.68,,SETTLED
pay_c1b6e031fd2e47,MID_RAZOR_991,ORD-2026-3289,UPI,NA,setl_92a2d71e6f,2026-04-26 08:15:40,12277.6,245.55,44.2,11987.85,,SETTLED
pay_62e59ae800004e,MID_RAZOR_991,ORD-2026-3290,CREDIT_CARD,Mastercard,setl_fe7b74f52d,2026-04-26 08:30:52,13025.47,260.51,46.89,12718.07,,SETTLED
pay_f61aad93dc8c43,MID_RAZOR_991,ORD-2026-3291,DEBIT_CARD,Mastercard,setl_09aa440320,2026-04-26 08:45:50,11082.84,221.66,39.9,10821.28,,SETTLED
pay_81a6416f1b744c,MID_RAZOR_991,ORD-2026-3292,NETBANKING,NA,setl_3215b4494e,2026-04-26 09:00:13,9392.24,187.84,33.81,9170.59,,SETTLED
pay_529883a166ee40,MID_RAZOR_991,ORD-2026-3293,NETBANKING,NA,setl_10a64bab9c,2026-04-26 09:15:37,6467.37,129.35,23.28,6314.74,,SETTLED
pay_3a4a3e1f6e6946,MID_RAZOR_991,ORD-2026-3294,NETBANKING,NA,setl_17273bf983,2026-04-26 09:30:16,9900.9,198.02,35.64,9667.24,,SETTLED
pay_fa1b1b2186284e,MID_RAZOR_991,ORD-2026-3295,DEBIT_CARD,Mastercard,setl_24d52c7fc7,2026-04-26 09:45:08,8860.93,177.22,31.9,8651.81,,SETTLED
pay_5ca53bf5112b4e,MID_RAZOR_991,ORD-2026-3296,UPI,NA,setl_732c239747,2026-04-26 10:00:14,14973.1,299.46,53.9,14619.74,,SETTLED
pay_e2c840b7cbf449,MID_RAZOR_991,ORD-2026-3297,CREDIT_CARD,RuPay,setl_016188700f,2026-04-26 10:15:17,14411.3,288.23,51.88,14071.19,,SETTLED
pay_5e59188d7bfb43,MID_RAZOR_991,ORD-2026-3298,UPI,NA,setl_f3e42f50a8,2026-04-26 10:30:26,2050.83,41.02,7.38,2002.43,,SETTLED
pay_1274d36d8ede45,MID_RAZOR_991,ORD-2026-3299,UPI,NA,setl_2ba4aaed67,2026-04-26 10:45:55,5846.97,116.94,21.05,5708.98,,SETTLED
pay_5e61795d0e4d43,MID_RAZOR_991,ORD-2026-3300,DEBIT_CARD,Visa,setl_4f80dca16f,2026-04-26 11:00:42,3422.46,68.45,12.32,3341.69,,SETTLED
pay_c75e33d00d5e43,MID_RAZOR_991,ORD-2026-3301,CREDIT_CARD,Visa,setl_f6cf2e84bb,2026-04-26 11:15:31,14262.57,285.25,51.34,13925.98,,SETTLED
pay_79e01c48bc364b,MID_RAZOR_991,ORD-2026-3302,NETBANKING,NA,setl_977d54b72f,2026-04-26 11:30:10,1390.37,27.81,5.01,1357.55,,SETTLED
pay_52a0c60631fa49,MID_RAZOR_991,ORD-2026-3303,CREDIT_CARD,Visa,setl_7fdb510947,2026-04-26 11:45:07,13278.95,265.58,47.8,12965.57,,SETTLED
pay_8efa315cd4394f,MID_RAZOR_991,ORD-2026-3304,UPI,NA,setl_f6d31a9deb,2026-04-26 12:00:30,11892.58,237.85,42.81,11611.92,,SETTLED
pay_28832dc5c1d847,MID_RAZOR_991,ORD-2026-3305,DEBIT_CARD,Mastercard,setl_a0e305f703,2026-04-26 12:15:14,7015.47,140.31,25.26,6849.9,,SETTLED
pay_bc2f42b8dcd54d,MID_RAZOR_991,ORD-2026-3306,CREDIT_CARD,Visa,setl_223a9796de,2026-04-26 12:30:57,2435.56,48.71,8.77,2378.08,,SETTLED
pay_bfb61de9633540,MID_RAZOR_991,ORD-2026-3307,CREDIT_CARD,RuPay,setl_04a31dbf4c,2026-04-26 12:45:17,10958.02,219.16,39.45,10699.41,,SETTLED
pay_bb917bd43e0948,MID_RAZOR_991,ORD-2026-3308,DEBIT_CARD,Mastercard,setl_c2c04e8b96,2026-04-26 13:00:25,794.34,15.89,2.86,775.59,,SETTLED
pay_e88cb31cd4214d,MID_RAZOR_991,ORD-2026-3309,CREDIT_CARD,Mastercard,setl_98c04f0b2f,2026-04-26 13:15:31,14673.05,293.46,52.82,14326.77,,SETTLED
pay_5d5d0f6f1ec148,MID_RAZOR_991,ORD-2026-3310,NETBANKING,NA,setl_22d7513534,2026-04-26 13:30:36,5448.8,108.98,19.62,5320.2,,SETTLED
pay_24c79024b2574d,MID_RAZOR_991,ORD-2026-3311,DEBIT_CARD,Mastercard,setl_92425924c0,2026-04-26 13:45:48,6660.31,133.21,23.98,6503.12,,SETTLED
pay_409a8b3c96724c,MID_RAZOR_991,ORD-2026-3312,DEBIT_CARD,RuPay,setl_ab9fe04a9a,2026-04-26 14:00:24,7341.89,146.84,26.43,7168.62,,SETTLED
pay_ce9daa54df8140,MID_RAZOR_991,ORD-2026-3313,DEBIT_CARD,Visa,setl_53ed0dc252,2026-04-26 14:15:48,3996.92,79.94,14.39,3902.59,,SETTLED
pay_67b5b49a416744,MID_RAZOR_991,ORD-2026-3314,UPI,NA,setl_f8226458c3,2026-04-26 14:30:44,1605.89,32.12,5.78,1567.99,,SETTLED
pay_ecd04a0f81f948,MID_RAZOR_991,ORD-2026-3315,CREDIT_CARD,Visa,setl_b3e0ceeeb2,2026-04-26 14:45:26,8257.22,165.14,29.73,8062.35,,SETTLED
pay_0ecad03c86194d,MID_RAZOR_991,ORD-2026-3316,NETBANKING,NA,setl_e5ba332f9d,2026-04-26 15:00:45,2467.96,49.36,8.88,2409.72,,SETTLED
pay_3e88b6b7e7694a,MID_RAZOR_991,ORD-2026-3317,DEBIT_CARD,RuPay,setl_b11e38cd4a,2026-04-26 15:15:58,9018.74,180.37,32.47,8805.9,,SETTLED
pay_f3fc6c3894d64e,MID_RAZOR_991,ORD-2026-3318,CREDIT_CARD,RuPay,setl_60f43c4c37,2026-04-26 15:30:21,13891.72,277.83,50.01,13563.88,,SETTLED
pay_e2274326959140,MID_RAZOR_991,ORD-2026-3319,CREDIT_CARD,RuPay,setl_c8feb9f466,2026-04-26 15:45:30,10490.45,209.81,37.77,10242.87,,SETTLED
pay_d86352c400e84d,MID_RAZOR_991,ORD-2026-3320,UPI,NA,setl_365f35df0b,2026-04-26 16:00:59,12709.68,254.19,45.75,12409.74,,SETTLED
pay_2ff231c3f94747,MID_RAZOR_991,ORD-2026-3321,CREDIT_CARD,Mastercard,setl_7b34448972,2026-04-26 16:15:17,501.35,10.03,1.81,489.51,,SETTLED
pay_53895ea76fcf45,MID_RAZOR_991,ORD-2026-3322,CREDIT_CARD,RuPay,setl_9e15278ff8,2026-04-26 16:30:47,1913.91,38.28,6.89,1868.74,,SETTLED
pay_edc54775393744,MID_RAZOR_991,ORD-2026-3323,CREDIT_CARD,RuPay,setl_c14d2fe3dc,2026-04-26 16:45:47,1155.46,23.11,4.16,1128.19,,SETTLED
pay_f64d27029a8b47,MID_RAZOR_991,ORD-2026-3324,NETBANKING,NA,setl_08f26c736e,2026-04-26 17:00:03,10094.09,201.88,36.34,9855.87,,SETTLED
pay_4c6608058b574b,MID_RAZOR_991,ORD-2026-3325,CREDIT_CARD,Visa,setl_37676d4c7d,2026-04-26 17:15:40,11470.55,229.41,41.29,11199.85,,SETTLED
pay_2339fc4fe22f47,MID_RAZOR_991,ORD-2026-3326,UPI,NA,setl_9d018f05e8,2026-04-26 17:30:53,13566.77,271.34,48.84,13246.59,,SETTLED
pay_524a817c34b841,MID_RAZOR_991,ORD-2026-3327,UPI,NA,setl_76685a6e10,2026-04-26 17:45:34,3038.89,60.78,10.94,2967.17,,SETTLED
pay_5e85946307d543,MID_RAZOR_991,ORD-2026-3328,CREDIT_CARD,RuPay,setl_8b50434226,2026-04-26 18:00:09,6518.27,130.37,23.47,6364.43,,SETTLED
pay_442a59d08ac541,MID_RAZOR_991,ORD-2026-3329,DEBIT_CARD,Mastercard,setl_b462745739,2026-04-26 18:15:33,10848.97,216.98,39.06,10592.93,,SETTLED
pay_96c04878f9ba47,MID_RAZOR_991,ORD-2026-3330,NETBANKING,NA,setl_1b3b94ec6f,2026-04-26 18:30:10,12517.25,250.34,45.06,12221.85,,SETTLED
pay_7abc3390ada944,MID_RAZOR_991,ORD-2026-3331,NETBANKING,NA,setl_7cc1a4bc4c,2026-04-26 18:45:11,9358.76,187.18,33.69,9137.89,,SETTLED
pay_16040eb47fe342,MID_RAZOR_991,ORD-2026-3332,CREDIT_CARD,Mastercard,setl_fb42b9e292,2026-04-26 19:00:51,11691.24,233.82,42.09,11415.33,,SETTLED
pay_8617c97004dd42,MID_RAZOR_991,ORD-2026-3333,NETBANKING,NA,setl_90f0dc146f,2026-04-26 19:15:59,1819.86,36.4,6.55,1776.91,,SETTLED
pay_986bf599281244,MID_RAZOR_991,ORD-2026-3334,CREDIT_CARD,Mastercard,setl_d4f4b55175,2026-04-26 19:30:44,8236.37,164.73,29.65,8041.99,,SETTLED
pay_213fa4495b634c,MID_RAZOR_991,ORD-2026-3335,CREDIT_CARD,RuPay,setl_50f1f42f03,2026-04-26 19:45:33,3106.99,62.14,11.19,3033.66,,SETTLED
pay_4f0a5fe76a594e,MID_RAZOR_991,ORD-2026-3336,UPI,NA,setl_0137d4160e,2026-04-26 20:00:15,8315.54,166.31,29.94,8119.29,,SETTLED
pay_53998b8190cf41,MID_RAZOR_991,ORD-2026-3337,DEBIT_CARD,Visa,setl_f80c6ba393,2026-04-26 20:15:21,8459.16,169.18,30.45,8259.53,,SETTLED
pay_4a75ecb43b4745,MID_RAZOR_991,ORD-2026-3338,CREDIT_CARD,RuPay,setl_49c62634ed,2026-04-26 20:30:51,11955.41,239.11,43.04,11673.26,,SETTLED
pay_a678b6c0e45545,MID_RAZOR_991,ORD-2026-3339,UPI,NA,setl_04614cedb7,2026-04-26 20:45:27,10953.34,219.07,39.43,10694.84,,SETTLED
pay_bd74b0cb88364a,MID_RAZOR_991,ORD-2026-3340,NETBANKING,NA,setl_2863ffc696,2026-04-26 21:00:10,10379.41,207.59,37.37,10134.45,,SETTLED
pay_3a4d958ae7654c,MID_RAZOR_991,ORD-2026-3341,UPI,NA,setl_b983b6f9b2,2026-04-26 21:15:49,10140.79,202.82,36.51,9901.46,,SETTLED
pay_e06f9ea66ff94d,MID_RAZOR_991,ORD-2026-3342,CREDIT_CARD,Mastercard,setl_35f44820ae,2026-04-26 21:30:51,9737.07,194.74,35.05,9507.28,,SETTLED
pay_0c22d9be7da043,MID_RAZOR_991,ORD-2026-3343,UPI,NA,setl_d01f9e0431,2026-04-26 21:45:28,11862.92,237.26,42.71,11582.95,,SETTLED
pay_2f600243d90543,MID_RAZOR_991,ORD-2026-3344,UPI,NA,setl_dab351b30a,2026-04-26 22:00:46,2671.74,53.43,9.62,2608.69,,SETTLED
pay_21f5e1b4c52142,MID_RAZOR_991,ORD-2026-3345,DEBIT_CARD,Visa,setl_9dc400da6a,2026-04-26 22:15:16,2809.48,56.19,10.11,2743.18,,SETTLED
pay_8e631a09d99a47,MID_RAZOR_991,ORD-2026-3346,NETBANKING,NA,setl_5942486020,2026-04-26 22:30:18,7621.52,152.43,27.44,7441.65,,SETTLED
pay_d2960b9988024e,MID_RAZOR_991,ORD-2026-3347,DEBIT_CARD,Mastercard,setl_c0a8ef7ce4,2026-04-26 22:45:39,11930.49,238.61,42.95,11648.93,,SETTLED
pay_0d48a5676c224f,MID_RAZOR_991,ORD-2026-3348,NETBANKING,NA,setl_33a1a9fbc6,2026-04-26 23:00:29,880.64,17.61,3.17,859.86,,SETTLED
pay_cf480694653a46,MID_RAZOR_991,ORD-2026-3349,NETBANKING,NA,setl_2b7b7b1bd3,2026-04-26 23:15:22,9731.68,194.63,35.03,9502.02,,SETTLED
pay_c44028a930f447,MID_RAZOR_991,ORD-2026-3350,CREDIT_CARD,Visa,setl_bbdd69d9c1,2026-04-26 23:30:24,8663.52,173.27,31.19,8459.06,,SETTLED
pay_c219ae8d72a845,MID_RAZOR_991,ORD-2026-3351,CREDIT_CARD,Visa,setl_3886f92d2a,2026-04-26 23:45:23,10089.2,201.78,36.32,9851.1,,SETTLED
pay_1fd5d62833a14e,MID_RAZOR_991,ORD-2026-3352,UPI,NA,setl_18f7060c79,2026-04-27 00:00:35,10857.18,217.14,39.09,10600.95,,SETTLED
pay_0e18f53ecade4e,MID_RAZOR_991,ORD-2026-3353,NETBANKING,NA,setl_80d4e88f2e,2026-04-27 00:15:38,12912.37,258.25,46.48,12607.64,,SETTLED
pay_7241165a377449,MID_RAZOR_991,ORD-2026-3354,CREDIT_CARD,RuPay,setl_726ef7092e,2026-04-27 00:30:04,1380.32,27.61,4.97,1347.74,,SETTLED
pay_c503c8dd4ebd45,MID_RAZOR_991,ORD-2026-3355,UPI,NA,setl_64c63a0181,2026-04-27 00:45:56,8559.0,171.18,30.81,8357.01,,SETTLED
pay_1a5e634790954a,MID_RAZOR_991,ORD-2026-3356,DEBIT_CARD,Mastercard,setl_54e3de1cc1,2026-04-27 01:00:11,8438.43,168.77,30.38,8239.28,,SETTLED
pay_d29a1bdeb9404a,MID_RAZOR_991,ORD-2026-3357,NETBANKING,NA,setl_c0d3970d2e,2026-04-27 01:15:45,11575.87,231.52,41.67,11302.68,,SETTLED
pay_96a9fd1a9e2945,MID_RAZOR_991,ORD-2026-3358,CREDIT_CARD,RuPay,setl_d6db0ae166,2026-04-27 01:30:43,1450.19,29.0,5.22,1415.97,,SETTLED
pay_0044bebdb93641,MID_RAZOR_991,ORD-2026-3359,CREDIT_CARD,Mastercard,setl_8039cd278d,2026-04-27 01:45:36,9855.2,197.1,35.48,9622.62,,SETTLED
pay_ddac69a02dc143,MID_RAZOR_991,ORD-2026-3360,CREDIT_CARD,Visa,setl_f44983f392,2026-04-27 02:00:48,10896.37,217.93,39.23,10639.21,,SETTLED
pay_4c160d9e03af4b,MID_RAZOR_991,ORD-2026-3361,NETBANKING,NA,setl_9a3aadefaf,2026-04-27 02:15:13,2009.35,40.19,7.23,1961.93,,SETTLED
pay_16a6a6f3d43d44,MID_RAZOR_991,ORD-2026-3362,NETBANKING,NA,setl_9bc8c64045,2026-04-27 02:30:18,14209.07,284.18,51.15,13873.74,,SETTLED
pay_04663be8bf5f4c,MID_RAZOR_991,ORD-2026-3363,DEBIT_CARD,Visa,setl_adc5fb7561,2026-04-27 02:45:55,13165.27,263.31,47.4,12854.56,,SETTLED
pay_9293b8122f804b,MID_RAZOR_991,ORD-2026-3364,DEBIT_CARD,Visa,setl_844e2c56af,2026-04-27 03:00:34,10406.16,208.12,37.46,10160.58,,SETTLED
pay_38c83d50e88140,MID_RAZOR_991,ORD-2026-3365,UPI,NA,setl_63dddf0ec4,2026-04-27 03:15:30,5970.43,119.41,21.49,5829.53,,SETTLED
pay_3ed80d5aa25949,MID_RAZOR_991,ORD-2026-3366,UPI,NA,setl_5a510038cd,2026-04-27 03:30:49,3775.06,75.5,13.59,3685.97,,SETTLED
pay_4917adbb81dc49,MID_RAZOR_991,ORD-2026-3367,CREDIT_CARD,Visa,setl_cb3ec90c30,2026-04-27 03:45:21,11019.67,220.39,39.67,10759.61,,SETTLED
pay_179340cd1f3641,MID_RAZOR_991,ORD-2026-3368,UPI,NA,setl_e3ccc1be8f,2026-04-27 04:00:43,10479.73,209.59,37.73,10232.41,,SETTLED
pay_ff4398923d6744,MID_RAZOR_991,ORD-2026-3369,DEBIT_CARD,RuPay,setl_60914c0c80,2026-04-27 04:15:13,13789.05,275.78,49.64,13463.63,,SETTLED
pay_c6e2effa52ac4a,MID_RAZOR_991,ORD-2026-3370,DEBIT_CARD,Mastercard,setl_6be9647546,2026-04-27 04:30:20,13310.46,266.21,47.92,12996.33,,SETTLED
pay_aa8343654a8d44,MID_RAZOR_991,ORD-2026-3371,CREDIT_CARD,RuPay,setl_b6f518a20b,2026-04-27 04:45:05,1871.34,37.43,6.74,1827.17,,SETTLED
pay_0065d50379cb49,MID_RAZOR_991,ORD-2026-3372,UPI,NA,setl_06a03b3825,2026-04-27 05:00:34,1200.79,24.02,4.32,1172.45,,SETTLED
pay_58c7c0405b084c,MID_RAZOR_991,ORD-2026-3373,CREDIT_CARD,Visa,setl_8c3991bcd1,2026-04-27 05:15:13,2453.25,49.06,8.83,2395.36,,SETTLED
pay_29b1d605432844,MID_RAZOR_991,ORD-2026-3374,UPI,NA,setl_98269cb0a9,2026-04-27 05:30:46,1614.19,32.28,5.81,1576.1,,SETTLED
pay_d70eb4be6d344c,MID_RAZOR_991,ORD-2026-3375,DEBIT_CARD,Visa,setl_239bde1ca6,2026-04-27 05:45:06,7194.84,143.9,25.9,7025.04,,SETTLED
pay_c3b83586d5d34d,MID_RAZOR_991,ORD-2026-3376,UPI,NA,setl_94fc39bcba,2026-04-27 06:00:00,13716.91,274.34,49.38,13393.19,,SETTLED
pay_dd92dd50f9134a,MID_RAZOR_991,ORD-2026-3377,DEBIT_CARD,Visa,setl_b5bd1b02b2,2026-04-27 06:15:07,8471.24,169.42,30.5,8271.32,,SETTLED
pay_18f38f4c90c040,MID_RAZOR_991,ORD-2026-3378,DEBIT_CARD,Visa,setl_c4aa8cfe1c,2026-04-27 06:30:40,10691.16,213.82,38.49,10438.85,,SETTLED
pay_c0b9924069724e,MID_RAZOR_991,ORD-2026-3379,UPI,NA,setl_cc78cb05b7,2026-04-27 06:45:46,13665.08,273.3,49.19,13342.59,,SETTLED
pay_54c2eb33a7e14b,MID_RAZOR_991,ORD-2026-3380,DEBIT_CARD,Mastercard,setl_3224224e5a,2026-04-27 07:00:50,5513.99,110.28,19.85,5383.86,,SETTLED
pay_b000a56051bc4d,MID_RAZOR_991,ORD-2026-3381,UPI,NA,setl_139f9ce87d,2026-04-27 07:15:55,8126.44,162.53,29.26,7934.65,,SETTLED
pay_9b22ef2c137547,MID_RAZOR_991,ORD-2026-3382,CREDIT_CARD,Visa,setl_637e403d63,2026-04-27 07:30:33,7421.53,148.43,26.72,7246.38,,SETTLED
pay_cc5f0a799f1a4e,MID_RAZOR_991,ORD-2026-3383,CREDIT_CARD,RuPay,setl_30dcdda16f,2026-04-27 07:45:52,10982.83,219.66,39.54,10723.63,,SETTLED
pay_a5c136260eeb41,MID_RAZOR_991,ORD-2026-3384,UPI,NA,setl_33fefc5e4d,2026-04-27 08:00:15,7043.73,140.87,25.36,6877.5,,SETTLED
pay_b2f33448a7fe4a,MID_RAZOR_991,ORD-2026-3385,DEBIT_CARD,RuPay,setl_339c6c7406,2026-04-27 08:15:44,11317.23,226.34,40.74,11050.15,,SETTLED
pay_b603aaaa031741,MID_RAZOR_991,ORD-2026-3386,UPI,NA,setl_5dcf30b3d1,2026-04-27 08:30:53,5819.12,116.38,20.95,5681.79,,SETTLED
pay_82991ba352e049,MID_RAZOR_991,ORD-2026-3387,NETBANKING,NA,setl_b6c69c3ff9,2026-04-27 08:45:27,14511.17,290.22,52.24,14168.71,,SETTLED
pay_e6b6bbb37ee843,MID_RAZOR_991,ORD-2026-3388,CREDIT_CARD,Visa,setl_a13df63c2f,2026-04-27 09:00:49,12774.79,255.5,45.99,12473.3,,SETTLED
pay_0c83dea4aca44e,MID_RAZOR_991,ORD-2026-3389,DEBIT_CARD,Visa,setl_0c6dc99c82,2026-04-27 09:15:25,13325.82,266.52,47.97,13011.33,,SETTLED
pay_6f61ab45685f4c,MID_RAZOR_991,ORD-2026-3390,NETBANKING,NA,setl_c17373ea44,2026-04-27 09:30:04,5145.48,102.91,18.52,5024.05,,SETTLED
pay_fdad0ed5b00b49,MID_RAZOR_991,ORD-2026-3391,DEBIT_CARD,Visa,setl_11b36c32c2,2026-04-27 09:45:03,12352.27,247.05,44.47,12060.75,,SETTLED
pay_b61421e435f84a,MID_RAZOR_991,ORD-2026-3392,UPI,NA,setl_9851c307fe,2026-04-27 10:00:31,9582.49,191.65,34.5,9356.34,,SETTLED
pay_e2282cb177db43,MID_RAZOR_991,ORD-2026-3393,CREDIT_CARD,Mastercard,setl_99633b082f,2026-04-27 10:15:13,14766.84,295.34,53.16,14418.34,,SETTLED
pay_90b046fe7fd547,MID_RAZOR_991,ORD-2026-3394,UPI,NA,setl_bd14ecfff5,2026-04-27 10:30:15,4908.09,98.16,17.67,4792.26,,SETTLED
pay_8f766e3288184a,MID_RAZOR_991,ORD-2026-3395,DEBIT_CARD,RuPay,setl_de08d73b55,2026-04-27 10:45:30,13011.09,260.22,46.84,12704.03,,SETTLED
pay_20f6f7da986345,MID_RAZOR_991,ORD-2026-3396,CREDIT_CARD,Mastercard,setl_c4cd0aa389,2026-04-27 11:00:23,9410.37,188.21,33.88,9188.28,,SETTLED
pay_5859bf1417724a,MID_RAZOR_991,ORD-2026-3397,NETBANKING,NA,setl_a7539fd9c2,2026-04-27 11:15:44,10562.52,211.25,38.02,10313.25,,SETTLED
pay_972e332847ca4e,MID_RAZOR_991,ORD-2026-3398,UPI,NA,setl_6576dc84d0,2026-04-27 11:30:51,4695.57,93.91,16.9,4584.76,,SETTLED
pay_1ab06f8afff943,MID_RAZOR_991,ORD-2026-3399,DEBIT_CARD,Mastercard,setl_fe8241de82,2026-04-27 11:45:51,2901.22,58.02,10.44,2832.76,,SETTLED
pay_fc0fa479ce3643,MID_RAZOR_991,ORD-2026-3400,DEBIT_CARD,Mastercard,setl_f179367e42,2026-04-27 12:00:41,9267.57,185.35,33.36,9048.86,,SETTLED
pay_195a0f685eff49,MID_RAZOR_991,ORD-2026-3401,DEBIT_CARD,Mastercard,setl_41c97848d3,2026-04-27 12:15:24,9733.27,194.67,35.04,9503.56,,SETTLED
pay_bf4a139b8fc547,MID_RAZOR_991,ORD-2026-3402,DEBIT_CARD,RuPay,setl_3a4685c2c9,2026-04-27 12:30:49,7756.36,155.13,27.92,7573.31,,SETTLED
pay_e45526310e1143,MID_RAZOR_991,ORD-2026-3403,CREDIT_CARD,RuPay,setl_1340084e25,2026-04-27 12:45:06,3181.84,63.64,11.46,3106.74,,SETTLED
pay_3a326ee443c443,MID_RAZOR_991,ORD-2026-3404,NETBANKING,NA,setl_83d81ff057,2026-04-27 13:00:25,8676.77,173.54,31.24,8471.99,,SETTLED
pay_d454229e48cc44,MID_RAZOR_991,ORD-2026-3405,NETBANKING,NA,setl_41a4ae3082,2026-04-27 13:15:09,6270.91,125.42,22.58,6122.91,,SETTLED
pay_82787659122f42,MID_RAZOR_991,ORD-2026-3406,NETBANKING,NA,setl_d3aeaf49f7,2026-04-27 13:30:11,11364.51,227.29,40.91,11096.31,,SETTLED
pay_adf5af0915b84b,MID_RAZOR_991,ORD-2026-3407,CREDIT_CARD,Visa,setl_a8e052d923,2026-04-27 13:45:42,10106.88,202.14,36.39,9868.35,,SETTLED
pay_5491eaa5448745,MID_RAZOR_991,ORD-2026-3408,CREDIT_CARD,Mastercard,setl_4e347e18a2,2026-04-27 14:00:57,8636.72,172.73,31.09,8432.9,,SETTLED
pay_e7e0cd8e4a8945,MID_RAZOR_991,ORD-2026-3409,UPI,NA,setl_595653c5d6,2026-04-27 14:15:09,13582.6,271.65,48.9,13262.05,,SETTLED
pay_ee6e11a64cab4a,MID_RAZOR_991,ORD-2026-3410,CREDIT_CARD,Visa,setl_b56121ba5a,2026-04-27 14:30:37,11565.03,231.3,41.63,11292.1,,SETTLED
pay_cafc72b2513746,MID_RAZOR_991,ORD-2026-3411,DEBIT_CARD,RuPay,setl_2cd2bbd15d,2026-04-27 14:45:50,8483.9,169.68,30.54,8283.68,,SETTLED
pay_7fce5c6fb8b14f,MID_RAZOR_991,ORD-2026-3412,CREDIT_CARD,RuPay,setl_79bb5fd5ae,2026-04-27 15:00:35,7487.97,149.76,26.96,7311.25,,SETTLED
pay_50433734e1af47,MID_RAZOR_991,ORD-2026-3413,CREDIT_CARD,RuPay,setl_8ccea03ae7,2026-04-27 15:15:51,8163.32,163.27,29.39,7970.66,,SETTLED
pay_11006681aae840,MID_RAZOR_991,ORD-2026-3414,DEBIT_CARD,Visa,setl_41593b21df,2026-04-27 15:30:34,2659.8,53.2,9.58,2597.02,,SETTLED
pay_9703b1db111247,MID_RAZOR_991,ORD-2026-3415,UPI,NA,setl_021795b497,2026-04-27 15:45:53,14408.73,288.17,51.87,14068.69,,SETTLED
pay_bec7759fc26d44,MID_RAZOR_991,ORD-2026-3416,NETBANKING,NA,setl_356c766c7e,2026-04-27 16:00:38,6164.76,123.3,22.19,6019.27,,SETTLED
pay_9c76abb3f20b43,MID_RAZOR_991,ORD-2026-3417,NETBANKING,NA,setl_1b6cd12b21,2026-04-27 16:15:32,3429.85,68.6,12.35,3348.9,,SETTLED
pay_2fb1ce26c05545,MID_RAZOR_991,ORD-2026-3418,DEBIT_CARD,RuPay,setl_334ccc4f02,2026-04-27 16:30:03,14207.48,284.15,51.15,13872.18,,SETTLED
pay_098b6507cbef4a,MID_RAZOR_991,ORD-2026-3419,DEBIT_CARD,RuPay,setl_5a66531bf7,2026-04-27 16:45:18,9633.0,192.66,34.68,9405.66,,SETTLED
pay_def6a524fbd74f,MID_RAZOR_991,ORD-2026-3420,NETBANKING,NA,setl_faf9cd22a7,2026-04-27 17:00:49,3069.24,61.38,11.05,2996.81,,SETTLED
pay_c0c0204f0afe4c,MID_RAZOR_991,ORD-2026-3421,NETBANKING,NA,setl_1d9acbc455,2026-04-27 17:15:40,2582.9,51.66,9.3,2521.94,,SETTLED
pay_23c6f047460046,MID_RAZOR_991,ORD-2026-3422,UPI,NA,setl_758d20582a,2026-04-27 17:30:57,7681.4,153.63,27.65,7500.12,,SETTLED
pay_819ee70be4fd43,MID_RAZOR_991,ORD-2026-3423,UPI,NA,setl_8c4862c771,2026-04-27 17:45:45,14172.5,283.45,51.02,13838.03,,SETTLED
pay_80d97ad08f7b41,MID_RAZOR_991,ORD-2026-3424,CREDIT_CARD,Mastercard,setl_ed6f9ab21d,2026-04-27 18:00:08,5495.98,109.92,19.79,5366.27,,SETTLED
pay_98d34b38850c40,MID_RAZOR_991,ORD-2026-3425,NETBANKING,NA,setl_65367b166e,2026-04-27 18:15:59,6074.86,121.5,21.87,5931.49,,SETTLED
pay_dcf9929a922d42,MID_RAZOR_991,ORD-2026-3426,UPI,NA,setl_451741b3da,2026-04-27 18:30:49,11777.23,235.54,42.4,11499.29,,SETTLED
pay_08dda086d9c54e,MID_RAZOR_991,ORD-2026-3427,UPI,NA,setl_d4bcf2a42c,2026-04-27 18:45:12,3377.37,67.55,12.16,3297.66,,SETTLED
pay_6bc5aa570ff344,MID_RAZOR_991,ORD-2026-3428,DEBIT_CARD,Visa,setl_fb258dd238,2026-04-27 19:00:45,13993.86,279.88,50.38,13663.6,,SETTLED
pay_dde61758cec44e,MID_RAZOR_991,ORD-2026-3429,UPI,NA,setl_62c79f56b7,2026-04-27 19:15:29,654.3,13.09,2.36,638.85,,SETTLED
pay_4fbf9ecc485749,MID_RAZOR_991,ORD-2026-3430,CREDIT_CARD,RuPay,setl_6d5323dbcf,2026-04-27 19:30:24,2132.99,42.66,7.68,2082.65,,SETTLED
pay_861d69d59e0c45,MID_RAZOR_991,ORD-2026-3431,CREDIT_CARD,Visa,setl_fead037c66,2026-04-27 19:45:31,8418.64,168.37,30.31,8219.96,,SETTLED
pay_af8f74018fe64f,MID_RAZOR_991,ORD-2026-3432,NETBANKING,NA,setl_157daa6176,2026-04-27 20:00:04,13425.31,268.51,48.33,13108.47,,SETTLED
pay_a60864bea61649,MID_RAZOR_991,ORD-2026-3433,UPI,NA,setl_d25c14c0c4,2026-04-27 20:15:46,14437.95,288.76,51.98,14097.21,,SETTLED
pay_bd53e4396af040,MID_RAZOR_991,ORD-2026-3434,DEBIT_CARD,Mastercard,setl_7358d4143a,2026-04-27 20:30:02,14609.64,292.19,52.59,14264.86,,SETTLED
pay_6ea6c71d0efe4f,MID_RAZOR_991,ORD-2026-3435,CREDIT_CARD,Visa,setl_0ff25ca39f,2026-04-27 20:45:13,10389.71,207.79,37.4,10144.52,,SETTLED
pay_35e5ec9a988142,MID_RAZOR_991,ORD-2026-3436,CREDIT_CARD,Visa,setl_0ddf5eb091,2026-04-27 21:00:47,11968.58,239.37,43.09,11686.12,,SETTLED
pay_5ad2beebb92c4b,MID_RAZOR_991,ORD-2026-3437,CREDIT_CARD,Mastercard,setl_e89e1ceacf,2026-04-27 21:15:05,13233.63,264.67,47.64,12921.32,,SETTLED
pay_2620e473800c4f,MID_RAZOR_991,ORD-2026-3438,DEBIT_CARD,Mastercard,setl_723ed87c5e,2026-04-27 21:30:59,14618.34,292.37,52.63,14273.34,,SETTLED
pay_4c7be094c68447,MID_RAZOR_991,ORD-2026-3439,NETBANKING,NA,setl_9ed7589502,2026-04-27 21:45:50,11102.81,222.06,39.97,10840.78,,SETTLED
pay_c90bc6cbb93943,MID_RAZOR_991,ORD-2026-3440,CREDIT_CARD,Mastercard,setl_1a553677f3,2026-04-27 22:00:15,13211.32,264.23,47.56,12899.53,,SETTLED
pay_21d7df0ca44442,MID_RAZOR_991,ORD-2026-3441,NETBANKING,NA,setl_a3fb87a741,2026-04-27 22:15:01,5407.83,108.16,19.47,5280.2,,SETTLED
pay_69bb817116dd4e,MID_RAZOR_991,ORD-2026-3442,NETBANKING,NA,setl_d1b3406a9d,2026-04-27 22:30:25,10370.81,207.42,37.34,10126.05,,SETTLED
pay_578882adc4234f,MID_RAZOR_991,ORD-2026-3443,NETBANKING,NA,setl_bc63147659,2026-04-27 22:45:55,14103.82,282.08,50.77,13770.97,,SETTLED
pay_59b3b7e2b64144,MID_RAZOR_991,ORD-2026-3444,CREDIT_CARD,RuPay,setl_36fb05b873,2026-04-27 23:00:23,11585.77,231.72,41.71,11312.34,,SETTLED
pay_46224739283b49,MID_RAZOR_991,ORD-2026-3445,CREDIT_CARD,RuPay,setl_551568394b,2026-04-27 23:15:14,9623.04,192.46,34.64,9395.94,,SETTLED
pay_ce45256317454c,MID_RAZOR_991,ORD-2026-3446,DEBIT_CARD,RuPay,setl_7d9d01292a,2026-04-27 23:30:49,5358.24,107.16,19.29,5231.79,,SETTLED
pay_8892bd3e607840,MID_RAZOR_991,ORD-2026-3447,CREDIT_CARD,Mastercard,setl_32de282b22,2026-04-27 23:45:04,8081.14,161.62,29.09,7890.43,,SETTLED
pay_8de0b9bad1ca47,MID_RAZOR_991,ORD-2026-3448,NETBANKING,NA,setl_87ea536a4a,2026-04-28 00:00:29,11446.96,228.94,41.21,11176.81,,SETTLED
pay_580dd1b2ceb040,MID_RAZOR_991,ORD-2026-3449,DEBIT_CARD,RuPay,setl_f32fe8c337,2026-04-28 00:15:27,9539.84,190.8,34.34,9314.7,,SETTLED
pay_25c804d69d5348,MID_RAZOR_991,ORD-2026-3450,CREDIT_CARD,RuPay,setl_70d5b53ef7,2026-04-28 00:30:57,13819.5,276.39,49.75,13493.36,,SETTLED
pay_5f8253c96e4d4e,MID_RAZOR_991,ORD-2026-3451,NETBANKING,NA,setl_0a5bb2484d,2026-04-28 00:45:46,9174.23,183.48,33.03,8957.72,,SETTLED
pay_e227bb903cf743,MID_RAZOR_991,ORD-2026-3452,DEBIT_CARD,Mastercard,setl_c2a83fb24a,2026-04-28 01:00:39,7926.98,158.54,28.54,7739.9,,SETTLED
pay_3431a316d1024b,MID_RAZOR_991,ORD-2026-3453,NETBANKING,NA,setl_c137e147ce,2026-04-28 01:15:40,8412.54,168.25,30.29,8214.0,,SETTLED
pay_abe719f0fa6d40,MID_RAZOR_991,ORD-2026-3454,UPI,NA,setl_861ee0aa0a,2026-04-28 01:30:22,13892.92,277.86,50.01,13565.05,,SETTLED
pay_38e437bdd31145,MID_RAZOR_991,ORD-2026-3455,NETBANKING,NA,setl_86ab91a810,2026-04-28 01:45:12,8319.42,166.39,29.95,8123.08,,SETTLED
pay_d874808c06684b,MID_RAZOR_991,ORD-2026-3456,UPI,NA,setl_6ea4f5b770,2026-04-28 02:00:39,1420.48,28.41,5.11,1386.96,,SETTLED
pay_a3d7145664f14a,MID_RAZOR_991,ORD-2026-3457,NETBANKING,NA,setl_a1f6fba22c,2026-04-28 02:15:34,2673.8,53.48,9.63,2610.69,,SETTLED
pay_d1622454f3104c,MID_RAZOR_991,ORD-2026-3458,CREDIT_CARD,Visa,setl_b27de24c0e,2026-04-28 02:30:33,8863.66,177.27,31.91,8654.48,,SETTLED
pay_6614860dac224d,MID_RAZOR_991,ORD-2026-3459,DEBIT_CARD,Mastercard,setl_9f018f7c3a,2026-04-28 02:45:33,509.49,10.19,1.83,497.47,,SETTLED
pay_06bfa4bf150d46,MID_RAZOR_991,ORD-2026-3460,DEBIT_CARD,RuPay,setl_32725195e7,2026-04-28 03:00:44,4405.24,88.1,15.86,4301.28,,SETTLED
pay_490ebdf0bac743,MID_RAZOR_991,ORD-2026-3461,NETBANKING,NA,setl_e2f47f3677,2026-04-28 03:15:46,9483.32,189.67,34.14,9259.51,,SETTLED
pay_59979f7494714f,MID_RAZOR_991,ORD-2026-3462,UPI,NA,setl_2a44b4990e,2026-04-28 03:30:10,4554.16,91.08,16.39,4446.69,,SETTLED
pay_561d79b4731a40,MID_RAZOR_991,ORD-2026-3463,DEBIT_CARD,Visa,setl_4a739b1502,2026-04-28 03:45:16,3147.06,62.94,11.33,3072.79,,SETTLED
pay_c91947529ba34f,MID_RAZOR_991,ORD-2026-3464,CREDIT_CARD,RuPay,setl_55738bd584,2026-04-28 04:00:22,12483.79,249.68,44.94,12189.17,,SETTLED
pay_339ca8eeeb6044,MID_RAZOR_991,ORD-2026-3465,CREDIT_CARD,Mastercard,setl_6d15d9507b,2026-04-28 04:15:34,11220.73,224.41,40.39,10955.93,,SETTLED
pay_91f93012c25541,MID_RAZOR_991,ORD-2026-3466,UPI,NA,setl_447b775f03,2026-04-28 04:30:21,6371.07,127.42,22.94,6220.71,,SETTLED
pay_9fab8f450f294f,MID_RAZOR_991,ORD-2026-3467,CREDIT_CARD,Mastercard,setl_dc99d13063,2026-04-28 04:45:48,5399.38,107.99,19.44,5271.95,,SETTLED
pay_1f1f2a72d5144b,MID_RAZOR_991,ORD-2026-3468,CREDIT_CARD,Visa,setl_1cb8148024,2026-04-28 05:00:37,3713.96,74.28,13.37,3626.31,,SETTLED
pay_31910b1194c347,MID_RAZOR_991,ORD-2026-3469,DEBIT_CARD,RuPay,setl_4ebacd9897,2026-04-28 05:15:14,12976.53,259.53,46.72,12670.28,,SETTLED
pay_1457e9662cf14f,MID_RAZOR_991,ORD-2026-3470,DEBIT_CARD,Visa,setl_296ae8fa79,2026-04-28 05:30:01,14298.61,285.97,51.47,13961.17,,SETTLED
pay_90492673f0bc4c,MID_RAZOR_991,ORD-2026-3471,DEBIT_CARD,RuPay,setl_9c177f0202,2026-04-28 05:45:39,5146.4,102.93,18.53,5024.94,,SETTLED
pay_52b88e9d852341,MID_RAZOR_991,ORD-2026-3472,CREDIT_CARD,RuPay,setl_9a45f07bb4,2026-04-28 06:00:12,4945.98,98.92,17.81,4829.25,,SETTLED
pay_b32fac9ea6ae41,MID_RAZOR_991,ORD-2026-3473,UPI,NA,setl_f4085d5299,2026-04-28 06:15:58,7477.65,149.55,26.92,7301.18,,SETTLED
pay_05de170806f640,MID_RAZOR_991,ORD-2026-3474,DEBIT_CARD,Mastercard,setl_4f304f209d,2026-04-28 06:30:15,4402.44,88.05,15.85,4298.54,,SETTLED
pay_84b78386cca24f,MID_RAZOR_991,ORD-2026-3475,UPI,NA,setl_a89772fa2c,2026-04-28 06:45:20,4757.92,95.16,17.13,4645.63,,SETTLED
pay_09d0455341084d,MID_RAZOR_991,ORD-2026-3476,CREDIT_CARD,Visa,setl_3884fda8cc,2026-04-28 07:00:39,13348.43,266.97,48.05,13033.41,,SETTLED
pay_6ad2832274ed4b,MID_RAZOR_991,ORD-2026-3477,UPI,NA,setl_337ede3448,2026-04-28 07:15:15,12082.65,241.65,43.5,11797.5,,SETTLED
pay_9c27badd1fd848,MID_RAZOR_991,ORD-2026-3478,DEBIT_CARD,RuPay,setl_05164aa6c6,2026-04-28 07:30:44,13031.75,260.63,46.91,12724.21,,SETTLED
pay_0f94857a795c42,MID_RAZOR_991,ORD-2026-3479,DEBIT_CARD,RuPay,setl_665a32b319,2026-04-28 07:45:29,6052.52,121.05,21.79,5909.68,,SETTLED
pay_b27f4e6e17ce4c,MID_RAZOR_991,ORD-2026-3480,NETBANKING,NA,setl_a1f504fa22,2026-04-28 08:00:35,1372.06,27.44,4.94,1339.68,,SETTLED
pay_3fa28c60b4944e,MID_RAZOR_991,ORD-2026-3481,CREDIT_CARD,RuPay,setl_be98891cfb,2026-04-28 08:15:54,7956.71,159.13,28.64,7768.94,,SETTLED
pay_6b614d355b7341,MID_RAZOR_991,ORD-2026-3482,DEBIT_CARD,Mastercard,setl_ec6070dd4b,2026-04-28 08:30:51,13736.95,274.74,49.45,13412.76,,SETTLED
pay_f2d8a4b88cf148,MID_RAZOR_991,ORD-2026-3483,NETBANKING,NA,setl_f8927beb18,2026-04-28 08:45:50,11437.2,228.74,41.17,11167.29,,SETTLED
pay_29124212005845,MID_RAZOR_991,ORD-2026-3484,CREDIT_CARD,Visa,setl_8452157a35,2026-04-28 09:00:45,5399.41,107.99,19.44,5271.98,,SETTLED
pay_255f8b9307e546,MID_RAZOR_991,ORD-2026-3485,DEBIT_CARD,Mastercard,setl_7eb2ea09d1,2026-04-28 09:15:37,6618.49,132.37,23.83,6462.29,,SETTLED
pay_b2dc5cc2d77941,MID_RAZOR_991,ORD-2026-3486,DEBIT_CARD,RuPay,setl_3a125c1bb8,2026-04-28 09:30:32,2369.0,47.38,8.53,2313.09,,SETTLED
pay_84d9bc606e4048,MID_RAZOR_991,ORD-2026-3487,UPI,NA,setl_7dadd8eec6,2026-04-28 09:45:08,14022.33,280.45,50.48,13691.4,,SETTLED
pay_6316c160a9ac4e,MID_RAZOR_991,ORD-2026-3488,DEBIT_CARD,Visa,setl_679f1b65ac,2026-04-28 10:00:40,3828.81,76.58,13.78,3738.45,,SETTLED
pay_457793cbefd140,MID_RAZOR_991,ORD-2026-3489,UPI,NA,setl_b53fb6268f,2026-04-28 10:15:51,5226.69,104.53,18.82,5103.34,,SETTLED
pay_626f212ea24447,MID_RAZOR_991,ORD-2026-3490,DEBIT_CARD,Visa,setl_a65af16d17,2026-04-28 10:30:02,8065.91,161.32,29.04,7875.55,,SETTLED
pay_df8c0e71643f4b,MID_RAZOR_991,ORD-2026-3491,UPI,NA,setl_a1bf4610a6,2026-04-28 10:45:18,4897.31,97.95,17.63,4781.73,,SETTLED
pay_cb9d6d7646e148,MID_RAZOR_991,ORD-2026-3492,NETBANKING,NA,setl_16d0a38515,2026-04-28 11:00:09,7743.97,154.88,27.88,7561.21,,SETTLED
pay_aaa564acc35f4e,MID_RAZOR_991,ORD-2026-3493,NETBANKING,NA,setl_f1a3048503,2026-04-28 11:15:46,14267.13,285.34,51.36,13930.43,,SETTLED
pay_4b2d633a03cc40,MID_RAZOR_991,ORD-2026-3494,DEBIT_CARD,Mastercard,setl_650dd66de9,2026-04-28 11:30:47,10703.42,214.07,38.53,10450.82,,SETTLED
pay_e91959ec1d5a49,MID_RAZOR_991,ORD-2026-3495,CREDIT_CARD,RuPay,setl_3ca1640b08,2026-04-28 11:45:45,8378.79,167.58,30.16,8181.05,,SETTLED
pay_368796d64c3a4b,MID_RAZOR_991,ORD-2026-3496,UPI,NA,setl_e94d126679,2026-04-28 12:00:08,3402.63,68.05,12.25,3322.33,,SETTLED
pay_f4765245688c4d,MID_RAZOR_991,ORD-2026-3497,UPI,NA,setl_c7fedc3b59,2026-04-28 12:15:03,5968.77,119.38,21.49,5827.9,,SETTLED
pay_e7e0a11926184a,MID_RAZOR_991,ORD-2026-3498,DEBIT_CARD,Visa,setl_e891e8794f,2026-04-28 12:30:10,3457.38,69.15,12.45,3375.78,,SETTLED
pay_2bc81bdec5c549,MID_RAZOR_991,ORD-2026-3499,NETBANKING,NA,setl_649002f937,2026-04-28 12:45:25,8020.88,160.42,28.88,7831.58,,SETTLED
pay_281350d574be46,MID_RAZOR_991,ORD-2026-3500,CREDIT_CARD,Visa,setl_e03093f215,2026-04-28 13:00:30,7231.79,144.64,26.04,7061.11,,SETTLED
pay_2cc2129f0d1841,MID_RAZOR_991,ORD-2026-3501,NETBANKING,NA,setl_0bec58e22f,2026-04-28 13:15:08,5994.19,119.88,21.58,5852.73,,SETTLED
pay_7c7262833c474e,MID_RAZOR_991,ORD-2026-3502,NETBANKING,NA,setl_68515192eb,2026-04-28 13:30:24,13544.95,270.9,48.76,13225.29,,SETTLED
pay_44edfe9b3f844f,MID_RAZOR_991,ORD-2026-3503,CREDIT_CARD,Mastercard,setl_92a6dabd36,2026-04-28 13:45:28,14425.08,288.5,51.93,14084.65,,SETTLED
pay_56f3ae96306e4e,MID_RAZOR_991,ORD-2026-3504,CREDIT_CARD,RuPay,setl_d3dcf0988f,2026-04-28 14:00:28,11914.57,238.29,42.89,11633.39,,SETTLED
pay_2e145d1d50ef42,MID_RAZOR_991,ORD-2026-3505,UPI,NA,setl_1ea923b2b1,2026-04-28 14:15:20,3135.94,62.72,11.29,3061.93,,SETTLED
pay_327b4eb14cb147,MID_RAZOR_991,ORD-2026-3506,NETBANKING,NA,setl_1a00009870,2026-04-28 14:30:56,2982.29,59.65,10.74,2911.9,,SETTLED
pay_8302626c511244,MID_RAZOR_991,ORD-2026-3507,UPI,NA,setl_d80be2f9da,2026-04-28 14:45:40,4896.38,97.93,17.63,4780.82,,SETTLED
pay_e229c52046aa4a,MID_RAZOR_991,ORD-2026-3508,CREDIT_CARD,Mastercard,setl_4c27654aa5,2026-04-28 15:00:54,13470.56,269.41,48.49,13152.66,,SETTLED
pay_170ba74e2b1b4f,MID_RAZOR_991,ORD-2026-3509,DEBIT_CARD,Visa,setl_c9c2500361,2026-04-28 15:15:07,7592.0,151.84,27.33,7412.83,,SETTLED
pay_5ccc17dd7fe143,MID_RAZOR_991,ORD-2026-3510,CREDIT_CARD,RuPay,setl_0980b56194,2026-04-28 15:30:51,6199.69,123.99,22.32,6053.38,,SETTLED
pay_4c88a55844bc48,MID_RAZOR_991,ORD-2026-3511,DEBIT_CARD,Mastercard,setl_95fa27f06e,2026-04-28 15:45:51,14319.62,286.39,51.55,13981.68,,SETTLED
pay_0f273951c12a48,MID_RAZOR_991,ORD-2026-3512,CREDIT_CARD,Visa,setl_78e2ac57a9,2026-04-28 16:00:38,12460.6,249.21,44.86,12166.53,,SETTLED
pay_c04e2b6ed96d41,MID_RAZOR_991,ORD-2026-3513,NETBANKING,NA,setl_acf9605c7a,2026-04-28 16:15:04,2850.3,57.01,10.26,2783.03,,SETTLED
pay_f52b0ce1c8284f,MID_RAZOR_991,ORD-2026-3514,NETBANKING,NA,setl_55ec416ac2,2026-04-28 16:30:48,8141.5,162.83,29.31,7949.36,,SETTLED
pay_7041c266c25c43,MID_RAZOR_991,ORD-2026-3515,DEBIT_CARD,RuPay,setl_c39c2fbbfb,2026-04-28 16:45:37,14292.92,285.86,51.45,13955.61,,SETTLED
pay_3bdcab11b5f345,MID_RAZOR_991,ORD-2026-3516,UPI,NA,setl_358e4c1034,2026-04-28 17:00:08,12001.89,240.04,43.21,11718.64,,SETTLED
pay_ea438cd107644f,MID_RAZOR_991,ORD-2026-3517,CREDIT_CARD,RuPay,setl_c418b64da2,2026-04-28 17:15:02,13308.89,266.18,47.91,12994.8,,SETTLED
pay_16f9878551654a,MID_RAZOR_991,ORD-2026-3518,NETBANKING,NA,setl_20e340983a,2026-04-28 17:30:33,7800.18,156.0,28.08,7616.1,,SETTLED
pay_4ac69b50a34042,MID_RAZOR_991,ORD-2026-3519,DEBIT_CARD,Mastercard,setl_4a3d730a7c,2026-04-28 17:45:32,5681.78,113.64,20.46,5547.68,,SETTLED
pay_a8ca8e80405041,MID_RAZOR_991,ORD-2026-3520,UPI,NA,setl_a087a3eeb9,2026-04-28 18:00:12,751.39,15.03,2.71,733.65,,SETTLED
pay_d0834db94ecf46,MID_RAZOR_991,ORD-2026-3521,DEBIT_CARD,RuPay,setl_a1fc5b5f23,2026-04-28 18:15:29,1462.92,29.26,5.27,1428.39,,SETTLED
pay_f78191e14bb644,MID_RAZOR_991,ORD-2026-3522,UPI,NA,setl_7ac4248a4e,2026-04-28 18:30:49,2663.62,53.27,9.59,2600.76,,SETTLED
pay_343c3b6ec70e4f,MID_RAZOR_991,ORD-2026-3523,UPI,NA,setl_86a9d2368b,2026-04-28 18:45:05,4890.46,97.81,17.61,4775.04,,SETTLED
pay_edfc999b10ed49,MID_RAZOR_991,ORD-2026-3524,CREDIT_CARD,RuPay,setl_c984028c6c,2026-04-28 19:00:39,12437.11,248.74,44.77,12143.6,,SETTLED
pay_df601bdf7e7247,MID_RAZOR_991,ORD-2026-3525,UPI,NA,setl_8d452bfe96,2026-04-28 19:15:13,10458.22,209.16,37.65,10211.41,,SETTLED
pay_92c2b77c25814e,MID_RAZOR_991,ORD-2026-3526,CREDIT_CARD,Visa,setl_6441460ef9,2026-04-28 19:30:03,9682.71,193.65,34.86,9454.2,,SETTLED
pay_b68fbfbd11764d,MID_RAZOR_991,ORD-2026-3527,NETBANKING,NA,setl_744e97f054,2026-04-28 19:45:26,7265.02,145.3,26.15,7093.57,,SETTLED
pay_af16913d6a0845,MID_RAZOR_991,ORD-2026-3528,UPI,NA,setl_7f417b4afd,2026-04-28 20:00:07,2134.29,42.69,7.68,2083.92,,SETTLED
pay_d3d5e3f2a58e4f,MID_RAZOR_991,ORD-2026-3529,UPI,NA,setl_6b739aac68,2026-04-28 20:15:07,9453.87,189.08,34.03,9230.76,,SETTLED
pay_41181a998b384e,MID_RAZOR_991,ORD-2026-3530,NETBANKING,NA,setl_8353536e60,2026-04-28 20:30:59,4105.77,82.12,14.78,4008.87,,SETTLED
pay_09d1da43246a4d,MID_RAZOR_991,ORD-2026-3531,NETBANKING,NA,setl_6620b8123c,2026-04-28 20:45:24,5391.04,107.82,19.41,5263.81,,SETTLED
pay_205b86a653ea44,MID_RAZOR_991,ORD-2026-3532,DEBIT_CARD,Mastercard,setl_0d8fabc461,2026-04-28 21:00:06,2669.66,53.39,9.61,2606.66,,SETTLED
pay_ba1de5368fba42,MID_RAZOR_991,ORD-2026-3533,UPI,NA,setl_250c932145,2026-04-28 21:15:50,8596.61,171.93,30.95,8393.73,,SETTLED
pay_d6489b3099244d,MID_RAZOR_991,ORD-2026-3534,UPI,NA,setl_20f9b56a51,2026-04-28 21:30:36,10141.39,202.83,36.51,9902.05,,SETTLED
pay_590a9543223a46,MID_RAZOR_991,ORD-2026-3535,CREDIT_CARD,RuPay,setl_07b324b48d,2026-04-28 21:45:53,12436.95,248.74,44.77,12143.44,,SETTLED
pay_cceb253b21404a,MID_RAZOR_991,ORD-2026-3536,NETBANKING,NA,setl_75b8483aef,2026-04-28 22:00:53,11969.15,239.38,43.09,11686.68,,SETTLED
pay_4d3a3623e0574c,MID_RAZOR_991,ORD-2026-3537,DEBIT_CARD,RuPay,setl_c2eebec7ec,2026-04-28 22:15:49,10571.13,211.42,38.06,10321.65,,SETTLED
pay_e0fb2d5a7ea34b,MID_RAZOR_991,ORD-2026-3538,NETBANKING,NA,setl_9b226e15d8,2026-04-28 22:30:07,2557.25,51.15,9.21,2496.89,,SETTLED
pay_e0fb0244680844,MID_RAZOR_991,ORD-2026-3539,DEBIT_CARD,Visa,setl_05788955b4,2026-04-28 22:45:19,11557.3,231.15,41.61,11284.54,,SETTLED
pay_1bb67a1eab6449,MID_RAZOR_991,ORD-2026-3540,CREDIT_CARD,RuPay,setl_387ae221d8,2026-04-28 23:00:09,14856.45,297.13,53.48,14505.84,,SETTLED
pay_91eaca81ca7345,MID_RAZOR_991,ORD-2026-3541,CREDIT_CARD,Visa,setl_1cfe7ac499,2026-04-28 23:15:14,8584.16,171.68,30.9,8381.58,,SETTLED
pay_abdbc3ab6b244f,MID_RAZOR_991,ORD-2026-3542,UPI,NA,setl_ed455c332b,2026-04-28 23:30:28,10923.19,218.46,39.32,10665.41,,SETTLED
pay_2e459632e67e4e,MID_RAZOR_991,ORD-2026-3543,UPI,NA,setl_c05f7f1cdd,2026-04-28 23:45:26,3808.92,76.18,13.71,3719.03,,SETTLED
pay_c23e1f8169a24a,MID_RAZOR_991,ORD-2026-3544,DEBIT_CARD,Visa,setl_b8cb6c8db0,2026-04-29 00:00:16,14317.26,286.35,51.54,13979.37,,SETTLED
pay_43ee23507ef64d,MID_RAZOR_991,ORD-2026-3545,CREDIT_CARD,Mastercard,setl_aac7817b79,2026-04-29 00:15:45,13063.59,261.27,47.03,12755.29,,SETTLED
pay_f7e2551c32df42,MID_RAZOR_991,ORD-2026-3546,DEBIT_CARD,Visa,setl_a537ef9519,2026-04-29 00:30:31,8684.21,173.68,31.26,8479.27,,SETTLED
pay_4880e48630a64b,MID_RAZOR_991,ORD-2026-3547,DEBIT_CARD,Mastercard,setl_21128736b3,2026-04-29 00:45:04,5877.88,117.56,21.16,5739.16,,SETTLED
pay_eee353248f3b41,MID_RAZOR_991,ORD-2026-3548,CREDIT_CARD,Visa,setl_a12de28858,2026-04-29 01:00:30,12702.89,254.06,45.73,12403.1,,SETTLED
pay_540a4c0360564b,MID_RAZOR_991,ORD-2026-3549,UPI,NA,setl_5344540e65,2026-04-29 01:15:02,8546.65,170.93,30.77,8344.95,,SETTLED
pay_035f036f92e74d,MID_RAZOR_991,ORD-2026-3550,UPI,NA,setl_3ed17cb79b,2026-04-29 01:30:51,13716.28,274.33,49.38,13392.57,,SETTLED
pay_d49aa3d6fa4e42,MID_RAZOR_991,ORD-2026-3551,NETBANKING,NA,setl_e69a978e39,2026-04-29 01:45:17,11569.94,231.4,41.65,11296.89,,SETTLED
pay_b35194adb2b641,MID_RAZOR_991,ORD-2026-3552,UPI,NA,setl_de07f07ac9,2026-04-29 02:00:34,690.37,13.81,2.49,674.07,,SETTLED
pay_e310d022265b41,MID_RAZOR_991,ORD-2026-3553,UPI,NA,setl_5b41967593,2026-04-29 02:15:09,9094.84,181.9,32.74,8880.2,,SETTLED
pay_8cd17616edbd49,MID_RAZOR_991,ORD-2026-3554,UPI,NA,setl_eb15d213bb,2026-04-29 02:30:12,7871.26,157.43,28.34,7685.49,,SETTLED
pay_065bc3a80aa04c,MID_RAZOR_991,ORD-2026-3555,NETBANKING,NA,setl_90f761af39,2026-04-29 02:45:45,3823.24,76.46,13.76,3733.02,,SETTLED
pay_25d3286fe7904f,MID_RAZOR_991,ORD-2026-3556,DEBIT_CARD,Visa,setl_a6cdd2338b,2026-04-29 03:00:19,3392.67,67.85,12.21,3312.61,,SETTLED
pay_4205b35be85f47,MID_RAZOR_991,ORD-2026-3557,UPI,NA,setl_395628ff12,2026-04-29 03:15:01,8694.4,173.89,31.3,8489.21,,SETTLED
pay_6fed1fec63b249,MID_RAZOR_991,ORD-2026-3558,DEBIT_CARD,Visa,setl_208b8a1380,2026-04-29 03:30:27,10699.41,213.99,38.52,10446.9,,SETTLED
pay_b1ff1f10971f46,MID_RAZOR_991,ORD-2026-3559,UPI,NA,setl_8679d23247,2026-04-29 03:45:21,3384.99,67.7,12.19,3305.1,,SETTLED
pay_76e97471aed844,MID_RAZOR_991,ORD-2026-3560,NETBANKING,NA,setl_56ac105157,2026-04-29 04:00:59,4186.21,83.72,15.07,4087.42,,SETTLED
pay_418dead8b1364c,MID_RAZOR_991,ORD-2026-3561,UPI,NA,setl_cba931d346,2026-04-29 04:15:22,8984.63,179.69,32.34,8772.6,,SETTLED
pay_4daac994100e45,MID_RAZOR_991,ORD-2026-3562,UPI,NA,setl_433d41c635,2026-04-29 04:30:02,1334.92,26.7,4.81,1303.41,,SETTLED
pay_a93863d35f7845,MID_RAZOR_991,ORD-2026-3563,DEBIT_CARD,Visa,setl_61ed90d9eb,2026-04-29 04:45:40,9045.06,180.9,32.56,8831.6,,SETTLED
pay_06a84d051f5e4f,MID_RAZOR_991,ORD-2026-3564,NETBANKING,NA,setl_bb7a286b62,2026-04-29 05:00:42,7276.7,145.53,26.2,7104.97,,SETTLED
pay_bb8d00f739cc48,MID_RAZOR_991,ORD-2026-3565,DEBIT_CARD,Mastercard,setl_ba7acdd67c,2026-04-29 05:15:15,8386.23,167.72,30.19,8188.32,,SETTLED
pay_23d9ae83acd74e,MID_RAZOR_991,ORD-2026-3566,DEBIT_CARD,Mastercard,setl_1062a01939,2026-04-29 05:30:00,5068.18,101.36,18.24,4948.58,,SETTLED
pay_1e4991bd9e2848,MID_RAZOR_991,ORD-2026-3567,DEBIT_CARD,Mastercard,setl_c5f015c02b,2026-04-29 05:45:38,7776.62,155.53,28.0,7593.09,,SETTLED
pay_8b1fdb2813704c,MID_RAZOR_991,ORD-2026-3568,NETBANKING,NA,setl_2e664c8521,2026-04-29 06:00:40,3743.37,74.87,13.48,3655.02,,SETTLED
pay_10f48fedd26849,MID_RAZOR_991,ORD-2026-3569,UPI,NA,setl_cc864dab2c,2026-04-29 06:15:52,6511.36,130.23,23.44,6357.69,,SETTLED
pay_ef27fc4c202549,MID_RAZOR_991,ORD-2026-3570,UPI,NA,setl_b476920895,2026-04-29 06:30:09,3636.11,72.72,13.09,3550.3,,SETTLED
pay_d8d25275967e4e,MID_RAZOR_991,ORD-2026-3571,DEBIT_CARD,RuPay,setl_df25bb2d34,2026-04-29 06:45:14,12548.29,250.97,45.17,12252.15,,SETTLED
pay_f1615329908c4f,MID_RAZOR_991,ORD-2026-3572,DEBIT_CARD,Mastercard,setl_611b3e3030,2026-04-29 07:00:36,13723.56,274.47,49.4,13399.69,,SETTLED
pay_01d065d8007f40,MID_RAZOR_991,ORD-2026-3573,DEBIT_CARD,RuPay,setl_33ab8e4d36,2026-04-29 07:15:56,6746.41,134.93,24.29,6587.19,,SETTLED
pay_15a1f88df78f4c,MID_RAZOR_991,ORD-2026-3574,NETBANKING,NA,setl_35f83f063b,2026-04-29 07:30:52,13609.11,272.18,48.99,13287.94,,SETTLED
pay_05039c2bc94c49,MID_RAZOR_991,ORD-2026-3575,CREDIT_CARD,Mastercard,setl_1fa8cd1db6,2026-04-29 07:45:42,10059.33,201.19,36.21,9821.93,,SETTLED
pay_89eda8e1aa6b45,MID_RAZOR_991,ORD-2026-3576,UPI,NA,setl_8a04725638,2026-04-29 08:00:15,5855.97,117.12,21.08,5717.77,,SETTLED
pay_92c3afe178244f,MID_RAZOR_991,ORD-2026-3577,NETBANKING,NA,setl_5f30105238,2026-04-29 08:15:57,2625.79,52.52,9.45,2563.82,,SETTLED
pay_170dc5c7bfdf41,MID_RAZOR_991,ORD-2026-3578,DEBIT_CARD,Mastercard,setl_07101d938f,2026-04-29 08:30:32,942.77,18.86,3.39,920.52,,SETTLED
pay_1226f296415647,MID_RAZOR_991,ORD-2026-3579,CREDIT_CARD,RuPay,setl_272e9a3384,2026-04-29 08:45:48,2243.52,44.87,8.08,2190.57,,SETTLED
pay_66bf875fe84847,MID_RAZOR_991,ORD-2026-3580,NETBANKING,NA,setl_143b4668d4,2026-04-29 09:00:32,5920.09,118.4,21.31,5780.38,,SETTLED
pay_c024368383d147,MID_RAZOR_991,ORD-2026-3581,UPI,NA,setl_ec52b696b3,2026-04-29 09:15:16,8331.38,166.63,29.99,8134.76,,SETTLED
pay_88a760201e0e46,MID_RAZOR_991,ORD-2026-3582,UPI,NA,setl_36785808e4,2026-04-29 09:30:53,12717.59,254.35,45.78,12417.46,,SETTLED
pay_5117847e058b41,MID_RAZOR_991,ORD-2026-3583,NETBANKING,NA,setl_29e586bfea,2026-04-29 09:45:05,11586.84,231.74,41.71,11313.39,,SETTLED
pay_d9f8c9ff297c4b,MID_RAZOR_991,ORD-2026-3584,DEBIT_CARD,RuPay,setl_c0c87dfa0f,2026-04-29 10:00:38,10220.98,204.42,36.8,9979.76,,SETTLED
pay_bd460089827044,MID_RAZOR_991,ORD-2026-3585,NETBANKING,NA,setl_e8496b95b7,2026-04-29 10:15:37,14177.42,283.55,51.04,13842.83,,SETTLED
pay_6dc3642665db43,MID_RAZOR_991,ORD-2026-3586,UPI,NA,setl_472339c948,2026-04-29 10:30:37,5642.3,112.85,20.31,5509.14,,SETTLED
pay_6d151256aeab4b,MID_RAZOR_991,ORD-2026-3587,NETBANKING,NA,setl_5c0fff2a2a,2026-04-29 10:45:07,5641.85,112.84,20.31,5508.7,,SETTLED
pay_5aad615e58fc40,MID_RAZOR_991,ORD-2026-3588,NETBANKING,NA,setl_15f897c85f,2026-04-29 11:00:18,10275.79,205.52,36.99,10033.28,,SETTLED
pay_5c0c61f232e645,MID_RAZOR_991,ORD-2026-3589,UPI,NA,setl_712cce5872,2026-04-29 11:15:49,13999.65,279.99,50.4,13669.26,,SETTLED
pay_3aeac52277c243,MID_RAZOR_991,ORD-2026-3590,NETBANKING,NA,setl_9671c48c42,2026-04-29 11:30:44,9774.98,195.5,35.19,9544.29,,SETTLED
pay_0aa9113a45414f,MID_RAZOR_991,ORD-2026-3591,DEBIT_CARD,Mastercard,setl_3a7a4e57dc,2026-04-29 11:45:27,871.51,17.43,3.14,850.94,,SETTLED
pay_e2a7cf774fdb49,MID_RAZOR_991,ORD-2026-3592,NETBANKING,NA,setl_cdfbea45f7,2026-04-29 12:00:00,2717.76,54.36,9.78,2653.62,,SETTLED
pay_5b0cb5305aa449,MID_RAZOR_991,ORD-2026-3593,DEBIT_CARD,Mastercard,setl_438bf2e9cc,2026-04-29 12:15:48,4025.79,80.52,14.49,3930.78,,SETTLED
pay_a8706c4a729c46,MID_RAZOR_991,ORD-2026-3594,UPI,NA,setl_151a055e2a,2026-04-29 12:30:32,14531.09,290.62,52.31,14188.16,,SETTLED
pay_d30c9758354e43,MID_RAZOR_991,ORD-2026-3595,CREDIT_CARD,Mastercard,setl_1b106ac803,2026-04-29 12:45:02,13264.85,265.3,47.75,12951.8,,SETTLED
pay_2d2a215724184e,MID_RAZOR_991,ORD-2026-3596,NETBANKING,NA,setl_19c79abedb,2026-04-29 13:00:38,8848.38,176.97,31.85,8639.56,,SETTLED
pay_781101b41a5b43,MID_RAZOR_991,ORD-2026-3597,UPI,NA,setl_5ddaeab0d7,2026-04-29 13:15:19,1570.87,31.42,5.66,1533.79,,SETTLED
pay_bc09ec94ab6944,MID_RAZOR_991,ORD-2026-3598,DEBIT_CARD,Mastercard,setl_7cbb5b0c33,2026-04-29 13:30:48,14813.47,296.27,53.33,14463.87,,SETTLED
pay_33305df132354c,MID_RAZOR_991,ORD-2026-3599,CREDIT_CARD,RuPay,setl_88b2a34403,2026-04-29 13:45:30,10935.86,218.72,39.37,10677.77,,SETTLED
pay_51c4678496bb47,MID_RAZOR_991,ORD-2026-3600,UPI,NA,setl_d83300f6c2,2026-04-29 14:00:58,4190.43,83.81,15.09,4091.53,,SETTLED
pay_e3caea0e5f4948,MID_RAZOR_991,ORD-2026-3601,UPI,NA,setl_e841c04349,2026-04-29 14:15:58,2900.81,58.02,10.44,2832.35,,SETTLED
pay_570a9a90b93f43,MID_RAZOR_991,ORD-2026-3602,UPI,NA,setl_ddefd5e2de,2026-04-29 14:30:39,1911.74,38.23,6.88,1866.63,,SETTLED
pay_44abba8260114b,MID_RAZOR_991,ORD-2026-3603,DEBIT_CARD,Visa,setl_fed4123ac6,2026-04-29 14:45:01,11921.62,238.43,42.92,11640.27,,SETTLED
pay_30ea194a0d114d,MID_RAZOR_991,ORD-2026-3604,NETBANKING,NA,setl_83ac478c59,2026-04-29 15:00:57,13717.53,274.35,49.38,13393.8,,SETTLED
pay_45d59a54013d46,MID_RAZOR_991,ORD-2026-3605,UPI,NA,setl_93ef51227f,2026-04-29 15:15:34,8345.11,166.9,30.04,8148.17,,SETTLED
pay_b4e2b1a91f904b,MID_RAZOR_991,ORD-2026-3606,CREDIT_CARD,RuPay,setl_77982d9b92,2026-04-29 15:30:17,1654.48,33.09,5.96,1615.43,,SETTLED
pay_1a1149207cbc46,MID_RAZOR_991,ORD-2026-3607,CREDIT_CARD,Visa,setl_147cfe5447,2026-04-29 15:45:39,3178.27,63.57,11.44,3103.26,,SETTLED
pay_f6006a0f2eaa49,MID_RAZOR_991,ORD-2026-3608,NETBANKING,NA,setl_d2d4602435,2026-04-29 16:00:39,10115.94,202.32,36.42,9877.2,,SETTLED
pay_026a5520cddd48,MID_RAZOR_991,ORD-2026-3609,NETBANKING,NA,setl_31db31226a,2026-04-29 16:15:19,13989.49,279.79,50.36,13659.34,,SETTLED
pay_a5dda07e6ffb48,MID_RAZOR_991,ORD-2026-3610,DEBIT_CARD,Visa,setl_679d2ac90e,2026-04-29 16:30:37,4287.67,85.75,15.43,4186.49,,SETTLED
pay_dee8081df72c4a,MID_RAZOR_991,ORD-2026-3611,CREDIT_CARD,Mastercard,setl_b790d51f79,2026-04-29 16:45:38,10353.08,207.06,37.27,10108.75,,SETTLED
pay_0db28c78db1549,MID_RAZOR_991,ORD-2026-3612,CREDIT_CARD,Mastercard,setl_98ee7d4ea7,2026-04-29 17:00:59,6031.6,120.63,21.71,5889.26,,SETTLED
pay_49a159447c714d,MID_RAZOR_991,ORD-2026-3613,UPI,NA,setl_bb8031998e,2026-04-29 17:15:27,10400.11,208.0,37.44,10154.67,,SETTLED
pay_f695be838e7c48,MID_RAZOR_991,ORD-2026-3614,NETBANKING,NA,setl_c7e86289df,2026-04-29 17:30:13,6608.11,132.16,23.79,6452.16,,SETTLED
pay_e2efe19196c048,MID_RAZOR_991,ORD-2026-3615,DEBIT_CARD,Visa,setl_4e2d5d7ba0,2026-04-29 17:45:23,9192.66,183.85,33.09,8975.72,,SETTLED
pay_d969e239c4ff48,MID_RAZOR_991,ORD-2026-3616,DEBIT_CARD,RuPay,setl_8b8e84e594,2026-04-29 18:00:19,8190.12,163.8,29.48,7996.84,,SETTLED
pay_c2a9631331254c,MID_RAZOR_991,ORD-2026-3617,NETBANKING,NA,setl_e5b5b32c0f,2026-04-29 18:15:43,13045.17,260.9,46.96,12737.31,,SETTLED
pay_74e1d009d84440,MID_RAZOR_991,ORD-2026-3618,DEBIT_CARD,Visa,setl_ed3a523818,2026-04-29 18:30:16,2846.52,56.93,10.25,2779.34,,SETTLED
pay_e7089a8e0e094d,MID_RAZOR_991,ORD-2026-3619,NETBANKING,NA,setl_75509ca81f,2026-04-29 18:45:48,6924.89,138.5,24.93,6761.46,,SETTLED
pay_36ae18942bf04a,MID_RAZOR_991,ORD-2026-3620,DEBIT_CARD,Visa,setl_81dce0398c,2026-04-29 19:00:14,3288.17,65.76,11.84,3210.57,,SETTLED
pay_4274195e269843,MID_RAZOR_991,ORD-2026-3621,CREDIT_CARD,Visa,setl_09f411ce2f,2026-04-29 19:15:16,12084.48,241.69,43.5,11799.29,,SETTLED
pay_5dc7c1ab9e494f,MID_RAZOR_991,ORD-2026-3622,DEBIT_CARD,Mastercard,setl_cd0a29eb4c,2026-04-29 19:30:18,1285.79,25.72,4.63,1255.44,,SETTLED
pay_e35007e6191d4d,MID_RAZOR_991,ORD-2026-3623,DEBIT_CARD,RuPay,setl_864b92e1f9,2026-04-29 19:45:59,1278.64,25.57,4.6,1248.47,,SETTLED
pay_2f0044a7cd384e,MID_RAZOR_991,ORD-2026-3624,DEBIT_CARD,RuPay,setl_457c4822da,2026-04-29 20:00:48,12073.78,241.48,43.47,11788.83,,SETTLED
pay_caf21bc1fd014b,MID_RAZOR_991,ORD-2026-3625,DEBIT_CARD,Visa,setl_70786c7be9,2026-04-29 20:15:08,11575.23,231.5,41.67,11302.06,,SETTLED
pay_7f16173ca4744d,MID_RAZOR_991,ORD-2026-3626,CREDIT_CARD,Visa,setl_e1ddf8b109,2026-04-29 20:30:45,14760.66,295.21,53.14,14412.31,,SETTLED
pay_3d5b722fba724f,MID_RAZOR_991,ORD-2026-3627,DEBIT_CARD,Mastercard,setl_3388637da5,2026-04-29 20:45:51,7997.51,159.95,28.79,7808.77,,SETTLED
pay_206395b4b7d947,MID_RAZOR_991,ORD-2026-3628,UPI,NA,setl_241932388b,2026-04-29 21:00:06,7381.49,147.63,26.57,7207.29,,SETTLED
pay_669cecb5927947,MID_RAZOR_991,ORD-2026-3629,CREDIT_CARD,RuPay,setl_950c61e454,2026-04-29 21:15:55,1647.42,32.95,5.93,1608.54,,SETTLED
pay_103aec00b53f42,MID_RAZOR_991,ORD-2026-3630,DEBIT_CARD,Visa,setl_39f64ba1ca,2026-04-29 21:30:08,14916.13,298.32,53.7,14564.11,,SETTLED
pay_ff05f9b64afb49,MID_RAZOR_991,ORD-2026-3631,UPI,NA,setl_a87b68c2f2,2026-04-29 21:45:09,11091.48,221.83,39.93,10829.72,,SETTLED
pay_837bbf75424a4a,MID_RAZOR_991,ORD-2026-3632,CREDIT_CARD,Mastercard,setl_0e3e14ec7f,2026-04-29 22:00:48,13325.22,266.5,47.97,13010.75,,SETTLED
pay_46be8fa5574f4e,MID_RAZOR_991,ORD-2026-3633,NETBANKING,NA,setl_4ed8a26605,2026-04-29 22:15:55,11412.11,228.24,41.08,11142.79,,SETTLED
pay_a4d2d628558f4f,MID_RAZOR_991,ORD-2026-3634,CREDIT_CARD,Visa,setl_9eba776a2f,2026-04-29 22:30:16,14245.83,284.92,51.29,13909.62,,SETTLED
pay_41c19e8e96134f,MID_RAZOR_991,ORD-2026-3635,CREDIT_CARD,Mastercard,setl_58a355e394,2026-04-29 22:45:20,13240.42,264.81,47.67,12927.94,,SETTLED
pay_c50fd406624b41,MID_RAZOR_991,ORD-2026-3636,NETBANKING,NA,setl_f57d7b15ac,2026-04-29 23:00:16,4929.79,98.6,17.75,4813.44,,SETTLED
pay_a7837c4a842745,MID_RAZOR_991,ORD-2026-3637,CREDIT_CARD,RuPay,setl_9cf63c03d0,2026-04-29 23:15:54,13260.79,265.22,47.74,12947.83,,SETTLED
pay_529c03d15d5c47,MID_RAZOR_991,ORD-2026-3638,NETBANKING,NA,setl_064571d972,2026-04-29 23:30:18,11661.39,233.23,41.98,11386.18,,SETTLED
pay_4e74ca54cf3b44,MID_RAZOR_991,ORD-2026-3639,NETBANKING,NA,setl_1c04381066,2026-04-29 23:45:28,13566.97,271.34,48.84,13246.79,,SETTLED
pay_2d9daec3a02b4e,MID_RAZOR_991,ORD-2026-3640,CREDIT_CARD,Visa,setl_4f8bad6d19,2026-04-30 00:00:10,945.22,18.9,3.4,922.92,,SETTLED
pay_a7c2a20b58db4b,MID_RAZOR_991,ORD-2026-3641,UPI,NA,setl_bb63cb61c5,2026-04-30 00:15:57,7383.63,147.67,26.58,7209.38,,SETTLED
pay_353a3dbde2c34b,MID_RAZOR_991,ORD-2026-3642,UPI,NA,setl_082bf696b3,2026-04-30 00:30:38,11868.55,237.37,42.73,11588.45,,SETTLED
pay_e3f192fb0c444b,MID_RAZOR_991,ORD-2026-3643,CREDIT_CARD,RuPay,setl_47a5898b81,2026-04-30 00:45:24,9328.77,186.58,33.58,9108.61,,SETTLED
pay_4e12fbb7630446,MID_RAZOR_991,ORD-2026-3644,CREDIT_CARD,Visa,setl_72952ac369,2026-04-30 01:00:39,13460.02,269.2,48.46,13142.36,,SETTLED
pay_0cc4fa0768bf4e,MID_RAZOR_991,ORD-2026-3645,UPI,NA,setl_bc69d24a95,2026-04-30 01:15:32,1502.29,30.05,5.41,1466.83,,SETTLED
pay_29c999b8fa3644,MID_RAZOR_991,ORD-2026-3646,UPI,NA,setl_57630faca5,2026-04-30 01:30:53,6662.28,133.25,23.98,6505.05,,SETTLED
pay_d1551df3270842,MID_RAZOR_991,ORD-2026-3647,DEBIT_CARD,Visa,setl_c465e5e1d1,2026-04-30 01:45:16,6698.71,133.97,24.11,6540.63,,SETTLED
pay_2df2c540c15b40,MID_RAZOR_991,ORD-2026-3648,UPI,NA,setl_02d0c02098,2026-04-30 02:00:30,9240.13,184.8,33.26,9022.07,,SETTLED
pay_225574da7afc4f,MID_RAZOR_991,ORD-2026-3649,UPI,NA,setl_ae79ac2008,2026-04-30 02:15:00,9805.91,196.12,35.3,9574.49,,SETTLED
pay_a0346d72529849,MID_RAZOR_991,ORD-2026-3650,CREDIT_CARD,Mastercard,setl_00518a021b,2026-04-30 02:30:29,14425.0,288.5,51.93,14084.57,,SETTLED
pay_62ba2bde1bb941,MID_RAZOR_991,ORD-2026-3651,NETBANKING,NA,setl_0fa100764d,2026-04-30 02:45:51,9520.43,190.41,34.27,9295.75,,SETTLED
pay_9c4eb740d9984d,MID_RAZOR_991,ORD-2026-3652,CREDIT_CARD,Mastercard,setl_10de27cd1c,2026-04-30 03:00:38,1383.35,27.67,4.98,1350.7,,SETTLED
pay_f5a6a418da224f,MID_RAZOR_991,ORD-2026-3653,NETBANKING,NA,setl_bbeecdfa36,2026-04-30 03:15:06,4476.49,89.53,16.12,4370.84,,SETTLED
pay_d7b754549aea47,MID_RAZOR_991,ORD-2026-3654,CREDIT_CARD,RuPay,setl_40a2cbc94f,2026-04-30 03:30:51,1798.35,35.97,6.47,1755.91,,SETTLED
pay_793dbcf97f4c45,MID_RAZOR_991,ORD-2026-3655,DEBIT_CARD,RuPay,setl_37d025d5ef,2026-04-30 03:45:57,3454.16,69.08,12.43,3372.65,,SETTLED
pay_c8b39bd137474e,MID_RAZOR_991,ORD-2026-3656,CREDIT_CARD,RuPay,setl_6165c7bc24,2026-04-30 04:00:36,11989.06,239.78,43.16,11706.12,,SETTLED
pay_9e284518a1654d,MID_RAZOR_991,ORD-2026-3657,UPI,NA,setl_ac553cbebb,2026-04-30 04:15:25,13839.28,276.79,49.82,13512.67,,SETTLED
pay_de0ff6912f314a,MID_RAZOR_991,ORD-2026-3658,UPI,NA,setl_71736903fd,2026-04-30 04:30:45,8882.07,177.64,31.98,8672.45,,SETTLED
pay_dfb4f3b179884e,MID_RAZOR_991,ORD-2026-3659,UPI,NA,setl_d8aae3b20d,2026-04-30 04:45:00,3184.16,63.68,11.46,3109.02,,SETTLED
pay_85f2fd071b8e4b,MID_RAZOR_991,ORD-2026-3660,NETBANKING,NA,setl_c0b77b1f31,2026-04-30 05:00:29,6792.57,135.85,24.45,6632.27,,SETTLED
pay_c704c892dafd44,MID_RAZOR_991,ORD-2026-3661,NETBANKING,NA,setl_aa6d15729d,2026-04-30 05:15:45,6100.39,122.01,21.96,5956.42,,SETTLED
pay_a216adb0db8a44,MID_RAZOR_991,ORD-2026-3662,CREDIT_CARD,Visa,setl_0a019ac8fe,2026-04-30 05:30:24,12054.46,241.09,43.4,11769.97,,SETTLED
pay_0f8bab1f588b45,MID_RAZOR_991,ORD-2026-3663,DEBIT_CARD,Visa,setl_dd52698842,2026-04-30 05:45:41,4037.55,80.75,14.54,3942.26,,SETTLED
pay_6040a75da17742,MID_RAZOR_991,ORD-2026-3664,NETBANKING,NA,setl_31b963e801,2026-04-30 06:00:17,6606.53,132.13,23.78,6450.62,,SETTLED
pay_2e81a5586d8949,MID_RAZOR_991,ORD-2026-3665,DEBIT_CARD,Mastercard,setl_dbe3bdf0f6,2026-04-30 06:15:50,1916.04,38.32,6.9,1870.82,,SETTLED
pay_0966e1dde4b24d,MID_RAZOR_991,ORD-2026-3666,NETBANKING,NA,setl_304daab4f7,2026-04-30 06:30:53,11398.15,227.96,41.03,11129.16,,SETTLED
pay_82a48f4819ab42,MID_RAZOR_991,ORD-2026-3667,DEBIT_CARD,Visa,setl_fa85265e2d,2026-04-30 06:45:47,9030.73,180.61,32.51,8817.61,,SETTLED
pay_d9b0b4f149f94b,MID_RAZOR_991,ORD-2026-3668,UPI,NA,setl_6d617cdcfb,2026-04-30 07:00:27,6776.34,135.53,24.4,6616.41,,SETTLED
pay_2186ac0ae73d41,MID_RAZOR_991,ORD-2026-3669,UPI,NA,setl_5e04c1579c,2026-04-30 07:15:57,9885.92,197.72,35.59,9652.61,,SETTLED
pay_0cb0e0e7befd49,MID_RAZOR_991,ORD-2026-3670,CREDIT_CARD,Visa,setl_c6bc6e604f,2026-04-30 07:30:00,12212.56,244.25,43.96,11924.35,,SETTLED
pay_a99f8525a4574f,MID_RAZOR_991,ORD-2026-3671,DEBIT_CARD,Mastercard,setl_d3782165f5,2026-04-30 07:45:30,1108.39,22.17,3.99,1082.23,,SETTLED
pay_8ffe1a1b3fab44,MID_RAZOR_991,ORD-2026-3672,CREDIT_CARD,Visa,setl_ac9a42c4a3,2026-04-30 08:00:26,8449.4,168.99,30.42,8249.99,,SETTLED
pay_6a96a366ded746,MID_RAZOR_991,ORD-2026-3673,NETBANKING,NA,setl_198c204364,2026-04-30 08:15:10,6132.01,122.64,22.08,5987.29,,SETTLED
pay_58bb569a057e41,MID_RAZOR_991,ORD-2026-3674,NETBANKING,NA,setl_59d05527bf,2026-04-30 08:30:35,8553.6,171.07,30.79,8351.74,,SETTLED
pay_15a353a3733948,MID_RAZOR_991,ORD-2026-3675,NETBANKING,NA,setl_7c418a8c85,2026-04-30 08:45:50,9408.3,188.17,33.87,9186.26,,SETTLED
pay_cb1a9f65447c43,MID_RAZOR_991,ORD-2026-3676,NETBANKING,NA,setl_7ebc142d61,2026-04-30 09:00:11,5763.81,115.28,20.75,5627.78,,SETTLED
pay_add61c13c62744,MID_RAZOR_991,ORD-2026-3677,UPI,NA,setl_3a9b9b5a78,2026-04-30 09:15:44,9123.17,182.46,32.84,8907.87,,SETTLED
pay_c4d13d77b1e847,MID_RAZOR_991,ORD-2026-3678,DEBIT_CARD,Visa,setl_95f52f7861,2026-04-30 09:30:54,14469.19,289.38,52.09,14127.72,,SETTLED
pay_d5a8238403804f,MID_RAZOR_991,ORD-2026-3679,NETBANKING,NA,setl_2511744e3d,2026-04-30 09:45:00,4889.52,97.79,17.6,4774.13,,SETTLED
pay_1acb039a33b840,MID_RAZOR_991,ORD-2026-3680,DEBIT_CARD,RuPay,setl_450ae2b8dd,2026-04-30 10:00:04,11867.49,237.35,42.72,11587.42,,SETTLED
pay_f111a57ffc524a,MID_RAZOR_991,ORD-2026-3681,NETBANKING,NA,setl_53e634e339,2026-04-30 10:15:31,7125.31,142.51,25.65,6957.15,,SETTLED
pay_f9ae8fa198644e,MID_RAZOR_991,ORD-2026-3682,DEBIT_CARD,Visa,setl_b92ae72241,2026-04-30 10:30:38,3180.73,63.61,11.45,3105.67,,SETTLED
pay_d49d4607110b45,MID_RAZOR_991,ORD-2026-3683,CREDIT_CARD,Visa,setl_c2b7beccdf,2026-04-30 10:45:05,9324.0,186.48,33.57,9103.95,,SETTLED
pay_06327973f89148,MID_RAZOR_991,ORD-2026-3684,CREDIT_CARD,RuPay,setl_770d5a0ab0,2026-04-30 11:00:38,14173.86,283.48,51.03,13839.35,,SETTLED
pay_785cd1ecab0c4f,MID_RAZOR_991,ORD-2026-3685,UPI,NA,setl_e8cc86133f,2026-04-30 11:15:51,10753.43,215.07,38.71,10499.65,,SETTLED
pay_f1ca0a85862346,MID_RAZOR_991,ORD-2026-3686,CREDIT_CARD,RuPay,setl_145d423e5e,2026-04-30 11:30:52,8526.51,170.53,30.7,8325.28,,SETTLED
pay_a3979a65423646,MID_RAZOR_991,ORD-2026-3687,UPI,NA,setl_72e4b50f5d,2026-04-30 11:45:20,6809.21,136.18,24.51,6648.52,,SETTLED
pay_429dba6c476547,MID_RAZOR_991,ORD-2026-3688,CREDIT_CARD,RuPay,setl_ec421b0069,2026-04-30 12:00:54,13109.83,262.2,47.2,12800.43,,SETTLED
pay_21ba604e6d8d4e,MID_RAZOR_991,ORD-2026-3689,UPI,NA,setl_9f853ac8bd,2026-04-30 12:15:04,9665.71,193.31,34.8,9437.6,,SETTLED
pay_2b0b0fc512fb4b,MID_RAZOR_991,ORD-2026-3690,NETBANKING,NA,setl_cd766e1537,2026-04-30 12:30:10,3563.45,71.27,12.83,3479.35,,SETTLED
pay_79d0035fe11346,MID_RAZOR_991,ORD-2026-3691,CREDIT_CARD,Mastercard,setl_25243e281d,2026-04-30 12:45:39,5257.43,105.15,18.93,5133.35,,SETTLED
pay_06a2777b38d342,MID_RAZOR_991,ORD-2026-3692,CREDIT_CARD,RuPay,setl_5267dd2ef4,2026-04-30 13:00:44,4296.35,85.93,15.47,4194.95,,SETTLED
pay_39071a0ccdc04e,MID_RAZOR_991,ORD-2026-3693,UPI,NA,setl_9e7ddb1374,2026-04-30 13:15:24,14153.16,283.06,50.95,13819.15,,SETTLED
pay_27d5d1a6f73c4f,MID_RAZOR_991,ORD-2026-3694,UPI,NA,setl_adc1235599,2026-04-30 13:30:50,5595.77,111.92,20.15,5463.7,,SETTLED
pay_a4555b8adf0e49,MID_RAZOR_991,ORD-2026-3695,UPI,NA,setl_b2b1e82de2,2026-04-30 13:45:39,3081.0,61.62,11.09,3008.29,,SETTLED
pay_2e0fce0f34d547,MID_RAZOR_991,ORD-2026-3696,CREDIT_CARD,Visa,setl_4b6412c9b8,2026-04-30 14:00:05,11339.21,226.78,40.82,11071.61,,SETTLED
pay_a6847beea8e54d,MID_RAZOR_991,ORD-2026-3697,NETBANKING,NA,setl_46a4c4365a,2026-04-30 14:15:03,12401.82,248.04,44.65,12109.13,,SETTLED
pay_2cbdf049bed441,MID_RAZOR_991,ORD-2026-3698,UPI,NA,setl_28be3a1242,2026-04-30 14:30:51,6737.73,134.75,24.25,6578.73,,SETTLED
pay_d6843aaee6e14c,MID_RAZOR_991,ORD-2026-3699,DEBIT_CARD,Mastercard,setl_c4377a35b1,2026-04-30 14:45:53,14825.63,296.51,53.37,14475.75,,SETTLED
pay_b829b6dab1e540,MID_RAZOR_991,ORD-2026-3700,DEBIT_CARD,Mastercard,setl_5e4c4d7925,2026-04-30 15:00:18,3791.55,75.83,13.65,3702.07,,SETTLED
pay_d83f32477c2747,MID_RAZOR_991,ORD-2026-3701,CREDIT_CARD,Visa,setl_195288bb26,2026-04-30 15:15:22,2406.82,48.14,8.67,2350.01,,SETTLED
pay_b2df9485b26c4a,MID_RAZOR_991,ORD-2026-3702,UPI,NA,setl_7277b30521,2026-04-30 15:30:39,11998.96,239.98,43.2,11715.78,,SETTLED
pay_0f6792e27daf48,MID_RAZOR_991,ORD-2026-3703,UPI,NA,setl_e3f15c6292,2026-04-30 15:45:13,13574.6,271.49,48.87,13254.24,,SETTLED
pay_ea4db0725f8c45,MID_RAZOR_991,ORD-2026-3704,CREDIT_CARD,Visa,setl_572ccbc75d,2026-04-30 16:00:49,8641.46,172.83,31.11,8437.52,,SETTLED
pay_1d279916457648,MID_RAZOR_991,ORD-2026-3705,NETBANKING,NA,setl_29ee1171ef,2026-04-30 16:15:57,4803.16,96.06,17.29,4689.81,,SETTLED
pay_b7da3694f84b4c,MID_RAZOR_991,ORD-2026-3706,CREDIT_CARD,Visa,setl_10f2add03e,2026-04-30 16:30:55,13816.75,276.33,49.74,13490.68,,SETTLED
pay_e7e5acab15534b,MID_RAZOR_991,ORD-2026-3707,NETBANKING,NA,setl_99941be04f,2026-04-30 16:45:02,11307.31,226.15,40.71,11040.45,,SETTLED
pay_4652f5ce701644,MID_RAZOR_991,ORD-2026-3708,DEBIT_CARD,Visa,setl_ec73b12376,2026-04-30 17:00:59,8358.16,167.16,30.09,8160.91,,SETTLED
pay_b9ecd1a2df634c,MID_RAZOR_991,ORD-2026-3709,DEBIT_CARD,RuPay,setl_f2ab214763,2026-04-30 17:15:24,13856.49,277.13,49.88,13529.48,,SETTLED
pay_3019755047a644,MID_RAZOR_991,ORD-2026-3710,DEBIT_CARD,RuPay,setl_f0563ee021,2026-04-30 17:30:28,12336.41,246.73,44.41,12045.27,,SETTLED
pay_79909de7490a43,MID_RAZOR_991,ORD-2026-3711,NETBANKING,NA,setl_a138efbab1,2026-04-30 17:45:39,5365.67,107.31,19.32,5239.04,,SETTLED
pay_6de6cd5e93ff4b,MID_RAZOR_991,ORD-2026-3712,CREDIT_CARD,Mastercard,setl_40d7331b04,2026-04-30 18:00:52,641.13,12.82,2.31,626.0,,SETTLED
pay_bb147c0f5bd845,MID_RAZOR_991,ORD-2026-3713,UPI,NA,setl_16355f87cd,2026-04-30 18:15:02,7654.08,153.08,27.55,7473.45,,SETTLED
pay_b2762dc1d7574d,MID_RAZOR_991,ORD-2026-3714,UPI,NA,setl_af21c18646,2026-04-30 18:30:56,3886.78,77.74,13.99,3795.05,,SETTLED
pay_a4ca3644671646,MID_RAZOR_991,ORD-2026-3715,NETBANKING,NA,setl_a1a74e1877,2026-04-30 18:45:06,9214.89,184.3,33.17,8997.42,,SETTLED
pay_395b09d7fb0647,MID_RAZOR_991,ORD-2026-3716,NETBANKING,NA,setl_26e8770147,2026-04-30 19:00:43,6141.44,122.83,22.11,5996.5,,SETTLED
pay_8648b7179d7648,MID_RAZOR_991,ORD-2026-3717,DEBIT_CARD,RuPay,setl_e3502078c9,2026-04-30 19:15:20,12354.8,247.1,44.48,12063.22,,SETTLED
pay_deb85b3a2dca43,MID_RAZOR_991,ORD-2026-3718,UPI,NA,setl_bbb8db5d4b,2026-04-30 19:30:42,2460.88,49.22,8.86,2402.8,,SETTLED
pay_e599af90a16349,MID_RAZOR_991,ORD-2026-3719,DEBIT_CARD,RuPay,setl_14c4f1c7cc,2026-04-30 19:45:00,2789.68,55.79,10.04,2723.85,,SETTLED
pay_bc223a3ad85743,MID_RAZOR_991,ORD-2026-3720,DEBIT_CARD,RuPay,setl_d26ccf9089,2026-04-30 20:00:55,10932.38,218.65,39.36,10674.37,,SETTLED
pay_5265042a6a284f,MID_RAZOR_991,ORD-2026-3721,DEBIT_CARD,Visa,setl_66b6934935,2026-04-30 20:15:40,13413.65,268.27,48.29,13097.09,,SETTLED
pay_a64168b7e95f4c,MID_RAZOR_991,ORD-2026-3722,NETBANKING,NA,setl_3758ed8f52,2026-04-30 20:30:06,11592.28,231.85,41.73,11318.7,,SETTLED
pay_d52af7ff7c0f4f,MID_RAZOR_991,ORD-2026-3723,UPI,NA,setl_c49b7e86ab,2026-04-30 20:45:59,5631.05,112.62,20.27,5498.16,,SETTLED
pay_d6e93df5679541,MID_RAZOR_991,ORD-2026-3724,UPI,NA,setl_301cd5f3bf,2026-04-30 21:00:03,640.98,12.82,2.31,625.85,,SETTLED
pay_1b068e6fdfd44e,MID_RAZOR_991,ORD-2026-3725,UPI,NA,setl_7574d53099,2026-04-30 21:15:13,10505.43,210.11,37.82,10257.5,,SETTLED
pay_2c1bb911f19842,MID_RAZOR_991,ORD-2026-3726,UPI,NA,setl_5a217ce6ab,2026-04-30 21:30:56,3610.44,72.21,13.0,3525.23,,SETTLED
pay_07910c3267f343,MID_RAZOR_991,ORD-2026-3727,DEBIT_CARD,RuPay,setl_5178a93555,2026-04-30 21:45:04,8370.04,167.4,30.13,8172.51,,SETTLED
pay_df6907c361c545,MID_RAZOR_991,ORD-2026-3728,CREDIT_CARD,Mastercard,setl_3cdc97a7fa,2026-04-30 22:00:22,5518.57,110.37,19.87,5388.33,,SETTLED
pay_6b4570b0771f45,MID_RAZOR_991,ORD-2026-3729,CREDIT_CARD,RuPay,setl_acf12ea040,2026-04-30 22:15:23,6124.87,122.5,22.05,5980.32,,SETTLED
pay_798d9ffcadbe45,MID_RAZOR_991,ORD-2026-3730,UPI,NA,setl_73a8cf4734,2026-04-30 22:30:41,778.71,15.57,2.8,760.34,,SETTLED
pay_940583be895b4b,MID_RAZOR_991,ORD-2026-3731,NETBANKING,NA,setl_390e3ecc13,2026-04-30 22:45:45,6868.87,137.38,24.73,6706.76,,SETTLED
pay_88bab65db5d543,MID_RAZOR_991,ORD-2026-3732,NETBANKING,NA,setl_6f79c78213,2026-04-30 23:00:32,4372.31,87.45,15.74,4269.12,,SETTLED
pay_67f84468ed224c,MID_RAZOR_991,ORD-2026-3733,DEBIT_CARD,Visa,setl_f2eb9b9990,2026-04-30 23:15:37,10633.89,212.68,38.28,10382.93,,SETTLED
pay_8934aa1b08fc41,MID_RAZOR_991,ORD-2026-3734,NETBANKING,NA,setl_6ed86ae02d,2026-04-30 23:30:29,5966.17,119.32,21.48,5825.37,,SETTLED
pay_d875f01f521940,MID_RAZOR_991,ORD-2026-3735,CREDIT_CARD,Mastercard,setl_f420460f2b,2026-04-30 23:45:22,12512.41,250.25,45.05,12217.11,,SETTLED
pay_ba265f902a9f4d,MID_RAZOR_991,ORD-2026-3736,DEBIT_CARD,Visa,setl_5548de1f94,2026-05-01 00:00:08,13533.24,270.66,48.72,13213.86,,SETTLED
pay_e60956f8735640,MID_RAZOR_991,ORD-2026-3737,DEBIT_CARD,RuPay,setl_faecdee93d,2026-05-01 00:15:37,1386.65,27.73,4.99,1353.93,,SETTLED
pay_552f775b787747,MID_RAZOR_991,ORD-2026-3738,CREDIT_CARD,RuPay,setl_7402f1b103,2026-05-01 00:30:19,5299.93,106.0,19.08,5174.85,,SETTLED
pay_1d92749115924f,MID_RAZOR_991,ORD-2026-3739,UPI,NA,setl_ea4c392e6c,2026-05-01 00:45:36,1077.59,21.55,3.88,1052.16,,SETTLED
pay_01137d1fff6843,MID_RAZOR_991,ORD-2026-3740,UPI,NA,setl_617bc41d25,2026-05-01 01:00:40,11582.43,231.65,41.7,11309.08,,SETTLED
pay_3c087a397a6a40,MID_RAZOR_991,ORD-2026-3741,UPI,NA,setl_89afc1238e,2026-05-01 01:15:09,13352.78,267.06,48.07,13037.65,,SETTLED
pay_b0f3b8ae422c4b,MID_RAZOR_991,ORD-2026-3742,CREDIT_CARD,RuPay,setl_ff32cb7599,2026-05-01 01:30:39,13949.02,278.98,50.22,13619.82,,SETTLED
pay_d70e0474507140,MID_RAZOR_991,ORD-2026-3743,DEBIT_CARD,Mastercard,setl_a8c029338e,2026-05-01 01:45:35,11954.34,239.09,43.04,11672.21,,SETTLED
pay_a59fbeae2cef47,MID_RAZOR_991,ORD-2026-3744,CREDIT_CARD,RuPay,setl_63f094013c,2026-05-01 02:00:10,9104.58,182.09,32.78,8889.71,,SETTLED
pay_ddc2acb64dfe42,MID_RAZOR_991,ORD-2026-3745,CREDIT_CARD,RuPay,setl_a34311b8f4,2026-05-01 02:15:26,10230.03,204.6,36.83,9988.6,,SETTLED
pay_90344917df3748,MID_RAZOR_991,ORD-2026-3746,DEBIT_CARD,Mastercard,setl_eb19c813f7,2026-05-01 02:30:11,1627.2,32.54,5.86,1588.8,,SETTLED
pay_2fc72b85937c44,MID_RAZOR_991,ORD-2026-3747,UPI,NA,setl_89ae72afa5,2026-05-01 02:45:58,6951.31,139.03,25.03,6787.25,,SETTLED
pay_6129719a881b42,MID_RAZOR_991,ORD-2026-3748,UPI,NA,setl_379c8ed1b2,2026-05-01 03:00:11,3241.15,64.82,11.67,3164.66,,SETTLED
pay_61c286faf51e46,MID_RAZOR_991,ORD-2026-3749,CREDIT_CARD,RuPay,setl_ea64275875,2026-05-01 03:15:22,13650.11,273.0,49.14,13327.97,,SETTLED
pay_27e5a095bb3c4c,MID_RAZOR_991,ORD-2026-3750,UPI,NA,setl_1973cdd5d5,2026-05-01 03:30:43,5807.61,116.15,20.91,5670.55,,SETTLED
pay_88b0d46ed79a46,MID_RAZOR_991,ORD-2026-3751,NETBANKING,NA,setl_7e5a057bc1,2026-05-01 03:45:13,8265.19,165.3,29.75,8070.14,,SETTLED
pay_edf418db2a2048,MID_RAZOR_991,ORD-2026-3752,DEBIT_CARD,Mastercard,setl_0f7a33a42a,2026-05-01 04:00:47,7224.38,144.49,26.01,7053.88,,SETTLED
pay_e4bf1a59e57546,MID_RAZOR_991,ORD-2026-3753,NETBANKING,NA,setl_1400c91ab7,2026-05-01 04:15:35,7993.08,159.86,28.77,7804.45,,SETTLED
pay_3440e9ae912244,MID_RAZOR_991,ORD-2026-3754,CREDIT_CARD,RuPay,setl_f373b8fdb2,2026-05-01 04:30:35,14696.8,293.94,52.91,14349.95,,SETTLED
pay_1fa0e13962e540,MID_RAZOR_991,ORD-2026-3755,DEBIT_CARD,Visa,setl_e56a8929e9,2026-05-01 04:45:56,5009.38,100.19,18.03,4891.16,,SETTLED
pay_719f56e4ec3d44,MID_RAZOR_991,ORD-2026-3756,CREDIT_CARD,RuPay,setl_6bd8c71b1b,2026-05-01 05:00:46,11432.89,228.66,41.16,11163.07,,SETTLED
pay_ee7dc76702a742,MID_RAZOR_991,ORD-2026-3757,CREDIT_CARD,Mastercard,setl_d2be54d8dd,2026-05-01 05:15:18,8281.49,165.63,29.81,8086.05,,SETTLED
pay_6c381c80d0e646,MID_RAZOR_991,ORD-2026-3758,UPI,NA,setl_46e8fd7a4e,2026-05-01 05:30:16,1785.87,35.72,6.43,1743.72,,SETTLED
pay_d9432919101742,MID_RAZOR_991,ORD-2026-3759,CREDIT_CARD,Mastercard,setl_c09ec8c260,2026-05-01 05:45:55,8111.06,162.22,29.2,7919.64,,SETTLED
pay_01d870d2230c40,MID_RAZOR_991,ORD-2026-3760,CREDIT_CARD,Mastercard,setl_087e12b2fd,2026-05-01 06:00:00,10260.33,205.21,36.94,10018.18,,SETTLED
pay_90842a844b8c45,MID_RAZOR_991,ORD-2026-3761,UPI,NA,setl_cc99150dfa,2026-05-01 06:15:17,14088.02,281.76,50.72,13755.54,,SETTLED
pay_9b906268a91f4f,MID_RAZOR_991,ORD-2026-3762,NETBANKING,NA,setl_cb7b097a52,2026-05-01 06:30:22,12832.05,256.64,46.2,12529.21,,SETTLED
pay_34dcfc69cd9e48,MID_RAZOR_991,ORD-2026-3763,CREDIT_CARD,RuPay,setl_b9e865f581,2026-05-01 06:45:57,11764.27,235.29,42.35,11486.63,,SETTLED
pay_ecdc21b02ace40,MID_RAZOR_991,ORD-2026-3764,UPI,NA,setl_45a1bade16,2026-05-01 07:00:26,4175.25,83.5,15.03,4076.72,,SETTLED
pay_7811ebe0c08f4c,MID_RAZOR_991,ORD-2026-3765,UPI,NA,setl_9fee1db602,2026-05-01 07:15:22,10871.09,217.42,39.14,10614.53,,SETTLED
pay_15af708acdf247,MID_RAZOR_991,ORD-2026-3766,NETBANKING,NA,setl_e73f12229b,2026-05-01 07:30:57,8976.15,179.52,32.31,8764.32,,SETTLED
pay_1328e07f925348,MID_RAZOR_991,ORD-2026-3767,UPI,NA,setl_150fc71842,2026-05-01 07:45:41,2847.54,56.95,10.25,2780.34,,SETTLED
pay_6d33c3de0fa847,MID_RAZOR_991,ORD-2026-3768,UPI,NA,setl_22be1d43c3,2026-05-01 08:00:30,4828.8,96.58,17.38,4714.84,,SETTLED
pay_cf13ff44a38f40,MID_RAZOR_991,ORD-2026-3769,CREDIT_CARD,RuPay,setl_4a9d41df05,2026-05-01 08:15:50,922.99,18.46,3.32,901.21,,SETTLED
pay_abea3c56591b42,MID_RAZOR_991,ORD-2026-3770,UPI,NA,setl_ddb6d8bcfa,2026-05-01 08:30:39,6112.94,122.26,22.01,5968.67,,SETTLED
pay_a60c7250058f45,MID_RAZOR_991,ORD-2026-3771,CREDIT_CARD,RuPay,setl_ba336ac39a,2026-05-01 08:45:26,7559.29,151.19,27.21,7380.89,,SETTLED
pay_18e1d5a42dab41,MID_RAZOR_991,ORD-2026-3772,DEBIT_CARD,Visa,setl_a566712e30,2026-05-01 09:00:53,14560.83,291.22,52.42,14217.19,,SETTLED
pay_a76aa694c9aa46,MID_RAZOR_991,ORD-2026-3773,NETBANKING,NA,setl_e798558ecf,2026-05-01 09:15:14,10656.18,213.12,38.36,10404.7,,SETTLED
pay_fc3a63aea44b44,MID_RAZOR_991,ORD-2026-3774,NETBANKING,NA,setl_029c332109,2026-05-01 09:30:23,5744.22,114.88,20.68,5608.66,,SETTLED
pay_6baf5cdb324944,MID_RAZOR_991,ORD-2026-3775,DEBIT_CARD,Visa,setl_44b635eb9e,2026-05-01 09:45:41,1024.58,20.49,3.69,1000.4,,SETTLED
pay_8057430fa4254a,MID_RAZOR_991,ORD-2026-3776,CREDIT_CARD,Mastercard,setl_fe40de4647,2026-05-01 10:00:14,8729.52,174.59,31.43,8523.5,,SETTLED
pay_75fbacda3a4c4f,MID_RAZOR_991,ORD-2026-3777,NETBANKING,NA,setl_a760046752,2026-05-01 10:15:10,7077.42,141.55,25.48,6910.39,,SETTLED
pay_518dee4fb47e45,MID_RAZOR_991,ORD-2026-3778,UPI,NA,setl_cddb0274c2,2026-05-01 10:30:05,4785.01,95.7,17.23,4672.08,,SETTLED
pay_2985eee5cd7c4f,MID_RAZOR_991,ORD-2026-3779,CREDIT_CARD,Mastercard,setl_19d3174fea,2026-05-01 10:45:21,14142.16,282.84,50.91,13808.41,,SETTLED
pay_a045198cb1de44,MID_RAZOR_991,ORD-2026-3780,UPI,NA,setl_e339adb5e0,2026-05-01 11:00:34,11156.81,223.14,40.17,10893.5,,SETTLED
pay_94325c867ed149,MID_RAZOR_991,ORD-2026-3781,CREDIT_CARD,Mastercard,setl_475ddda75c,2026-05-01 11:15:15,11003.15,220.06,39.61,10743.48,,SETTLED
pay_2701fc95776143,MID_RAZOR_991,ORD-2026-3782,NETBANKING,NA,setl_d437c39ee3,2026-05-01 11:30:16,3698.75,73.98,13.32,3611.45,,SETTLED
pay_7f4dc70cfdd14e,MID_RAZOR_991,ORD-2026-3783,NETBANKING,NA,setl_5cc40de524,2026-05-01 11:45:11,13389.97,267.8,48.2,13073.97,,SETTLED
pay_468ca755c3f448,MID_RAZOR_991,ORD-2026-3784,CREDIT_CARD,Visa,setl_d61d1cf215,2026-05-01 12:00:12,14265.78,285.32,51.36,13929.1,,SETTLED
pay_3c1a8404860745,MID_RAZOR_991,ORD-2026-3785,DEBIT_CARD,Mastercard,setl_6320f69a04,2026-05-01 12:15:33,7742.87,154.86,27.87,7560.14,,SETTLED
pay_ff8835f3671e41,MID_RAZOR_991,ORD-2026-3786,NETBANKING,NA,setl_ffcf5d56bb,2026-05-01 12:30:58,10502.52,210.05,37.81,10254.66,,SETTLED
pay_bf0b92b2dad246,MID_RAZOR_991,ORD-2026-3787,NETBANKING,NA,setl_6a14e9605b,2026-05-01 12:45:37,10825.54,216.51,38.97,10570.06,,SETTLED
pay_1afed4cb878340,MID_RAZOR_991,ORD-2026-3788,DEBIT_CARD,RuPay,setl_ef5f16f7d2,2026-05-01 13:00:23,14522.29,290.45,52.28,14179.56,,SETTLED
pay_f1a47bbff4be4c,MID_RAZOR_991,ORD-2026-3789,NETBANKING,NA,setl_345a0ce361,2026-05-01 13:15:24,14002.3,280.05,50.41,13671.84,,SETTLED
pay_243d5189f60347,MID_RAZOR_991,ORD-2026-3790,DEBIT_CARD,RuPay,setl_cc859ab960,2026-05-01 13:30:05,3067.71,61.35,11.04,2995.32,,SETTLED
pay_6a5e6db9995547,MID_RAZOR_991,ORD-2026-3791,UPI,NA,setl_58719dce89,2026-05-01 13:45:36,5314.59,106.29,19.13,5189.17,,SETTLED
pay_8c0e8009911647,MID_RAZOR_991,ORD-2026-3792,CREDIT_CARD,Visa,setl_5dfacc0a09,2026-05-01 14:00:38,2567.63,51.35,9.24,2507.04,,SETTLED
pay_f28dc1aaa7f24c,MID_RAZOR_991,ORD-2026-3793,NETBANKING,NA,setl_faccb6195b,2026-05-01 14:15:11,2136.2,42.72,7.69,2085.79,,SETTLED
pay_3558956827f843,MID_RAZOR_991,ORD-2026-3794,CREDIT_CARD,RuPay,setl_070f050b58,2026-05-01 14:30:23,11765.33,235.31,42.36,11487.66,,SETTLED
pay_b8f2505eaaa540,MID_RAZOR_991,ORD-2026-3795,DEBIT_CARD,RuPay,setl_b3bd1471b1,2026-05-01 14:45:42,14328.03,286.56,51.58,13989.89,,SETTLED
pay_90b6833f036048,MID_RAZOR_991,ORD-2026-3796,CREDIT_CARD,Visa,setl_c7fdea8ada,2026-05-01 15:00:52,2186.99,43.74,7.87,2135.38,,SETTLED
pay_48100d0b8f954f,MID_RAZOR_991,ORD-2026-3797,UPI,NA,setl_020a5b391a,2026-05-01 15:15:28,8715.28,174.31,31.38,8509.59,,SETTLED
pay_d7f3daf0751d4c,MID_RAZOR_991,ORD-2026-3798,UPI,NA,setl_385071ffb5,2026-05-01 15:30:58,10369.71,207.39,37.33,10124.99,,SETTLED
pay_02f65bd1032746,MID_RAZOR_991,ORD-2026-3799,UPI,NA,setl_c28de6c58e,2026-05-01 15:45:31,14132.13,282.64,50.88,13798.61,,SETTLED
pay_40e1a615e25549,MID_RAZOR_991,ORD-2026-3800,UPI,NA,setl_0bf0ba1438,2026-05-01 16:00:23,11083.4,221.67,39.9,10821.83,,SETTLED
pay_a71b51454dc049,MID_RAZOR_991,ORD-2026-3801,CREDIT_CARD,RuPay,setl_0d9927b44c,2026-05-01 16:15:23,12326.86,246.54,44.38,12035.94,,SETTLED
pay_e933d591cabd42,MID_RAZOR_991,ORD-2026-3802,NETBANKING,NA,setl_2fd02234ac,2026-05-01 16:30:16,4372.36,87.45,15.74,4269.17,,SETTLED
pay_31860476dde14f,MID_RAZOR_991,ORD-2026-3803,CREDIT_CARD,Mastercard,setl_a625b1ac81,2026-05-01 16:45:59,12330.08,246.6,44.39,12039.09,,SETTLED
pay_daa37b1dc7da45,MID_RAZOR_991,ORD-2026-3804,DEBIT_CARD,Mastercard,setl_cf23cab395,2026-05-01 17:00:52,2640.02,52.8,9.5,2577.72,,SETTLED
pay_4defbad4a13a42,MID_RAZOR_991,ORD-2026-3805,NETBANKING,NA,setl_3f7ea8c096,2026-05-01 17:15:25,10388.54,207.77,37.4,10143.37,,SETTLED
pay_07dfa42dcfc145,MID_RAZOR_991,ORD-2026-3806,UPI,NA,setl_a5ee5efb4e,2026-05-01 17:30:17,13709.89,274.2,49.36,13386.33,,SETTLED
pay_901843a14bd74a,MID_RAZOR_991,ORD-2026-3807,CREDIT_CARD,Visa,setl_e9378c67cb,2026-05-01 17:45:59,8286.64,165.73,29.83,8091.08,,SETTLED
pay_5a38747b36e548,MID_RAZOR_991,ORD-2026-3808,UPI,NA,setl_4a97a57a0f,2026-05-01 18:00:02,867.1,17.34,3.12,846.64,,SETTLED
pay_75e61017d86e46,MID_RAZOR_991,ORD-2026-3809,UPI,NA,setl_75f424e16c,2026-05-01 18:15:19,3201.47,64.03,11.53,3125.91,,SETTLED
pay_bbfa4ab7252a40,MID_RAZOR_991,ORD-2026-3810,UPI,NA,setl_5a58a3902a,2026-05-01 18:30:38,4866.3,97.33,17.52,4751.45,,SETTLED
pay_5d980d80295445,MID_RAZOR_991,ORD-2026-3811,UPI,NA,setl_2b96879edc,2026-05-01 18:45:31,14905.09,298.1,53.66,14553.33,,SETTLED
pay_00f64ffd448b44,MID_RAZOR_991,ORD-2026-3812,DEBIT_CARD,Visa,setl_683d30dce3,2026-05-01 19:00:45,2735.53,54.71,9.85,2670.97,,SETTLED
pay_f6d8c417faf044,MID_RAZOR_991,ORD-2026-3813,CREDIT_CARD,Mastercard,setl_e362559b9e,2026-05-01 19:15:46,9651.93,193.04,34.75,9424.14,,SETTLED
pay_b550d28da96643,MID_RAZOR_991,ORD-2026-3814,DEBIT_CARD,Mastercard,setl_dfb1cc210b,2026-05-01 19:30:22,12495.08,249.9,44.98,12200.2,,SETTLED
pay_8354b8ffd3d945,MID_RAZOR_991,ORD-2026-3815,NETBANKING,NA,setl_eb50fa6583,2026-05-01 19:45:14,10640.0,212.8,38.3,10388.9,,SETTLED
pay_b3f4de301bf64c,MID_RAZOR_991,ORD-2026-3816,UPI,NA,setl_e25f63d12a,2026-05-01 20:00:18,5772.06,115.44,20.78,5635.84,,SETTLED
pay_7689cb43f8ab47,MID_RAZOR_991,ORD-2026-3817,CREDIT_CARD,Visa,setl_c6a5c56ac9,2026-05-01 20:15:14,2373.44,47.47,8.54,2317.43,,SETTLED
pay_4a865ecb7de54c,MID_RAZOR_991,ORD-2026-3818,UPI,NA,setl_32985664a2,2026-05-01 20:30:30,6257.89,125.16,22.53,6110.2,,SETTLED
pay_76970b8c324646,MID_RAZOR_991,ORD-2026-3819,NETBANKING,NA,setl_3bf69d7f4d,2026-05-01 20:45:38,7718.6,154.37,27.79,7536.44,,SETTLED
pay_4ed5cc04934744,MID_RAZOR_991,ORD-2026-3820,NETBANKING,NA,setl_eaf579a6b8,2026-05-01 21:00:02,1930.72,38.61,6.95,1885.16,,SETTLED
pay_5e354a1643794c,MID_RAZOR_991,ORD-2026-3821,DEBIT_CARD,Mastercard,setl_a944796478,2026-05-01 21:15:54,14306.18,286.12,51.5,13968.56,,SETTLED
pay_6acb257191ba45,MID_RAZOR_991,ORD-2026-3822,CREDIT_CARD,Mastercard,setl_ae3f4db89c,2026-05-01 21:30:05,14473.03,289.46,52.1,14131.47,,SETTLED
pay_979b335520464a,MID_RAZOR_991,ORD-2026-3823,NETBANKING,NA,setl_23e3595769,2026-05-01 21:45:59,10758.05,215.16,38.73,10504.16,,SETTLED
pay_ef512e8303894c,MID_RAZOR_991,ORD-2026-3824,CREDIT_CARD,Visa,setl_7fb64ca1b7,2026-05-01 22:00:28,11429.4,228.59,41.15,11159.66,,SETTLED
pay_5228bccf8be342,MID_RAZOR_991,ORD-2026-3825,CREDIT_CARD,RuPay,setl_bb90bf95ac,2026-05-01 22:15:10,13834.82,276.7,49.81,13508.31,,SETTLED
pay_772b95efb88541,MID_RAZOR_991,ORD-2026-3826,DEBIT_CARD,Visa,setl_9e9545ddbc,2026-05-01 22:30:09,5518.54,110.37,19.87,5388.3,,SETTLED
pay_cb581d3d3bb24c,MID_RAZOR_991,ORD-2026-3827,CREDIT_CARD,RuPay,setl_2276ec3816,2026-05-01 22:45:46,14396.14,287.92,51.83,14056.39,,SETTLED
pay_0f2744cb8e504c,MID_RAZOR_991,ORD-2026-3828,DEBIT_CARD,RuPay,setl_3a2b62ea0b,2026-05-01 23:00:23,10013.3,200.27,36.05,9776.98,,SETTLED
pay_310e6ec3284e47,MID_RAZOR_991,ORD-2026-3829,NETBANKING,NA,setl_5a44e0fe36,2026-05-01 23:15:55,12081.7,241.63,43.49,11796.58,,SETTLED
pay_ecba3bb385cb45,MID_RAZOR_991,ORD-2026-3830,DEBIT_CARD,Visa,setl_cb851330a2,2026-05-01 23:30:43,11998.25,239.97,43.19,11715.09,,SETTLED
pay_c028c2a409c249,MID_RAZOR_991,ORD-2026-3831,DEBIT_CARD,RuPay,setl_00f8a99b92,2026-05-01 23:45:54,8603.91,172.08,30.97,8400.86,,SETTLED
pay_cd5aba63baaa4d,MID_RAZOR_991,ORD-2026-3832,CREDIT_CARD,RuPay,setl_0f98ef3d00,2026-05-02 00:00:56,10069.87,201.4,36.25,9832.22,,SETTLED
pay_cc8e7ce45cc14b,MID_RAZOR_991,ORD-2026-3833,UPI,NA,setl_abbec58c80,2026-05-02 00:15:32,11875.9,237.52,42.75,11595.63,,SETTLED
pay_eadf8329931d4c,MID_RAZOR_991,ORD-2026-3834,NETBANKING,NA,setl_cc7a1b03fb,2026-05-02 00:30:42,5797.94,115.96,20.87,5661.11,,SETTLED
pay_3c12983ab0c44d,MID_RAZOR_991,ORD-2026-3835,NETBANKING,NA,setl_ec35f98d9a,2026-05-02 00:45:02,5742.22,114.84,20.67,5606.71,,SETTLED
pay_f3b9423d5d0e47,MID_RAZOR_991,ORD-2026-3836,UPI,NA,setl_f43647c197,2026-05-02 01:00:23,1753.93,35.08,6.31,1712.54,,SETTLED
pay_96297c92f73f4a,MID_RAZOR_991,ORD-2026-3837,DEBIT_CARD,Visa,setl_359d7609d7,2026-05-02 01:15:27,4438.48,88.77,15.98,4333.73,,SETTLED
pay_c36202d0fd794e,MID_RAZOR_991,ORD-2026-3838,CREDIT_CARD,Mastercard,setl_156d04272d,2026-05-02 01:30:20,7037.46,140.75,25.33,6871.38,,SETTLED
pay_6de2f1eb6b094a,MID_RAZOR_991,ORD-2026-3839,UPI,NA,setl_fcc3e3321b,2026-05-02 01:45:51,2487.77,49.76,8.96,2429.05,,SETTLED
pay_30af99a783314e,MID_RAZOR_991,ORD-2026-3840,UPI,NA,setl_8fa66e3840,2026-05-02 02:00:04,9529.87,190.6,34.31,9304.96,,SETTLED
pay_67b7b701199645,MID_RAZOR_991,ORD-2026-3841,UPI,NA,setl_742bb286d3,2026-05-02 02:15:09,4958.47,99.17,17.85,4841.45,,SETTLED
pay_f8ff394795ba48,MID_RAZOR_991,ORD-2026-3842,NETBANKING,NA,setl_0347969fbb,2026-05-02 02:30:57,14226.21,284.52,51.21,13890.48,,SETTLED
pay_11ac74791e8148,MID_RAZOR_991,ORD-2026-3843,NETBANKING,NA,setl_467980e628,2026-05-02 02:45:25,1026.87,20.54,3.7,1002.63,,SETTLED
pay_513d76aacd5c4c,MID_RAZOR_991,ORD-2026-3844,NETBANKING,NA,setl_636d36d46e,2026-05-02 03:00:31,13451.35,269.03,48.43,13133.89,,SETTLED
pay_c07716460acb4d,MID_RAZOR_991,ORD-2026-3845,CREDIT_CARD,RuPay,setl_a2bbb1c2a7,2026-05-02 03:15:28,9954.5,199.09,35.84,9719.57,,SETTLED
pay_7b225ac7a0384d,MID_RAZOR_991,ORD-2026-3846,NETBANKING,NA,setl_b9f633eb96,2026-05-02 03:30:41,8398.1,167.96,30.23,8199.91,,SETTLED
pay_fd1a3e3d043342,MID_RAZOR_991,ORD-2026-3847,DEBIT_CARD,RuPay,setl_7d535f93c6,2026-05-02 03:45:07,9237.96,184.76,33.26,9019.94,,SETTLED
pay_e2ca06c2869546,MID_RAZOR_991,ORD-2026-3848,DEBIT_CARD,RuPay,setl_b902f58117,2026-05-02 04:00:14,2307.99,46.16,8.31,2253.52,,SETTLED
pay_88c3db12afac49,MID_RAZOR_991,ORD-2026-3849,DEBIT_CARD,RuPay,setl_5ad649ee83,2026-05-02 04:15:49,5562.03,111.24,20.02,5430.77,,SETTLED
pay_d0e1ddd5c0cb41,MID_RAZOR_991,ORD-2026-3850,DEBIT_CARD,Visa,setl_eebb2ae346,2026-05-02 04:30:00,10809.01,216.18,38.91,10553.92,,SETTLED
pay_479c2844795a4d,MID_RAZOR_991,ORD-2026-3851,NETBANKING,NA,setl_9f4a97b108,2026-05-02 04:45:25,4939.47,98.79,17.78,4822.9,,SETTLED
pay_33f9c1ee673748,MID_RAZOR_991,ORD-2026-3852,NETBANKING,NA,setl_c3b0550481,2026-05-02 05:00:19,8799.74,175.99,31.68,8592.07,,SETTLED
pay_d4c3d453edbd47,MID_RAZOR_991,ORD-2026-3853,CREDIT_CARD,Visa,setl_30d3dee00f,2026-05-02 05:15:56,5539.6,110.79,19.94,5408.87,,SETTLED
pay_5618d324979e42,MID_RAZOR_991,ORD-2026-3854,CREDIT_CARD,Visa,setl_bf8826efb3,2026-05-02 05:30:20,10635.96,212.72,38.29,10384.95,,SETTLED
pay_b5af7d16662e44,MID_RAZOR_991,ORD-2026-3855,NETBANKING,NA,setl_0344e4f295,2026-05-02 05:45:17,8693.17,173.86,31.29,8488.02,,SETTLED
pay_a02c103d37d341,MID_RAZOR_991,ORD-2026-3856,DEBIT_CARD,RuPay,setl_2c70e50596,2026-05-02 06:00:36,10591.21,211.82,38.13,10341.26,,SETTLED
pay_fd7d823791f44b,MID_RAZOR_991,ORD-2026-3857,DEBIT_CARD,Mastercard,setl_cda1a15fd5,2026-05-02 06:15:29,10925.73,218.51,39.33,10667.89,,SETTLED
pay_7849099cee0446,MID_RAZOR_991,ORD-2026-3858,CREDIT_CARD,Visa,setl_e49f4abc77,2026-05-02 06:30:26,10279.11,205.58,37.0,10036.53,,SETTLED
pay_ee15ac716a3f41,MID_RAZOR_991,ORD-2026-3859,DEBIT_CARD,Mastercard,setl_0840e21629,2026-05-02 06:45:18,13784.39,275.69,49.62,13459.08,,SETTLED
pay_e6279dd61a974c,MID_RAZOR_991,ORD-2026-3860,NETBANKING,NA,setl_af969aebfe,2026-05-02 07:00:42,6802.06,136.04,24.49,6641.53,,SETTLED
pay_fba3de62f15444,MID_RAZOR_991,ORD-2026-3861,CREDIT_CARD,Visa,setl_f5ab2c9599,2026-05-02 07:15:45,4232.27,84.65,15.24,4132.38,,SETTLED
pay_e109e71d41c140,MID_RAZOR_991,ORD-2026-3862,CREDIT_CARD,Mastercard,setl_2eb9ac732d,2026-05-02 07:30:15,12589.86,251.8,45.32,12292.74,,SETTLED
pay_a4257edbc47d43,MID_RAZOR_991,ORD-2026-3863,CREDIT_CARD,Mastercard,setl_7b3dc4b0ad,2026-05-02 07:45:56,4409.77,88.2,15.88,4305.69,,SETTLED
pay_7f78ebaeef7d49,MID_RAZOR_991,ORD-2026-3864,CREDIT_CARD,RuPay,setl_a944e254da,2026-05-02 08:00:14,1192.29,23.85,4.29,1164.15,,SETTLED
pay_dd2c92f6e7424b,MID_RAZOR_991,ORD-2026-3865,NETBANKING,NA,setl_0b93160260,2026-05-02 08:15:46,14060.1,281.2,50.62,13728.28,,SETTLED
pay_7c00ad98f79944,MID_RAZOR_991,ORD-2026-3866,DEBIT_CARD,RuPay,setl_4b329b3688,2026-05-02 08:30:15,2786.55,55.73,10.03,2720.79,,SETTLED
pay_ecb3656d327f45,MID_RAZOR_991,ORD-2026-3867,CREDIT_CARD,RuPay,setl_46cc674377,2026-05-02 08:45:55,7441.69,148.83,26.79,7266.07,,SETTLED
pay_21152578fb6f42,MID_RAZOR_991,ORD-2026-3868,DEBIT_CARD,RuPay,setl_7ca16d8930,2026-05-02 09:00:18,9639.31,192.79,34.7,9411.82,,SETTLED
pay_4e67e30e64e545,MID_RAZOR_991,ORD-2026-3869,CREDIT_CARD,RuPay,setl_6f7bfdb239,2026-05-02 09:15:02,4044.29,80.89,14.56,3948.84,,SETTLED
pay_127b6b0474b747,MID_RAZOR_991,ORD-2026-3870,DEBIT_CARD,Visa,setl_9478735bcb,2026-05-02 09:30:59,1429.28,28.59,5.15,1395.54,,SETTLED
pay_0c7689844d1841,MID_RAZOR_991,ORD-2026-3871,CREDIT_CARD,Mastercard,setl_9e29c77be2,2026-05-02 09:45:55,5658.69,113.17,20.37,5525.15,,SETTLED
pay_ef2fda3085754a,MID_RAZOR_991,ORD-2026-3872,DEBIT_CARD,Visa,setl_fd8e89eb3d,2026-05-02 10:00:55,5665.47,113.31,20.4,5531.76,,SETTLED
pay_87cf5cc8d8ba47,MID_RAZOR_991,ORD-2026-3873,NETBANKING,NA,setl_c638ce8d7a,2026-05-02 10:15:00,8552.97,171.06,30.79,8351.12,,SETTLED
pay_3e5d3ad898bb43,MID_RAZOR_991,ORD-2026-3874,DEBIT_CARD,Mastercard,setl_92d591445c,2026-05-02 10:30:23,8511.98,170.24,30.64,8311.1,,SETTLED
pay_9076ba4c685547,MID_RAZOR_991,ORD-2026-3875,NETBANKING,NA,setl_b88a5de97c,2026-05-02 10:45:14,1727.31,34.55,6.22,1686.54,,SETTLED
pay_8a6b7ee1cb1841,MID_RAZOR_991,ORD-2026-3876,CREDIT_CARD,Visa,setl_fd96d452c4,2026-05-02 11:00:56,3161.72,63.23,11.38,3087.11,,SETTLED
pay_444e9ef901ea44,MID_RAZOR_991,ORD-2026-3877,CREDIT_CARD,RuPay,setl_f6f9e5e36c,2026-05-02 11:15:19,7134.03,142.68,25.68,6965.67,,SETTLED
pay_d5732c38083748,MID_RAZOR_991,ORD-2026-3878,UPI,NA,setl_adbbdc2de2,2026-05-02 11:30:01,4868.24,97.36,17.52,4753.36,,SETTLED
pay_fd85a21b662849,MID_RAZOR_991,ORD-2026-3879,NETBANKING,NA,setl_b8ddbd770f,2026-05-02 11:45:50,12412.54,248.25,44.68,12119.61,,SETTLED
pay_55068ce55d4d4a,MID_RAZOR_991,ORD-2026-3880,DEBIT_CARD,Mastercard,setl_d0dfaaec2f,2026-05-02 12:00:45,13509.2,270.18,48.63,13190.39,,SETTLED
pay_5a166b8cee6741,MID_RAZOR_991,ORD-2026-3881,CREDIT_CARD,Mastercard,setl_57006589be,2026-05-02 12:15:05,9876.18,197.52,35.55,9643.11,,SETTLED
pay_569ffb7c997646,MID_RAZOR_991,ORD-2026-3882,CREDIT_CARD,RuPay,setl_2197880415,2026-05-02 12:30:19,3513.67,70.27,12.65,3430.75,,SETTLED
pay_94a968b93ac044,MID_RAZOR_991,ORD-2026-3883,DEBIT_CARD,RuPay,setl_b5e90c99b1,2026-05-02 12:45:10,2848.81,56.98,10.26,2781.57,,SETTLED
pay_2521100e2b304c,MID_RAZOR_991,ORD-2026-3884,NETBANKING,NA,setl_50a8904bfd,2026-05-02 13:00:48,5383.22,107.66,19.38,5256.18,,SETTLED
pay_454c4e3c128a48,MID_RAZOR_991,ORD-2026-3885,CREDIT_CARD,Mastercard,setl_804e804221,2026-05-02 13:15:50,3889.71,77.79,14.0,3797.92,,SETTLED
pay_53aa83d9dfdf49,MID_RAZOR_991,ORD-2026-3886,UPI,NA,setl_3e8af2b84f,2026-05-02 13:30:13,3463.96,69.28,12.47,3382.21,,SETTLED
pay_f4c7781ddfe14f,MID_RAZOR_991,ORD-2026-3887,DEBIT_CARD,Visa,setl_45e7d85e69,2026-05-02 13:45:29,6894.11,137.88,24.82,6731.41,,SETTLED
pay_2b1973dbfe7a4e,MID_RAZOR_991,ORD-2026-3888,UPI,NA,setl_d8a8b8f88e,2026-05-02 14:00:28,12910.59,258.21,46.48,12605.9,,SETTLED
pay_031121f4d8d14e,MID_RAZOR_991,ORD-2026-3889,DEBIT_CARD,RuPay,setl_fbac8184d7,2026-05-02 14:15:57,11351.7,227.03,40.87,11083.8,,SETTLED
pay_b1cc8431684a4b,MID_RAZOR_991,ORD-2026-3890,UPI,NA,setl_d3635bb3b9,2026-05-02 14:30:05,14152.65,283.05,50.95,13818.65,,SETTLED
pay_0e0f202970e945,MID_RAZOR_991,ORD-2026-3891,DEBIT_CARD,Visa,setl_2708b55874,2026-05-02 14:45:10,3907.32,78.15,14.07,3815.1,,SETTLED
pay_9a4681affada41,MID_RAZOR_991,ORD-2026-3892,CREDIT_CARD,RuPay,setl_899ce31956,2026-05-02 15:00:08,8332.66,166.65,30.0,8136.01,,SETTLED
pay_c639db9f50f044,MID_RAZOR_991,ORD-2026-3893,UPI,NA,setl_9356ebc25c,2026-05-02 15:15:05,7086.17,141.72,25.51,6918.94,,SETTLED
pay_061d1ee242c446,MID_RAZOR_991,ORD-2026-3894,DEBIT_CARD,RuPay,setl_599d3bd675,2026-05-02 15:30:56,5912.85,118.26,21.29,5773.3,,SETTLED
pay_b0bad2ebd2274a,MID_RAZOR_991,ORD-2026-3895,DEBIT_CARD,Mastercard,setl_150fb37eb2,2026-05-02 15:45:56,8423.74,168.47,30.32,8224.95,,SETTLED
pay_dbb48da843eb4a,MID_RAZOR_991,ORD-2026-3896,NETBANKING,NA,setl_fa2d2c48ef,2026-05-02 16:00:20,12460.18,249.2,44.86,12166.12,,SETTLED
pay_ae2876407f8f4e,MID_RAZOR_991,ORD-2026-3897,CREDIT_CARD,Visa,setl_4cac73f34a,2026-05-02 16:15:03,6101.6,122.03,21.97,5957.6,,SETTLED
pay_a32126098eb341,MID_RAZOR_991,ORD-2026-3898,CREDIT_CARD,Mastercard,setl_19fb091dbe,2026-05-02 16:30:30,9619.37,192.39,34.63,9392.35,,SETTLED
pay_69046d622bb24f,MID_RAZOR_991,ORD-2026-3899,DEBIT_CARD,Mastercard,setl_8f28e9e03e,2026-05-02 16:45:02,12138.63,242.77,43.7,11852.16,,SETTLED
pay_950240b3b7c040,MID_RAZOR_991,ORD-2026-3900,DEBIT_CARD,Mastercard,setl_d62d1b2afc,2026-05-02 17:00:16,13765.44,275.31,49.56,13440.57,,SETTLED
pay_3e7c26a30ef84a,MID_RAZOR_991,ORD-2026-3901,CREDIT_CARD,Visa,setl_a32a4e2ab2,2026-05-02 17:15:36,11656.6,233.13,41.96,11381.51,,SETTLED
pay_a07e315f44e944,MID_RAZOR_991,ORD-2026-3902,UPI,NA,setl_73fdc3fe1d,2026-05-02 17:30:03,2228.77,44.58,8.02,2176.17,,SETTLED
pay_22d9b9a5a7cc40,MID_RAZOR_991,ORD-2026-3903,DEBIT_CARD,Mastercard,setl_a0b0c186be,2026-05-02 17:45:35,6530.97,130.62,23.51,6376.84,,SETTLED
pay_148ac7480c3447,MID_RAZOR_991,ORD-2026-3904,NETBANKING,NA,setl_d11e4ffeab,2026-05-02 18:00:54,1217.51,24.35,4.38,1188.78,,SETTLED
pay_874f4319c8e348,MID_RAZOR_991,ORD-2026-3905,CREDIT_CARD,Mastercard,setl_5c3706a5cd,2026-05-02 18:15:09,5611.57,112.23,20.2,5479.14,,SETTLED
pay_302ef00f3e3345,MID_RAZOR_991,ORD-2026-3906,DEBIT_CARD,Mastercard,setl_c3e2d24683,2026-05-02 18:30:56,13512.3,270.25,48.64,13193.41,,SETTLED
pay_0f3e76a5486841,MID_RAZOR_991,ORD-2026-3907,CREDIT_CARD,Visa,setl_d862eb9dd8,2026-05-02 18:45:24,11352.36,227.05,40.87,11084.44,,SETTLED
pay_90b6658486e24a,MID_RAZOR_991,ORD-2026-3908,CREDIT_CARD,RuPay,setl_3d531e3295,2026-05-02 19:00:23,12928.75,258.57,46.54,12623.64,,SETTLED
pay_65fdc4bb39cf4f,MID_RAZOR_991,ORD-2026-3909,NETBANKING,NA,setl_3318811431,2026-05-02 19:15:43,5147.29,102.95,18.53,5025.81,,SETTLED
pay_904eb62b7c754b,MID_RAZOR_991,ORD-2026-3910,CREDIT_CARD,Mastercard,setl_cb5332221d,2026-05-02 19:30:47,521.86,10.44,1.88,509.54,,SETTLED
pay_414b0e69ac9341,MID_RAZOR_991,ORD-2026-3911,DEBIT_CARD,Visa,setl_827ec7e500,2026-05-02 19:45:28,13219.53,264.39,47.59,12907.55,,SETTLED
pay_031a108e037d4c,MID_RAZOR_991,ORD-2026-3912,NETBANKING,NA,setl_409cf74713,2026-05-02 20:00:32,9188.69,183.77,33.08,8971.84,,SETTLED
pay_d764c341856042,MID_RAZOR_991,ORD-2026-3913,CREDIT_CARD,RuPay,setl_65779f044b,2026-05-02 20:15:55,5925.77,118.52,21.33,5785.92,,SETTLED
pay_ba102fcbbdeb42,MID_RAZOR_991,ORD-2026-3914,DEBIT_CARD,RuPay,setl_04c466d923,2026-05-02 20:30:50,10387.13,207.74,37.39,10142.0,,SETTLED
pay_20a87921c8644f,MID_RAZOR_991,ORD-2026-3915,NETBANKING,NA,setl_e726b9d95d,2026-05-02 20:45:27,9702.58,194.05,34.93,9473.6,,SETTLED
pay_e6c9626aab3142,MID_RAZOR_991,ORD-2026-3916,NETBANKING,NA,setl_eb107224e1,2026-05-02 21:00:14,4386.11,87.72,15.79,4282.6,,SETTLED
pay_8dcd0c61fdb84c,MID_RAZOR_991,ORD-2026-3917,CREDIT_CARD,RuPay,setl_2ee5b29435,2026-05-02 21:15:58,5701.04,114.02,20.52,5566.5,,SETTLED
pay_3fe5a574fb2247,MID_RAZOR_991,ORD-2026-3918,DEBIT_CARD,Mastercard,setl_b70cfe951c,2026-05-02 21:30:05,2555.52,51.11,9.2,2495.21,,SETTLED
pay_b2c3cee5855c45,MID_RAZOR_991,ORD-2026-3919,CREDIT_CARD,RuPay,setl_e63c7ff711,2026-05-02 21:45:37,4644.64,92.89,16.72,4535.03,,SETTLED
pay_bcb16c10508247,MID_RAZOR_991,ORD-2026-3920,NETBANKING,NA,setl_707f000d4d,2026-05-02 22:00:13,1109.6,22.19,3.99,1083.42,,SETTLED
pay_74259a243f7243,MID_RAZOR_991,ORD-2026-3921,NETBANKING,NA,setl_750eba409d,2026-05-02 22:15:14,6820.43,136.41,24.55,6659.47,,SETTLED
pay_a4011a203da941,MID_RAZOR_991,ORD-2026-3922,NETBANKING,NA,setl_9efbf90db4,2026-05-02 22:30:11,12486.69,249.73,44.95,12192.01,,SETTLED
pay_8467b2ba3f7047,MID_RAZOR_991,ORD-2026-3923,UPI,NA,setl_687629da98,2026-05-02 22:45:27,5966.26,119.33,21.48,5825.45,,SETTLED
pay_6f78dd6793f24b,MID_RAZOR_991,ORD-2026-3924,UPI,NA,setl_86336ee352,2026-05-02 23:00:41,10197.94,203.96,36.71,9957.27,,SETTLED
pay_52de02e360ad45,MID_RAZOR_991,ORD-2026-3925,UPI,NA,setl_999bc95c9f,2026-05-02 23:15:14,9993.17,199.86,35.97,9757.34,,SETTLED
pay_489a0b238d6d4d,MID_RAZOR_991,ORD-2026-3926,CREDIT_CARD,Mastercard,setl_3167d2b16b,2026-05-02 23:30:54,2776.99,55.54,10.0,2711.45,,SETTLED
pay_26ca4a69be8348,MID_RAZOR_991,ORD-2026-3927,CREDIT_CARD,RuPay,setl_98f09edbcf,2026-05-02 23:45:23,11363.16,227.26,40.91,11094.99,,SETTLED
pay_0cac2211892345,MID_RAZOR_991,ORD-2026-3928,CREDIT_CARD,Visa,setl_2485fec6b7,2026-05-03 00:00:34,6548.77,130.98,23.58,6394.21,,SETTLED
pay_614ba9d941ac42,MID_RAZOR_991,ORD-2026-3929,UPI,NA,setl_84cb6d2908,2026-05-03 00:15:48,8951.31,179.03,32.23,8740.05,,SETTLED
pay_30f3df7501ed42,MID_RAZOR_991,ORD-2026-3930,UPI,NA,setl_c3f54cf00f,2026-05-03 00:30:24,4984.91,99.7,17.95,4867.26,,SETTLED
pay_e80e3cae3ba742,MID_RAZOR_991,ORD-2026-3931,NETBANKING,NA,setl_4c1a8f7001,2026-05-03 00:45:11,8765.25,175.31,31.56,8558.38,,SETTLED
pay_686bac12c16548,MID_RAZOR_991,ORD-2026-3932,NETBANKING,NA,setl_d967a2ae4b,2026-05-03 01:00:15,12562.67,251.25,45.23,12266.19,,SETTLED
pay_e301250b7d1f48,MID_RAZOR_991,ORD-2026-3933,NETBANKING,NA,setl_d7c2bdd3f6,2026-05-03 01:15:18,14213.11,284.26,51.17,13877.68,,SETTLED
pay_db16377d5d6440,MID_RAZOR_991,ORD-2026-3934,UPI,NA,setl_0601718a5d,2026-05-03 01:30:38,6812.49,136.25,24.52,6651.72,,SETTLED
pay_b1ed45fa63554b,MID_RAZOR_991,ORD-2026-3935,UPI,NA,setl_911cd4954d,2026-05-03 01:45:39,2543.19,50.86,9.15,2483.18,,SETTLED
pay_8d21973c11ed4e,MID_RAZOR_991,ORD-2026-3936,CREDIT_CARD,RuPay,setl_da04e45a01,2026-05-03 02:00:19,10507.57,210.15,37.83,10259.59,,SETTLED
pay_0e31ab7a4e594a,MID_RAZOR_991,ORD-2026-3937,CREDIT_CARD,RuPay,setl_ca16319296,2026-05-03 02:15:18,11124.71,222.49,40.05,10862.17,,SETTLED
pay_df1be6147f2b4e,MID_RAZOR_991,ORD-2026-3938,UPI,NA,setl_902582c172,2026-05-03 02:30:05,7330.36,146.61,26.39,7157.36,,SETTLED
pay_7f11880ecdd848,MID_RAZOR_991,ORD-2026-3939,DEBIT_CARD,Mastercard,setl_65701e481b,2026-05-03 02:45:44,8139.27,162.79,29.3,7947.18,,SETTLED
pay_469aeff88c3747,MID_RAZOR_991,ORD-2026-3940,UPI,NA,setl_82ac7b44f9,2026-05-03 03:00:03,3680.43,73.61,13.25,3593.57,,SETTLED
pay_ac3149c7255243,MID_RAZOR_991,ORD-2026-3941,CREDIT_CARD,Mastercard,setl_f55938e5de,2026-05-03 03:15:00,1404.63,28.09,5.06,1371.48,,SETTLED
pay_621a82cf6a8241,MID_RAZOR_991,ORD-2026-3942,DEBIT_CARD,RuPay,setl_b546afdfe8,2026-05-03 03:30:34,6242.43,124.85,22.47,6095.11,,SETTLED
pay_ac50531d614547,MID_RAZOR_991,ORD-2026-3943,DEBIT_CARD,RuPay,setl_0eeac9b7d9,2026-05-03 03:45:17,4041.94,80.84,14.55,3946.55,,SETTLED
pay_8058641c69b74f,MID_RAZOR_991,ORD-2026-3944,DEBIT_CARD,Mastercard,setl_86ecf512ca,2026-05-03 04:00:44,2846.66,56.93,10.25,2779.48,,SETTLED
pay_b118a29a88904d,MID_RAZOR_991,ORD-2026-3945,UPI,NA,setl_401c945345,2026-05-03 04:15:03,7040.98,140.82,25.35,6874.81,,SETTLED
pay_7e9d18b22f4149,MID_RAZOR_991,ORD-2026-3946,NETBANKING,NA,setl_be0f74c340,2026-05-03 04:30:48,6824.14,136.48,24.57,6663.09,,SETTLED
pay_0f344e7d038742,MID_RAZOR_991,ORD-2026-3947,CREDIT_CARD,Mastercard,setl_c7d353d679,2026-05-03 04:45:39,13447.87,268.96,48.41,13130.5,,SETTLED
pay_bd52eeae811c49,MID_RAZOR_991,ORD-2026-3948,UPI,NA,setl_060d53f505,2026-05-03 05:00:32,5375.23,107.5,19.35,5248.38,,SETTLED
pay_0800c034e06d48,MID_RAZOR_991,ORD-2026-3949,NETBANKING,NA,setl_847724a23b,2026-05-03 05:15:11,6265.92,125.32,22.56,6118.04,,SETTLED
pay_7959662d4ef640,MID_RAZOR_991,ORD-2026-3950,UPI,NA,setl_444a89d16c,2026-05-03 05:30:00,14610.64,292.21,52.6,14265.83,,SETTLED
pay_fe2ca743ff074b,MID_RAZOR_991,ORD-2026-3951,CREDIT_CARD,RuPay,setl_1f2e6ef4a8,2026-05-03 05:45:57,3771.33,75.43,13.58,3682.32,,SETTLED
pay_8f7edcdeebcf48,MID_RAZOR_991,ORD-2026-3952,CREDIT_CARD,Visa,setl_ab9af99c5a,2026-05-03 06:00:57,3209.11,64.18,11.55,3133.38,,SETTLED
pay_3b0262f0be2f4b,MID_RAZOR_991,ORD-2026-3953,UPI,NA,setl_22c09249a4,2026-05-03 06:15:25,14313.68,286.27,51.53,13975.88,,SETTLED
pay_fb3c537c1e0542,MID_RAZOR_991,ORD-2026-3954,UPI,NA,setl_599416dad9,2026-05-03 06:30:27,11455.01,229.1,41.24,11184.67,,SETTLED
pay_08afb1244bb94f,MID_RAZOR_991,ORD-2026-3955,UPI,NA,setl_834603f4ec,2026-05-03 06:45:54,9985.74,199.71,35.95,9750.08,,SETTLED
pay_bfe86a7d1b2248,MID_RAZOR_991,ORD-2026-3956,CREDIT_CARD,Visa,setl_0b0225d4df,2026-05-03 07:00:38,6946.62,138.93,25.01,6782.68,,SETTLED
pay_1f427a3bbdd548,MID_RAZOR_991,ORD-2026-3957,UPI,NA,setl_94fbea5398,2026-05-03 07:15:22,14564.09,291.28,52.43,14220.38,,SETTLED
pay_84b23c090efa44,MID_RAZOR_991,ORD-2026-3958,DEBIT_CARD,Visa,setl_c519ae6720,2026-05-03 07:30:42,7713.44,154.27,27.77,7531.4,,SETTLED
pay_a609b37a5bf241,MID_RAZOR_991,ORD-2026-3959,NETBANKING,NA,setl_d7ad8c00aa,2026-05-03 07:45:23,10591.0,211.82,38.13,10341.05,,SETTLED
pay_cfe78c8697e245,MID_RAZOR_991,ORD-2026-3960,DEBIT_CARD,Mastercard,setl_bb07d77398,2026-05-03 08:00:53,1865.91,37.32,6.72,1821.87,,SETTLED
pay_e65194f8e72848,MID_RAZOR_991,ORD-2026-3961,CREDIT_CARD,Visa,setl_9573fa96c2,2026-05-03 08:15:20,3740.98,74.82,13.47,3652.69,,SETTLED
pay_b4629f50e78b47,MID_RAZOR_991,ORD-2026-3962,UPI,NA,setl_97bd255a47,2026-05-03 08:30:48,6942.9,138.86,24.99,6779.05,,SETTLED
pay_d0068648295d4e,MID_RAZOR_991,ORD-2026-3963,UPI,NA,setl_cab1d1510c,2026-05-03 08:45:28,4387.7,87.75,15.79,4284.16,,SETTLED
pay_312eea9257e44a,MID_RAZOR_991,ORD-2026-3964,NETBANKING,NA,setl_8b8fec358a,2026-05-03 09:00:37,14832.71,296.65,53.4,14482.66,,SETTLED
pay_8724270a460045,MID_RAZOR_991,ORD-2026-3965,NETBANKING,NA,setl_6d18cfc9a0,2026-05-03 09:15:31,813.11,16.26,2.93,793.92,,SETTLED
pay_19b15e6ac01e4d,MID_RAZOR_991,ORD-2026-3966,DEBIT_CARD,Mastercard,setl_b588ff5a64,2026-05-03 09:30:43,7721.44,154.43,27.8,7539.21,,SETTLED
pay_2b408ee8d7794e,MID_RAZOR_991,ORD-2026-3967,DEBIT_CARD,Visa,setl_1415afc031,2026-05-03 09:45:17,1591.39,31.83,5.73,1553.83,,SETTLED
pay_2f41fe1b1a8445,MID_RAZOR_991,ORD-2026-3968,UPI,NA,setl_aac8c6c6e8,2026-05-03 10:00:26,7199.63,143.99,25.92,7029.72,,SETTLED
pay_281bde64876a4a,MID_RAZOR_991,ORD-2026-3969,DEBIT_CARD,RuPay,setl_2f8ca60edd,2026-05-03 10:15:25,11129.6,222.59,40.07,10866.94,,SETTLED
pay_e0ce62a7e00c4f,MID_RAZOR_991,ORD-2026-3970,DEBIT_CARD,Mastercard,setl_c8a366f95f,2026-05-03 10:30:34,905.34,18.11,3.26,883.97,,SETTLED
pay_e21d1d83e52a46,MID_RAZOR_991,ORD-2026-3971,CREDIT_CARD,Mastercard,setl_db68e75d18,2026-05-03 10:45:40,7964.16,159.28,28.67,7776.21,,SETTLED
pay_02c8b3e0f07a4d,MID_RAZOR_991,ORD-2026-3972,UPI,NA,setl_4dbf6a5445,2026-05-03 11:00:53,13370.63,267.41,48.13,13055.09,,SETTLED
pay_357b0e8e710c4f,MID_RAZOR_991,ORD-2026-3973,UPI,NA,setl_b5e5184248,2026-05-03 11:15:25,6303.11,126.06,22.69,6154.36,,SETTLED
pay_ea5d1cf52cbf43,MID_RAZOR_991,ORD-2026-3974,DEBIT_CARD,Visa,setl_9e09b48644,2026-05-03 11:30:33,2013.43,40.27,7.25,1965.91,,SETTLED
pay_3782ecdf989741,MID_RAZOR_991,ORD-2026-3975,CREDIT_CARD,Mastercard,setl_9696674f2d,2026-05-03 11:45:51,1096.66,21.93,3.95,1070.78,,SETTLED
pay_d96a7b69836a45,MID_RAZOR_991,ORD-2026-3976,CREDIT_CARD,Mastercard,setl_ccab99916c,2026-05-03 12:00:38,11184.95,223.7,40.27,10920.98,,SETTLED
pay_7a45d676536543,MID_RAZOR_991,ORD-2026-3977,CREDIT_CARD,RuPay,setl_6bae46f1c5,2026-05-03 12:15:09,13919.09,278.38,50.11,13590.6,,SETTLED
pay_479a7626c30a41,MID_RAZOR_991,ORD-2026-3978,UPI,NA,setl_79a2aa8608,2026-05-03 12:30:43,5501.24,110.02,19.8,5371.42,,SETTLED
pay_2c39a22817924c,MID_RAZOR_991,ORD-2026-3979,DEBIT_CARD,Mastercard,setl_a401223099,2026-05-03 12:45:13,750.67,15.01,2.7,732.96,,SETTLED
pay_9057a44ad3fe46,MID_RAZOR_991,ORD-2026-3980,DEBIT_CARD,Mastercard,setl_b16015b77e,2026-05-03 13:00:12,12469.29,249.39,44.89,12175.01,,SETTLED
pay_8f2d0de0a1dd4f,MID_RAZOR_991,ORD-2026-3981,NETBANKING,NA,setl_dbab926dfe,2026-05-03 13:15:36,1250.9,25.02,4.5,1221.38,,SETTLED
pay_cd6c94ad03aa40,MID_RAZOR_991,ORD-2026-3982,NETBANKING,NA,setl_cc31506434,2026-05-03 13:30:10,6509.46,130.19,23.43,6355.84,,SETTLED
pay_d1a6f8b809c342,MID_RAZOR_991,ORD-2026-3983,CREDIT_CARD,Visa,setl_3566e26b07,2026-05-03 13:45:23,13384.06,267.68,48.18,13068.2,,SETTLED
pay_9bffbb9eaa5942,MID_RAZOR_991,ORD-2026-3984,DEBIT_CARD,Visa,setl_80b15e073b,2026-05-03 14:00:08,9221.07,184.42,33.2,9003.45,,SETTLED
pay_81e3d2a157ac45,MID_RAZOR_991,ORD-2026-3985,DEBIT_CARD,Visa,setl_1e69a25531,2026-05-03 14:15:35,13584.61,271.69,48.9,13264.02,,SETTLED
pay_a4ab04c3479842,MID_RAZOR_991,ORD-2026-3986,NETBANKING,NA,setl_03e8c341fb,2026-05-03 14:30:09,11917.26,238.35,42.9,11636.01,,SETTLED
pay_90c260942f9549,MID_RAZOR_991,ORD-2026-3987,NETBANKING,NA,setl_f8c8f4b109,2026-05-03 14:45:55,7426.46,148.53,26.74,7251.19,,SETTLED
pay_642dcea23f4843,MID_RAZOR_991,ORD-2026-3988,CREDIT_CARD,RuPay,setl_fce095bbb1,2026-05-03 15:00:38,614.76,12.3,2.21,600.25,,SETTLED
pay_1d1b3294e33f49,MID_RAZOR_991,ORD-2026-3989,NETBANKING,NA,setl_dcc4b9fe8a,2026-05-03 15:15:50,926.29,18.53,3.34,904.42,,SETTLED
pay_9b9cad00bd4447,MID_RAZOR_991,ORD-2026-3990,DEBIT_CARD,Mastercard,setl_48c0e9172a,2026-05-03 15:30:18,10428.65,208.57,37.54,10182.54,,SETTLED
pay_4448477f66e74d,MID_RAZOR_991,ORD-2026-3991,NETBANKING,NA,setl_f8a2e169db,2026-05-03 15:45:20,2975.48,59.51,10.71,2905.26,,SETTLED
pay_c6a4d11bf8724e,MID_RAZOR_991,ORD-2026-3992,NETBANKING,NA,setl_377ac59c57,2026-05-03 16:00:53,1686.62,33.73,6.07,1646.82,,SETTLED
pay_1e720c18d0714d,MID_RAZOR_991,ORD-2026-3993,CREDIT_CARD,RuPay,setl_da8af9afef,2026-05-03 16:15:10,10671.99,213.44,38.42,10420.13,,SETTLED
pay_4e0c27c5a3cb46,MID_RAZOR_991,ORD-2026-3994,CREDIT_CARD,Mastercard,setl_1d4bb39b27,2026-05-03 16:30:11,14224.32,284.49,51.21,13888.62,,SETTLED
pay_12e54969ff8f44,MID_RAZOR_991,ORD-2026-3995,CREDIT_CARD,Mastercard,setl_bf9d656844,2026-05-03 16:45:29,7672.48,153.45,27.62,7491.41,,SETTLED
pay_42dd014c5be344,MID_RAZOR_991,ORD-2026-3996,CREDIT_CARD,Mastercard,setl_26097f2242,2026-05-03 17:00:22,8557.43,171.15,30.81,8355.47,,SETTLED
pay_3f945caf9e4840,MID_RAZOR_991,ORD-2026-3997,DEBIT_CARD,RuPay,setl_80594d9bca,2026-05-03 17:15:43,12704.62,254.09,45.74,12404.79,,SETTLED
pay_c942daf82b954a,MID_RAZOR_991,ORD-2026-3998,DEBIT_CARD,Visa,setl_bd1584a906,2026-05-03 17:30:23,9416.74,188.33,33.9,9194.51,,SETTLED
pay_50480f6d8a0545,MID_RAZOR_991,ORD-2026-3999,UPI,NA,setl_58a9d7ca5a,2026-05-03 17:45:23,4973.45,99.47,17.9,4856.08,,SETTLED
pay_d6885cae6e4046,MID_RAZOR_991,ORD-2026-4000,DEBIT_CARD,Visa,setl_1ee801354a,2026-05-03 18:00:14,11587.94,231.76,41.72,11314.46,,SETTLED
pay_627a247ab4714c,MID_RAZOR_991,ORD-2026-4001,DEBIT_CARD,Mastercard,setl_d2a0d461d7,2026-04-14 19:05:00,17729.21,416.64,75.0,17237.57,,SETTLED
pay_75fe5390b2a442,MID_RAZOR_991,ORD-2026-4002,DEBIT_CARD,Mastercard,setl_a296170d16,2026-04-14 19:10:00,12450.46,292.59,52.67,12105.2,,SETTLED
pay_02bd6bbb860044,MID_RAZOR_991,ORD-2026-4003,CREDIT_CARD,Visa,setl_09aa794a32,2026-04-14 19:15:00,2659.65,62.5,11.25,2585.9,,SETTLED
pay_923472a771e445,MID_RAZOR_991,ORD-2026-4004,CREDIT_CARD,Visa,setl_b8546194a2,2026-04-14 19:20:00,4246.61,99.8,17.96,4128.85,,SETTLED
pay_add481bf9b3b4c,MID_RAZOR_991,ORD-2026-4005,CREDIT_CARD,Visa,setl_5ef2be0b3c,2026-04-14 19:25:00,14390.86,338.19,60.87,13991.8,,SETTLED
pay_8b914b7fce924c,MID_RAZOR_991,ORD-2026-4006,CREDIT_CARD,Visa,setl_07644fc2d7,2026-04-14 19:30:00,11233.64,263.99,47.52,10922.13,,SETTLED
pay_5e1e29045b8a4b,MID_RAZOR_991,ORD-2026-4007,CREDIT_CARD,Mastercard,setl_5e08ac0f01,2026-04-14 19:35:00,8347.27,196.16,35.31,8115.8,,SETTLED
pay_0dbab5d3aa4043,MID_RAZOR_991,ORD-2026-4008,CREDIT_CARD,Mastercard,setl_a011375b0b,2026-04-14 19:40:00,7134.34,167.66,30.18,6936.5,,SETTLED
pay_d689c3a3059c49,MID_RAZOR_991,ORD-2026-4009,CREDIT_CARD,Mastercard,setl_1e69efb0a3,2026-04-14 19:45:00,7642.3,179.59,32.33,7430.38,,SETTLED
pay_cae17392377044,MID_RAZOR_991,ORD-2026-4010,DEBIT_CARD,Visa,setl_4115779c0b,2026-04-14 19:50:00,16971.18,398.82,71.79,16500.57,,SETTLED
pay_cec0c2fe62754e,MID_RAZOR_991,ORD-2026-4011,CREDIT_CARD,Mastercard,setl_12bc49fbf7,2026-04-14 19:55:00,3827.49,89.95,16.19,3721.35,,SETTLED
pay_3363aa8cee9f40,MID_RAZOR_991,ORD-2026-4012,DEBIT_CARD,Mastercard,setl_1094ee7a1d,2026-04-14 20:00:00,5383.85,126.52,22.77,5234.56,,SETTLED
pay_a3eecfe4195749,MID_RAZOR_991,ORD-2026-4013,DEBIT_CARD,Mastercard,setl_a70195b80b,2026-04-14 20:05:00,9968.48,234.26,42.17,9692.05,,SETTLED
pay_0538e1c1fe5840,MID_RAZOR_991,ORD-2026-4014,CREDIT_CARD,Mastercard,setl_f2efea7827,2026-04-14 20:10:00,19764.86,464.47,83.6,19216.79,,SETTLED
pay_b3e2d9394d704f,MID_RAZOR_991,ORD-2026-4015,DEBIT_CARD,Mastercard,setl_bbc9214e5b,2026-04-14 20:15:00,17995.86,422.9,76.12,17496.84,,SETTLED
pay_ccbe36c428db4b,MID_RAZOR_991,ORD-2026-4016,CREDIT_CARD,Mastercard,setl_f6ee62ce7a,2026-04-14 20:20:00,14410.89,338.66,60.96,14011.27,,SETTLED
pay_3e5bf12a28bf49,MID_RAZOR_991,ORD-2026-4017,CREDIT_CARD,Mastercard,setl_0962e697e8,2026-04-14 20:25:00,12393.91,291.26,52.43,12050.22,,SETTLED
pay_88bba1c36a0048,MID_RAZOR_991,ORD-2026-4018,CREDIT_CARD,Mastercard,setl_1871bdeb51,2026-04-14 20:30:00,14676.89,344.91,62.08,14269.9,,SETTLED
pay_215304cf8f0647,MID_RAZOR_991,ORD-2026-4019,DEBIT_CARD,Mastercard,setl_947480f23a,2026-04-14 20:35:00,18282.84,429.65,77.34,17775.85,,SETTLED
pay_eb8540fabfeb40,MID_RAZOR_991,ORD-2026-4020,DEBIT_CARD,Mastercard,setl_0e1e9134e0,2026-04-14 20:40:00,15250.21,358.38,64.51,14827.32,,SETTLED
pay_b9c979f92ef04a,MID_RAZOR_991,ORD-2026-4021,DEBIT_CARD,Mastercard,setl_5431cb2bf4,2026-04-14 20:45:00,12491.1,293.54,52.84,12144.72,,SETTLED
pay_132e484751e348,MID_RAZOR_991,ORD-2026-4022,DEBIT_CARD,Visa,setl_f5a98ff921,2026-04-14 20:50:00,7914.68,185.99,33.48,7695.21,,SETTLED
pay_06b12e7beb9048,MID_RAZOR_991,ORD-2026-4023,CREDIT_CARD,Visa,setl_aa13d60d7b,2026-04-14 20:55:00,17166.57,403.41,72.61,16690.55,,SETTLED
pay_43c1205c0d2941,MID_RAZOR_991,ORD-2026-4024,DEBIT_CARD,Visa,setl_2bc0c59595,2026-04-14 21:00:00,15413.46,362.22,65.2,14986.04,,SETTLED
pay_b6eaec76aea244,MID_RAZOR_991,ORD-2026-4025,CREDIT_CARD,Mastercard,setl_6a6aedefff,2026-04-14 21:05:00,7386.32,173.58,31.24,7181.5,,SETTLED
pay_7f2880cb759449,MID_RAZOR_991,ORD-2026-4026,DEBIT_CARD,Mastercard,setl_8c3f4f3fd4,2026-04-14 21:10:00,2259.0,53.09,9.56,2196.35,,SETTLED
pay_d5df89c5a91141,MID_RAZOR_991,ORD-2026-4027,DEBIT_CARD,Mastercard,setl_57e9c51bfa,2026-04-14 21:15:00,16595.93,390.0,70.2,16135.73,,SETTLED
pay_de0c6e9ef26b47,MID_RAZOR_991,ORD-2026-4028,CREDIT_CARD,Visa,setl_d1916d933d,2026-04-14 21:20:00,11415.3,268.26,48.29,11098.75,,SETTLED
pay_340b6802854a49,MID_RAZOR_991,ORD-2026-4029,CREDIT_CARD,Mastercard,setl_fa1dc2baf4,2026-04-14 21:25:00,15070.15,354.15,63.75,14652.25,,SETTLED
pay_a5b8d2f9994e40,MID_RAZOR_991,ORD-2026-4030,DEBIT_CARD,Visa,setl_4ca2fb5450,2026-04-14 21:30:00,17280.58,406.09,73.1,16801.39,,SETTLED
pay_cca32ae3c1f64f,MID_RAZOR_991,ORD-2026-4031,DEBIT_CARD,Mastercard,setl_1b4442d365,2026-04-14 21:35:00,17017.26,399.91,71.98,16545.37,,SETTLED
pay_e860b7c1c5384d,MID_RAZOR_991,ORD-2026-4032,CREDIT_CARD,Visa,setl_081c8e8c05,2026-04-14 21:40:00,17975.14,422.42,76.04,17476.68,,SETTLED
pay_8929c97222434d,MID_RAZOR_991,ORD-2026-4033,CREDIT_CARD,Mastercard,setl_e19c6ffa67,2026-04-14 21:45:00,10015.31,235.36,42.36,9737.59,,SETTLED
pay_bc312e24056349,MID_RAZOR_991,ORD-2026-4034,DEBIT_CARD,Mastercard,setl_f285581bfe,2026-04-14 21:50:00,18643.01,438.11,78.86,18126.04,,SETTLED
pay_18d0b507e1a744,MID_RAZOR_991,ORD-2026-4035,DEBIT_CARD,Mastercard,setl_a3a54537cf,2026-04-14 21:55:00,15401.24,361.93,65.15,14974.16,,SETTLED
pay_0aa1ddf243f940,MID_RAZOR_991,ORD-2026-4036,CREDIT_CARD,Visa,setl_f9581153e7,2026-04-14 22:00:00,15838.44,372.2,67.0,15399.24,,SETTLED
pay_68ef878d34dc41,MID_RAZOR_991,ORD-2026-4037,DEBIT_CARD,Visa,setl_cf2a703224,2026-04-14 22:05:00,2359.55,55.45,9.98,2294.12,,SETTLED
pay_610c4a38285640,MID_RAZOR_991,ORD-2026-4038,CREDIT_CARD,Mastercard,setl_31ccc58aa8,2026-04-14 22:10:00,2187.83,51.41,9.25,2127.17,,SETTLED
pay_bd9573ba59e545,MID_RAZOR_991,ORD-2026-4039,CREDIT_CARD,Visa,setl_d3e4b33bc1,2026-04-14 22:15:00,13633.73,320.39,57.67,13255.67,,SETTLED
pay_d1097100aacc4b,MID_RAZOR_991,ORD-2026-4040,DEBIT_CARD,Mastercard,setl_c0b19c76de,2026-04-14 22:20:00,2760.73,64.88,11.68,2684.17,,SETTLED
pay_fb356e3cebf44f,MID_RAZOR_991,ORD-2026-4041,CREDIT_CARD,Mastercard,setl_f92653603a,2026-04-14 22:25:00,17400.53,408.91,73.6,16918.02,,SETTLED
pay_f729af21afc248,MID_RAZOR_991,ORD-2026-4042,CREDIT_CARD,Mastercard,setl_c539875962,2026-04-14 22:30:00,17827.75,418.95,75.41,17333.39,,SETTLED
pay_9699f637b7be43,MID_RAZOR_991,ORD-2026-4043,DEBIT_CARD,Mastercard,setl_34755f8774,2026-04-14 22:35:00,3254.22,76.47,13.76,3163.99,,SETTLED
pay_f2b41bc2cdcf4d,MID_RAZOR_991,ORD-2026-4044,DEBIT_CARD,Visa,setl_b9dc0e04ef,2026-04-14 22:40:00,15635.47,367.43,66.14,15201.9,,SETTLED
pay_1301a7e908c44b,MID_RAZOR_991,ORD-2026-4045,DEBIT_CARD,Visa,setl_8db5753d4f,2026-04-14 22:45:00,11173.83,262.59,47.27,10863.97,,SETTLED
pay_aa26f49c96bc45,MID_RAZOR_991,ORD-2026-4046,DEBIT_CARD,Visa,setl_85138afb7a,2026-04-14 22:50:00,6355.9,149.36,26.88,6179.66,,SETTLED
pay_db88eba71a9a40,MID_RAZOR_991,ORD-2026-4047,DEBIT_CARD,Mastercard,setl_03071098c0,2026-04-14 22:55:00,11801.95,277.35,49.92,11474.68,,SETTLED
pay_7daf3e99895843,MID_RAZOR_991,ORD-2026-4048,DEBIT_CARD,Mastercard,setl_59abce4f0f,2026-04-14 23:00:00,10106.53,237.5,42.75,9826.28,,SETTLED
pay_eb2725a1630741,MID_RAZOR_991,ORD-2026-4049,DEBIT_CARD,Visa,setl_b3251f363f,2026-04-14 23:05:00,6309.36,148.27,26.69,6134.4,,SETTLED
pay_15b4d5be605b49,MID_RAZOR_991,ORD-2026-4050,DEBIT_CARD,Mastercard,setl_c2a0ed2998,2026-04-14 23:10:00,16217.37,381.11,68.6,15767.66,,SETTLED
pay_1d17670270394a,MID_RAZOR_991,ORD-2026-4051,CREDIT_CARD,Visa,setl_6a0de69dc6,2026-04-14 23:15:00,9071.97,213.19,38.37,8820.41,,SETTLED
pay_49fcf183f1534d,MID_RAZOR_991,ORD-2026-4052,CREDIT_CARD,Visa,setl_1b5153e043,2026-04-14 23:20:00,10487.66,246.46,44.36,10196.84,,SETTLED
pay_b761118c5fb846,MID_RAZOR_991,ORD-2026-4053,DEBIT_CARD,Visa,setl_e7a7460265,2026-04-14 23:25:00,19941.83,468.63,84.35,19388.85,,SETTLED
pay_2ee3e667599347,MID_RAZOR_991,ORD-2026-4054,CREDIT_CARD,Mastercard,setl_3142c18eef,2026-04-14 23:30:00,7309.73,171.78,30.92,7107.03,,SETTLED
pay_07b05eeb94ec47,MID_RAZOR_991,ORD-2026-4055,DEBIT_CARD,Visa,setl_c49b4963d8,2026-04-14 23:35:00,6615.65,155.47,27.98,6432.2,,SETTLED
pay_a281dfd2d3a94e,MID_RAZOR_991,ORD-2026-4056,DEBIT_CARD,Visa,setl_3a2237b014,2026-04-14 23:40:00,19260.19,452.61,81.47,18726.11,,SETTLED
pay_2f49aff81ff745,MID_RAZOR_991,ORD-2026-4057,DEBIT_CARD,Mastercard,setl_98dcc6f928,2026-04-14 23:45:00,9372.71,220.26,39.65,9112.8,,SETTLED
pay_9c774d2b0a3349,MID_RAZOR_991,ORD-2026-4058,CREDIT_CARD,Visa,setl_4efeb88f9d,2026-04-14 23:50:00,5400.37,126.91,22.84,5250.62,,SETTLED
pay_d08ea4370e5b4f,MID_RAZOR_991,ORD-2026-4059,CREDIT_CARD,Mastercard,setl_197ba28fb5,2026-04-14 23:55:00,2148.91,50.5,9.09,2089.32,,SETTLED
pay_f2b5ba85c4004f,MID_RAZOR_991,ORD-2026-4060,DEBIT_CARD,Mastercard,setl_278bf3137d,2026-04-15 00:00:00,4417.78,103.82,18.69,4295.27,,SETTLED
pay_ca0736e01eaf4b,MID_RAZOR_991,ORD-2026-4061,DEBIT_CARD,Visa,setl_212ba6362c,2026-04-15 00:05:00,14175.78,333.13,59.96,13782.69,,SETTLED
pay_eb4bc209cbd948,MID_RAZOR_991,ORD-2026-4062,DEBIT_CARD,Mastercard,setl_8f840082fc,2026-04-15 00:10:00,16296.44,382.97,68.93,15844.54,,SETTLED
pay_a3310084dc6446,MID_RAZOR_991,ORD-2026-4063,CREDIT_CARD,Visa,setl_7f176e56e0,2026-04-15 00:15:00,9531.0,223.98,40.32,9266.7,,SETTLED
pay_b1732fdd27b54d,MID_RAZOR_991,ORD-2026-4064,CREDIT_CARD,Mastercard,setl_8d9a4fde82,2026-04-15 00:20:00,5116.4,120.24,21.64,4974.52,,SETTLED
pay_3ff8e6fa150240,MID_RAZOR_991,ORD-2026-4065,DEBIT_CARD,Visa,setl_c407557422,2026-04-15 00:25:00,17681.04,415.5,74.79,17190.75,,SETTLED
pay_7fa107dae5e244,MID_RAZOR_991,ORD-2026-4066,DEBIT_CARD,Mastercard,setl_5a21f6d153,2026-04-15 00:30:00,11677.48,274.42,49.4,11353.66,,SETTLED
pay_07220a7137724f,MID_RAZOR_991,ORD-2026-4067,DEBIT_CARD,Mastercard,setl_7c7c7c68c1,2026-04-15 00:35:00,6785.88,159.47,28.7,6597.71,,SETTLED
pay_db775529a4214f,MID_RAZOR_991,ORD-2026-4068,CREDIT_CARD,Visa,setl_3abcc97022,2026-04-15 00:40:00,16199.05,380.68,68.52,15749.85,,SETTLED
pay_2d93399470cc4c,MID_RAZOR_991,ORD-2026-4069,DEBIT_CARD,Visa,setl_c686203404,2026-04-15 00:45:00,19048.0,447.63,80.57,18519.8,,SETTLED
pay_5121ef26838c42,MID_RAZOR_991,ORD-2026-4070,DEBIT_CARD,Mastercard,setl_a5cae34aea,2026-04-15 00:50:00,5699.84,133.95,24.11,5541.78,,SETTLED
pay_793cdc3dd65746,MID_RAZOR_991,ORD-2026-4071,CREDIT_CARD,Mastercard,setl_651a7b12fb,2026-04-15 00:55:00,15181.37,356.76,64.22,14760.39,,SETTLED
pay_60127dd56ffc4f,MID_RAZOR_991,ORD-2026-4072,DEBIT_CARD,Visa,setl_426fbf2fe1,2026-04-15 01:00:00,10091.13,237.14,42.69,9811.3,,SETTLED
pay_7d142b7b6dc640,MID_RAZOR_991,ORD-2026-4073,CREDIT_CARD,Visa,setl_02564c9cb3,2026-04-15 01:05:00,12890.77,302.93,54.53,12533.31,,SETTLED
pay_59d343575ce847,MID_RAZOR_991,ORD-2026-4074,DEBIT_CARD,Visa,setl_b99745897f,2026-04-15 01:10:00,19447.84,457.02,82.26,18908.56,,SETTLED
pay_a3e8bf1e28c04d,MID_RAZOR_991,ORD-2026-4075,CREDIT_CARD,Mastercard,setl_c889bb39f4,2026-04-15 01:15:00,8276.25,194.49,35.01,8046.75,,SETTLED
pay_d2d9ec5a4cbf42,MID_RAZOR_991,ORD-2026-4076,CREDIT_CARD,Visa,setl_511d796b16,2026-04-15 01:20:00,17522.42,411.78,74.12,17036.52,,SETTLED
pay_5975dd97491c4e,MID_RAZOR_991,ORD-2026-4077,DEBIT_CARD,Mastercard,setl_6c7e2876ac,2026-04-15 01:25:00,10103.78,237.44,42.74,9823.6,,SETTLED
pay_bc4ca03e460a43,MID_RAZOR_991,ORD-2026-4078,DEBIT_CARD,Mastercard,setl_9c97cc607d,2026-04-15 01:30:00,3193.13,75.04,13.51,3104.58,,SETTLED
pay_9790168b29684e,MID_RAZOR_991,ORD-2026-4079,DEBIT_CARD,Mastercard,setl_dfeb6a8916,2026-04-15 01:35:00,3794.69,89.18,16.05,3689.46,,SETTLED
pay_e8610555bba241,MID_RAZOR_991,ORD-2026-4080,CREDIT_CARD,Mastercard,setl_174b1e9517,2026-04-15 01:40:00,17123.4,402.4,72.43,16648.57,,SETTLED
pay_32f3a6f822884e,MID_RAZOR_991,ORD-2026-4081,DEBIT_CARD,Mastercard,setl_f0dd8b2e9b,2026-04-15 01:45:00,3778.23,88.79,15.98,3673.46,,SETTLED
pay_5d27970f5f5249,MID_RAZOR_991,ORD-2026-4082,DEBIT_CARD,Mastercard,setl_90edddbe3f,2026-04-15 01:50:00,2506.9,58.91,10.6,2437.39,,SETTLED
pay_8a885c4a2fd444,MID_RAZOR_991,ORD-2026-4083,DEBIT_CARD,Visa,setl_aa63b21f1a,2026-04-15 01:55:00,5684.35,133.58,24.04,5526.73,,SETTLED
pay_f03dbc16930d48,MID_RAZOR_991,ORD-2026-4084,DEBIT_CARD,Visa,setl_867ee6d71e,2026-04-15 02:00:00,16282.12,382.63,68.87,15830.62,,SETTLED
pay_c541aaafe9cf4d,MID_RAZOR_991,ORD-2026-4085,CREDIT_CARD,Visa,setl_e471b216a6,2026-04-15 02:05:00,5103.04,119.92,21.59,4961.53,,SETTLED
pay_2ff4f9f2b9fb41,MID_RAZOR_991,ORD-2026-4086,CREDIT_CARD,Visa,setl_d1fb4661d6,2026-04-15 02:10:00,7498.62,176.22,31.72,7290.68,,SETTLED
pay_7c25a8905fa74c,MID_RAZOR_991,ORD-2026-4087,DEBIT_CARD,Visa,setl_575d94bf8d,2026-04-15 02:15:00,5872.02,137.99,24.84,5709.19,,SETTLED
pay_2ef6373cca4341,MID_RAZOR_991,ORD-2026-4088,DEBIT_CARD,Visa,setl_2c753accb6,2026-04-15 02:20:00,10075.71,236.78,42.62,9796.31,,SETTLED
pay_e7c43fda07d64e,MID_RAZOR_991,ORD-2026-4089,CREDIT_CARD,Mastercard,setl_6f17423be8,2026-04-15 02:25:00,2572.36,60.45,10.88,2501.03,,SETTLED
pay_bd6e46c74c0d45,MID_RAZOR_991,ORD-2026-4090,DEBIT_CARD,Mastercard,setl_6574769017,2026-04-15 02:30:00,14985.95,352.17,63.39,14570.39,,SETTLED
pay_70bd44eb63d04d,MID_RAZOR_991,ORD-2026-4091,DEBIT_CARD,Mastercard,setl_82afc1ba46,2026-04-15 02:35:00,19251.85,452.42,81.44,18717.99,,SETTLED
pay_0509bdb29e1b44,MID_RAZOR_991,ORD-2026-4092,DEBIT_CARD,Visa,setl_a2f3be66a6,2026-04-15 02:40:00,12888.47,302.88,54.52,12531.07,,SETTLED
pay_aa16070281b94a,MID_RAZOR_991,ORD-2026-4093,CREDIT_CARD,Mastercard,setl_7b04f310a0,2026-04-15 02:45:00,4458.11,104.77,18.86,4334.48,,SETTLED
pay_64bc03a1055543,MID_RAZOR_991,ORD-2026-4094,DEBIT_CARD,Mastercard,setl_bc352b5ced,2026-04-15 02:50:00,3610.55,84.85,15.27,3510.43,,SETTLED
pay_55f2b0e5043e49,MID_RAZOR_991,ORD-2026-4095,CREDIT_CARD,Mastercard,setl_a2ec9bbc05,2026-04-15 02:55:00,3683.44,86.56,15.58,3581.3,,SETTLED
pay_67a8e47b440540,MID_RAZOR_991,ORD-2026-4096,CREDIT_CARD,Mastercard,setl_c903f6bbce,2026-04-15 03:00:00,15378.4,361.39,65.05,14951.96,,SETTLED
pay_807139c4c4c146,MID_RAZOR_991,ORD-2026-4097,CREDIT_CARD,Mastercard,setl_1c99e87fc3,2026-04-15 03:05:00,5341.48,125.52,22.59,5193.37,,SETTLED
pay_1bc80623d3194d,MID_RAZOR_991,ORD-2026-4098,DEBIT_CARD,Visa,setl_4796647e8c,2026-04-15 03:10:00,15382.67,361.49,65.07,14956.11,,SETTLED
pay_c6d16a7bf6fc4f,MID_RAZOR_991,ORD-2026-4099,CREDIT_CARD,Visa,setl_af3a0ab0fa,2026-04-15 03:15:00,11848.84,278.45,50.12,11520.27,,SETTLED
pay_992cd41c66cc46,MID_RAZOR_991,ORD-2026-4100,DEBIT_CARD,Visa,setl_f209f8c51f,2026-04-15 03:20:00,7515.08,176.6,31.79,7306.69,,SETTLED
pay_ba60541510e046,MID_RAZOR_991,ORD-2026-4101,CREDIT_CARD,Visa,setl_ef42443b99,2026-04-15 03:25:00,15672.37,368.3,66.29,15237.78,,SETTLED
pay_0ac80686198546,MID_RAZOR_991,ORD-2026-4102,CREDIT_CARD,Visa,setl_6c5119895c,2026-04-15 03:30:00,3671.17,86.27,15.53,3569.37,,SETTLED
pay_89d0724543b24a,MID_RAZOR_991,ORD-2026-4103,CREDIT_CARD,Visa,setl_7b86e2ee37,2026-04-15 03:35:00,5864.13,137.81,24.81,5701.51,,SETTLED
pay_e7b6ff4915f841,MID_RAZOR_991,ORD-2026-4104,CREDIT_CARD,Mastercard,setl_bf00b49c27,2026-04-15 03:40:00,12500.14,293.75,52.88,12153.51,,SETTLED
pay_cd3628cb195141,MID_RAZOR_991,ORD-2026-4105,DEBIT_CARD,Visa,setl_7d33df8184,2026-04-15 03:45:00,17899.43,420.64,75.72,17403.07,,SETTLED
pay_ed88a1521bfd46,MID_RAZOR_991,ORD-2026-4106,CREDIT_CARD,Visa,setl_4b565fc392,2026-04-15 03:50:00,9571.99,224.94,40.49,9306.56,,SETTLED
pay_73fbeae69e6f41,MID_RAZOR_991,ORD-2026-4107,CREDIT_CARD,Mastercard,setl_28038717b7,2026-04-15 03:55:00,10465.85,245.95,44.27,10175.63,,SETTLED
pay_2d5ab5b5ac6d49,MID_RAZOR_991,ORD-2026-4108,DEBIT_CARD,Visa,setl_393ce90118,2026-04-15 04:00:00,14963.6,351.64,63.3,14548.66,,SETTLED
pay_95ffef041f014c,MID_RAZOR_991,ORD-2026-4109,DEBIT_CARD,Mastercard,setl_7dea5c814f,2026-04-15 04:05:00,16888.9,396.89,71.44,16420.57,,SETTLED
pay_2a1d5680b9d74a,MID_RAZOR_991,ORD-2026-4110,DEBIT_CARD,Visa,setl_2592f59ef3,2026-04-15 04:10:00,2667.0,62.67,11.28,2593.05,,SETTLED
pay_54e674444eae43,MID_RAZOR_991,ORD-2026-4111,CREDIT_CARD,Mastercard,setl_8469a68c7e,2026-04-15 04:15:00,5073.13,119.22,21.46,4932.45,,SETTLED
pay_1155dcea1fbd40,MID_RAZOR_991,ORD-2026-4112,DEBIT_CARD,Mastercard,setl_534db8ae08,2026-04-15 04:20:00,15185.12,356.85,64.23,14764.04,,SETTLED
pay_182ab09ba9484d,MID_RAZOR_991,ORD-2026-4113,DEBIT_CARD,Mastercard,setl_de64d3b8cf,2026-04-15 04:25:00,16240.95,381.66,68.7,15790.59,,SETTLED
pay_70c1308eaba141,MID_RAZOR_991,ORD-2026-4114,CREDIT_CARD,Mastercard,setl_d82a453162,2026-04-15 04:30:00,10344.96,243.11,43.76,10058.09,,SETTLED
pay_f9cda456a3214f,MID_RAZOR_991,ORD-2026-4115,DEBIT_CARD,Visa,setl_d4bb22666f,2026-04-15 04:35:00,6658.72,156.48,28.17,6474.07,,SETTLED
pay_221c401691dd4a,MID_RAZOR_991,ORD-2026-4116,CREDIT_CARD,Visa,setl_4d003f0ace,2026-04-15 04:40:00,19580.97,460.15,82.83,19037.99,,SETTLED
pay_e2c19ff81c1e44,MID_RAZOR_991,ORD-2026-4117,DEBIT_CARD,Mastercard,setl_86792980ea,2026-04-15 04:45:00,13154.8,309.14,55.65,12790.01,,SETTLED
pay_d9f14ed604a240,MID_RAZOR_991,ORD-2026-4118,CREDIT_CARD,Mastercard,setl_2a36f47b26,2026-04-15 04:50:00,2906.33,68.3,12.29,2825.74,,SETTLED
pay_6c034d8e333742,MID_RAZOR_991,ORD-2026-4119,CREDIT_CARD,Mastercard,setl_a76ea116fb,2026-04-15 04:55:00,17004.9,399.62,71.93,16533.35,,SETTLED
pay_3c8ddf86bf254a,MID_RAZOR_991,ORD-2026-4120,DEBIT_CARD,Visa,setl_b233d1feff,2026-04-15 05:00:00,11177.51,262.67,47.28,10867.56,,SETTLED
pay_107d6f497e844d,MID_RAZOR_991,ORD-2026-4121,CREDIT_CARD,Mastercard,setl_36fba3de42,2026-04-15 05:05:00,4110.83,96.6,17.39,3996.84,,SETTLED
pay_c600e6961c574c,MID_RAZOR_991,ORD-2026-4122,DEBIT_CARD,Visa,setl_25f112326b,2026-04-15 05:10:00,5374.85,126.31,22.74,5225.8,,SETTLED
pay_e596978feb4948,MID_RAZOR_991,ORD-2026-4123,CREDIT_CARD,Visa,setl_d4ac6a43bf,2026-04-15 05:15:00,15382.65,361.49,65.07,14956.09,,SETTLED
pay_83b376b315424e,MID_RAZOR_991,ORD-2026-4124,DEBIT_CARD,Visa,setl_ac64c17192,2026-04-15 05:20:00,18247.92,428.83,77.19,17741.9,,SETTLED
pay_296af585fafe49,MID_RAZOR_991,ORD-2026-4125,CREDIT_CARD,Mastercard,setl_2bec8b1107,2026-04-15 05:25:00,2371.18,55.72,10.03,2305.43,,SETTLED
pay_d885ae9565ec4e,MID_RAZOR_991,ORD-2026-4126,DEBIT_CARD,Visa,setl_99c0349332,2026-04-15 05:30:00,15387.98,361.62,65.09,14961.27,,SETTLED
pay_88b4a90787da45,MID_RAZOR_991,ORD-2026-4127,CREDIT_CARD,Visa,setl_0d5933ea37,2026-04-15 05:35:00,13019.36,305.95,55.07,12658.34,,SETTLED
pay_cf0f7eb1ee0544,MID_RAZOR_991,ORD-2026-4128,DEBIT_CARD,Visa,setl_9d72ef0869,2026-04-15 05:40:00,4144.0,97.38,17.53,4029.09,,SETTLED
pay_2d9decccf11241,MID_RAZOR_991,ORD-2026-4129,CREDIT_CARD,Mastercard,setl_9afe316a23,2026-04-15 05:45:00,16767.2,394.03,70.93,16302.24,,SETTLED
pay_8559d2d30f1945,MID_RAZOR_991,ORD-2026-4130,DEBIT_CARD,Mastercard,setl_80521a94e0,2026-04-15 05:50:00,15358.96,360.94,64.97,14933.05,,SETTLED
pay_5005f6aa60644a,MID_RAZOR_991,ORD-2026-4131,CREDIT_CARD,Mastercard,setl_890bcaf7c8,2026-04-15 05:55:00,8987.68,211.21,38.02,8738.45,,SETTLED
pay_dd3eca1d585749,MID_RAZOR_991,ORD-2026-4132,CREDIT_CARD,Mastercard,setl_661c7e0833,2026-04-15 06:00:00,18970.45,445.81,80.25,18444.39,,SETTLED
pay_c43971f7af4144,MID_RAZOR_991,ORD-2026-4133,DEBIT_CARD,Mastercard,setl_927801c591,2026-04-15 06:05:00,6408.99,150.61,27.11,6231.27,,SETTLED
pay_5e5a07d772404e,MID_RAZOR_991,ORD-2026-4134,CREDIT_CARD,Visa,setl_e1fc435026,2026-04-15 06:10:00,6482.74,152.34,27.42,6302.98,,SETTLED
pay_178dd9b8c4b343,MID_RAZOR_991,ORD-2026-4135,CREDIT_CARD,Mastercard,setl_b60c37df20,2026-04-15 06:15:00,18732.24,440.21,79.24,18212.79,,SETTLED
pay_c04225084ed64d,MID_RAZOR_991,ORD-2026-4136,DEBIT_CARD,Visa,setl_6942884eae,2026-04-15 06:20:00,14497.45,340.69,61.32,14095.44,,SETTLED
pay_768656b8cbe745,MID_RAZOR_991,ORD-2026-4137,DEBIT_CARD,Mastercard,setl_8161264bcf,2026-04-15 06:25:00,4701.46,110.48,19.89,4571.09,,SETTLED
pay_1c46d40062e04b,MID_RAZOR_991,ORD-2026-4138,CREDIT_CARD,Visa,setl_dd2ef7d5be,2026-04-15 06:30:00,3231.44,75.94,13.67,3141.83,,SETTLED
pay_ad41b884f1e64a,MID_RAZOR_991,ORD-2026-4139,DEBIT_CARD,Mastercard,setl_c6a14f2961,2026-04-15 06:35:00,9400.08,220.9,39.76,9139.42,,SETTLED
pay_c26a7ded2a6442,MID_RAZOR_991,ORD-2026-4140,DEBIT_CARD,Mastercard,setl_3341bd21ec,2026-04-15 06:40:00,7100.9,166.87,30.04,6903.99,,SETTLED
pay_69213d116e4044,MID_RAZOR_991,ORD-2026-4141,CREDIT_CARD,Visa,setl_b8802f1893,2026-04-15 06:45:00,14890.05,349.92,62.99,14477.14,,SETTLED
pay_db777530debf45,MID_RAZOR_991,ORD-2026-4142,CREDIT_CARD,Visa,setl_9b8b656d4d,2026-04-15 06:50:00,16582.04,389.68,70.14,16122.22,,SETTLED
pay_676dc0bc86ed49,MID_RAZOR_991,ORD-2026-4143,CREDIT_CARD,Visa,setl_05f513fcf6,2026-04-15 06:55:00,11240.1,264.14,47.55,10928.41,,SETTLED
pay_5c6b34acf45241,MID_RAZOR_991,ORD-2026-4144,CREDIT_CARD,Visa,setl_8b08f156e2,2026-04-15 07:00:00,2606.25,61.25,11.03,2533.97,,SETTLED
pay_7a8cce411b9742,MID_RAZOR_991,ORD-2026-4145,DEBIT_CARD,Visa,setl_5dabd7178d,2026-04-15 07:05:00,14398.89,338.37,60.91,13999.61,,SETTLED
pay_d242310def5f48,MID_RAZOR_991,ORD-2026-4146,DEBIT_CARD,Mastercard,setl_992eb5f007,2026-04-15 07:10:00,13469.12,316.52,56.97,13095.63,,SETTLED
pay_c703d82a544f40,MID_RAZOR_991,ORD-2026-4147,CREDIT_CARD,Visa,setl_ddd80b48c5,2026-04-15 07:15:00,8199.93,192.7,34.69,7972.54,,SETTLED
pay_310b320c476445,MID_RAZOR_991,ORD-2026-4148,CREDIT_CARD,Visa,setl_70c46456ed,2026-04-15 07:20:00,4870.47,114.46,20.6,4735.41,,SETTLED
pay_010d5b4cf45d49,MID_RAZOR_991,ORD-2026-4149,DEBIT_CARD,Mastercard,setl_ff1a8a2187,2026-04-15 07:25:00,3929.29,92.34,16.62,3820.33,,SETTLED
pay_e235f4840c4745,MID_RAZOR_991,ORD-2026-4150,CREDIT_CARD,Visa,setl_1e7c196eba,2026-04-15 07:30:00,16153.43,379.61,68.33,15705.49,,SETTLED
pay_6f33c1ce5b594c,MID_RAZOR_991,ORD-2026-4151,DEBIT_CARD,Mastercard,setl_a1d0ad8dd9,2026-04-15 07:35:00,4059.6,95.4,17.17,3947.03,,SETTLED
pay_79756d441abf47,MID_RAZOR_991,ORD-2026-4152,CREDIT_CARD,Mastercard,setl_ace686b559,2026-04-15 07:40:00,5943.14,139.66,25.14,5778.34,,SETTLED
pay_8c1c71c0ea2642,MID_RAZOR_991,ORD-2026-4153,CREDIT_CARD,Visa,setl_1c30a5bb08,2026-04-15 07:45:00,3534.55,83.06,14.95,3436.54,,SETTLED
pay_3700d50bf3b54f,MID_RAZOR_991,ORD-2026-4154,CREDIT_CARD,Visa,setl_5d42cbe0ae,2026-04-15 07:50:00,2533.24,59.53,10.72,2462.99,,SETTLED
pay_d181aa91dff54e,MID_RAZOR_991,ORD-2026-4155,DEBIT_CARD,Visa,setl_47ef743046,2026-04-15 07:55:00,3235.59,76.04,13.69,3145.86,,SETTLED
pay_362ea67c99624e,MID_RAZOR_991,ORD-2026-4156,DEBIT_CARD,Mastercard,setl_4a7e7828e3,2026-04-15 08:00:00,19037.07,447.37,80.53,18509.17,,SETTLED
pay_7f724d5b52e24c,MID_RAZOR_991,ORD-2026-4157,DEBIT_CARD,Mastercard,setl_3f59dab03d,2026-04-15 08:05:00,9834.07,231.1,41.6,9561.37,,SETTLED
pay_1c5e8768935e43,MID_RAZOR_991,ORD-2026-4158,DEBIT_CARD,Visa,setl_6cb55001d7,2026-04-15 08:10:00,15057.31,353.85,63.69,14639.77,,SETTLED
pay_ba1e771fcd4c40,MID_RAZOR_991,ORD-2026-4159,DEBIT_CARD,Mastercard,setl_b35ebc38d4,2026-04-15 08:15:00,9541.31,224.22,40.36,9276.73,,SETTLED
pay_edceca11012147,MID_RAZOR_991,ORD-2026-4160,CREDIT_CARD,Visa,setl_8d95f4f65e,2026-04-15 08:20:00,3927.28,92.29,16.61,3818.38,,SETTLED
pay_5588687f11af40,MID_RAZOR_991,ORD-2026-4161,DEBIT_CARD,Mastercard,setl_e64369bafd,2026-04-15 08:25:00,10985.97,258.17,46.47,10681.33,,SETTLED
pay_df8c02a88f1b4e,MID_RAZOR_991,ORD-2026-4162,CREDIT_CARD,Mastercard,setl_cf5613df97,2026-04-15 08:30:00,6670.51,156.76,28.22,6485.53,,SETTLED
pay_bce711ab8bd64e,MID_RAZOR_991,ORD-2026-4163,DEBIT_CARD,Visa,setl_3cb3d8999b,2026-04-15 08:35:00,19985.12,469.65,84.54,19430.93,,SETTLED
pay_1e515c69e6494c,MID_RAZOR_991,ORD-2026-4164,CREDIT_CARD,Visa,setl_0fbab3a5a8,2026-04-15 08:40:00,15490.16,364.02,65.52,15060.62,,SETTLED
pay_050234ef586642,MID_RAZOR_991,ORD-2026-4165,DEBIT_CARD,Mastercard,setl_0f281401c0,2026-04-15 08:45:00,19763.58,464.44,83.6,19215.54,,SETTLED
pay_29a1560f88284f,MID_RAZOR_991,ORD-2026-4166,DEBIT_CARD,Visa,setl_18bb78ea9f,2026-04-15 08:50:00,18829.05,442.48,79.65,18306.92,,SETTLED
pay_bdd560ca308a40,MID_RAZOR_991,ORD-2026-4167,CREDIT_CARD,Mastercard,setl_4b6f017788,2026-04-15 08:55:00,19215.07,451.55,81.28,18682.24,,SETTLED
pay_40614d97da4f4d,MID_RAZOR_991,ORD-2026-4168,DEBIT_CARD,Mastercard,setl_d7ff4b8fe3,2026-04-15 09:00:00,16221.92,381.22,68.62,15772.08,,SETTLED
pay_17e7332a08a44f,MID_RAZOR_991,ORD-2026-4169,CREDIT_CARD,Visa,setl_5b11df4e60,2026-04-15 09:05:00,13923.05,327.19,58.89,13536.97,,SETTLED
pay_72175027558a42,MID_RAZOR_991,ORD-2026-4170,CREDIT_CARD,Mastercard,setl_4fe004ab8a,2026-04-15 09:10:00,2656.99,62.44,11.24,2583.31,,SETTLED
pay_1f309e243f584a,MID_RAZOR_991,ORD-2026-4171,DEBIT_CARD,Visa,setl_1dc615c9b7,2026-04-15 09:15:00,19881.59,467.22,84.1,19330.27,,SETTLED
pay_168b223399004d,MID_RAZOR_991,ORD-2026-4172,DEBIT_CARD,Mastercard,setl_e5e4580ce8,2026-04-15 09:20:00,16610.51,390.35,70.26,16149.9,,SETTLED
pay_5a1eec8033804d,MID_RAZOR_991,ORD-2026-4173,DEBIT_CARD,Visa,setl_123c7f2c91,2026-04-15 09:25:00,17816.69,418.69,75.36,17322.64,,SETTLED
pay_9c3985b7f82340,MID_RAZOR_991,ORD-2026-4174,CREDIT_CARD,Mastercard,setl_79a13d90b4,2026-04-15 09:30:00,3563.85,83.75,15.07,3465.03,,SETTLED
pay_3ae47508f1164a,MID_RAZOR_991,ORD-2026-4175,DEBIT_CARD,Mastercard,setl_5cdb06f4fe,2026-04-15 09:35:00,6622.0,155.62,28.01,6438.37,,SETTLED
pay_294478e8f12043,MID_RAZOR_991,ORD-2026-4176,DEBIT_CARD,Visa,setl_35802e1696,2026-04-15 09:40:00,16418.54,385.84,69.45,15963.25,,SETTLED
pay_4ed1d97f37f847,MID_RAZOR_991,ORD-2026-4177,DEBIT_CARD,Visa,setl_2e8bed92e3,2026-04-15 09:45:00,15933.98,374.45,67.4,15492.13,,SETTLED
pay_b380f5b41a864a,MID_RAZOR_991,ORD-2026-4178,CREDIT_CARD,Mastercard,setl_de7aada9b5,2026-04-15 09:50:00,10344.79,243.1,43.76,10057.93,,SETTLED
pay_94b12e474b8b4f,MID_RAZOR_991,ORD-2026-4179,DEBIT_CARD,Visa,setl_685d450021,2026-04-15 09:55:00,6056.25,142.32,25.62,5888.31,,SETTLED
pay_4936a2a048e14f,MID_RAZOR_991,ORD-2026-4180,CREDIT_CARD,Mastercard,setl_c42e08397f,2026-04-15 10:00:00,11508.23,270.44,48.68,11189.11,,SETTLED
pay_6d0f3ed47c3a4b,MID_RAZOR_991,ORD-2026-4181,CREDIT_CARD,Visa,setl_96460054b3,2026-04-15 10:05:00,19875.3,467.07,84.07,19324.16,,SETTLED
pay_b05f01ba97b742,MID_RAZOR_991,ORD-2026-4182,CREDIT_CARD,Visa,setl_724bedf202,2026-04-15 10:10:00,16698.06,392.4,70.63,16235.03,,SETTLED
pay_bd1938efd9cc4e,MID_RAZOR_991,ORD-2026-4183,DEBIT_CARD,Visa,setl_fefeeeeb80,2026-04-15 10:15:00,7598.04,178.55,32.14,7387.35,,SETTLED
pay_2ed9e2931e2943,MID_RAZOR_991,ORD-2026-4184,CREDIT_CARD,Mastercard,setl_0a58d47e96,2026-04-15 10:20:00,4132.35,97.11,17.48,4017.76,,SETTLED
pay_cd84c7edee974f,MID_RAZOR_991,ORD-2026-4185,DEBIT_CARD,Visa,setl_3f2afdc1f1,2026-04-15 10:25:00,2075.44,48.77,8.78,2017.89,,SETTLED
pay_94aca009eb4046,MID_RAZOR_991,ORD-2026-4186,DEBIT_CARD,Visa,setl_082f5d0953,2026-04-15 10:30:00,2951.68,69.36,12.48,2869.84,,SETTLED
pay_cf1a48353bca45,MID_RAZOR_991,ORD-2026-4187,CREDIT_CARD,Visa,setl_39cf413a3d,2026-04-15 10:35:00,3890.62,91.43,16.46,3782.73,,SETTLED
pay_faed58afcaf741,MID_RAZOR_991,ORD-2026-4188,CREDIT_CARD,Visa,setl_08ec4cd388,2026-04-15 10:40:00,16536.58,388.61,69.95,16078.02,,SETTLED
pay_a99c7d967f9c46,MID_RAZOR_991,ORD-2026-4189,DEBIT_CARD,Mastercard,setl_99fa7158d1,2026-04-15 10:45:00,16639.24,391.02,70.38,16177.84,,SETTLED
pay_761401ac5a7f4c,MID_RAZOR_991,ORD-2026-4190,CREDIT_CARD,Mastercard,setl_7ff98de84a,2026-04-15 10:50:00,12614.49,296.44,53.36,12264.69,,SETTLED
pay_80454309e4c64d,MID_RAZOR_991,ORD-2026-4191,CREDIT_CARD,Mastercard,setl_71f74838fa,2026-04-15 10:55:00,17923.27,421.2,75.82,17426.25,,SETTLED
pay_50a7251e5aeb44,MID_RAZOR_991,ORD-2026-4192,CREDIT_CARD,Mastercard,setl_f4f8e5b2b0,2026-04-15 11:00:00,14991.65,352.3,63.41,14575.94,,SETTLED
pay_a864077ce2e64f,MID_RAZOR_991,ORD-2026-4193,DEBIT_CARD,Visa,setl_a15df36031,2026-04-15 11:05:00,16786.56,394.48,71.01,16321.07,,SETTLED
pay_2611b81a66c148,MID_RAZOR_991,ORD-2026-4194,CREDIT_CARD,Visa,setl_26f058358b,2026-04-15 11:10:00,3386.74,79.59,14.33,3292.82,,SETTLED
pay_628c6b53b0c24b,MID_RAZOR_991,ORD-2026-4195,CREDIT_CARD,Visa,setl_6559d51e3f,2026-04-15 11:15:00,14711.04,345.71,62.23,14303.1,,SETTLED
pay_a399ae09f7a247,MID_RAZOR_991,ORD-2026-4196,DEBIT_CARD,Visa,setl_f2d06190ee,2026-04-15 11:20:00,11406.55,268.05,48.25,11090.25,,SETTLED
pay_43e88718317245,MID_RAZOR_991,ORD-2026-4197,DEBIT_CARD,Visa,setl_feb3816e7b,2026-04-15 11:25:00,12777.4,300.27,54.05,12423.08,,SETTLED
pay_da16c388f7f64f,MID_RAZOR_991,ORD-2026-4198,CREDIT_CARD,Visa,setl_a26a5fd52a,2026-04-15 11:30:00,19018.88,446.94,80.45,18491.49,,SETTLED
pay_5ae93d55851f46,MID_RAZOR_991,ORD-2026-4199,CREDIT_CARD,Visa,setl_274fda1752,2026-04-15 11:35:00,16025.55,376.6,67.79,15581.16,,SETTLED
pay_8e2ccf518e9042,MID_RAZOR_991,ORD-2026-4200,DEBIT_CARD,Visa,setl_209b5db781,2026-04-15 11:40:00,6523.66,153.31,27.6,6342.75,,SETTLED
pay_98c3982be7d547,MID_RAZOR_991,ORD-2026-4201,DEBIT_CARD,Mastercard,setl_d3cff250ce,2026-04-15 11:45:00,17075.02,401.26,72.23,16601.53,,SETTLED
pay_8cc6113dd0744f,MID_RAZOR_991,ORD-2026-4202,CREDIT_CARD,Mastercard,setl_43ddbaf7b2,2026-04-15 11:50:00,18194.07,427.56,76.96,17689.55,,SETTLED
pay_446f03fdae2945,MID_RAZOR_991,ORD-2026-4203,CREDIT_CARD,Mastercard,setl_f520443878,2026-04-15 11:55:00,14127.26,331.99,59.76,13735.51,,SETTLED
pay_9a5fbb5722c944,MID_RAZOR_991,ORD-2026-4204,CREDIT_CARD,Mastercard,setl_52acc2084b,2026-04-15 12:00:00,2265.15,53.23,9.58,2202.34,,SETTLED
pay_02e61a917aaf48,MID_RAZOR_991,ORD-2026-4205,CREDIT_CARD,Visa,setl_915b291ec3,2026-04-15 12:05:00,5839.17,137.22,24.7,5677.25,,SETTLED
pay_e32c76ca542b41,MID_RAZOR_991,ORD-2026-4206,CREDIT_CARD,Mastercard,setl_b0518d0c48,2026-04-15 12:10:00,9032.66,212.27,38.21,8782.18,,SETTLED
pay_65ba7219d3bd4f,MID_RAZOR_991,ORD-2026-4207,DEBIT_CARD,Mastercard,setl_2768e10647,2026-04-15 12:15:00,17244.49,405.25,72.94,16766.3,,SETTLED
pay_c52a6584560049,MID_RAZOR_991,ORD-2026-4208,DEBIT_CARD,Mastercard,setl_ed97a75901,2026-04-15 12:20:00,16415.25,385.76,69.44,15960.05,,SETTLED
pay_d9e0c05c268348,MID_RAZOR_991,ORD-2026-4209,CREDIT_CARD,Visa,setl_413837c323,2026-04-15 12:25:00,6426.34,151.02,27.18,6248.14,,SETTLED
pay_5d5c125a30ae4d,MID_RAZOR_991,ORD-2026-4210,DEBIT_CARD,Mastercard,setl_e12cfbc1d0,2026-04-15 12:30:00,2988.54,70.23,12.64,2905.67,,SETTLED
pay_8f6cc0033be249,MID_RAZOR_991,ORD-2026-4211,CREDIT_CARD,Visa,setl_bf7035f967,2026-04-15 12:35:00,8991.11,211.29,38.03,8741.79,,SETTLED
pay_5a3122bfba5841,MID_RAZOR_991,ORD-2026-4212,CREDIT_CARD,Visa,setl_b05504613a,2026-04-15 12:40:00,8551.62,200.96,36.17,8314.49,,SETTLED
pay_55f7cac757464a,MID_RAZOR_991,ORD-2026-4213,CREDIT_CARD,Visa,setl_1322927f9a,2026-04-15 12:45:00,14650.69,344.29,61.97,14244.43,,SETTLED
pay_cf59f0f6f47d46,MID_RAZOR_991,ORD-2026-4214,CREDIT_CARD,Visa,setl_37aaa192ac,2026-04-15 12:50:00,7194.05,169.06,30.43,6994.56,,SETTLED
pay_828378a88d7849,MID_RAZOR_991,ORD-2026-4215,CREDIT_CARD,Mastercard,setl_47c95bd4a9,2026-04-15 12:55:00,2183.94,51.32,9.24,2123.38,,SETTLED
pay_73a772f8ce244c,MID_RAZOR_991,ORD-2026-4216,CREDIT_CARD,Visa,setl_60c013df8b,2026-04-15 13:00:00,16652.85,391.34,70.44,16191.07,,SETTLED
pay_25bafa5ae2d54a,MID_RAZOR_991,ORD-2026-4217,CREDIT_CARD,Mastercard,setl_b6912f5429,2026-04-15 13:05:00,8629.42,202.79,36.5,8390.13,,SETTLED
pay_1b8c50306fd64a,MID_RAZOR_991,ORD-2026-4218,DEBIT_CARD,Mastercard,setl_d8f1a95515,2026-04-15 13:10:00,15745.71,370.02,66.6,15309.09,,SETTLED
pay_e4112847c0534b,MID_RAZOR_991,ORD-2026-4219,CREDIT_CARD,Mastercard,setl_b831e40856,2026-04-15 13:15:00,6159.59,144.75,26.05,5988.79,,SETTLED
pay_53199de91aee48,MID_RAZOR_991,ORD-2026-4220,CREDIT_CARD,Visa,setl_744b746c6e,2026-04-15 13:20:00,3682.5,86.54,15.58,3580.38,,SETTLED
pay_f58a79841e1746,MID_RAZOR_991,ORD-2026-4221,DEBIT_CARD,Visa,setl_3a65775929,2026-04-15 13:25:00,18417.51,432.81,77.91,17906.79,,SETTLED
pay_7e8110b6a1964d,MID_RAZOR_991,ORD-2026-4222,DEBIT_CARD,Mastercard,setl_6f53fbc14a,2026-04-15 13:30:00,17399.41,408.89,73.6,16916.92,,SETTLED
pay_cc70c023a1db40,MID_RAZOR_991,ORD-2026-4223,DEBIT_CARD,Visa,setl_08ba8bdc19,2026-04-15 13:35:00,7777.13,182.76,32.9,7561.47,,SETTLED
pay_b927668ec11f42,MID_RAZOR_991,ORD-2026-4224,DEBIT_CARD,Visa,setl_cb2aa8cca5,2026-04-15 13:40:00,7931.28,186.39,33.55,7711.34,,SETTLED
pay_9a7ccccd34814d,MID_RAZOR_991,ORD-2026-4225,DEBIT_CARD,Visa,setl_9f8efcda1b,2026-04-15 13:45:00,15771.38,370.63,66.71,15334.04,,SETTLED
pay_cd8055c6807045,MID_RAZOR_991,ORD-2026-4226,DEBIT_CARD,Visa,setl_17dd95971a,2026-04-15 13:50:00,6672.75,156.81,28.23,6487.71,,SETTLED
pay_35c7d9135ed743,MID_RAZOR_991,ORD-2026-4227,DEBIT_CARD,Visa,setl_f58b270442,2026-04-15 13:55:00,4893.97,115.01,20.7,4758.26,,SETTLED
pay_0297dc1d33ca4b,MID_RAZOR_991,ORD-2026-4228,DEBIT_CARD,Mastercard,setl_c86836a956,2026-04-15 14:00:00,9832.37,231.06,41.59,9559.72,,SETTLED
pay_9cb80dffe09346,MID_RAZOR_991,ORD-2026-4229,DEBIT_CARD,Visa,setl_0140ae2834,2026-04-15 14:05:00,10434.15,245.2,44.14,10144.81,,SETTLED
pay_0fd028236ff247,MID_RAZOR_991,ORD-2026-4230,CREDIT_CARD,Mastercard,setl_538fff2dc2,2026-04-15 14:10:00,2491.7,58.55,10.54,2422.61,,SETTLED
pay_a64f5af31d2e49,MID_RAZOR_991,ORD-2026-4231,DEBIT_CARD,Mastercard,setl_b944304cc7,2026-04-15 14:15:00,8916.93,209.55,37.72,8669.66,,SETTLED
pay_679cfba7a77640,MID_RAZOR_991,ORD-2026-4232,CREDIT_CARD,Visa,setl_1258c7f902,2026-04-15 14:20:00,10660.78,250.53,45.1,10365.15,,SETTLED
pay_9a94a0072e954e,MID_RAZOR_991,ORD-2026-4233,DEBIT_CARD,Visa,setl_0ef4a5e72c,2026-04-15 14:25:00,7524.12,176.82,31.83,7315.47,,SETTLED
pay_8b9f5823c9484f,MID_RAZOR_991,ORD-2026-4234,CREDIT_CARD,Mastercard,setl_ea16f73b05,2026-04-15 14:30:00,17996.01,422.91,76.12,17496.98,,SETTLED
pay_820ac4c0d44a4c,MID_RAZOR_991,ORD-2026-4235,DEBIT_CARD,Visa,setl_388209142b,2026-04-15 14:35:00,14702.2,345.5,62.19,14294.51,,SETTLED
pay_144db83583fd48,MID_RAZOR_991,ORD-2026-4236,CREDIT_CARD,Mastercard,setl_e1752fd257,2026-04-15 14:40:00,7981.95,187.58,33.76,7760.61,,SETTLED
pay_56ab302bc6724c,MID_RAZOR_991,ORD-2026-4237,DEBIT_CARD,Visa,setl_75d8a41d7c,2026-04-15 14:45:00,5346.86,125.65,22.62,5198.59,,SETTLED
pay_e6652d3472bf4e,MID_RAZOR_991,ORD-2026-4238,DEBIT_CARD,Mastercard,setl_f157bc27c5,2026-04-15 14:50:00,9714.99,228.3,41.09,9445.6,,SETTLED
pay_69fa671d267942,MID_RAZOR_991,ORD-2026-4239,DEBIT_CARD,Visa,setl_3ec2339dc4,2026-04-15 14:55:00,14297.47,335.99,60.48,13901.0,,SETTLED
pay_6dd2d63510754b,MID_RAZOR_991,ORD-2026-4240,CREDIT_CARD,Mastercard,setl_b0ce9b3da2,2026-04-15 15:00:00,18975.42,445.92,80.27,18449.23,,SETTLED
pay_4aa589aea18244,MID_RAZOR_991,ORD-2026-4241,DEBIT_CARD,Visa,setl_2d41b4f8d3,2026-04-15 15:05:00,14449.31,339.56,61.12,14048.63,,SETTLED
pay_630ee05e5c374e,MID_RAZOR_991,ORD-2026-4242,DEBIT_CARD,Visa,setl_b56e3e76c1,2026-04-15 15:10:00,14996.64,352.42,63.44,14580.78,,SETTLED
pay_732746592a4248,MID_RAZOR_991,ORD-2026-4243,CREDIT_CARD,Mastercard,setl_49505cc852,2026-04-15 15:15:00,16351.96,384.27,69.17,15898.52,,SETTLED
pay_7ca59a8bdc014f,MID_RAZOR_991,ORD-2026-4244,CREDIT_CARD,Visa,setl_0b8892431c,2026-04-15 15:20:00,5174.57,121.6,21.89,5031.08,,SETTLED
pay_8efa0cd901cf42,MID_RAZOR_991,ORD-2026-4245,CREDIT_CARD,Visa,setl_a201e40f07,2026-04-15 15:25:00,8243.36,193.72,34.87,8014.77,,SETTLED
pay_3a2d2ae98cb449,MID_RAZOR_991,ORD-2026-4246,CREDIT_CARD,Mastercard,setl_038857b540,2026-04-15 15:30:00,12398.79,291.37,52.45,12054.97,,SETTLED
pay_d9dbdc53a3b643,MID_RAZOR_991,ORD-2026-4247,DEBIT_CARD,Mastercard,setl_6be7ef41b7,2026-04-15 15:35:00,15977.21,375.46,67.58,15534.17,,SETTLED
pay_1e9891cce2f443,MID_RAZOR_991,ORD-2026-4248,DEBIT_CARD,Mastercard,setl_213112bf24,2026-04-15 15:40:00,3039.91,71.44,12.86,2955.61,,SETTLED
pay_d013025d667e47,MID_RAZOR_991,ORD-2026-4249,DEBIT_CARD,Visa,setl_a0cace11c2,2026-04-15 15:45:00,8196.71,192.62,34.67,7969.42,,SETTLED
pay_4a0e8ed39d5749,MID_RAZOR_991,ORD-2026-4250,CREDIT_CARD,Visa,setl_e2416dd14e,2026-04-15 15:50:00,6342.32,149.04,26.83,6166.45,,SETTLED
pay_cd3b136bd48b4e,MID_RAZOR_991,ORD-2026-4251,DEBIT_CARD,Visa,setl_a0af215618,2026-04-15 15:55:00,5781.04,135.85,24.45,5620.74,,SETTLED
pay_2413a845ee0846,MID_RAZOR_991,ORD-2026-4252,CREDIT_CARD,Visa,setl_6cd85e8ad2,2026-04-15 16:00:00,5244.72,123.25,22.18,5099.29,,SETTLED
pay_939730fbccee41,MID_RAZOR_991,ORD-2026-4253,CREDIT_CARD,Mastercard,setl_bd48e9f4c7,2026-04-15 16:05:00,3915.5,92.01,16.56,3806.93,,SETTLED
pay_76adda75089d44,MID_RAZOR_991,ORD-2026-4254,DEBIT_CARD,Visa,setl_623e4a6634,2026-04-15 16:10:00,9666.67,227.17,40.89,9398.61,,SETTLED
pay_9f799ff6855042,MID_RAZOR_991,ORD-2026-4255,CREDIT_CARD,Mastercard,setl_a545071135,2026-04-15 16:15:00,3029.71,71.2,12.82,2945.69,,SETTLED
pay_f988311ba6fb4d,MID_RAZOR_991,ORD-2026-4256,DEBIT_CARD,Visa,setl_dc6ec936fd,2026-04-15 16:20:00,6827.69,160.45,28.88,6638.36,,SETTLED
pay_eeefe932395b46,MID_RAZOR_991,ORD-2026-4257,DEBIT_CARD,Visa,setl_9a539d94a6,2026-04-15 16:25:00,5162.99,121.33,21.84,5019.82,,SETTLED
pay_7ed58975afa147,MID_RAZOR_991,ORD-2026-4258,CREDIT_CARD,Mastercard,setl_d6355ea23b,2026-04-15 16:30:00,5369.25,126.18,22.71,5220.36,,SETTLED
pay_42e2e57808324d,MID_RAZOR_991,ORD-2026-4259,CREDIT_CARD,Mastercard,setl_9fa8fd23f4,2026-04-15 16:35:00,3721.8,87.46,15.74,3618.6,,SETTLED
pay_9f8ca4f085e042,MID_RAZOR_991,ORD-2026-4260,DEBIT_CARD,Visa,setl_9cd15b20c5,2026-04-15 16:40:00,16918.85,397.59,71.57,16449.69,,SETTLED
pay_5384f290d1274c,MID_RAZOR_991,ORD-2026-4261,DEBIT_CARD,Visa,setl_64913f0be6,2026-04-15 16:45:00,10361.96,243.51,43.83,10074.62,,SETTLED
pay_24973f47d48646,MID_RAZOR_991,ORD-2026-4262,CREDIT_CARD,Visa,setl_bdab0bc0ac,2026-04-15 16:50:00,10021.67,235.51,42.39,9743.77,,SETTLED
pay_69c21ac02ac14c,MID_RAZOR_991,ORD-2026-4263,DEBIT_CARD,Mastercard,setl_2f939250d1,2026-04-15 16:55:00,12499.45,293.74,52.87,12152.84,,SETTLED
pay_a4b30308cebf43,MID_RAZOR_991,ORD-2026-4264,DEBIT_CARD,Visa,setl_d2b79f6ead,2026-04-15 17:00:00,5303.72,124.64,22.44,5156.64,,SETTLED
pay_7138875fe2ad4f,MID_RAZOR_991,ORD-2026-4265,DEBIT_CARD,Mastercard,setl_fe2d541dbb,2026-04-15 17:05:00,4878.37,114.64,20.64,4743.09,,SETTLED
pay_590c184acbea48,MID_RAZOR_991,ORD-2026-4266,CREDIT_CARD,Mastercard,setl_20ff5c9272,2026-04-15 17:10:00,11718.76,275.39,49.57,11393.8,,SETTLED
pay_cd521ebfb1a74a,MID_RAZOR_991,ORD-2026-4267,DEBIT_CARD,Mastercard,setl_39580404ae,2026-04-15 17:15:00,6681.97,157.03,28.27,6496.67,,SETTLED
pay_9e2521728dcd4c,MID_RAZOR_991,ORD-2026-4268,CREDIT_CARD,Mastercard,setl_10c380baeb,2026-04-15 17:20:00,15286.88,359.24,64.66,14862.98,,SETTLED
pay_a095112a0c344a,MID_RAZOR_991,ORD-2026-4269,CREDIT_CARD,Visa,setl_120be375ba,2026-04-15 17:25:00,19843.52,466.32,83.94,19293.26,,SETTLED
pay_4b170e6219994f,MID_RAZOR_991,ORD-2026-4270,CREDIT_CARD,Visa,setl_8a36477193,2026-04-15 17:30:00,16800.44,394.81,71.07,16334.56,,SETTLED
pay_07182f8d0c394b,MID_RAZOR_991,ORD-2026-4271,DEBIT_CARD,Mastercard,setl_87e3248328,2026-04-15 17:35:00,3070.99,72.17,12.99,2985.83,,SETTLED
pay_f0df49fda27a4e,MID_RAZOR_991,ORD-2026-4272,DEBIT_CARD,Visa,setl_7ed15eb01f,2026-04-15 17:40:00,13625.87,320.21,57.64,13248.02,,SETTLED
pay_9ec97dfa11274a,MID_RAZOR_991,ORD-2026-4273,DEBIT_CARD,Mastercard,setl_dc77f91c94,2026-04-15 17:45:00,8406.16,197.54,35.56,8173.06,,SETTLED
pay_1a8310e3e2d643,MID_RAZOR_991,ORD-2026-4274,DEBIT_CARD,Mastercard,setl_17c8441a48,2026-04-15 17:50:00,2421.11,56.9,10.24,2353.97,,SETTLED
pay_4b4d840ae1a04d,MID_RAZOR_991,ORD-2026-4275,CREDIT_CARD,Mastercard,setl_0c0aa9c3f7,2026-04-15 17:55:00,9536.53,224.11,40.34,9272.08,,SETTLED
pay_fe2213fc161d42,MID_RAZOR_991,ORD-2026-4276,CREDIT_CARD,Visa,setl_486a7a24ac,2026-04-15 18:00:00,2802.71,65.86,11.85,2725.0,,SETTLED
pay_819225ae8b024d,MID_RAZOR_991,ORD-2026-4277,CREDIT_CARD,Visa,setl_6d33cfbd98,2026-04-15 18:05:00,12710.39,298.69,53.76,12357.94,,SETTLED
pay_468e522a7f864c,MID_RAZOR_991,ORD-2026-4278,DEBIT_CARD,Visa,setl_09d5e46a66,2026-04-15 18:10:00,17878.1,420.14,75.63,17382.33,,SETTLED
pay_6358c9a324624a,MID_RAZOR_991,ORD-2026-4279,DEBIT_CARD,Visa,setl_488c357bbd,2026-04-15 18:15:00,11759.85,276.36,49.74,11433.75,,SETTLED
pay_f5d948570e0149,MID_RAZOR_991,ORD-2026-4280,CREDIT_CARD,Visa,setl_4dc26d30a5,2026-04-15 18:20:00,8272.93,194.41,34.99,8043.53,,SETTLED
pay_971d6ed1c19f4d,MID_RAZOR_991,ORD-2026-4281,CREDIT_CARD,Visa,setl_873f5f77e9,2026-04-15 18:25:00,19233.28,451.98,81.36,18699.94,,SETTLED
pay_f9ab5e3ba22b49,MID_RAZOR_991,ORD-2026-4282,CREDIT_CARD,Visa,setl_eca923a4d1,2026-04-15 18:30:00,16572.57,389.46,70.1,16113.01,,SETTLED
pay_9e073a5fd28c4c,MID_RAZOR_991,ORD-2026-4283,CREDIT_CARD,Visa,setl_96b7cf1493,2026-04-15 18:35:00,19807.59,465.48,83.79,19258.32,,SETTLED
pay_e7401f93b86b46,MID_RAZOR_991,ORD-2026-4284,DEBIT_CARD,Visa,setl_1ba410a4e5,2026-04-15 18:40:00,12456.11,292.72,52.69,12110.7,,SETTLED
pay_894f55d045d54d,MID_RAZOR_991,ORD-2026-4285,CREDIT_CARD,Visa,setl_9daa4c1462,2026-04-15 18:45:00,15590.95,366.39,65.95,15158.61,,SETTLED
pay_5434a822c77e49,MID_RAZOR_991,ORD-2026-4286,CREDIT_CARD,Mastercard,setl_1d1b1d2357,2026-04-15 18:50:00,9094.06,213.71,38.47,8841.88,,SETTLED
pay_1ed203d0d98647,MID_RAZOR_991,ORD-2026-4287,CREDIT_CARD,Visa,setl_5c50f36030,2026-04-15 18:55:00,16613.22,390.41,70.27,16152.54,,SETTLED
pay_936b9421567648,MID_RAZOR_991,ORD-2026-4288,CREDIT_CARD,Visa,setl_43197b8b8d,2026-04-15 19:00:00,16969.76,398.79,71.78,16499.19,,SETTLED
pay_7e06ca2ce1d342,MID_RAZOR_991,ORD-2026-4289,CREDIT_CARD,Mastercard,setl_ef08760bc3,2026-04-15 19:05:00,9997.96,234.95,42.29,9720.72,,SETTLED
pay_368438c1c97046,MID_RAZOR_991,ORD-2026-4290,CREDIT_CARD,Visa,setl_ea2ace4e3e,2026-04-15 19:10:00,19124.82,449.43,80.9,18594.49,,SETTLED
pay_6f3c698556204c,MID_RAZOR_991,ORD-2026-4291,DEBIT_CARD,Mastercard,setl_6772d3fd1b,2026-04-15 19:15:00,5565.58,130.79,23.54,5411.25,,SETTLED
pay_6193153bc0cc44,MID_RAZOR_991,ORD-2026-4292,DEBIT_CARD,Mastercard,setl_1edc5938af,2026-04-15 19:20:00,7001.39,164.53,29.62,6807.24,,SETTLED
pay_a0602cafc6174c,MID_RAZOR_991,ORD-2026-4293,DEBIT_CARD,Mastercard,setl_0c690d8120,2026-04-15 19:25:00,13536.51,318.11,57.26,13161.14,,SETTLED
pay_89d5e2836ffb4f,MID_RAZOR_991,ORD-2026-4294,CREDIT_CARD,Mastercard,setl_784e9c5bf8,2026-04-15 19:30:00,12547.22,294.86,53.07,12199.29,,SETTLED
pay_a1d2e8061f064e,MID_RAZOR_991,ORD-2026-4295,CREDIT_CARD,Mastercard,setl_6c2c50cc37,2026-04-15 19:35:00,3797.74,89.25,16.06,3692.43,,SETTLED
pay_d88de7a59ae347,MID_RAZOR_991,ORD-2026-4296,DEBIT_CARD,Mastercard,setl_81614ba008,2026-04-15 19:40:00,17389.48,408.65,73.56,16907.27,,SETTLED
pay_52a0e48990a84d,MID_RAZOR_991,ORD-2026-4297,DEBIT_CARD,Visa,setl_f4417e371b,2026-04-15 19:45:00,6533.74,153.54,27.64,6352.56,,SETTLED
pay_a2cb2a0029eb4d,MID_RAZOR_991,ORD-2026-4298,DEBIT_CARD,Visa,setl_524db63aa5,2026-04-15 19:50:00,4168.38,97.96,17.63,4052.79,,SETTLED
pay_eaad6da19f7441,MID_RAZOR_991,ORD-2026-4299,CREDIT_CARD,Mastercard,setl_0372de1ca7,2026-04-15 19:55:00,13877.21,326.11,58.7,13492.4,,SETTLED
pay_521d6a1187dc4c,MID_RAZOR_991,ORD-2026-4300,DEBIT_CARD,Visa,setl_ce41b33813,2026-04-15 20:00:00,3099.52,72.84,13.11,3013.57,,SETTLED
pay_939a124427434e,MID_RAZOR_991,ORD-2026-4301,DEBIT_CARD,Visa,setl_c0296096d0,2026-04-15 20:05:00,14439.5,339.33,61.08,14039.09,,SETTLED
pay_8cd0a9fcf90144,MID_RAZOR_991,ORD-2026-4302,CREDIT_CARD,Visa,setl_ac26f651a4,2026-04-15 20:10:00,6876.3,161.59,29.09,6685.62,,SETTLED
pay_82b35fb61c4943,MID_RAZOR_991,ORD-2026-4303,CREDIT_CARD,Mastercard,setl_3f304eec3b,2026-04-15 20:15:00,13991.43,328.8,59.18,13603.45,,SETTLED
pay_d5c4d7ce3dfe43,MID_RAZOR_991,ORD-2026-4304,DEBIT_CARD,Visa,setl_6ccd3c55ee,2026-04-15 20:20:00,13478.8,316.75,57.02,13105.03,,SETTLED
pay_517152101db14f,MID_RAZOR_991,ORD-2026-4305,DEBIT_CARD,Visa,setl_047440e2ea,2026-04-15 20:25:00,17479.45,410.77,73.94,16994.74,,SETTLED
pay_eab21aad6c3740,MID_RAZOR_991,ORD-2026-4306,DEBIT_CARD,Visa,setl_56aa5282b3,2026-04-15 20:30:00,13309.09,312.76,56.3,12940.03,,SETTLED
pay_ca5bf3b62f2241,MID_RAZOR_991,ORD-2026-4307,CREDIT_CARD,Mastercard,setl_b232bfa0e2,2026-04-15 20:35:00,15247.17,358.31,64.5,14824.36,,SETTLED
pay_e75909b9ef0f41,MID_RAZOR_991,ORD-2026-4308,CREDIT_CARD,Visa,setl_5932cbf76e,2026-04-15 20:40:00,9765.6,229.49,41.31,9494.8,,SETTLED
pay_5993d39a83834a,MID_RAZOR_991,ORD-2026-4309,CREDIT_CARD,Visa,setl_4c987daaa9,2026-04-15 20:45:00,15635.97,367.45,66.14,15202.38,,SETTLED
pay_e2f8221219224d,MID_RAZOR_991,ORD-2026-4310,CREDIT_CARD,Mastercard,setl_90925bc4d0,2026-04-15 20:50:00,4986.72,117.19,21.09,4848.44,,SETTLED
pay_8cb96e11b7274c,MID_RAZOR_991,ORD-2026-4311,DEBIT_CARD,Mastercard,setl_2465b402a1,2026-04-15 20:55:00,3031.94,71.25,12.82,2947.87,,SETTLED
pay_26564df6ab394a,MID_RAZOR_991,ORD-2026-4312,CREDIT_CARD,Mastercard,setl_b039fd02ae,2026-04-15 21:00:00,16931.76,397.9,71.62,16462.24,,SETTLED
pay_43f82ded8d5546,MID_RAZOR_991,ORD-2026-4313,DEBIT_CARD,Mastercard,setl_c405559bb0,2026-04-15 21:05:00,14790.83,347.58,62.56,14380.69,,SETTLED
pay_d82dcb04886443,MID_RAZOR_991,ORD-2026-4314,CREDIT_CARD,Mastercard,setl_f5524b5a39,2026-04-15 21:10:00,2323.81,54.61,9.83,2259.37,,SETTLED
pay_8614725e985b49,MID_RAZOR_991,ORD-2026-4315,CREDIT_CARD,Mastercard,setl_fb1146ef96,2026-04-15 21:15:00,13852.32,325.53,58.6,13468.19,,SETTLED
pay_abf69c675afb40,MID_RAZOR_991,ORD-2026-4316,DEBIT_CARD,Mastercard,setl_751305d9c9,2026-04-15 21:20:00,15268.05,358.8,64.58,14844.67,,SETTLED
pay_aeeeb79da6874c,MID_RAZOR_991,ORD-2026-4317,CREDIT_CARD,Visa,setl_a61528a744,2026-04-15 21:25:00,5107.04,120.02,21.6,4965.42,,SETTLED
pay_dc5596ecbe8c4a,MID_RAZOR_991,ORD-2026-4318,CREDIT_CARD,Mastercard,setl_19f0d8076a,2026-04-15 21:30:00,8348.04,196.18,35.31,8116.55,,SETTLED
pay_2517d2bf75474c,MID_RAZOR_991,ORD-2026-4319,CREDIT_CARD,Mastercard,setl_07fa0ac502,2026-04-15 21:35:00,11944.47,280.7,50.53,11613.24,,SETTLED
pay_c981b1bdc8014b,MID_RAZOR_991,ORD-2026-4320,CREDIT_CARD,Visa,setl_877da12176,2026-04-15 21:40:00,3631.51,85.34,15.36,3530.81,,SETTLED
pay_9b4bbadede6845,MID_RAZOR_991,ORD-2026-4321,CREDIT_CARD,Visa,setl_0df540bf35,2026-04-15 21:45:00,7174.52,168.6,30.35,6975.57,,SETTLED
pay_174d37584a644e,MID_RAZOR_991,ORD-2026-4322,CREDIT_CARD,Visa,setl_624d777e29,2026-04-15 21:50:00,12898.72,303.12,54.56,12541.04,,SETTLED
pay_3d65ced8a8c14c,MID_RAZOR_991,ORD-2026-4323,DEBIT_CARD,Visa,setl_3962794003,2026-04-15 21:55:00,2715.63,63.82,11.49,2640.32,,SETTLED
pay_1d3ebf85a9a643,MID_RAZOR_991,ORD-2026-4324,DEBIT_CARD,Mastercard,setl_9ca6b653be,2026-04-15 22:00:00,16904.56,397.26,71.51,16435.79,,SETTLED
pay_34c7c62dff1e43,MID_RAZOR_991,ORD-2026-4325,CREDIT_CARD,Visa,setl_eeb4fa1fee,2026-04-15 22:05:00,5332.01,125.3,22.55,5184.16,,SETTLED
pay_171e11f9b9ad4e,MID_RAZOR_991,ORD-2026-4326,CREDIT_CARD,Visa,setl_8e2914ccfb,2026-04-15 22:10:00,13061.42,306.94,55.25,12699.23,,SETTLED
pay_3dda5161ac3345,MID_RAZOR_991,ORD-2026-4327,CREDIT_CARD,Visa,setl_418c21d435,2026-04-15 22:15:00,6420.99,150.89,27.16,6242.94,,SETTLED
pay_4f82619464684c,MID_RAZOR_991,ORD-2026-4328,CREDIT_CARD,Visa,setl_1a89de5a35,2026-04-15 22:20:00,7361.82,173.0,31.14,7157.68,,SETTLED
pay_5eb365b104dc42,MID_RAZOR_991,ORD-2026-4329,CREDIT_CARD,Visa,setl_bd102ac5dd,2026-04-15 22:25:00,8881.79,208.72,37.57,8635.5,,SETTLED
pay_d5f139ed1fb745,MID_RAZOR_991,ORD-2026-4330,CREDIT_CARD,Mastercard,setl_99ae4da75a,2026-04-15 22:30:00,18771.76,441.14,79.41,18251.21,,SETTLED
pay_4b74e1e512e043,MID_RAZOR_991,ORD-2026-4331,CREDIT_CARD,Visa,setl_d0e818c526,2026-04-15 22:35:00,7766.67,182.52,32.85,7551.3,,SETTLED
pay_a8a230b80e004f,MID_RAZOR_991,ORD-2026-4332,DEBIT_CARD,Mastercard,setl_dd53aed5f5,2026-04-15 22:40:00,16957.16,398.49,71.73,16486.94,,SETTLED
pay_5d370ae6b61e4e,MID_RAZOR_991,ORD-2026-4333,DEBIT_CARD,Mastercard,setl_72fd5ae47b,2026-04-15 22:45:00,7064.84,166.02,29.88,6868.94,,SETTLED
pay_795f0c0baccb43,MID_RAZOR_991,ORD-2026-4334,CREDIT_CARD,Visa,setl_7abaebfef4,2026-04-15 22:50:00,12303.97,289.14,52.05,11962.78,,SETTLED
pay_f4fc5eeb24c843,MID_RAZOR_991,ORD-2026-4335,DEBIT_CARD,Visa,setl_97d24ec866,2026-04-15 22:55:00,9625.87,226.21,40.72,9358.94,,SETTLED
pay_2e00254c4fef4b,MID_RAZOR_991,ORD-2026-4336,CREDIT_CARD,Visa,setl_41b71894f6,2026-04-15 23:00:00,5700.55,133.96,24.11,5542.48,,SETTLED
pay_b5431f3b92e048,MID_RAZOR_991,ORD-2026-4337,DEBIT_CARD,Mastercard,setl_ecad09c4ad,2026-04-15 23:05:00,7096.06,166.76,30.02,6899.28,,SETTLED
pay_b6c9af03094f42,MID_RAZOR_991,ORD-2026-4338,CREDIT_CARD,Mastercard,setl_9a2e9a9889,2026-04-15 23:10:00,14877.49,349.62,62.93,14464.94,,SETTLED
pay_b36bb8939fb141,MID_RAZOR_991,ORD-2026-4339,DEBIT_CARD,Visa,setl_b79a7e41c9,2026-04-15 23:15:00,4093.48,96.2,17.32,3979.96,,SETTLED
pay_c1804d7fee0946,MID_RAZOR_991,ORD-2026-4340,DEBIT_CARD,Mastercard,setl_5e1d953728,2026-04-15 23:20:00,13852.86,325.54,58.6,13468.72,,SETTLED
pay_c8f8edf811ff48,MID_RAZOR_991,ORD-2026-4341,DEBIT_CARD,Visa,setl_ab60d6a717,2026-04-15 23:25:00,18097.32,425.29,76.55,17595.48,,SETTLED
pay_d9fb33b5b0f144,MID_RAZOR_991,ORD-2026-4342,DEBIT_CARD,Visa,setl_d80b8c525b,2026-04-15 23:30:00,12879.29,302.66,54.48,12522.15,,SETTLED
pay_fce134ca15d74a,MID_RAZOR_991,ORD-2026-4343,DEBIT_CARD,Mastercard,setl_74da3d2a0a,2026-04-15 23:35:00,17839.99,419.24,75.46,17345.29,,SETTLED
pay_03c13cda3a7447,MID_RAZOR_991,ORD-2026-4344,CREDIT_CARD,Visa,setl_8354d2c37a,2026-04-15 23:40:00,11208.75,263.41,47.41,10897.93,,SETTLED
pay_3347f33c26a74b,MID_RAZOR_991,ORD-2026-4345,DEBIT_CARD,Mastercard,setl_8a2b918c6f,2026-04-15 23:45:00,13155.01,309.14,55.65,12790.22,,SETTLED
pay_980d503d12c543,MID_RAZOR_991,ORD-2026-4346,CREDIT_CARD,Visa,setl_67601ea7b0,2026-04-15 23:50:00,2741.17,64.42,11.6,2665.15,,SETTLED
pay_8b5ba6690c8e43,MID_RAZOR_991,ORD-2026-4347,DEBIT_CARD,Mastercard,setl_aee4f21a42,2026-04-15 23:55:00,6798.96,159.78,28.76,6610.42,,SETTLED
pay_c197b0b3cb274a,MID_RAZOR_991,ORD-2026-4348,CREDIT_CARD,Visa,setl_96dbdba009,2026-04-16 00:00:00,6836.03,160.65,28.92,6646.46,,SETTLED
pay_86efa6bff59944,MID_RAZOR_991,ORD-2026-4349,DEBIT_CARD,Visa,setl_c1c56bea87,2026-04-16 00:05:00,12306.79,289.21,52.06,11965.52,,SETTLED
pay_2811b3717e674e,MID_RAZOR_991,ORD-2026-4350,DEBIT_CARD,Visa,setl_489841f5a6,2026-04-16 00:10:00,17734.64,416.76,75.02,17242.86,,SETTLED
pay_52ff713011f249,MID_RAZOR_991,ORD-2026-4351,CREDIT_CARD,Mastercard,setl_afb958447f,2026-04-16 00:15:00,9524.39,223.82,40.29,9260.28,,SETTLED
pay_eb554be7f44140,MID_RAZOR_991,ORD-2026-4352,CREDIT_CARD,Visa,setl_0d6d469be0,2026-04-16 00:20:00,11282.92,265.15,47.73,10970.04,,SETTLED
pay_c1eadbeb01774a,MID_RAZOR_991,ORD-2026-4353,DEBIT_CARD,Mastercard,setl_81a7ec746d,2026-04-16 00:25:00,6088.46,143.08,25.75,5919.63,,SETTLED
pay_d9cbaa181d5f42,MID_RAZOR_991,ORD-2026-4354,DEBIT_CARD,Mastercard,setl_9685553cb2,2026-04-16 00:30:00,5138.86,120.76,21.74,4996.36,,SETTLED
pay_89f154d42b8b4f,MID_RAZOR_991,ORD-2026-4355,DEBIT_CARD,Visa,setl_bd06208e7b,2026-04-16 00:35:00,16044.14,377.04,67.87,15599.23,,SETTLED
pay_fda731b354f44f,MID_RAZOR_991,ORD-2026-4356,CREDIT_CARD,Mastercard,setl_595c253519,2026-04-16 00:40:00,6713.3,157.76,28.4,6527.14,,SETTLED
pay_d923c5fdbc4544,MID_RAZOR_991,ORD-2026-4357,DEBIT_CARD,Mastercard,setl_67d8a5f038,2026-04-16 00:45:00,15266.71,358.77,64.58,14843.36,,SETTLED
pay_6a8e29f30aa740,MID_RAZOR_991,ORD-2026-4358,DEBIT_CARD,Mastercard,setl_9a09907f6d,2026-04-16 00:50:00,6964.53,163.67,29.46,6771.4,,SETTLED
pay_d0a76df3221e4d,MID_RAZOR_991,ORD-2026-4359,DEBIT_CARD,Mastercard,setl_8d2fb512f0,2026-04-16 00:55:00,3482.38,81.84,14.73,3385.81,,SETTLED
pay_ba7ea01cce7c43,MID_RAZOR_991,ORD-2026-4360,DEBIT_CARD,Mastercard,setl_1feaa4feb9,2026-04-16 01:00:00,18129.75,426.05,76.69,17627.01,,SETTLED
pay_a376b72760054b,MID_RAZOR_991,ORD-2026-4361,CREDIT_CARD,Mastercard,setl_f0c34e5bf7,2026-04-16 01:05:00,9274.38,217.95,39.23,9017.2,,SETTLED
pay_024bebf20cde46,MID_RAZOR_991,ORD-2026-4362,CREDIT_CARD,Visa,setl_4301e6e2b9,2026-04-16 01:10:00,11350.41,266.73,48.01,11035.67,,SETTLED
pay_77af34d4630241,MID_RAZOR_991,ORD-2026-4363,CREDIT_CARD,Visa,setl_8c4e0f9257,2026-04-16 01:15:00,10150.61,238.54,42.94,9869.13,,SETTLED
pay_349375de5bd840,MID_RAZOR_991,ORD-2026-4364,DEBIT_CARD,Mastercard,setl_8470663eb3,2026-04-16 01:20:00,8021.39,188.5,33.93,7798.96,,SETTLED
pay_b239e413be4d40,MID_RAZOR_991,ORD-2026-4365,DEBIT_CARD,Mastercard,setl_776a492228,2026-04-16 01:25:00,19573.27,459.97,82.79,19030.51,,SETTLED
pay_1fdf72c6371247,MID_RAZOR_991,ORD-2026-4366,DEBIT_CARD,Visa,setl_281733d7bb,2026-04-16 01:30:00,18189.65,427.46,76.94,17685.25,,SETTLED
pay_6b7882739eb04b,MID_RAZOR_991,ORD-2026-4367,DEBIT_CARD,Visa,setl_fb73858fa9,2026-04-16 01:35:00,18467.24,433.98,78.12,17955.14,,SETTLED
pay_6ba7d3357c8340,MID_RAZOR_991,ORD-2026-4368,DEBIT_CARD,Visa,setl_a3b8e7f5be,2026-04-16 01:40:00,10694.85,251.33,45.24,10398.28,,SETTLED
pay_dc9c4e1c5c8a48,MID_RAZOR_991,ORD-2026-4369,DEBIT_CARD,Visa,setl_22c1d07fb3,2026-04-16 01:45:00,10478.06,246.23,44.32,10187.51,,SETTLED
pay_1be73a6b008b46,MID_RAZOR_991,ORD-2026-4370,CREDIT_CARD,Mastercard,setl_3b1eb936e6,2026-04-16 01:50:00,9571.33,224.93,40.49,9305.91,,SETTLED
pay_4383275b67f444,MID_RAZOR_991,ORD-2026-4371,CREDIT_CARD,Mastercard,setl_60be3b0f0d,2026-04-16 01:55:00,13057.55,306.85,55.23,12695.47,,SETTLED
pay_bec206744c6447,MID_RAZOR_991,ORD-2026-4372,CREDIT_CARD,Visa,setl_9c85a25610,2026-04-16 02:00:00,11042.86,259.51,46.71,10736.64,,SETTLED
pay_6e95d831687a42,MID_RAZOR_991,ORD-2026-4373,DEBIT_CARD,Mastercard,setl_163bbc882f,2026-04-16 02:05:00,15525.74,364.85,65.67,15095.22,,SETTLED
pay_3ec97184281741,MID_RAZOR_991,ORD-2026-4374,CREDIT_CARD,Mastercard,setl_9e441fc42c,2026-04-16 02:10:00,14534.76,341.57,61.48,14131.71,,SETTLED
pay_06eaf61dd3454f,MID_RAZOR_991,ORD-2026-4375,DEBIT_CARD,Mastercard,setl_1744dc1dce,2026-04-16 02:15:00,16378.76,384.9,69.28,15924.58,,SETTLED
pay_c5e5a44e82e24c,MID_RAZOR_991,ORD-2026-4376,CREDIT_CARD,Mastercard,setl_3f15980f58,2026-04-16 02:20:00,4501.98,105.8,19.04,4377.14,,SETTLED
pay_ec16a170d8de4f,MID_RAZOR_991,ORD-2026-4377,DEBIT_CARD,Visa,setl_0fb653bfa7,2026-04-16 02:25:00,13662.41,321.07,57.79,13283.55,,SETTLED
pay_974140f86abe4c,MID_RAZOR_991,ORD-2026-4378,DEBIT_CARD,Mastercard,setl_6b1df2335e,2026-04-16 02:30:00,14290.29,335.82,60.45,13894.02,,SETTLED
pay_3cfdb0e599364b,MID_RAZOR_991,ORD-2026-4379,CREDIT_CARD,Mastercard,setl_6592f21120,2026-04-16 02:35:00,5362.74,126.02,22.68,5214.04,,SETTLED
pay_5ca9c94de37247,MID_RAZOR_991,ORD-2026-4380,CREDIT_CARD,Visa,setl_20094c73bd,2026-04-16 02:40:00,12401.85,291.44,52.46,12057.95,,SETTLED
pay_9c42ee2c8a714d,MID_RAZOR_991,ORD-2026-4381,CREDIT_CARD,Visa,setl_8254f3c3bf,2026-04-16 02:45:00,15801.28,371.33,66.84,15363.11,,SETTLED
pay_cba25e0ccebb4e,MID_RAZOR_991,ORD-2026-4382,CREDIT_CARD,Mastercard,setl_562b1845ce,2026-04-16 02:50:00,10829.69,254.5,45.81,10529.38,,SETTLED
pay_2c095c6ffe8840,MID_RAZOR_991,ORD-2026-4383,CREDIT_CARD,Visa,setl_b387e4be23,2026-04-16 02:55:00,15907.07,373.82,67.29,15465.96,,SETTLED
pay_1a3844b0c1fe4b,MID_RAZOR_991,ORD-2026-4384,CREDIT_CARD,Mastercard,setl_7da00ec607,2026-04-16 03:00:00,11610.08,272.84,49.11,11288.13,,SETTLED
pay_de4aa3a6a3584c,MID_RAZOR_991,ORD-2026-4385,DEBIT_CARD,Visa,setl_733ba31444,2026-04-16 03:05:00,12571.62,295.43,53.18,12223.01,,SETTLED
pay_e26014d4963e4b,MID_RAZOR_991,ORD-2026-4386,CREDIT_CARD,Visa,setl_2593b1fd80,2026-04-16 03:10:00,19504.57,458.36,82.5,18963.71,,SETTLED
pay_fee347c0940b4e,MID_RAZOR_991,ORD-2026-4387,DEBIT_CARD,Mastercard,setl_e6b98bab00,2026-04-16 03:15:00,14367.58,337.64,60.78,13969.16,,SETTLED
pay_df60f0b9dcd54d,MID_RAZOR_991,ORD-2026-4388,DEBIT_CARD,Visa,setl_e5b81ef248,2026-04-16 03:20:00,10093.54,237.2,42.7,9813.64,,SETTLED
pay_dfc19c3b70794f,MID_RAZOR_991,ORD-2026-4389,DEBIT_CARD,Visa,setl_c9e5359005,2026-04-16 03:25:00,16751.47,393.66,70.86,16286.95,,SETTLED
pay_ba3b78e3de774c,MID_RAZOR_991,ORD-2026-4390,DEBIT_CARD,Mastercard,setl_77e9bf5793,2026-04-16 03:30:00,19932.21,468.41,84.31,19379.49,,SETTLED
pay_72b685995a9249,MID_RAZOR_991,ORD-2026-4391,DEBIT_CARD,Visa,setl_381779407e,2026-04-16 03:35:00,13856.4,325.63,58.61,13472.16,,SETTLED
pay_469c6f66bf1f48,MID_RAZOR_991,ORD-2026-4392,CREDIT_CARD,Mastercard,setl_b98c4cf58a,2026-04-16 03:40:00,10386.35,244.08,43.93,10098.34,,SETTLED
pay_5d313406a0db49,MID_RAZOR_991,ORD-2026-4393,CREDIT_CARD,Mastercard,setl_8deb99db45,2026-04-16 03:45:00,8954.56,210.43,37.88,8706.25,,SETTLED
pay_65753bdb22c54e,MID_RAZOR_991,ORD-2026-4394,CREDIT_CARD,Visa,setl_ff35a0aa74,2026-04-16 03:50:00,14200.41,333.71,60.07,13806.63,,SETTLED
pay_53d7143cdb3d45,MID_RAZOR_991,ORD-2026-4395,DEBIT_CARD,Visa,setl_239e50ae07,2026-04-16 03:55:00,13708.84,322.16,57.99,13328.69,,SETTLED
pay_e8d95e9d9ea44f,MID_RAZOR_991,ORD-2026-4396,CREDIT_CARD,Visa,setl_a51391c2b1,2026-04-16 04:00:00,7914.22,185.98,33.48,7694.76,,SETTLED
pay_c5c0ea1786bc47,MID_RAZOR_991,ORD-2026-4397,DEBIT_CARD,Mastercard,setl_35c0128b55,2026-04-16 04:05:00,2979.19,70.01,12.6,2896.58,,SETTLED
pay_cc56b53f07534d,MID_RAZOR_991,ORD-2026-4398,DEBIT_CARD,Visa,setl_10db4c14fb,2026-04-16 04:10:00,17837.04,419.17,75.45,17342.42,,SETTLED
pay_499f32a54dfb41,MID_RAZOR_991,ORD-2026-4399,CREDIT_CARD,Visa,setl_68f50fbfcf,2026-04-16 04:15:00,10176.71,239.15,43.05,9894.51,,SETTLED
pay_6c51a83609a44f,MID_RAZOR_991,ORD-2026-4400,DEBIT_CARD,Mastercard,setl_e2fe38a944,2026-04-16 04:20:00,11904.82,279.76,50.36,11574.7,,SETTLED
pay_6e6e2cce92de4f,MID_RAZOR_991,ORD-2026-4401,CREDIT_CARD,Visa,setl_a6fc688dd5,2026-04-16 04:25:00,13889.24,326.4,58.75,13504.09,,SETTLED
pay_11cf8da82f4d45,MID_RAZOR_991,ORD-2026-4402,DEBIT_CARD,Mastercard,setl_521f239270,2026-04-16 04:30:00,19125.37,449.45,80.9,18595.02,,SETTLED
pay_f0485ee501e644,MID_RAZOR_991,ORD-2026-4403,DEBIT_CARD,Visa,setl_fd5b177794,2026-04-16 04:35:00,3598.71,84.57,15.22,3498.92,,SETTLED
pay_0b668792576948,MID_RAZOR_991,ORD-2026-4404,CREDIT_CARD,Visa,setl_52fc6a0e67,2026-04-16 04:40:00,14946.18,351.24,63.22,14531.72,,SETTLED
pay_bfe1243e380940,MID_RAZOR_991,ORD-2026-4405,DEBIT_CARD,Visa,setl_ab72367321,2026-04-16 04:45:00,9310.6,218.8,39.38,9052.42,,SETTLED
pay_5e14bb6b54194a,MID_RAZOR_991,ORD-2026-4406,CREDIT_CARD,Visa,setl_1e3141b59a,2026-04-16 04:50:00,17132.09,402.6,72.47,16657.02,,SETTLED
pay_de430e92603742,MID_RAZOR_991,ORD-2026-4407,CREDIT_CARD,Visa,setl_1f2f011a56,2026-04-16 04:55:00,13440.85,315.86,56.85,13068.14,,SETTLED
pay_68d8a3dc89a744,MID_RAZOR_991,ORD-2026-4408,DEBIT_CARD,Mastercard,setl_66b178a9bb,2026-04-16 05:00:00,7051.0,165.7,29.83,6855.47,,SETTLED
pay_ec15c4b8803046,MID_RAZOR_991,ORD-2026-4409,CREDIT_CARD,Mastercard,setl_1365d0294b,2026-04-16 05:05:00,13554.65,318.53,57.34,13178.78,,SETTLED
pay_16f33a05ce3747,MID_RAZOR_991,ORD-2026-4410,CREDIT_CARD,Visa,setl_b3f1e91b2e,2026-04-16 05:10:00,5215.57,122.57,22.06,5070.94,,SETTLED
pay_4c4028135e7448,MID_RAZOR_991,ORD-2026-4411,CREDIT_CARD,Mastercard,setl_cd6c01ed56,2026-04-16 05:15:00,13837.33,325.18,58.53,13453.62,,SETTLED
pay_bbf5fd7dcc1f4b,MID_RAZOR_991,ORD-2026-4412,CREDIT_CARD,Mastercard,setl_0850ab7244,2026-04-16 05:20:00,12540.2,294.69,53.04,12192.47,,SETTLED
pay_9501e52ce85e45,MID_RAZOR_991,ORD-2026-4413,CREDIT_CARD,Mastercard,setl_2c1053b87a,2026-04-16 05:25:00,2161.19,50.79,9.14,2101.26,,SETTLED
pay_52ccd705159c48,MID_RAZOR_991,ORD-2026-4414,CREDIT_CARD,Mastercard,setl_04e6077eb7,2026-04-16 05:30:00,6498.66,152.72,27.49,6318.45,,SETTLED
pay_89aa181b8aa845,MID_RAZOR_991,ORD-2026-4415,CREDIT_CARD,Mastercard,setl_27789c4da1,2026-04-16 05:35:00,18529.23,435.44,78.38,18015.41,,SETTLED
pay_c7c53ef674b84c,MID_RAZOR_991,ORD-2026-4416,CREDIT_CARD,Mastercard,setl_3d333f437c,2026-04-16 05:40:00,17200.31,404.21,72.76,16723.34,,SETTLED
pay_f7c56978fa4f43,MID_RAZOR_991,ORD-2026-4417,CREDIT_CARD,Visa,setl_6d56217ef7,2026-04-16 05:45:00,14571.22,342.42,61.64,14167.16,,SETTLED
pay_a6a57e3d287843,MID_RAZOR_991,ORD-2026-4418,DEBIT_CARD,Visa,setl_cae9abf31c,2026-04-16 05:50:00,16215.91,381.07,68.59,15766.25,,SETTLED
pay_b8546087195645,MID_RAZOR_991,ORD-2026-4419,DEBIT_CARD,Visa,setl_97fe69e9be,2026-04-16 05:55:00,16887.24,396.85,71.43,16418.96,,SETTLED
pay_fe84dd225c3d4d,MID_RAZOR_991,ORD-2026-4420,DEBIT_CARD,Visa,setl_52fe69e8a5,2026-04-16 06:00:00,17737.01,416.82,75.03,17245.16,,SETTLED
pay_897fa64324144d,MID_RAZOR_991,ORD-2026-4421,DEBIT_CARD,Visa,setl_7b1a511ae9,2026-04-16 06:05:00,6976.01,163.94,29.51,6782.56,,SETTLED
pay_9ebb593973b441,MID_RAZOR_991,ORD-2026-4422,CREDIT_CARD,Mastercard,setl_5e72dd2643,2026-04-16 06:10:00,6154.78,144.64,26.04,5984.1,,SETTLED
pay_eb43276c03194a,MID_RAZOR_991,ORD-2026-4423,DEBIT_CARD,Mastercard,setl_401e90a020,2026-04-16 06:15:00,12877.74,302.63,54.47,12520.64,,SETTLED
pay_59e2bd9253fe47,MID_RAZOR_991,ORD-2026-4424,CREDIT_CARD,Mastercard,setl_925f212e96,2026-04-16 06:20:00,4328.26,101.71,18.31,4208.24,,SETTLED
pay_dc3bdbfad27148,MID_RAZOR_991,ORD-2026-4425,CREDIT_CARD,Visa,setl_b6e4815f8c,2026-04-16 06:25:00,4427.99,104.06,18.73,4305.2,,SETTLED
pay_2853de57273e4a,MID_RAZOR_991,ORD-2026-4426,DEBIT_CARD,Visa,setl_9705a4ac99,2026-04-16 06:30:00,5321.34,125.05,22.51,5173.78,,SETTLED
pay_35d957ba301943,MID_RAZOR_991,ORD-2026-4427,DEBIT_CARD,Mastercard,setl_51848fe9a8,2026-04-16 06:35:00,9505.15,223.37,40.21,9241.57,,SETTLED
pay_e2fbe190200344,MID_RAZOR_991,ORD-2026-4428,CREDIT_CARD,Visa,setl_ceb4b274d2,2026-04-16 06:40:00,18065.73,424.54,76.42,17564.77,,SETTLED
pay_9a59fdea713c41,MID_RAZOR_991,ORD-2026-4429,CREDIT_CARD,Mastercard,setl_934c04edff,2026-04-16 06:45:00,5876.05,138.09,24.86,5713.1,,SETTLED
pay_5ca13407e4ee49,MID_RAZOR_991,ORD-2026-4430,DEBIT_CARD,Mastercard,setl_f1df802a59,2026-04-16 06:50:00,10116.92,237.75,42.8,9836.37,,SETTLED
pay_c5757034c80447,MID_RAZOR_991,ORD-2026-4431,DEBIT_CARD,Visa,setl_3f23fd8d6c,2026-04-16 06:55:00,4185.52,98.36,17.7,4069.46,,SETTLED
pay_5ff2b387974b45,MID_RAZOR_991,ORD-2026-4432,DEBIT_CARD,Mastercard,setl_cee20aac01,2026-04-16 07:00:00,18113.83,425.68,76.62,17611.53,,SETTLED
pay_383ef21f4d8141,MID_RAZOR_991,ORD-2026-4433,CREDIT_CARD,Visa,setl_7212911889,2026-04-16 07:05:00,19568.87,459.87,82.78,19026.22,,SETTLED
pay_78c3381d16bc4e,MID_RAZOR_991,ORD-2026-4434,CREDIT_CARD,Mastercard,setl_21cd247b68,2026-04-16 07:10:00,2527.96,59.41,10.69,2457.86,,SETTLED
pay_7c2dfedfcbeb4b,MID_RAZOR_991,ORD-2026-4435,DEBIT_CARD,Visa,setl_b018b251cf,2026-04-16 07:15:00,18739.03,440.37,79.27,18219.39,,SETTLED
pay_a9b560ec585a4a,MID_RAZOR_991,ORD-2026-4436,DEBIT_CARD,Mastercard,setl_042ab99d32,2026-04-16 07:20:00,15341.44,360.52,64.89,14916.03,,SETTLED
pay_414c07fca79f45,MID_RAZOR_991,ORD-2026-4437,CREDIT_CARD,Visa,setl_181324e3ab,2026-04-16 07:25:00,5919.09,139.1,25.04,5754.95,,SETTLED
pay_5c07ff5427d544,MID_RAZOR_991,ORD-2026-4438,DEBIT_CARD,Visa,setl_6fc32cc3e9,2026-04-16 07:30:00,7785.15,182.95,32.93,7569.27,,SETTLED
pay_59dee72fc01745,MID_RAZOR_991,ORD-2026-4439,DEBIT_CARD,Visa,setl_1d5af66b81,2026-04-16 07:35:00,13599.69,319.59,57.53,13222.57,,SETTLED
pay_357f99fff5bc41,MID_RAZOR_991,ORD-2026-4440,CREDIT_CARD,Visa,setl_befe88b2e4,2026-04-16 07:40:00,7343.33,172.57,31.06,7139.7,,SETTLED
pay_8d445d2c405444,MID_RAZOR_991,ORD-2026-4441,CREDIT_CARD,Mastercard,setl_505a853222,2026-04-16 07:45:00,6203.58,145.78,26.24,6031.56,,SETTLED
pay_b99fffb33c2441,MID_RAZOR_991,ORD-2026-4442,DEBIT_CARD,Mastercard,setl_9d95abc484,2026-04-16 07:50:00,12955.36,304.45,54.8,12596.11,,SETTLED
pay_3136a12fed7541,MID_RAZOR_991,ORD-2026-4443,DEBIT_CARD,Mastercard,setl_9ec3e09ee7,2026-04-16 07:55:00,4251.84,99.92,17.99,4133.93,,SETTLED
pay_206173bcbb7c46,MID_RAZOR_991,ORD-2026-4444,CREDIT_CARD,Mastercard,setl_e74cd1dfda,2026-04-16 08:00:00,17828.24,418.96,75.41,17333.87,,SETTLED
pay_3e7cccc2ab7340,MID_RAZOR_991,ORD-2026-4445,CREDIT_CARD,Visa,setl_eecc8746e5,2026-04-16 08:05:00,10074.26,236.75,42.61,9794.9,,SETTLED
pay_4a37e2c4728b4d,MID_RAZOR_991,ORD-2026-4446,DEBIT_CARD,Mastercard,setl_8c0570cfd0,2026-04-16 08:10:00,12293.68,288.9,52.0,11952.78,,SETTLED
pay_ebd40c53bcdf49,MID_RAZOR_991,ORD-2026-4447,DEBIT_CARD,Mastercard,setl_8da16d85b8,2026-04-16 08:15:00,6462.36,151.87,27.34,6283.15,,SETTLED
pay_da43914e4d2e48,MID_RAZOR_991,ORD-2026-4448,CREDIT_CARD,Visa,setl_32771bfb34,2026-04-16 08:20:00,7723.78,181.51,32.67,7509.6,,SETTLED
pay_36b2678afdc242,MID_RAZOR_991,ORD-2026-4449,DEBIT_CARD,Visa,setl_9b3dd364e7,2026-04-16 08:25:00,17307.56,406.73,73.21,16827.62,,SETTLED
pay_892de733385641,MID_RAZOR_991,ORD-2026-4450,DEBIT_CARD,Mastercard,setl_4d2129c252,2026-04-16 08:30:00,10925.63,256.75,46.21,10622.67,,SETTLED
pay_01c6a26c3e7247,MID_RAZOR_991,ORD-2026-4451,CREDIT_CARD,Visa,setl_6ffdc05e2e,2026-04-16 08:35:00,6063.6,142.49,25.65,5895.46,,SETTLED
pay_6623a64653ed4f,MID_RAZOR_991,ORD-2026-4452,CREDIT_CARD,Visa,setl_61cdd48082,2026-04-16 08:40:00,14510.18,340.99,61.38,14107.81,,SETTLED
pay_4aa9373e826e49,MID_RAZOR_991,ORD-2026-4453,DEBIT_CARD,Visa,setl_558ee87c10,2026-04-16 08:45:00,5480.77,128.8,23.18,5328.79,,SETTLED
pay_9b074cc1294640,MID_RAZOR_991,ORD-2026-4454,CREDIT_CARD,Mastercard,setl_ee2a93b73d,2026-04-16 08:50:00,16586.57,389.78,70.16,16126.63,,SETTLED
pay_9c0030ef58c04b,MID_RAZOR_991,ORD-2026-4455,CREDIT_CARD,Visa,setl_9686eb6979,2026-04-16 08:55:00,16035.15,376.83,67.83,15590.49,,SETTLED
pay_aa5f7f21b41f4e,MID_RAZOR_991,ORD-2026-4456,DEBIT_CARD,Visa,setl_3115c55a1f,2026-04-16 09:00:00,17588.02,413.32,74.4,17100.3,,SETTLED
pay_f4a9b55a72cd42,MID_RAZOR_991,ORD-2026-4457,DEBIT_CARD,Visa,setl_edda815038,2026-04-16 09:05:00,9443.7,221.93,39.95,9181.82,,SETTLED
pay_2562d780ba734c,MID_RAZOR_991,ORD-2026-4458,DEBIT_CARD,Mastercard,setl_bc31925a04,2026-04-16 09:10:00,13337.75,313.44,56.42,12967.89,,SETTLED
pay_57db22123e2741,MID_RAZOR_991,ORD-2026-4459,CREDIT_CARD,Mastercard,setl_bfb2e02de9,2026-04-16 09:15:00,19298.25,453.51,81.63,18763.11,,SETTLED
pay_3ed32cf5499642,MID_RAZOR_991,ORD-2026-4460,DEBIT_CARD,Visa,setl_89436bb359,2026-04-16 09:20:00,8330.15,195.76,35.24,8099.15,,SETTLED
pay_a02ee0dd130d4a,MID_RAZOR_991,ORD-2026-4461,CREDIT_CARD,Visa,setl_96caa26a70,2026-04-16 09:25:00,12050.2,283.18,50.97,11716.05,,SETTLED
pay_367797681acf4a,MID_RAZOR_991,ORD-2026-4462,DEBIT_CARD,Visa,setl_2bc12bc238,2026-04-16 09:30:00,11802.96,277.37,49.93,11475.66,,SETTLED
pay_6f7b2deae0d54f,MID_RAZOR_991,ORD-2026-4463,DEBIT_CARD,Mastercard,setl_06a21d62e0,2026-04-16 09:35:00,6690.3,157.22,28.3,6504.78,,SETTLED
pay_41f1d4e74c3e49,MID_RAZOR_991,ORD-2026-4464,CREDIT_CARD,Mastercard,setl_a91a3464ea,2026-04-16 09:40:00,18592.86,436.93,78.65,18077.28,,SETTLED
pay_432c49c947a64d,MID_RAZOR_991,ORD-2026-4465,DEBIT_CARD,Visa,setl_c20229a855,2026-04-16 09:45:00,2048.47,48.14,8.67,1991.66,,SETTLED
pay_795ab62a9c1d4e,MID_RAZOR_991,ORD-2026-4466,CREDIT_CARD,Visa,setl_63ba3b6297,2026-04-16 09:50:00,14902.84,350.22,63.04,14489.58,,SETTLED
pay_84f043a0e5074a,MID_RAZOR_991,ORD-2026-4467,DEBIT_CARD,Visa,setl_048b32a3a9,2026-04-16 09:55:00,19724.82,463.53,83.44,19177.85,,SETTLED
pay_35f6a24346354d,MID_RAZOR_991,ORD-2026-4468,CREDIT_CARD,Visa,setl_656069a4b2,2026-04-16 10:00:00,16476.89,387.21,69.7,16019.98,,SETTLED
pay_35dda99c4cae4d,MID_RAZOR_991,ORD-2026-4469,DEBIT_CARD,Visa,setl_de2190fb7d,2026-04-16 10:05:00,9085.81,213.52,38.43,8833.86,,SETTLED
pay_2370ffe86d254b,MID_RAZOR_991,ORD-2026-4470,DEBIT_CARD,Mastercard,setl_276dcc9be4,2026-04-16 10:10:00,18476.09,434.19,78.15,17963.75,,SETTLED
pay_0aa6ce1d021d42,MID_RAZOR_991,ORD-2026-4471,DEBIT_CARD,Mastercard,setl_8134bf1d0d,2026-04-16 10:15:00,13310.16,312.79,56.3,12941.07,,SETTLED
pay_26b039e26a7c42,MID_RAZOR_991,ORD-2026-4472,CREDIT_CARD,Mastercard,setl_77f47c2bc2,2026-04-16 10:20:00,4727.93,111.11,20.0,4596.82,,SETTLED
pay_893a59a20d414e,MID_RAZOR_991,ORD-2026-4473,DEBIT_CARD,Visa,setl_2acffbcd19,2026-04-16 10:25:00,7084.72,166.49,29.97,6888.26,,SETTLED
pay_fbc92b7197b347,MID_RAZOR_991,ORD-2026-4474,CREDIT_CARD,Visa,setl_98bc7f831c,2026-04-16 10:30:00,8165.82,191.9,34.54,7939.38,,SETTLED
pay_31050c98a7ec4c,MID_RAZOR_991,ORD-2026-4475,CREDIT_CARD,Mastercard,setl_e497ee9e98,2026-04-16 10:35:00,12888.23,302.87,54.52,12530.84,,SETTLED
pay_1105746df76945,MID_RAZOR_991,ORD-2026-4476,CREDIT_CARD,Visa,setl_e26d6f52db,2026-04-16 10:40:00,15717.57,369.36,66.48,15281.73,,SETTLED
pay_06d4b082a3344a,MID_RAZOR_991,ORD-2026-4477,DEBIT_CARD,Visa,setl_4c7bbb3276,2026-04-16 10:45:00,19863.2,466.79,84.02,19312.39,,SETTLED
pay_22eb3a8901604d,MID_RAZOR_991,ORD-2026-4478,CREDIT_CARD,Mastercard,setl_33c108deef,2026-04-16 10:50:00,12790.73,300.58,54.1,12436.05,,SETTLED
pay_95408d24bf4842,MID_RAZOR_991,ORD-2026-4479,CREDIT_CARD,Mastercard,setl_0a98f65eab,2026-04-16 10:55:00,3653.76,85.86,15.45,3552.45,,SETTLED
pay_9e66349100dd46,MID_RAZOR_991,ORD-2026-4480,CREDIT_CARD,Mastercard,setl_4ff74ff456,2026-04-16 11:00:00,8035.14,188.83,33.99,7812.32,,SETTLED
pay_f7d61508027c4d,MID_RAZOR_991,ORD-2026-4481,CREDIT_CARD,Visa,setl_bcb1bc63c5,2026-04-16 11:05:00,8172.38,192.05,34.57,7945.76,,SETTLED
pay_fa1eff1178fb4e,MID_RAZOR_991,ORD-2026-4482,CREDIT_CARD,Mastercard,setl_aec0dc72f9,2026-04-16 11:10:00,4005.89,94.14,16.95,3894.8,,SETTLED
pay_6ef157e7fc9841,MID_RAZOR_991,ORD-2026-4483,CREDIT_CARD,Mastercard,setl_308c046408,2026-04-16 11:15:00,4641.32,109.07,19.63,4512.62,,SETTLED
pay_4f6a705f682b44,MID_RAZOR_991,ORD-2026-4484,CREDIT_CARD,Mastercard,setl_b651d8d71f,2026-04-16 11:20:00,10568.88,248.37,44.71,10275.8,,SETTLED
pay_5fb4ffa0d04845,MID_RAZOR_991,ORD-2026-4485,DEBIT_CARD,Visa,setl_83f713affc,2026-04-16 11:25:00,15075.37,354.27,63.77,14657.33,,SETTLED
pay_211a23af08c64f,MID_RAZOR_991,ORD-2026-4486,CREDIT_CARD,Mastercard,setl_7f7a3ed455,2026-04-16 11:30:00,3438.71,80.81,14.55,3343.35,,SETTLED
pay_a2eec1ab52da4c,MID_RAZOR_991,ORD-2026-4487,CREDIT_CARD,Visa,setl_01ff5bd64e,2026-04-16 11:35:00,16811.74,395.08,71.11,16345.55,,SETTLED
pay_14c98ece26b643,MID_RAZOR_991,ORD-2026-4488,DEBIT_CARD,Mastercard,setl_640e499e8d,2026-04-16 11:40:00,9582.04,225.18,40.53,9316.33,,SETTLED
pay_b85e35d0fca348,MID_RAZOR_991,ORD-2026-4489,DEBIT_CARD,Mastercard,setl_41208e9db4,2026-04-16 11:45:00,5236.44,123.06,22.15,5091.23,,SETTLED
pay_43e842ea0d3c41,MID_RAZOR_991,ORD-2026-4490,DEBIT_CARD,Mastercard,setl_0165aa6ed2,2026-04-16 11:50:00,6177.6,145.17,26.13,6006.3,,SETTLED
pay_3a27b53cb57149,MID_RAZOR_991,ORD-2026-4491,DEBIT_CARD,Mastercard,setl_b8fe2b619d,2026-04-16 11:55:00,2295.99,53.96,9.71,2232.32,,SETTLED
pay_f5c860d6b4df44,MID_RAZOR_991,ORD-2026-4492,CREDIT_CARD,Visa,setl_da2706f72e,2026-04-16 12:00:00,18323.29,430.6,77.51,17815.18,,SETTLED
pay_b06a62f34f8c47,MID_RAZOR_991,ORD-2026-4493,CREDIT_CARD,Mastercard,setl_7b5e594735,2026-04-16 12:05:00,9080.67,213.4,38.41,8828.86,,SETTLED
pay_fba71ca9d72e47,MID_RAZOR_991,ORD-2026-4494,DEBIT_CARD,Visa,setl_b48ff35e5c,2026-04-16 12:10:00,16926.23,397.77,71.6,16456.86,,SETTLED
pay_143bfcfe6c6a49,MID_RAZOR_991,ORD-2026-4495,CREDIT_CARD,Visa,setl_2c3a5bf3f7,2026-04-16 12:15:00,13645.63,320.67,57.72,13267.24,,SETTLED
pay_30adf997559a41,MID_RAZOR_991,ORD-2026-4496,CREDIT_CARD,Visa,setl_15e67233af,2026-04-16 12:20:00,2197.08,51.63,9.29,2136.16,,SETTLED
pay_339dcdae950447,MID_RAZOR_991,ORD-2026-4497,CREDIT_CARD,Visa,setl_45318cb63e,2026-04-16 12:25:00,19791.86,465.11,83.72,19243.03,,SETTLED
pay_099cc9de332c44,MID_RAZOR_991,ORD-2026-4498,CREDIT_CARD,Mastercard,setl_f39caa4445,2026-04-16 12:30:00,4576.92,107.56,19.36,4450.0,,SETTLED
pay_1f72d1dd723241,MID_RAZOR_991,ORD-2026-4499,CREDIT_CARD,Mastercard,setl_52ca651b98,2026-04-16 12:35:00,14394.07,338.26,60.89,13994.92,,SETTLED
pay_09732c1b0b5846,MID_RAZOR_991,ORD-2026-4500,DEBIT_CARD,Visa,setl_4bf73985df,2026-04-16 12:40:00,6162.77,144.83,26.07,5991.87,,SETTLED
pay_d647aab6345948,MID_RAZOR_991,ORD-2026-4501,UPI,NA,setl_BATCH_0e8d00b0,2026-04-04 09:00:00,4876.7,97.53,17.56,4761.61,,SETTLED
pay_d13bf10ddd744d,MID_RAZOR_991,ORD-2026-4502,UPI,NA,setl_BATCH_0e8d00b0,2026-04-04 09:00:00,3493.12,69.86,12.57,3410.69,,SETTLED
pay_3e38414808914e,MID_RAZOR_991,ORD-2026-4503,UPI,NA,setl_BATCH_0e8d00b0,2026-04-04 09:00:00,1171.99,23.44,4.22,1144.33,,SETTLED
pay_8f092b7ac5834a,MID_RAZOR_991,ORD-2026-4504,UPI,NA,setl_BATCH_0e8d00b0,2026-04-04 09:00:00,4668.93,93.38,16.81,4558.74,,SETTLED
pay_c7e3c15722f849,MID_RAZOR_991,ORD-2026-4505,UPI,NA,setl_BATCH_0e8d00b0,2026-04-04 09:00:00,3646.34,72.93,13.13,3560.28,,SETTLED
pay_a1f4a1344ed048,MID_RAZOR_991,ORD-2026-4506,UPI,NA,setl_BATCH_0e8d00b0,2026-04-04 09:00:00,4925.93,98.52,17.73,4809.68,,SETTLED
pay_c1dad05c676540,MID_RAZOR_991,ORD-2026-4507,UPI,NA,setl_BATCH_0e8d00b0,2026-04-04 09:00:00,2276.09,45.52,8.19,2222.38,,SETTLED
pay_c4cd73bcafa44a,MID_RAZOR_991,ORD-2026-4508,UPI,NA,setl_BATCH_0e8d00b0,2026-04-04 09:00:00,2141.25,42.83,7.71,2090.71,,SETTLED
pay_b708d5f41f1043,MID_RAZOR_991,ORD-2026-4509,UPI,NA,setl_BATCH_0e8d00b0,2026-04-04 09:00:00,3055.18,61.1,11.0,2983.08,,SETTLED
pay_1e57d1cd843a45,MID_RAZOR_991,ORD-2026-4510,UPI,NA,setl_BATCH_0e8d00b0,2026-04-04 09:00:00,1065.16,21.3,3.83,1040.03,,SETTLED
pay_ac0d16e4cedf43,MID_RAZOR_991,ORD-2026-4511,UPI,NA,setl_BATCH_0e8d00b0,2026-04-04 09:00:00,3192.1,63.84,11.49,3116.77,,SETTLED
pay_084e1aef5f5d4a,MID_RAZOR_991,ORD-2026-4512,UPI,NA,setl_BATCH_0e8d00b0,2026-04-04 09:00:00,3517.0,70.34,12.66,3434.0,,SETTLED
pay_dc27e56c031c4a,MID_RAZOR_991,ORD-2026-4513,UPI,NA,setl_BATCH_0e8d00b0,2026-04-04 09:00:00,2133.57,42.67,7.68,2083.22,,SETTLED
pay_6fc6bb2b7c8343,MID_RAZOR_991,ORD-2026-4514,UPI,NA,setl_BATCH_0e8d00b0,2026-04-04 09:00:00,2592.55,51.85,9.33,2531.37,,SETTLED
pay_1248280f7e044e,MID_RAZOR_991,ORD-2026-4515,UPI,NA,setl_BATCH_0e8d00b0,2026-04-04 09:00:00,4467.82,89.36,16.08,4362.38,,SETTLED
pay_93cf01086a0f42,MID_RAZOR_991,ORD-2026-4516,UPI,NA,setl_BATCH_0e8d00b0,2026-04-04 09:00:00,1493.39,29.87,5.38,1458.14,,SETTLED
pay_28826d322b6541,MID_RAZOR_991,ORD-2026-4517,UPI,NA,setl_BATCH_0e8d00b0,2026-04-04 09:00:00,2259.59,45.19,8.13,2206.27,,SETTLED
pay_49576b5634da46,MID_RAZOR_991,ORD-2026-4518,UPI,NA,setl_BATCH_0e8d00b0,2026-04-04 09:00:00,1048.29,20.97,3.77,1023.55,,SETTLED
pay_8184f265e89b46,MID_RAZOR_991,ORD-2026-4519,UPI,NA,setl_BATCH_0e8d00b0,2026-04-04 09:00:00,4243.44,84.87,15.28,4143.29,,SETTLED
pay_82b26e8cd1fb40,MID_RAZOR_991,ORD-2026-4520,UPI,NA,setl_BATCH_0e8d00b0,2026-04-04 09:00:00,3167.04,63.34,11.4,3092.3,,SETTLED
pay_be8a0558619d40,MID_RAZOR_991,ORD-2026-4521,UPI,NA,setl_BATCH_a1e7f0d0,2026-04-05 09:00:00,2185.33,43.71,7.87,2133.75,,SETTLED
pay_eb47a94c2d7f40,MID_RAZOR_991,ORD-2026-4522,UPI,NA,setl_BATCH_a1e7f0d0,2026-04-05 09:00:00,4607.19,92.14,16.59,4498.46,,SETTLED
pay_541dcf932b2f4e,MID_RAZOR_991,ORD-2026-4523,UPI,NA,setl_BATCH_a1e7f0d0,2026-04-05 09:00:00,1524.33,30.49,5.49,1488.35,,SETTLED
pay_f9a6be65d49847,MID_RAZOR_991,ORD-2026-4524,UPI,NA,setl_BATCH_a1e7f0d0,2026-04-05 09:00:00,2463.89,49.28,8.87,2405.74,,SETTLED
pay_522ac3d18a424b,MID_RAZOR_991,ORD-2026-4525,UPI,NA,setl_BATCH_a1e7f0d0,2026-04-05 09:00:00,1284.03,25.68,4.62,1253.73,,SETTLED
pay_e53c06633c6643,MID_RAZOR_991,ORD-2026-4526,UPI,NA,setl_BATCH_a1e7f0d0,2026-04-05 09:00:00,1017.47,20.35,3.66,993.46,,SETTLED
pay_e52536efa64d4f,MID_RAZOR_991,ORD-2026-4527,UPI,NA,setl_BATCH_a1e7f0d0,2026-04-05 09:00:00,3717.56,74.35,13.38,3629.83,,SETTLED
pay_955a941c758c47,MID_RAZOR_991,ORD-2026-4528,UPI,NA,setl_BATCH_a1e7f0d0,2026-04-05 09:00:00,2988.2,59.76,10.76,2917.68,,SETTLED
pay_309308e8e9894c,MID_RAZOR_991,ORD-2026-4529,UPI,NA,setl_BATCH_a1e7f0d0,2026-04-05 09:00:00,2692.99,53.86,9.69,2629.44,,SETTLED
pay_02eb11b75c724b,MID_RAZOR_991,ORD-2026-4530,UPI,NA,setl_BATCH_a1e7f0d0,2026-04-05 09:00:00,2760.15,55.2,9.94,2695.01,,SETTLED
pay_742012e5435e49,MID_RAZOR_991,ORD-2026-4531,UPI,NA,setl_BATCH_a1e7f0d0,2026-04-05 09:00:00,1515.79,30.32,5.46,1480.01,,SETTLED
pay_5d51ac235e6747,MID_RAZOR_991,ORD-2026-4532,UPI,NA,setl_BATCH_a1e7f0d0,2026-04-05 09:00:00,1300.21,26.0,4.68,1269.53,,SETTLED
pay_1a177b7fa6eb43,MID_RAZOR_991,ORD-2026-4533,UPI,NA,setl_BATCH_a1e7f0d0,2026-04-05 09:00:00,2305.59,46.11,8.3,2251.18,,SETTLED
pay_59e12460d7eb42,MID_RAZOR_991,ORD-2026-4534,UPI,NA,setl_BATCH_a1e7f0d0,2026-04-05 09:00:00,2061.39,41.23,7.42,2012.74,,SETTLED
pay_cb299d9aef3744,MID_RAZOR_991,ORD-2026-4535,UPI,NA,setl_BATCH_a1e7f0d0,2026-04-05 09:00:00,3927.69,78.55,14.14,3835.0,,SETTLED
pay_ba2b8cad66d445,MID_RAZOR_991,ORD-2026-4536,UPI,NA,setl_BATCH_a1e7f0d0,2026-04-05 09:00:00,1388.3,27.77,5.0,1355.53,,SETTLED
pay_207794b9930b4b,MID_RAZOR_991,ORD-2026-4537,UPI,NA,setl_BATCH_a1e7f0d0,2026-04-05 09:00:00,4755.88,95.12,17.12,4643.64,,SETTLED
pay_62ea672df0dc49,MID_RAZOR_991,ORD-2026-4538,UPI,NA,setl_BATCH_a1e7f0d0,2026-04-05 09:00:00,1217.66,24.35,4.38,1188.93,,SETTLED
pay_d65e04002f3741,MID_RAZOR_991,ORD-2026-4539,UPI,NA,setl_BATCH_a1e7f0d0,2026-04-05 09:00:00,3290.68,65.81,11.85,3213.02,,SETTLED
pay_58b174b943ca4b,MID_RAZOR_991,ORD-2026-4540,UPI,NA,setl_BATCH_a1e7f0d0,2026-04-05 09:00:00,4729.62,94.59,17.03,4618.0,,SETTLED
pay_b43a788ac2f446,MID_RAZOR_991,ORD-2026-4541,UPI,NA,setl_BATCH_cd8ede7d,2026-04-06 09:00:00,4857.7,97.15,17.49,4743.06,,SETTLED
pay_c59de700fa6543,MID_RAZOR_991,ORD-2026-4542,UPI,NA,setl_BATCH_cd8ede7d,2026-04-06 09:00:00,2618.46,52.37,9.43,2556.66,,SETTLED
pay_9c26fbc173b246,MID_RAZOR_991,ORD-2026-4543,UPI,NA,setl_BATCH_cd8ede7d,2026-04-06 09:00:00,2320.39,46.41,8.35,2265.63,,SETTLED
pay_f6716a6008474b,MID_RAZOR_991,ORD-2026-4544,UPI,NA,setl_BATCH_cd8ede7d,2026-04-06 09:00:00,1940.21,38.8,6.98,1894.43,,SETTLED
pay_cac5a7f48f354e,MID_RAZOR_991,ORD-2026-4545,UPI,NA,setl_BATCH_cd8ede7d,2026-04-06 09:00:00,3429.09,68.58,12.34,3348.17,,SETTLED
pay_c25d590475634e,MID_RAZOR_991,ORD-2026-4546,UPI,NA,setl_BATCH_cd8ede7d,2026-04-06 09:00:00,3682.21,73.64,13.26,3595.31,,SETTLED
pay_ac179a64f8044d,MID_RAZOR_991,ORD-2026-4547,UPI,NA,setl_BATCH_cd8ede7d,2026-04-06 09:00:00,3187.75,63.76,11.48,3112.51,,SETTLED
pay_b6f345bbd0e44d,MID_RAZOR_991,ORD-2026-4548,UPI,NA,setl_BATCH_cd8ede7d,2026-04-06 09:00:00,3746.66,74.93,13.49,3658.24,,SETTLED
pay_0c49380b67ad4e,MID_RAZOR_991,ORD-2026-4549,UPI,NA,setl_BATCH_cd8ede7d,2026-04-06 09:00:00,4882.28,97.65,17.58,4767.05,,SETTLED
pay_c52a04c0213e4d,MID_RAZOR_991,ORD-2026-4550,UPI,NA,setl_BATCH_cd8ede7d,2026-04-06 09:00:00,4205.16,84.1,15.14,4105.92,,SETTLED
pay_e524f50a421341,MID_RAZOR_991,ORD-2026-4551,UPI,NA,setl_BATCH_cd8ede7d,2026-04-06 09:00:00,2061.44,41.23,7.42,2012.79,,SETTLED
pay_61f8117dae4b44,MID_RAZOR_991,ORD-2026-4552,UPI,NA,setl_BATCH_cd8ede7d,2026-04-06 09:00:00,1401.05,28.02,5.04,1367.99,,SETTLED
pay_575545f187c445,MID_RAZOR_991,ORD-2026-4553,UPI,NA,setl_BATCH_cd8ede7d,2026-04-06 09:00:00,1102.13,22.04,3.97,1076.12,,SETTLED
pay_13b1a821fb1d47,MID_RAZOR_991,ORD-2026-4554,UPI,NA,setl_BATCH_cd8ede7d,2026-04-06 09:00:00,2955.48,59.11,10.64,2885.73,,SETTLED
pay_3b8f1e276bd641,MID_RAZOR_991,ORD-2026-4555,UPI,NA,setl_BATCH_cd8ede7d,2026-04-06 09:00:00,4401.24,88.02,15.84,4297.38,,SETTLED
pay_b9c1b87ce44840,MID_RAZOR_991,ORD-2026-4556,UPI,NA,setl_BATCH_cd8ede7d,2026-04-06 09:00:00,3825.87,76.52,13.77,3735.58,,SETTLED
pay_c00785dfcd7046,MID_RAZOR_991,ORD-2026-4557,UPI,NA,setl_BATCH_cd8ede7d,2026-04-06 09:00:00,4144.54,82.89,14.92,4046.73,,SETTLED
pay_30f43866919046,MID_RAZOR_991,ORD-2026-4558,UPI,NA,setl_BATCH_cd8ede7d,2026-04-06 09:00:00,3262.09,65.24,11.74,3185.11,,SETTLED
pay_f701177d3efb43,MID_RAZOR_991,ORD-2026-4559,UPI,NA,setl_BATCH_cd8ede7d,2026-04-06 09:00:00,2036.31,40.73,7.33,1988.25,,SETTLED
pay_92af066936664a,MID_RAZOR_991,ORD-2026-4560,UPI,NA,setl_BATCH_cd8ede7d,2026-04-06 09:00:00,4686.24,93.72,16.87,4575.65,,SETTLED
pay_de69cc0b61f04f,MID_RAZOR_991,ORD-2026-4561,UPI,NA,setl_BATCH_c8a745bd,2026-04-07 09:00:00,1655.46,33.11,5.96,1616.39,,SETTLED
pay_eca82fda512b4c,MID_RAZOR_991,ORD-2026-4562,UPI,NA,setl_BATCH_c8a745bd,2026-04-07 09:00:00,2504.25,50.09,9.02,2445.14,,SETTLED
pay_031d8669f85749,MID_RAZOR_991,ORD-2026-4563,UPI,NA,setl_BATCH_c8a745bd,2026-04-07 09:00:00,1661.35,33.23,5.98,1622.14,,SETTLED
pay_faba1ccf929f49,MID_RAZOR_991,ORD-2026-4564,UPI,NA,setl_BATCH_c8a745bd,2026-04-07 09:00:00,3487.8,69.76,12.56,3405.48,,SETTLED
pay_25927aa8f3b24d,MID_RAZOR_991,ORD-2026-4565,UPI,NA,setl_BATCH_c8a745bd,2026-04-07 09:00:00,3883.72,77.67,13.98,3792.07,,SETTLED
pay_dbf05c00c57244,MID_RAZOR_991,ORD-2026-4566,UPI,NA,setl_BATCH_c8a745bd,2026-04-07 09:00:00,1562.77,31.26,5.63,1525.88,,SETTLED
pay_a9bce8da075845,MID_RAZOR_991,ORD-2026-4567,UPI,NA,setl_BATCH_c8a745bd,2026-04-07 09:00:00,3744.04,74.88,13.48,3655.68,,SETTLED
pay_3849a8cc8f054d,MID_RAZOR_991,ORD-2026-4568,UPI,NA,setl_BATCH_c8a745bd,2026-04-07 09:00:00,1375.68,27.51,4.95,1343.22,,SETTLED
pay_bda8620222b14c,MID_RAZOR_991,ORD-2026-4569,UPI,NA,setl_BATCH_c8a745bd,2026-04-07 09:00:00,2693.12,53.86,9.69,2629.57,,SETTLED
pay_c5f0475666e445,MID_RAZOR_991,ORD-2026-4570,UPI,NA,setl_BATCH_c8a745bd,2026-04-07 09:00:00,4044.58,80.89,14.56,3949.13,,SETTLED
pay_864a0525b4914b,MID_RAZOR_991,ORD-2026-4571,UPI,NA,setl_BATCH_c8a745bd,2026-04-07 09:00:00,2115.6,42.31,7.62,2065.67,,SETTLED
pay_b60eef62402848,MID_RAZOR_991,ORD-2026-4572,UPI,NA,setl_BATCH_c8a745bd,2026-04-07 09:00:00,4846.11,96.92,17.45,4731.74,,SETTLED
pay_2069394f1acc4c,MID_RAZOR_991,ORD-2026-4573,UPI,NA,setl_BATCH_c8a745bd,2026-04-07 09:00:00,1282.41,25.65,4.62,1252.14,,SETTLED
pay_ab561d307e2347,MID_RAZOR_991,ORD-2026-4574,UPI,NA,setl_BATCH_c8a745bd,2026-04-07 09:00:00,4557.83,91.16,16.41,4450.26,,SETTLED
pay_3dab6bf6a4e546,MID_RAZOR_991,ORD-2026-4575,UPI,NA,setl_BATCH_c8a745bd,2026-04-07 09:00:00,2933.09,58.66,10.56,2863.87,,SETTLED
pay_70387fa7acb34d,MID_RAZOR_991,ORD-2026-4576,UPI,NA,setl_BATCH_c8a745bd,2026-04-07 09:00:00,2313.02,46.26,8.33,2258.43,,SETTLED
pay_e2cedac1a9354a,MID_RAZOR_991,ORD-2026-4577,UPI,NA,setl_BATCH_c8a745bd,2026-04-07 09:00:00,2368.39,47.37,8.53,2312.49,,SETTLED
pay_05c0b71825ff44,MID_RAZOR_991,ORD-2026-4578,UPI,NA,setl_BATCH_c8a745bd,2026-04-07 09:00:00,4659.35,93.19,16.77,4549.39,,SETTLED
pay_e22338dd0e8b49,MID_RAZOR_991,ORD-2026-4579,UPI,NA,setl_BATCH_c8a745bd,2026-04-07 09:00:00,2745.67,54.91,9.88,2680.88,,SETTLED
pay_beb9f21fc03344,MID_RAZOR_991,ORD-2026-4580,UPI,NA,setl_BATCH_c8a745bd,2026-04-07 09:00:00,3204.46,64.09,11.54,3128.83,,SETTLED
pay_4284c851961744,MID_RAZOR_991,ORD-2026-4581,UPI,NA,setl_BATCH_f5e0ff36,2026-04-08 09:00:00,1015.12,20.3,3.65,991.17,,SETTLED
pay_88e84dc6d44743,MID_RAZOR_991,ORD-2026-4582,UPI,NA,setl_BATCH_f5e0ff36,2026-04-08 09:00:00,4938.73,98.77,17.78,4822.18,,SETTLED
pay_7255c696aea84d,MID_RAZOR_991,ORD-2026-4583,UPI,NA,setl_BATCH_f5e0ff36,2026-04-08 09:00:00,1618.9,32.38,5.83,1580.69,,SETTLED
pay_3cf1adc3595146,MID_RAZOR_991,ORD-2026-4584,UPI,NA,setl_BATCH_f5e0ff36,2026-04-08 09:00:00,3898.83,77.98,14.04,3806.81,,SETTLED
pay_8331b99be39443,MID_RAZOR_991,ORD-2026-4585,UPI,NA,setl_BATCH_f5e0ff36,2026-04-08 09:00:00,2971.05,59.42,10.7,2900.93,,SETTLED
pay_ede523716ea24e,MID_RAZOR_991,ORD-2026-4586,UPI,NA,setl_BATCH_f5e0ff36,2026-04-08 09:00:00,1873.38,37.47,6.74,1829.17,,SETTLED
pay_06a93bc513be48,MID_RAZOR_991,ORD-2026-4587,UPI,NA,setl_BATCH_f5e0ff36,2026-04-08 09:00:00,4546.81,90.94,16.37,4439.5,,SETTLED
pay_65ef4c4a03ad4c,MID_RAZOR_991,ORD-2026-4588,UPI,NA,setl_BATCH_f5e0ff36,2026-04-08 09:00:00,4840.36,96.81,17.43,4726.12,,SETTLED
pay_25698e89ceb04c,MID_RAZOR_991,ORD-2026-4589,UPI,NA,setl_BATCH_f5e0ff36,2026-04-08 09:00:00,4714.32,94.29,16.97,4603.06,,SETTLED
pay_cb408dd53d3a49,MID_RAZOR_991,ORD-2026-4590,UPI,NA,setl_BATCH_f5e0ff36,2026-04-08 09:00:00,4702.05,94.04,16.93,4591.08,,SETTLED
pay_268465a9788246,MID_RAZOR_991,ORD-2026-4591,UPI,NA,setl_BATCH_f5e0ff36,2026-04-08 09:00:00,1829.34,36.59,6.59,1786.16,,SETTLED
pay_59344f3344934c,MID_RAZOR_991,ORD-2026-4592,UPI,NA,setl_BATCH_f5e0ff36,2026-04-08 09:00:00,1952.16,39.04,7.03,1906.09,,SETTLED
pay_e07f94f5b5c841,MID_RAZOR_991,ORD-2026-4593,UPI,NA,setl_BATCH_f5e0ff36,2026-04-08 09:00:00,3457.45,69.15,12.45,3375.85,,SETTLED
pay_6c0cf5065ac84d,MID_RAZOR_991,ORD-2026-4594,UPI,NA,setl_BATCH_f5e0ff36,2026-04-08 09:00:00,3013.69,60.27,10.85,2942.57,,SETTLED
pay_437630fd083a46,MID_RAZOR_991,ORD-2026-4595,UPI,NA,setl_BATCH_f5e0ff36,2026-04-08 09:00:00,3520.7,70.41,12.67,3437.62,,SETTLED
pay_56cf8f92dca246,MID_RAZOR_991,ORD-2026-4596,UPI,NA,setl_BATCH_f5e0ff36,2026-04-08 09:00:00,4296.37,85.93,15.47,4194.97,,SETTLED
pay_d514e13678074f,MID_RAZOR_991,ORD-2026-4597,UPI,NA,setl_BATCH_f5e0ff36,2026-04-08 09:00:00,2190.04,43.8,7.88,2138.36,,SETTLED
pay_3eb81005aef540,MID_RAZOR_991,ORD-2026-4598,UPI,NA,setl_BATCH_f5e0ff36,2026-04-08 09:00:00,4591.23,91.82,16.53,4482.88,,SETTLED
pay_a0f774a2387341,MID_RAZOR_991,ORD-2026-4599,UPI,NA,setl_BATCH_f5e0ff36,2026-04-08 09:00:00,3701.59,74.03,13.33,3614.23,,SETTLED
pay_ddafe8a9804c43,MID_RAZOR_991,ORD-2026-4600,UPI,NA,setl_BATCH_f5e0ff36,2026-04-08 09:00:00,4126.0,82.52,14.85,4028.63,,SETTLED
pay_0cf08ac65c024c,MID_RAZOR_991,ORD-2026-4601,UPI,NA,setl_BATCH_1eb26ea8,2026-04-09 09:00:00,2712.11,54.24,9.76,2648.11,,SETTLED
pay_26a6431dc8dd42,MID_RAZOR_991,ORD-2026-4602,UPI,NA,setl_BATCH_1eb26ea8,2026-04-09 09:00:00,2485.0,49.7,8.95,2426.35,,SETTLED
pay_447c1278721d45,MID_RAZOR_991,ORD-2026-4603,UPI,NA,setl_BATCH_1eb26ea8,2026-04-09 09:00:00,4321.63,86.43,15.56,4219.64,,SETTLED
pay_31d4ef77373942,MID_RAZOR_991,ORD-2026-4604,UPI,NA,setl_BATCH_1eb26ea8,2026-04-09 09:00:00,1980.44,39.61,7.13,1933.7,,SETTLED
pay_b43d962a271345,MID_RAZOR_991,ORD-2026-4605,UPI,NA,setl_BATCH_1eb26ea8,2026-04-09 09:00:00,4219.4,84.39,15.19,4119.82,,SETTLED
pay_8d6c7cad6cc94f,MID_RAZOR_991,ORD-2026-4606,UPI,NA,setl_BATCH_1eb26ea8,2026-04-09 09:00:00,4387.8,87.76,15.8,4284.24,,SETTLED
pay_b2fb32c934df49,MID_RAZOR_991,ORD-2026-4607,UPI,NA,setl_BATCH_1eb26ea8,2026-04-09 09:00:00,4783.46,95.67,17.22,4670.57,,SETTLED
pay_fb5ab9d050ad49,MID_RAZOR_991,ORD-2026-4608,UPI,NA,setl_BATCH_1eb26ea8,2026-04-09 09:00:00,3294.71,65.89,11.86,3216.96,,SETTLED
pay_c7d343f7f3fc45,MID_RAZOR_991,ORD-2026-4609,UPI,NA,setl_BATCH_1eb26ea8,2026-04-09 09:00:00,3380.05,67.6,12.17,3300.28,,SETTLED
pay_f3c8960ea64f4e,MID_RAZOR_991,ORD-2026-4610,UPI,NA,setl_BATCH_1eb26ea8,2026-04-09 09:00:00,3090.87,61.82,11.13,3017.92,,SETTLED
pay_66f2ac5ae37d43,MID_RAZOR_991,ORD-2026-4611,UPI,NA,setl_BATCH_1eb26ea8,2026-04-09 09:00:00,3795.93,75.92,13.67,3706.34,,SETTLED
pay_e7a2b64395584b,MID_RAZOR_991,ORD-2026-4612,UPI,NA,setl_BATCH_1eb26ea8,2026-04-09 09:00:00,3297.26,65.95,11.87,3219.44,,SETTLED
pay_ac2dd760479f40,MID_RAZOR_991,ORD-2026-4613,UPI,NA,setl_BATCH_1eb26ea8,2026-04-09 09:00:00,2111.19,42.22,7.6,2061.37,,SETTLED
pay_ba65b12c75af41,MID_RAZOR_991,ORD-2026-4614,UPI,NA,setl_BATCH_1eb26ea8,2026-04-09 09:00:00,3394.97,67.9,12.22,3314.85,,SETTLED
pay_a19696595ab442,MID_RAZOR_991,ORD-2026-4615,UPI,NA,setl_BATCH_1eb26ea8,2026-04-09 09:00:00,1137.53,22.75,4.09,1110.69,,SETTLED
pay_2681b9f8457048,MID_RAZOR_991,ORD-2026-4616,UPI,NA,setl_BATCH_1eb26ea8,2026-04-09 09:00:00,1056.82,21.14,3.81,1031.87,,SETTLED
pay_8bf82837737944,MID_RAZOR_991,ORD-2026-4617,UPI,NA,setl_BATCH_1eb26ea8,2026-04-09 09:00:00,3808.8,76.18,13.71,3718.91,,SETTLED
pay_d30c325290854c,MID_RAZOR_991,ORD-2026-4618,UPI,NA,setl_BATCH_1eb26ea8,2026-04-09 09:00:00,4294.18,85.88,15.46,4192.84,,SETTLED
pay_c6c6fec737744e,MID_RAZOR_991,ORD-2026-4619,UPI,NA,setl_BATCH_1eb26ea8,2026-04-09 09:00:00,1865.91,37.32,6.72,1821.87,,SETTLED
pay_010833e33c9647,MID_RAZOR_991,ORD-2026-4620,UPI,NA,setl_BATCH_1eb26ea8,2026-04-09 09:00:00,1889.73,37.79,6.8,1845.14,,SETTLED
pay_074392ec606046,MID_RAZOR_991,ORD-2026-4621,UPI,NA,setl_BATCH_36559fa8,2026-04-10 09:00:00,1523.05,30.46,5.48,1487.11,,SETTLED
pay_978bdc8ed66541,MID_RAZOR_991,ORD-2026-4622,UPI,NA,setl_BATCH_36559fa8,2026-04-10 09:00:00,3192.21,63.84,11.49,3116.88,,SETTLED
pay_97351468df2941,MID_RAZOR_991,ORD-2026-4623,UPI,NA,setl_BATCH_36559fa8,2026-04-10 09:00:00,1298.52,25.97,4.67,1267.88,,SETTLED
pay_f3f98a780c494f,MID_RAZOR_991,ORD-2026-4624,UPI,NA,setl_BATCH_36559fa8,2026-04-10 09:00:00,3463.67,69.27,12.47,3381.93,,SETTLED
pay_4da24c01b5784b,MID_RAZOR_991,ORD-2026-4625,UPI,NA,setl_BATCH_36559fa8,2026-04-10 09:00:00,2005.91,40.12,7.22,1958.57,,SETTLED
pay_46a0292e703544,MID_RAZOR_991,ORD-2026-4626,UPI,NA,setl_BATCH_36559fa8,2026-04-10 09:00:00,1292.94,25.86,4.65,1262.43,,SETTLED
pay_98de168c253844,MID_RAZOR_991,ORD-2026-4627,UPI,NA,setl_BATCH_36559fa8,2026-04-10 09:00:00,3965.25,79.31,14.28,3871.66,,SETTLED
pay_3f063143e0b847,MID_RAZOR_991,ORD-2026-4628,UPI,NA,setl_BATCH_36559fa8,2026-04-10 09:00:00,4638.48,92.77,16.7,4529.01,,SETTLED
pay_b488d004b40845,MID_RAZOR_991,ORD-2026-4629,UPI,NA,setl_BATCH_36559fa8,2026-04-10 09:00:00,4661.68,93.23,16.78,4551.67,,SETTLED
pay_8476df61b5bf41,MID_RAZOR_991,ORD-2026-4630,UPI,NA,setl_BATCH_36559fa8,2026-04-10 09:00:00,1690.5,33.81,6.09,1650.6,,SETTLED
pay_08816b692f6447,MID_RAZOR_991,ORD-2026-4631,UPI,NA,setl_BATCH_36559fa8,2026-04-10 09:00:00,2590.77,51.82,9.33,2529.62,,SETTLED
pay_abf1f9c165234f,MID_RAZOR_991,ORD-2026-4632,UPI,NA,setl_BATCH_36559fa8,2026-04-10 09:00:00,3016.06,60.32,10.86,2944.88,,SETTLED
pay_60dc7c53b2f34a,MID_RAZOR_991,ORD-2026-4633,UPI,NA,setl_BATCH_36559fa8,2026-04-10 09:00:00,4388.98,87.78,15.8,4285.4,,SETTLED
pay_45c185ad898a40,MID_RAZOR_991,ORD-2026-4634,UPI,NA,setl_BATCH_36559fa8,2026-04-10 09:00:00,1565.38,31.31,5.64,1528.43,,SETTLED
pay_125143ee58364e,MID_RAZOR_991,ORD-2026-4635,UPI,NA,setl_BATCH_36559fa8,2026-04-10 09:00:00,2801.0,56.02,10.08,2734.9,,SETTLED
pay_6818a3f8682541,MID_RAZOR_991,ORD-2026-4636,UPI,NA,setl_BATCH_36559fa8,2026-04-10 09:00:00,2932.32,58.65,10.56,2863.11,,SETTLED
pay_65d747c1bc974d,MID_RAZOR_991,ORD-2026-4637,UPI,NA,setl_BATCH_36559fa8,2026-04-10 09:00:00,3186.62,63.73,11.47,3111.42,,SETTLED
pay_0b3cc50f39ee45,MID_RAZOR_991,ORD-2026-4638,UPI,NA,setl_BATCH_36559fa8,2026-04-10 09:00:00,2551.73,51.03,9.19,2491.51,,SETTLED
pay_51df41e4c39e40,MID_RAZOR_991,ORD-2026-4639,UPI,NA,setl_BATCH_36559fa8,2026-04-10 09:00:00,3790.11,75.8,13.64,3700.67,,SETTLED
pay_6e6469af3a424b,MID_RAZOR_991,ORD-2026-4640,UPI,NA,setl_BATCH_36559fa8,2026-04-10 09:00:00,3893.35,77.87,14.02,3801.46,,SETTLED
pay_d7386fd3340e4c,MID_RAZOR_991,ORD-2026-4641,UPI,NA,setl_BATCH_adf8f5f7,2026-04-11 09:00:00,2870.15,57.4,10.33,2802.42,,SETTLED
pay_d9c98f6f495a49,MID_RAZOR_991,ORD-2026-4642,UPI,NA,setl_BATCH_adf8f5f7,2026-04-11 09:00:00,2565.66,51.31,9.24,2505.11,,SETTLED
pay_699c83a810a64a,MID_RAZOR_991,ORD-2026-4643,UPI,NA,setl_BATCH_adf8f5f7,2026-04-11 09:00:00,2713.53,54.27,9.77,2649.49,,SETTLED
pay_5d72969a9f7644,MID_RAZOR_991,ORD-2026-4644,UPI,NA,setl_BATCH_adf8f5f7,2026-04-11 09:00:00,2077.36,41.55,7.48,2028.33,,SETTLED
pay_e9c26af989e140,MID_RAZOR_991,ORD-2026-4645,UPI,NA,setl_BATCH_adf8f5f7,2026-04-11 09:00:00,4534.38,90.69,16.32,4427.37,,SETTLED
pay_e6d164a308a54d,MID_RAZOR_991,ORD-2026-4646,UPI,NA,setl_BATCH_adf8f5f7,2026-04-11 09:00:00,4884.26,97.69,17.58,4768.99,,SETTLED
pay_f567604a3a3d44,MID_RAZOR_991,ORD-2026-4647,UPI,NA,setl_BATCH_adf8f5f7,2026-04-11 09:00:00,1805.32,36.11,6.5,1762.71,,SETTLED
pay_4ac4677ac9c74c,MID_RAZOR_991,ORD-2026-4648,UPI,NA,setl_BATCH_adf8f5f7,2026-04-11 09:00:00,4357.64,87.15,15.69,4254.8,,SETTLED
pay_973a9befa8a04d,MID_RAZOR_991,ORD-2026-4649,UPI,NA,setl_BATCH_adf8f5f7,2026-04-11 09:00:00,4520.23,90.4,16.27,4413.56,,SETTLED
pay_a0d3186d4eb34a,MID_RAZOR_991,ORD-2026-4650,UPI,NA,setl_BATCH_adf8f5f7,2026-04-11 09:00:00,2536.76,50.74,9.13,2476.89,,SETTLED
pay_7698f15308fc40,MID_RAZOR_991,ORD-2026-4651,UPI,NA,setl_BATCH_adf8f5f7,2026-04-11 09:00:00,1395.83,27.92,5.03,1362.88,,SETTLED
pay_65a114d0d0fd42,MID_RAZOR_991,ORD-2026-4652,UPI,NA,setl_BATCH_adf8f5f7,2026-04-11 09:00:00,4603.47,92.07,16.57,4494.83,,SETTLED
pay_34b51074e3d645,MID_RAZOR_991,ORD-2026-4653,UPI,NA,setl_BATCH_adf8f5f7,2026-04-11 09:00:00,3026.27,60.53,10.9,2954.84,,SETTLED
pay_5e73224e72e74b,MID_RAZOR_991,ORD-2026-4654,UPI,NA,setl_BATCH_adf8f5f7,2026-04-11 09:00:00,2997.05,59.94,10.79,2926.32,,SETTLED
pay_48130155d6224d,MID_RAZOR_991,ORD-2026-4655,UPI,NA,setl_BATCH_adf8f5f7,2026-04-11 09:00:00,2289.89,45.8,8.24,2235.85,,SETTLED
pay_9b09851753b144,MID_RAZOR_991,ORD-2026-4656,UPI,NA,setl_BATCH_adf8f5f7,2026-04-11 09:00:00,2408.26,48.17,8.67,2351.42,,SETTLED
pay_2dcf76b577bb46,MID_RAZOR_991,ORD-2026-4657,UPI,NA,setl_BATCH_adf8f5f7,2026-04-11 09:00:00,2881.04,57.62,10.37,2813.05,,SETTLED
pay_66d54a88b45e41,MID_RAZOR_991,ORD-2026-4658,UPI,NA,setl_BATCH_adf8f5f7,2026-04-11 09:00:00,1027.39,20.55,3.7,1003.14,,SETTLED
pay_82dfeb5f9def4a,MID_RAZOR_991,ORD-2026-4659,UPI,NA,setl_BATCH_adf8f5f7,2026-04-11 09:00:00,2785.64,55.71,10.03,2719.9,,SETTLED
pay_f29b9ff98aa547,MID_RAZOR_991,ORD-2026-4660,UPI,NA,setl_BATCH_adf8f5f7,2026-04-11 09:00:00,4233.43,84.67,15.24,4133.52,,SETTLED
pay_84e5a6ebd70f43,MID_RAZOR_991,ORD-2026-4661,UPI,NA,setl_BATCH_502c9785,2026-04-12 09:00:00,1229.96,24.6,4.43,1200.93,,SETTLED
pay_c13f8b30c90443,MID_RAZOR_991,ORD-2026-4662,UPI,NA,setl_BATCH_502c9785,2026-04-12 09:00:00,2530.46,50.61,9.11,2470.74,,SETTLED
pay_a87041edac0647,MID_RAZOR_991,ORD-2026-4663,UPI,NA,setl_BATCH_502c9785,2026-04-12 09:00:00,1426.05,28.52,5.13,1392.4,,SETTLED
pay_4116a3fb662f4a,MID_RAZOR_991,ORD-2026-4664,UPI,NA,setl_BATCH_502c9785,2026-04-12 09:00:00,4446.3,88.93,16.01,4341.36,,SETTLED
pay_4f7c8b02cc164f,MID_RAZOR_991,ORD-2026-4665,UPI,NA,setl_BATCH_502c9785,2026-04-12 09:00:00,4079.36,81.59,14.69,3983.08,,SETTLED
pay_068da378fa9746,MID_RAZOR_991,ORD-2026-4666,UPI,NA,setl_BATCH_502c9785,2026-04-12 09:00:00,1019.75,20.39,3.67,995.69,,SETTLED
pay_5bd38159a6e943,MID_RAZOR_991,ORD-2026-4667,UPI,NA,setl_BATCH_502c9785,2026-04-12 09:00:00,3117.13,62.34,11.22,3043.57,,SETTLED
pay_c76fe9e27b5846,MID_RAZOR_991,ORD-2026-4668,UPI,NA,setl_BATCH_502c9785,2026-04-12 09:00:00,1067.95,21.36,3.84,1042.75,,SETTLED
pay_cef22e61963149,MID_RAZOR_991,ORD-2026-4669,UPI,NA,setl_BATCH_502c9785,2026-04-12 09:00:00,4282.33,85.65,15.42,4181.26,,SETTLED
pay_7bd5bf1bcb9f48,MID_RAZOR_991,ORD-2026-4670,UPI,NA,setl_BATCH_502c9785,2026-04-12 09:00:00,1254.09,25.08,4.51,1224.5,,SETTLED
pay_363c29751ee542,MID_RAZOR_991,ORD-2026-4671,UPI,NA,setl_BATCH_502c9785,2026-04-12 09:00:00,2632.84,52.66,9.48,2570.7,,SETTLED
pay_4137cfd8d8e643,MID_RAZOR_991,ORD-2026-4672,UPI,NA,setl_BATCH_502c9785,2026-04-12 09:00:00,2193.2,43.86,7.89,2141.45,,SETTLED
pay_0bda8bb5c97347,MID_RAZOR_991,ORD-2026-4673,UPI,NA,setl_BATCH_502c9785,2026-04-12 09:00:00,4665.23,93.3,16.79,4555.14,,SETTLED
pay_5bf37e0dfb4742,MID_RAZOR_991,ORD-2026-4674,UPI,NA,setl_BATCH_502c9785,2026-04-12 09:00:00,2644.85,52.9,9.52,2582.43,,SETTLED
pay_36774a43fed140,MID_RAZOR_991,ORD-2026-4675,UPI,NA,setl_BATCH_502c9785,2026-04-12 09:00:00,4189.25,83.78,15.08,4090.39,,SETTLED
pay_ddce7052bde243,MID_RAZOR_991,ORD-2026-4676,UPI,NA,setl_BATCH_502c9785,2026-04-12 09:00:00,1194.05,23.88,4.3,1165.87,,SETTLED
pay_6033878536fb48,MID_RAZOR_991,ORD-2026-4677,UPI,NA,setl_BATCH_502c9785,2026-04-12 09:00:00,1121.59,22.43,4.04,1095.12,,SETTLED
pay_207ae5e4379d43,MID_RAZOR_991,ORD-2026-4678,UPI,NA,setl_BATCH_502c9785,2026-04-12 09:00:00,1276.65,25.53,4.6,1246.52,,SETTLED
pay_5b83d011687749,MID_RAZOR_991,ORD-2026-4679,UPI,NA,setl_BATCH_502c9785,2026-04-12 09:00:00,3313.55,66.27,11.93,3235.35,,SETTLED
pay_8a059f8175b347,MID_RAZOR_991,ORD-2026-4680,UPI,NA,setl_BATCH_502c9785,2026-04-12 09:00:00,1264.85,25.3,4.55,1235.0,,SETTLED
pay_96de9fe4107d49,MID_RAZOR_991,ORD-2026-4681,UPI,NA,setl_BATCH_d6e2b6ba,2026-04-13 09:00:00,4472.03,89.44,16.1,4366.49,,SETTLED
pay_aa173bdf841a4e,MID_RAZOR_991,ORD-2026-4682,UPI,NA,setl_BATCH_d6e2b6ba,2026-04-13 09:00:00,4362.8,87.26,15.71,4259.83,,SETTLED
pay_5bb8af8267d440,MID_RAZOR_991,ORD-2026-4683,UPI,NA,setl_BATCH_d6e2b6ba,2026-04-13 09:00:00,3220.95,64.42,11.6,3144.93,,SETTLED
pay_58f204f7270f4a,MID_RAZOR_991,ORD-2026-4684,UPI,NA,setl_BATCH_d6e2b6ba,2026-04-13 09:00:00,2450.31,49.01,8.82,2392.48,,SETTLED
pay_deaa6c328ff54b,MID_RAZOR_991,ORD-2026-4685,UPI,NA,setl_BATCH_d6e2b6ba,2026-04-13 09:00:00,1052.73,21.05,3.79,1027.89,,SETTLED
pay_ac6dfe7ddee046,MID_RAZOR_991,ORD-2026-4686,UPI,NA,setl_BATCH_d6e2b6ba,2026-04-13 09:00:00,2856.15,57.12,10.28,2788.75,,SETTLED
pay_113f51db5a9b4c,MID_RAZOR_991,ORD-2026-4687,UPI,NA,setl_BATCH_d6e2b6ba,2026-04-13 09:00:00,4007.17,80.14,14.43,3912.6,,SETTLED
pay_8f6cfe27af814f,MID_RAZOR_991,ORD-2026-4688,UPI,NA,setl_BATCH_d6e2b6ba,2026-04-13 09:00:00,4951.43,99.03,17.83,4834.57,,SETTLED
pay_4131ddcd216144,MID_RAZOR_991,ORD-2026-4689,UPI,NA,setl_BATCH_d6e2b6ba,2026-04-13 09:00:00,2287.47,45.75,8.23,2233.49,,SETTLED
pay_1ac4fb69606543,MID_RAZOR_991,ORD-2026-4690,UPI,NA,setl_BATCH_d6e2b6ba,2026-04-13 09:00:00,2004.86,40.1,7.22,1957.54,,SETTLED
pay_72fba093140c4d,MID_RAZOR_991,ORD-2026-4691,UPI,NA,setl_BATCH_d6e2b6ba,2026-04-13 09:00:00,3337.91,66.76,12.02,3259.13,,SETTLED
pay_faca6b9370904d,MID_RAZOR_991,ORD-2026-4692,UPI,NA,setl_BATCH_d6e2b6ba,2026-04-13 09:00:00,1561.42,31.23,5.62,1524.57,,SETTLED
pay_6064c7b29fd147,MID_RAZOR_991,ORD-2026-4693,UPI,NA,setl_BATCH_d6e2b6ba,2026-04-13 09:00:00,1674.34,33.49,6.03,1634.82,,SETTLED
pay_cc079e3d8b3940,MID_RAZOR_991,ORD-2026-4694,UPI,NA,setl_BATCH_d6e2b6ba,2026-04-13 09:00:00,1588.56,31.77,5.72,1551.07,,SETTLED
pay_50a55547457148,MID_RAZOR_991,ORD-2026-4695,UPI,NA,setl_BATCH_d6e2b6ba,2026-04-13 09:00:00,4877.79,97.56,17.56,4762.67,,SETTLED
pay_e871a96c62fe48,MID_RAZOR_991,ORD-2026-4696,UPI,NA,setl_BATCH_d6e2b6ba,2026-04-13 09:00:00,3401.86,68.04,12.25,3321.57,,SETTLED
pay_f11d79cd684f4f,MID_RAZOR_991,ORD-2026-4697,UPI,NA,setl_BATCH_d6e2b6ba,2026-04-13 09:00:00,3082.34,61.65,11.1,3009.59,,SETTLED
pay_50d8bd2063d24a,MID_RAZOR_991,ORD-2026-4698,UPI,NA,setl_BATCH_d6e2b6ba,2026-04-13 09:00:00,1764.84,35.3,6.35,1723.19,,SETTLED
pay_662a32887eab42,MID_RAZOR_991,ORD-2026-4699,UPI,NA,setl_BATCH_d6e2b6ba,2026-04-13 09:00:00,1163.48,23.27,4.19,1136.02,,SETTLED
pay_e2f05ecad22a4b,MID_RAZOR_991,ORD-2026-4700,UPI,NA,setl_BATCH_d6e2b6ba,2026-04-13 09:00:00,3976.41,79.53,14.32,3882.56,,SETTLED
pay_4376b1a7b1814d,MID_RAZOR_991,ORD-2026-4701,UPI,NA,setl_BATCH_f1d9aab1,2026-04-14 09:00:00,3130.36,62.61,11.27,3056.48,,SETTLED
pay_acf675e1ddcf40,MID_RAZOR_991,ORD-2026-4702,UPI,NA,setl_BATCH_f1d9aab1,2026-04-14 09:00:00,3438.65,68.77,12.38,3357.5,,SETTLED
pay_9872a2e0327243,MID_RAZOR_991,ORD-2026-4703,UPI,NA,setl_BATCH_f1d9aab1,2026-04-14 09:00:00,2235.05,44.7,8.05,2182.3,,SETTLED
pay_7a8a3aee127447,MID_RAZOR_991,ORD-2026-4704,UPI,NA,setl_BATCH_f1d9aab1,2026-04-14 09:00:00,3951.26,79.03,14.23,3858.0,,SETTLED
pay_03e5ce73176947,MID_RAZOR_991,ORD-2026-4705,UPI,NA,setl_BATCH_f1d9aab1,2026-04-14 09:00:00,1635.87,32.72,5.89,1597.26,,SETTLED
pay_ab79c1b15de942,MID_RAZOR_991,ORD-2026-4706,UPI,NA,setl_BATCH_f1d9aab1,2026-04-14 09:00:00,3087.93,61.76,11.12,3015.05,,SETTLED
pay_e5954be570214d,MID_RAZOR_991,ORD-2026-4707,UPI,NA,setl_BATCH_f1d9aab1,2026-04-14 09:00:00,2280.0,45.6,8.21,2226.19,,SETTLED
pay_5359a29cd19140,MID_RAZOR_991,ORD-2026-4708,UPI,NA,setl_BATCH_f1d9aab1,2026-04-14 09:00:00,3785.33,75.71,13.63,3695.99,,SETTLED
pay_e419d38c28d640,MID_RAZOR_991,ORD-2026-4709,UPI,NA,setl_BATCH_f1d9aab1,2026-04-14 09:00:00,3282.21,65.64,11.82,3204.75,,SETTLED
pay_ac4614ae4bcc4c,MID_RAZOR_991,ORD-2026-4710,UPI,NA,setl_BATCH_f1d9aab1,2026-04-14 09:00:00,3586.81,71.74,12.91,3502.16,,SETTLED
pay_5303b5b2484a46,MID_RAZOR_991,ORD-2026-4711,UPI,NA,setl_BATCH_f1d9aab1,2026-04-14 09:00:00,4884.3,97.69,17.58,4769.03,,SETTLED
pay_b559fe6a889c47,MID_RAZOR_991,ORD-2026-4712,UPI,NA,setl_BATCH_f1d9aab1,2026-04-14 09:00:00,3947.31,78.95,14.21,3854.15,,SETTLED
pay_9674e98cd25640,MID_RAZOR_991,ORD-2026-4713,UPI,NA,setl_BATCH_f1d9aab1,2026-04-14 09:00:00,3194.54,63.89,11.5,3119.15,,SETTLED
pay_bb2c18cb8e9842,MID_RAZOR_991,ORD-2026-4714,UPI,NA,setl_BATCH_f1d9aab1,2026-04-14 09:00:00,2836.99,56.74,10.21,2770.04,,SETTLED
pay_2b9e2b7364524e,MID_RAZOR_991,ORD-2026-4715,UPI,NA,setl_BATCH_f1d9aab1,2026-04-14 09:00:00,4712.37,94.25,16.96,4601.16,,SETTLED
pay_ba346c985e8842,MID_RAZOR_991,ORD-2026-4716,UPI,NA,setl_BATCH_f1d9aab1,2026-04-14 09:00:00,4397.23,87.94,15.83,4293.46,,SETTLED
pay_629e434b4f6840,MID_RAZOR_991,ORD-2026-4717,UPI,NA,setl_BATCH_f1d9aab1,2026-04-14 09:00:00,3799.18,75.98,13.68,3709.52,,SETTLED
pay_334a090143354f,MID_RAZOR_991,ORD-2026-4718,UPI,NA,setl_BATCH_f1d9aab1,2026-04-14 09:00:00,1727.17,34.54,6.22,1686.41,,SETTLED
pay_cc9106c46d5f43,MID_RAZOR_991,ORD-2026-4719,UPI,NA,setl_BATCH_f1d9aab1,2026-04-14 09:00:00,4866.43,97.33,17.52,4751.58,,SETTLED
pay_f987c44c531349,MID_RAZOR_991,ORD-2026-4720,UPI,NA,setl_BATCH_f1d9aab1,2026-04-14 09:00:00,1369.09,27.38,4.93,1336.78,,SETTLED
pay_8c9e11e244e94f,MID_RAZOR_991,ORD-2026-4721,UPI,NA,setl_BATCH_c98f4bbd,2026-04-15 09:00:00,3163.53,63.27,11.39,3088.87,,SETTLED
pay_f4084bdeb9c949,MID_RAZOR_991,ORD-2026-4722,UPI,NA,setl_BATCH_c98f4bbd,2026-04-15 09:00:00,4115.76,82.32,14.82,4018.62,,SETTLED
pay_6888bfe4e1d04b,MID_RAZOR_991,ORD-2026-4723,UPI,NA,setl_BATCH_c98f4bbd,2026-04-15 09:00:00,4286.81,85.74,15.43,4185.64,,SETTLED
pay_2d09668877ac4b,MID_RAZOR_991,ORD-2026-4724,UPI,NA,setl_BATCH_c98f4bbd,2026-04-15 09:00:00,3491.43,69.83,12.57,3409.03,,SETTLED
pay_f0b909a5ee984a,MID_RAZOR_991,ORD-2026-4725,UPI,NA,setl_BATCH_c98f4bbd,2026-04-15 09:00:00,4711.4,94.23,16.96,4600.21,,SETTLED
pay_79e384fdc27f48,MID_RAZOR_991,ORD-2026-4726,UPI,NA,setl_BATCH_c98f4bbd,2026-04-15 09:00:00,2840.67,56.81,10.23,2773.63,,SETTLED
pay_c9779caa2e5b41,MID_RAZOR_991,ORD-2026-4727,UPI,NA,setl_BATCH_c98f4bbd,2026-04-15 09:00:00,3615.05,72.3,13.01,3529.74,,SETTLED
pay_263246db9abd41,MID_RAZOR_991,ORD-2026-4728,UPI,NA,setl_BATCH_c98f4bbd,2026-04-15 09:00:00,3498.7,69.97,12.59,3416.14,,SETTLED
pay_91f09eb0ae0040,MID_RAZOR_991,ORD-2026-4729,UPI,NA,setl_BATCH_c98f4bbd,2026-04-15 09:00:00,4535.61,90.71,16.33,4428.57,,SETTLED
pay_b0ce4885ace44a,MID_RAZOR_991,ORD-2026-4730,UPI,NA,setl_BATCH_c98f4bbd,2026-04-15 09:00:00,3717.24,74.34,13.38,3629.52,,SETTLED
pay_9a9868b7c27547,MID_RAZOR_991,ORD-2026-4731,UPI,NA,setl_BATCH_c98f4bbd,2026-04-15 09:00:00,3833.72,76.67,13.8,3743.25,,SETTLED
pay_978d276b0a834e,MID_RAZOR_991,ORD-2026-4732,UPI,NA,setl_BATCH_c98f4bbd,2026-04-15 09:00:00,4295.69,85.91,15.46,4194.32,,SETTLED
pay_cd62b7298ac142,MID_RAZOR_991,ORD-2026-4733,UPI,NA,setl_BATCH_c98f4bbd,2026-04-15 09:00:00,3551.05,71.02,12.78,3467.25,,SETTLED
pay_f590a387f29944,MID_RAZOR_991,ORD-2026-4734,UPI,NA,setl_BATCH_c98f4bbd,2026-04-15 09:00:00,4554.29,91.09,16.4,4446.8,,SETTLED
pay_713ccc60450c4b,MID_RAZOR_991,ORD-2026-4735,UPI,NA,setl_BATCH_c98f4bbd,2026-04-15 09:00:00,4937.72,98.75,17.77,4821.2,,SETTLED
pay_d5ff9ea3c7f942,MID_RAZOR_991,ORD-2026-4736,UPI,NA,setl_BATCH_c98f4bbd,2026-04-15 09:00:00,2037.96,40.76,7.34,1989.86,,SETTLED
pay_0ce824d9d8b44c,MID_RAZOR_991,ORD-2026-4737,UPI,NA,setl_BATCH_c98f4bbd,2026-04-15 09:00:00,2985.6,59.71,10.75,2915.14,,SETTLED
pay_483b4d0aeba24e,MID_RAZOR_991,ORD-2026-4738,UPI,NA,setl_BATCH_c98f4bbd,2026-04-15 09:00:00,3373.39,67.47,12.14,3293.78,,SETTLED
pay_689c8119147847,MID_RAZOR_991,ORD-2026-4739,UPI,NA,setl_BATCH_c98f4bbd,2026-04-15 09:00:00,3163.15,63.26,11.39,3088.5,,SETTLED
pay_1dedbda119d342,MID_RAZOR_991,ORD-2026-4740,UPI,NA,setl_BATCH_c98f4bbd,2026-04-15 09:00:00,3995.79,79.92,14.39,3901.48,,SETTLED
pay_31fe26b2a92f4b,MID_RAZOR_991,ORD-2026-4741,UPI,NA,setl_BATCH_895e1106,2026-04-16 09:00:00,2410.97,48.22,8.68,2354.07,,SETTLED
pay_94a1bd0064564b,MID_RAZOR_991,ORD-2026-4742,UPI,NA,setl_BATCH_895e1106,2026-04-16 09:00:00,2976.45,59.53,10.72,2906.2,,SETTLED
pay_1bdc68fe1a9649,MID_RAZOR_991,ORD-2026-4743,UPI,NA,setl_BATCH_895e1106,2026-04-16 09:00:00,3324.12,66.48,11.97,3245.67,,SETTLED
pay_f5bc36c1f80e4e,MID_RAZOR_991,ORD-2026-4744,UPI,NA,setl_BATCH_895e1106,2026-04-16 09:00:00,4950.26,99.01,17.82,4833.43,,SETTLED
pay_9319d94f07f043,MID_RAZOR_991,ORD-2026-4745,UPI,NA,setl_BATCH_895e1106,2026-04-16 09:00:00,2619.95,52.4,9.43,2558.12,,SETTLED
pay_134c322adf5847,MID_RAZOR_991,ORD-2026-4746,UPI,NA,setl_BATCH_895e1106,2026-04-16 09:00:00,2054.3,41.09,7.4,2005.81,,SETTLED
pay_1cb03a0d41be4f,MID_RAZOR_991,ORD-2026-4747,UPI,NA,setl_BATCH_895e1106,2026-04-16 09:00:00,2644.1,52.88,9.52,2581.7,,SETTLED
pay_926aafea0a6b4e,MID_RAZOR_991,ORD-2026-4748,UPI,NA,setl_BATCH_895e1106,2026-04-16 09:00:00,4444.98,88.9,16.0,4340.08,,SETTLED
pay_c192795b81e547,MID_RAZOR_991,ORD-2026-4749,UPI,NA,setl_BATCH_895e1106,2026-04-16 09:00:00,2915.95,58.32,10.5,2847.13,,SETTLED
pay_681c82cbe9e141,MID_RAZOR_991,ORD-2026-4750,UPI,NA,setl_BATCH_895e1106,2026-04-16 09:00:00,1951.18,39.02,7.02,1905.14,,SETTLED
pay_1fcefc96f03047,MID_RAZOR_991,ORD-2026-4751,UPI,NA,setl_BATCH_895e1106,2026-04-16 09:00:00,1435.1,28.7,5.17,1401.23,,SETTLED
pay_9cbdeb6b038045,MID_RAZOR_991,ORD-2026-4752,UPI,NA,setl_BATCH_895e1106,2026-04-16 09:00:00,4145.41,82.91,14.92,4047.58,,SETTLED
pay_ac2c827b377946,MID_RAZOR_991,ORD-2026-4753,UPI,NA,setl_BATCH_895e1106,2026-04-16 09:00:00,4398.9,87.98,15.84,4295.08,,SETTLED
pay_4bda2387c4204c,MID_RAZOR_991,ORD-2026-4754,UPI,NA,setl_BATCH_895e1106,2026-04-16 09:00:00,4513.98,90.28,16.25,4407.45,,SETTLED
pay_292c0ea8612743,MID_RAZOR_991,ORD-2026-4755,UPI,NA,setl_BATCH_895e1106,2026-04-16 09:00:00,1618.75,32.38,5.83,1580.54,,SETTLED
pay_0778e0785d7949,MID_RAZOR_991,ORD-2026-4756,UPI,NA,setl_BATCH_895e1106,2026-04-16 09:00:00,3574.3,71.49,12.87,3489.94,,SETTLED
pay_9b73dc0302a24c,MID_RAZOR_991,ORD-2026-4757,UPI,NA,setl_BATCH_895e1106,2026-04-16 09:00:00,4068.06,81.36,14.64,3972.06,,SETTLED
pay_6cd8baaf15514f,MID_RAZOR_991,ORD-2026-4758,UPI,NA,setl_BATCH_895e1106,2026-04-16 09:00:00,4310.08,86.2,15.52,4208.36,,SETTLED
pay_36d8d4f892f04e,MID_RAZOR_991,ORD-2026-4759,UPI,NA,setl_BATCH_895e1106,2026-04-16 09:00:00,2552.1,51.04,9.19,2491.87,,SETTLED
pay_78b6475647ff4f,MID_RAZOR_991,ORD-2026-4760,UPI,NA,setl_BATCH_895e1106,2026-04-16 09:00:00,1188.3,23.77,4.28,1160.25,,SETTLED
pay_10f763b0160d48,MID_RAZOR_991,ORD-2026-4761,UPI,NA,setl_BATCH_0d3d9afe,2026-04-17 09:00:00,4117.34,82.35,14.82,4020.17,,SETTLED
pay_94de146a895442,MID_RAZOR_991,ORD-2026-4762,UPI,NA,setl_BATCH_0d3d9afe,2026-04-17 09:00:00,3213.12,64.26,11.57,3137.29,,SETTLED
pay_6468aa5b89424e,MID_RAZOR_991,ORD-2026-4763,UPI,NA,setl_BATCH_0d3d9afe,2026-04-17 09:00:00,2099.6,41.99,7.56,2050.05,,SETTLED
pay_2b8bb2e0db7147,MID_RAZOR_991,ORD-2026-4764,UPI,NA,setl_BATCH_0d3d9afe,2026-04-17 09:00:00,4718.79,94.38,16.99,4607.42,,SETTLED
pay_a62ce7357d594e,MID_RAZOR_991,ORD-2026-4765,UPI,NA,setl_BATCH_0d3d9afe,2026-04-17 09:00:00,2215.15,44.3,7.97,2162.88,,SETTLED
pay_c3d2cfa0501248,MID_RAZOR_991,ORD-2026-4766,UPI,NA,setl_BATCH_0d3d9afe,2026-04-17 09:00:00,1970.44,39.41,7.09,1923.94,,SETTLED
pay_6e7d81bbdb8641,MID_RAZOR_991,ORD-2026-4767,UPI,NA,setl_BATCH_0d3d9afe,2026-04-17 09:00:00,2682.89,53.66,9.66,2619.57,,SETTLED
pay_f73e3774b6a646,MID_RAZOR_991,ORD-2026-4768,UPI,NA,setl_BATCH_0d3d9afe,2026-04-17 09:00:00,3044.13,60.88,10.96,2972.29,,SETTLED
pay_c23cd24a871e49,MID_RAZOR_991,ORD-2026-4769,UPI,NA,setl_BATCH_0d3d9afe,2026-04-17 09:00:00,4131.76,82.64,14.88,4034.24,,SETTLED
pay_53d4ae5292e243,MID_RAZOR_991,ORD-2026-4770,UPI,NA,setl_BATCH_0d3d9afe,2026-04-17 09:00:00,2353.28,47.07,8.47,2297.74,,SETTLED
pay_2a68d08b7c544b,MID_RAZOR_991,ORD-2026-4771,UPI,NA,setl_BATCH_0d3d9afe,2026-04-17 09:00:00,4201.46,84.03,15.13,4102.3,,SETTLED
pay_edd3bdfc4e6d42,MID_RAZOR_991,ORD-2026-4772,UPI,NA,setl_BATCH_0d3d9afe,2026-04-17 09:00:00,3958.94,79.18,14.25,3865.51,,SETTLED
pay_190e3e5ab80743,MID_RAZOR_991,ORD-2026-4773,UPI,NA,setl_BATCH_0d3d9afe,2026-04-17 09:00:00,4595.19,91.9,16.54,4486.75,,SETTLED
pay_f25053c7db3540,MID_RAZOR_991,ORD-2026-4774,UPI,NA,setl_BATCH_0d3d9afe,2026-04-17 09:00:00,2291.62,45.83,8.25,2237.54,,SETTLED
pay_936c89d4c13c47,MID_RAZOR_991,ORD-2026-4775,UPI,NA,setl_BATCH_0d3d9afe,2026-04-17 09:00:00,1170.83,23.42,4.22,1143.19,,SETTLED
pay_0949d249f6f84a,MID_RAZOR_991,ORD-2026-4776,UPI,NA,setl_BATCH_0d3d9afe,2026-04-17 09:00:00,3704.48,74.09,13.34,3617.05,,SETTLED
pay_f799dc860cb049,MID_RAZOR_991,ORD-2026-4777,UPI,NA,setl_BATCH_0d3d9afe,2026-04-17 09:00:00,1507.91,30.16,5.43,1472.32,,SETTLED
pay_fe120bcdeff841,MID_RAZOR_991,ORD-2026-4778,UPI,NA,setl_BATCH_0d3d9afe,2026-04-17 09:00:00,2913.76,58.28,10.49,2844.99,,SETTLED
pay_1b34b98e60054e,MID_RAZOR_991,ORD-2026-4779,UPI,NA,setl_BATCH_0d3d9afe,2026-04-17 09:00:00,2095.39,41.91,7.54,2045.94,,SETTLED
pay_24ff5df4622b4e,MID_RAZOR_991,ORD-2026-4780,UPI,NA,setl_BATCH_0d3d9afe,2026-04-17 09:00:00,1178.85,23.58,4.24,1151.03,,SETTLED
pay_9ae40312b7b346,MID_RAZOR_991,ORD-2026-4781,UPI,NA,setl_BATCH_d5ac29e0,2026-04-18 09:00:00,1836.95,36.74,6.61,1793.6,,SETTLED
pay_60f10f4a9a3f40,MID_RAZOR_991,ORD-2026-4782,UPI,NA,setl_BATCH_d5ac29e0,2026-04-18 09:00:00,1255.57,25.11,4.52,1225.94,,SETTLED
pay_9c4b26e531074c,MID_RAZOR_991,ORD-2026-4783,UPI,NA,setl_BATCH_d5ac29e0,2026-04-18 09:00:00,3605.6,72.11,12.98,3520.51,,SETTLED
pay_2e59a5e7bdaf49,MID_RAZOR_991,ORD-2026-4784,UPI,NA,setl_BATCH_d5ac29e0,2026-04-18 09:00:00,4744.84,94.9,17.08,4632.86,,SETTLED
pay_a726df1a9b9d4c,MID_RAZOR_991,ORD-2026-4785,UPI,NA,setl_BATCH_d5ac29e0,2026-04-18 09:00:00,1793.81,35.88,6.46,1751.47,,SETTLED
pay_b135db83c4b34e,MID_RAZOR_991,ORD-2026-4786,UPI,NA,setl_BATCH_d5ac29e0,2026-04-18 09:00:00,1455.32,29.11,5.24,1420.97,,SETTLED
pay_c2e74317ea4045,MID_RAZOR_991,ORD-2026-4787,UPI,NA,setl_BATCH_d5ac29e0,2026-04-18 09:00:00,3406.96,68.14,12.27,3326.55,,SETTLED
pay_a3ea4d92e56c44,MID_RAZOR_991,ORD-2026-4788,UPI,NA,setl_BATCH_d5ac29e0,2026-04-18 09:00:00,3555.48,71.11,12.8,3471.57,,SETTLED
pay_4f93664a74fe4e,MID_RAZOR_991,ORD-2026-4789,UPI,NA,setl_BATCH_d5ac29e0,2026-04-18 09:00:00,2785.63,55.71,10.03,2719.89,,SETTLED
pay_ac3cc9da60584f,MID_RAZOR_991,ORD-2026-4790,UPI,NA,setl_BATCH_d5ac29e0,2026-04-18 09:00:00,1928.48,38.57,6.94,1882.97,,SETTLED
pay_2895815654ce4f,MID_RAZOR_991,ORD-2026-4791,UPI,NA,setl_BATCH_d5ac29e0,2026-04-18 09:00:00,2068.04,41.36,7.44,2019.24,,SETTLED
pay_921d0567bffd45,MID_RAZOR_991,ORD-2026-4792,UPI,NA,setl_BATCH_d5ac29e0,2026-04-18 09:00:00,2167.69,43.35,7.8,2116.54,,SETTLED
pay_42b40966946945,MID_RAZOR_991,ORD-2026-4793,UPI,NA,setl_BATCH_d5ac29e0,2026-04-18 09:00:00,3298.02,65.96,11.87,3220.19,,SETTLED
pay_a1e7390a141a47,MID_RAZOR_991,ORD-2026-4794,UPI,NA,setl_BATCH_d5ac29e0,2026-04-18 09:00:00,4659.92,93.2,16.78,4549.94,,SETTLED
pay_ed95e50ad75f4b,MID_RAZOR_991,ORD-2026-4795,UPI,NA,setl_BATCH_d5ac29e0,2026-04-18 09:00:00,3902.52,78.05,14.05,3810.42,,SETTLED
pay_c8660f0027584b,MID_RAZOR_991,ORD-2026-4796,UPI,NA,setl_BATCH_d5ac29e0,2026-04-18 09:00:00,4257.61,85.15,15.33,4157.13,,SETTLED
pay_d13b59125fda44,MID_RAZOR_991,ORD-2026-4797,UPI,NA,setl_BATCH_d5ac29e0,2026-04-18 09:00:00,1871.72,37.43,6.74,1827.55,,SETTLED
pay_87cf300bf6f54a,MID_RAZOR_991,ORD-2026-4798,UPI,NA,setl_BATCH_d5ac29e0,2026-04-18 09:00:00,2277.19,45.54,8.2,2223.45,,SETTLED
pay_2a6392a1806148,MID_RAZOR_991,ORD-2026-4799,UPI,NA,setl_BATCH_d5ac29e0,2026-04-18 09:00:00,3024.13,60.48,10.89,2952.76,,SETTLED
pay_f8ed4191227d45,MID_RAZOR_991,ORD-2026-4800,UPI,NA,setl_BATCH_d5ac29e0,2026-04-18 09:00:00,2420.27,48.41,8.71,2363.15,,SETTLED
pay_75cb4411095749,MID_RAZOR_991,ORD-2026-4801,UPI,NA,setl_BATCH_3df52cd7,2026-04-19 09:00:00,3825.67,76.51,13.77,3735.39,,SETTLED
pay_ddd83a3374cc4a,MID_RAZOR_991,ORD-2026-4802,UPI,NA,setl_BATCH_3df52cd7,2026-04-19 09:00:00,4640.05,92.8,16.7,4530.55,,SETTLED
pay_ade042d9552241,MID_RAZOR_991,ORD-2026-4803,UPI,NA,setl_BATCH_3df52cd7,2026-04-19 09:00:00,2756.73,55.13,9.92,2691.68,,SETTLED
pay_99025e3fd10646,MID_RAZOR_991,ORD-2026-4804,UPI,NA,setl_BATCH_3df52cd7,2026-04-19 09:00:00,2574.01,51.48,9.27,2513.26,,SETTLED
pay_4e7c26e593e440,MID_RAZOR_991,ORD-2026-4805,UPI,NA,setl_BATCH_3df52cd7,2026-04-19 09:00:00,1150.98,23.02,4.14,1123.82,,SETTLED
pay_7a38d1c90a2640,MID_RAZOR_991,ORD-2026-4806,UPI,NA,setl_BATCH_3df52cd7,2026-04-19 09:00:00,3236.84,64.74,11.65,3160.45,,SETTLED
pay_392d6ba12c7d4d,MID_RAZOR_991,ORD-2026-4807,UPI,NA,setl_BATCH_3df52cd7,2026-04-19 09:00:00,1654.71,33.09,5.96,1615.66,,SETTLED
pay_268d20584fb648,MID_RAZOR_991,ORD-2026-4808,UPI,NA,setl_BATCH_3df52cd7,2026-04-19 09:00:00,1700.2,34.0,6.12,1660.08,,SETTLED
pay_5bf22a5c3fe540,MID_RAZOR_991,ORD-2026-4809,UPI,NA,setl_BATCH_3df52cd7,2026-04-19 09:00:00,4418.15,88.36,15.9,4313.89,,SETTLED
pay_aac87ada676b4a,MID_RAZOR_991,ORD-2026-4810,UPI,NA,setl_BATCH_3df52cd7,2026-04-19 09:00:00,3199.96,64.0,11.52,3124.44,,SETTLED
pay_3d238308164044,MID_RAZOR_991,ORD-2026-4811,UPI,NA,setl_BATCH_3df52cd7,2026-04-19 09:00:00,1989.76,39.8,7.16,1942.8,,SETTLED
pay_f818a99a42634a,MID_RAZOR_991,ORD-2026-4812,UPI,NA,setl_BATCH_3df52cd7,2026-04-19 09:00:00,1095.86,21.92,3.95,1069.99,,SETTLED
pay_a80f14691dc449,MID_RAZOR_991,ORD-2026-4813,UPI,NA,setl_BATCH_3df52cd7,2026-04-19 09:00:00,2199.56,43.99,7.92,2147.65,,SETTLED
pay_d8bd6fedc5f148,MID_RAZOR_991,ORD-2026-4814,UPI,NA,setl_BATCH_3df52cd7,2026-04-19 09:00:00,3836.08,76.72,13.81,3745.55,,SETTLED
pay_4009963fd55840,MID_RAZOR_991,ORD-2026-4815,UPI,NA,setl_BATCH_3df52cd7,2026-04-19 09:00:00,3908.62,78.17,14.07,3816.38,,SETTLED
pay_de5b08478ac640,MID_RAZOR_991,ORD-2026-4816,UPI,NA,setl_BATCH_3df52cd7,2026-04-19 09:00:00,3528.76,70.58,12.7,3445.48,,SETTLED
pay_89758dece11d44,MID_RAZOR_991,ORD-2026-4817,UPI,NA,setl_BATCH_3df52cd7,2026-04-19 09:00:00,2133.74,42.67,7.68,2083.39,,SETTLED
pay_145f57bb780b48,MID_RAZOR_991,ORD-2026-4818,UPI,NA,setl_BATCH_3df52cd7,2026-04-19 09:00:00,2948.22,58.96,10.61,2878.65,,SETTLED
pay_4e492c797f7044,MID_RAZOR_991,ORD-2026-4819,UPI,NA,setl_BATCH_3df52cd7,2026-04-19 09:00:00,1254.57,25.09,4.52,1224.96,,SETTLED
pay_6ca2b7dcddbf4e,MID_RAZOR_991,ORD-2026-4820,UPI,NA,setl_BATCH_3df52cd7,2026-04-19 09:00:00,1052.51,21.05,3.79,1027.67,,SETTLED
pay_2d48a7d2c32748,MID_RAZOR_991,ORD-2026-4821,UPI,NA,setl_BATCH_3765f6d9,2026-04-20 09:00:00,3054.48,61.09,11.0,2982.39,,SETTLED
pay_2b2e9fb67aab4f,MID_RAZOR_991,ORD-2026-4822,UPI,NA,setl_BATCH_3765f6d9,2026-04-20 09:00:00,3258.18,65.16,11.73,3181.29,,SETTLED
pay_5b7bcd5db6bf40,MID_RAZOR_991,ORD-2026-4823,UPI,NA,setl_BATCH_3765f6d9,2026-04-20 09:00:00,4336.52,86.73,15.61,4234.18,,SETTLED
pay_6b24322a3e5347,MID_RAZOR_991,ORD-2026-4824,UPI,NA,setl_BATCH_3765f6d9,2026-04-20 09:00:00,1911.71,38.23,6.88,1866.6,,SETTLED
pay_831429b356ca46,MID_RAZOR_991,ORD-2026-4825,UPI,NA,setl_BATCH_3765f6d9,2026-04-20 09:00:00,3670.59,73.41,13.21,3583.97,,SETTLED
pay_8163cad279264f,MID_RAZOR_991,ORD-2026-4826,UPI,NA,setl_BATCH_3765f6d9,2026-04-20 09:00:00,4557.44,91.15,16.41,4449.88,,SETTLED
pay_cc8f4230b5bc4a,MID_RAZOR_991,ORD-2026-4827,UPI,NA,setl_BATCH_3765f6d9,2026-04-20 09:00:00,1813.58,36.27,6.53,1770.78,,SETTLED
pay_c525846a8fb046,MID_RAZOR_991,ORD-2026-4828,UPI,NA,setl_BATCH_3765f6d9,2026-04-20 09:00:00,2151.21,43.02,7.74,2100.45,,SETTLED
pay_70c456bb0f9642,MID_RAZOR_991,ORD-2026-4829,UPI,NA,setl_BATCH_3765f6d9,2026-04-20 09:00:00,4241.46,84.83,15.27,4141.36,,SETTLED
pay_c2d3e918b2c34a,MID_RAZOR_991,ORD-2026-4830,UPI,NA,setl_BATCH_3765f6d9,2026-04-20 09:00:00,2620.27,52.41,9.43,2558.43,,SETTLED
pay_385172e7b62041,MID_RAZOR_991,ORD-2026-4831,UPI,NA,setl_BATCH_3765f6d9,2026-04-20 09:00:00,4082.6,81.65,14.7,3986.25,,SETTLED
pay_64f5bbb1044e4f,MID_RAZOR_991,ORD-2026-4832,UPI,NA,setl_BATCH_3765f6d9,2026-04-20 09:00:00,2699.01,53.98,9.72,2635.31,,SETTLED
pay_a9d53486d58e45,MID_RAZOR_991,ORD-2026-4833,UPI,NA,setl_BATCH_3765f6d9,2026-04-20 09:00:00,1118.28,22.37,4.03,1091.88,,SETTLED
pay_c2725f37d95e44,MID_RAZOR_991,ORD-2026-4834,UPI,NA,setl_BATCH_3765f6d9,2026-04-20 09:00:00,4276.68,85.53,15.4,4175.75,,SETTLED
pay_60633a76c21c4c,MID_RAZOR_991,ORD-2026-4835,UPI,NA,setl_BATCH_3765f6d9,2026-04-20 09:00:00,4562.77,91.26,16.43,4455.08,,SETTLED
pay_b66ede9bbe8c43,MID_RAZOR_991,ORD-2026-4836,UPI,NA,setl_BATCH_3765f6d9,2026-04-20 09:00:00,2809.68,56.19,10.11,2743.38,,SETTLED
pay_bf4cb61dc35049,MID_RAZOR_991,ORD-2026-4837,UPI,NA,setl_BATCH_3765f6d9,2026-04-20 09:00:00,3985.02,79.7,14.35,3890.97,,SETTLED
pay_863783c9234348,MID_RAZOR_991,ORD-2026-4838,UPI,NA,setl_BATCH_3765f6d9,2026-04-20 09:00:00,2742.03,54.84,9.87,2677.32,,SETTLED
pay_3c36cf8f150941,MID_RAZOR_991,ORD-2026-4839,UPI,NA,setl_BATCH_3765f6d9,2026-04-20 09:00:00,1558.2,31.16,5.61,1521.43,,SETTLED
pay_bb458bcbd50c41,MID_RAZOR_991,ORD-2026-4840,UPI,NA,setl_BATCH_3765f6d9,2026-04-20 09:00:00,2576.63,51.53,9.28,2515.82,,SETTLED
pay_96824bc776b045,MID_RAZOR_991,ORD-2026-4841,UPI,NA,setl_BATCH_13c9d9bf,2026-04-21 09:00:00,4245.23,84.9,15.28,4145.05,,SETTLED
pay_90c1cfc44d2d49,MID_RAZOR_991,ORD-2026-4842,UPI,NA,setl_BATCH_13c9d9bf,2026-04-21 09:00:00,4173.74,83.47,15.02,4075.25,,SETTLED
pay_a59dde74acfc47,MID_RAZOR_991,ORD-2026-4843,UPI,NA,setl_BATCH_13c9d9bf,2026-04-21 09:00:00,3720.2,74.4,13.39,3632.41,,SETTLED
pay_5aefc343a5284f,MID_RAZOR_991,ORD-2026-4844,UPI,NA,setl_BATCH_13c9d9bf,2026-04-21 09:00:00,3454.87,69.1,12.44,3373.33,,SETTLED
pay_1318c591f84749,MID_RAZOR_991,ORD-2026-4845,UPI,NA,setl_BATCH_13c9d9bf,2026-04-21 09:00:00,1289.48,25.79,4.64,1259.05,,SETTLED
pay_efc46e7190194b,MID_RAZOR_991,ORD-2026-4846,UPI,NA,setl_BATCH_13c9d9bf,2026-04-21 09:00:00,2750.87,55.02,9.9,2685.95,,SETTLED
pay_fb91f5dd863246,MID_RAZOR_991,ORD-2026-4847,UPI,NA,setl_BATCH_13c9d9bf,2026-04-21 09:00:00,1882.83,37.66,6.78,1838.39,,SETTLED
pay_659958673d5d40,MID_RAZOR_991,ORD-2026-4848,UPI,NA,setl_BATCH_13c9d9bf,2026-04-21 09:00:00,2432.33,48.65,8.76,2374.92,,SETTLED
pay_8427260519a44e,MID_RAZOR_991,ORD-2026-4849,UPI,NA,setl_BATCH_13c9d9bf,2026-04-21 09:00:00,2897.41,57.95,10.43,2829.03,,SETTLED
pay_10ca5e1917254b,MID_RAZOR_991,ORD-2026-4850,UPI,NA,setl_BATCH_13c9d9bf,2026-04-21 09:00:00,1288.67,25.77,4.64,1258.26,,SETTLED
pay_fe255387876146,MID_RAZOR_991,ORD-2026-4851,UPI,NA,setl_BATCH_13c9d9bf,2026-04-21 09:00:00,2217.72,44.35,7.98,2165.39,,SETTLED
pay_d47d7440a2cd47,MID_RAZOR_991,ORD-2026-4852,UPI,NA,setl_BATCH_13c9d9bf,2026-04-21 09:00:00,2097.39,41.95,7.55,2047.89,,SETTLED
pay_1fca806c2c1148,MID_RAZOR_991,ORD-2026-4853,UPI,NA,setl_BATCH_13c9d9bf,2026-04-21 09:00:00,1656.82,33.14,5.97,1617.71,,SETTLED
pay_eaeb9aa9fe9e4c,MID_RAZOR_991,ORD-2026-4854,UPI,NA,setl_BATCH_13c9d9bf,2026-04-21 09:00:00,1250.67,25.01,4.5,1221.16,,SETTLED
pay_16767bafb5324c,MID_RAZOR_991,ORD-2026-4855,UPI,NA,setl_BATCH_13c9d9bf,2026-04-21 09:00:00,4631.86,92.64,16.68,4522.54,,SETTLED
pay_6f80fb3216a14d,MID_RAZOR_991,ORD-2026-4856,UPI,NA,setl_BATCH_13c9d9bf,2026-04-21 09:00:00,1560.45,31.21,5.62,1523.62,,SETTLED
pay_fec45f3f20614c,MID_RAZOR_991,ORD-2026-4857,UPI,NA,setl_BATCH_13c9d9bf,2026-04-21 09:00:00,1440.17,28.8,5.18,1406.19,,SETTLED
pay_60b598f326d94b,MID_RAZOR_991,ORD-2026-4858,UPI,NA,setl_BATCH_13c9d9bf,2026-04-21 09:00:00,2958.47,59.17,10.65,2888.65,,SETTLED
pay_a7e2e47f49974a,MID_RAZOR_991,ORD-2026-4859,UPI,NA,setl_BATCH_13c9d9bf,2026-04-21 09:00:00,1872.74,37.45,6.74,1828.55,,SETTLED
pay_07c0edfc973641,MID_RAZOR_991,ORD-2026-4860,UPI,NA,setl_BATCH_13c9d9bf,2026-04-21 09:00:00,4618.38,92.37,16.63,4509.38,,SETTLED
pay_759d76a3bb294e,MID_RAZOR_991,ORD-2026-4861,UPI,NA,setl_BATCH_48ff3587,2026-04-22 09:00:00,2339.42,46.79,8.42,2284.21,,SETTLED
pay_d5e1b7ad83f74f,MID_RAZOR_991,ORD-2026-4862,UPI,NA,setl_BATCH_48ff3587,2026-04-22 09:00:00,1730.83,34.62,6.23,1689.98,,SETTLED
pay_dc674755937649,MID_RAZOR_991,ORD-2026-4863,UPI,NA,setl_BATCH_48ff3587,2026-04-22 09:00:00,4403.23,88.06,15.85,4299.32,,SETTLED
pay_bd2479bbadc549,MID_RAZOR_991,ORD-2026-4864,UPI,NA,setl_BATCH_48ff3587,2026-04-22 09:00:00,2194.52,43.89,7.9,2142.73,,SETTLED
pay_25e71daf1ce74a,MID_RAZOR_991,ORD-2026-4865,UPI,NA,setl_BATCH_48ff3587,2026-04-22 09:00:00,1865.33,37.31,6.72,1821.3,,SETTLED
pay_dcfbc3d0d1d743,MID_RAZOR_991,ORD-2026-4866,UPI,NA,setl_BATCH_48ff3587,2026-04-22 09:00:00,1009.92,20.2,3.64,986.08,,SETTLED
pay_7e545a0ebb9f45,MID_RAZOR_991,ORD-2026-4867,UPI,NA,setl_BATCH_48ff3587,2026-04-22 09:00:00,4206.33,84.13,15.14,4107.06,,SETTLED
pay_a4cbae580f0a4e,MID_RAZOR_991,ORD-2026-4868,UPI,NA,setl_BATCH_48ff3587,2026-04-22 09:00:00,3914.43,78.29,14.09,3822.05,,SETTLED
pay_d9b612f5f0dd45,MID_RAZOR_991,ORD-2026-4869,UPI,NA,setl_BATCH_48ff3587,2026-04-22 09:00:00,4117.95,82.36,14.82,4020.77,,SETTLED
pay_e0a5b5edc1d643,MID_RAZOR_991,ORD-2026-4870,UPI,NA,setl_BATCH_48ff3587,2026-04-22 09:00:00,2597.32,51.95,9.35,2536.02,,SETTLED
pay_79d602bbdcc94b,MID_RAZOR_991,ORD-2026-4871,UPI,NA,setl_BATCH_48ff3587,2026-04-22 09:00:00,3133.78,62.68,11.28,3059.82,,SETTLED
pay_40e5dec166c144,MID_RAZOR_991,ORD-2026-4872,UPI,NA,setl_BATCH_48ff3587,2026-04-22 09:00:00,3290.65,65.81,11.85,3212.99,,SETTLED
pay_076a3f46d1b84a,MID_RAZOR_991,ORD-2026-4873,UPI,NA,setl_BATCH_48ff3587,2026-04-22 09:00:00,4020.11,80.4,14.47,3925.24,,SETTLED
pay_f37d951977e14d,MID_RAZOR_991,ORD-2026-4874,UPI,NA,setl_BATCH_48ff3587,2026-04-22 09:00:00,2010.76,40.22,7.24,1963.3,,SETTLED
pay_ef5651977e7e42,MID_RAZOR_991,ORD-2026-4875,UPI,NA,setl_BATCH_48ff3587,2026-04-22 09:00:00,2511.88,50.24,9.04,2452.6,,SETTLED
pay_676a64e5601a4e,MID_RAZOR_991,ORD-2026-4876,UPI,NA,setl_BATCH_48ff3587,2026-04-22 09:00:00,3746.55,74.93,13.49,3658.13,,SETTLED
pay_54994f830ce84c,MID_RAZOR_991,ORD-2026-4877,UPI,NA,setl_BATCH_48ff3587,2026-04-22 09:00:00,4317.83,86.36,15.54,4215.93,,SETTLED
pay_28d9a495f35148,MID_RAZOR_991,ORD-2026-4878,UPI,NA,setl_BATCH_48ff3587,2026-04-22 09:00:00,1371.18,27.42,4.94,1338.82,,SETTLED
pay_3de7754b9fe34b,MID_RAZOR_991,ORD-2026-4879,UPI,NA,setl_BATCH_48ff3587,2026-04-22 09:00:00,4126.67,82.53,14.86,4029.28,,SETTLED
pay_b345e80d500f46,MID_RAZOR_991,ORD-2026-4880,UPI,NA,setl_BATCH_48ff3587,2026-04-22 09:00:00,3068.23,61.36,11.04,2995.83,,SETTLED
pay_a9dddbefdac148,MID_RAZOR_991,ORD-2026-4881,UPI,NA,setl_BATCH_466a31d5,2026-04-23 09:00:00,1536.05,30.72,5.53,1499.8,,SETTLED
pay_5a45d7ad4bec42,MID_RAZOR_991,ORD-2026-4882,UPI,NA,setl_BATCH_466a31d5,2026-04-23 09:00:00,1055.86,21.12,3.8,1030.94,,SETTLED
pay_a283806265cf41,MID_RAZOR_991,ORD-2026-4883,UPI,NA,setl_BATCH_466a31d5,2026-04-23 09:00:00,1975.44,39.51,7.11,1928.82,,SETTLED
pay_92b1d13bd00543,MID_RAZOR_991,ORD-2026-4884,UPI,NA,setl_BATCH_466a31d5,2026-04-23 09:00:00,2741.79,54.84,9.87,2677.08,,SETTLED
pay_6f4076ef641748,MID_RAZOR_991,ORD-2026-4885,UPI,NA,setl_BATCH_466a31d5,2026-04-23 09:00:00,1777.28,35.55,6.4,1735.33,,SETTLED
pay_621b71deaedd47,MID_RAZOR_991,ORD-2026-4886,UPI,NA,setl_BATCH_466a31d5,2026-04-23 09:00:00,3008.19,60.16,10.83,2937.2,,SETTLED
pay_4e72b63999cc4e,MID_RAZOR_991,ORD-2026-4887,UPI,NA,setl_BATCH_466a31d5,2026-04-23 09:00:00,3892.35,77.85,14.01,3800.49,,SETTLED
pay_0ff5ac25604043,MID_RAZOR_991,ORD-2026-4888,UPI,NA,setl_BATCH_466a31d5,2026-04-23 09:00:00,4860.12,97.2,17.5,4745.42,,SETTLED
pay_669bd01c9fa54b,MID_RAZOR_991,ORD-2026-4889,UPI,NA,setl_BATCH_466a31d5,2026-04-23 09:00:00,1824.52,36.49,6.57,1781.46,,SETTLED
pay_07fcf6e97df242,MID_RAZOR_991,ORD-2026-4890,UPI,NA,setl_BATCH_466a31d5,2026-04-23 09:00:00,1368.4,27.37,4.93,1336.1,,SETTLED
pay_1db4e43aa40f43,MID_RAZOR_991,ORD-2026-4891,UPI,NA,setl_BATCH_466a31d5,2026-04-23 09:00:00,1915.36,38.31,6.9,1870.15,,SETTLED
pay_fb79ceedbf7d42,MID_RAZOR_991,ORD-2026-4892,UPI,NA,setl_BATCH_466a31d5,2026-04-23 09:00:00,2650.21,53.0,9.54,2587.67,,SETTLED
pay_7582934075c94b,MID_RAZOR_991,ORD-2026-4893,UPI,NA,setl_BATCH_466a31d5,2026-04-23 09:00:00,2943.54,58.87,10.6,2874.07,,SETTLED
pay_9293091f57ac41,MID_RAZOR_991,ORD-2026-4894,UPI,NA,setl_BATCH_466a31d5,2026-04-23 09:00:00,3195.17,63.9,11.5,3119.77,,SETTLED
pay_f5971f836f4849,MID_RAZOR_991,ORD-2026-4895,UPI,NA,setl_BATCH_466a31d5,2026-04-23 09:00:00,3460.56,69.21,12.46,3378.89,,SETTLED
pay_b70e8b6ff5eb41,MID_RAZOR_991,ORD-2026-4896,UPI,NA,setl_BATCH_466a31d5,2026-04-23 09:00:00,3098.02,61.96,11.15,3024.91,,SETTLED
pay_e3eb5e5e33b043,MID_RAZOR_991,ORD-2026-4897,UPI,NA,setl_BATCH_466a31d5,2026-04-23 09:00:00,1515.5,30.31,5.46,1479.73,,SETTLED
pay_5613487d69e547,MID_RAZOR_991,ORD-2026-4898,UPI,NA,setl_BATCH_466a31d5,2026-04-23 09:00:00,2626.18,52.52,9.45,2564.21,,SETTLED
pay_a65491443b5d45,MID_RAZOR_991,ORD-2026-4899,UPI,NA,setl_BATCH_466a31d5,2026-04-23 09:00:00,4351.41,87.03,15.67,4248.71,,SETTLED
pay_453ceebd317c47,MID_RAZOR_991,ORD-2026-4900,UPI,NA,setl_BATCH_466a31d5,2026-04-23 09:00:00,4287.87,85.76,15.44,4186.67,,SETTLED
pay_3eaf3c4c3b2a47,MID_RAZOR_991,ORD-2026-4901,UPI,NA,setl_BATCH_d4371198,2026-04-24 09:00:00,3885.94,77.72,13.99,3794.23,,SETTLED
pay_1501102cb58846,MID_RAZOR_991,ORD-2026-4902,UPI,NA,setl_BATCH_d4371198,2026-04-24 09:00:00,1716.82,34.34,6.18,1676.3,,SETTLED
pay_aee2b234775045,MID_RAZOR_991,ORD-2026-4903,UPI,NA,setl_BATCH_d4371198,2026-04-24 09:00:00,2616.98,52.34,9.42,2555.22,,SETTLED
pay_6122f5a71fae47,MID_RAZOR_991,ORD-2026-4904,UPI,NA,setl_BATCH_d4371198,2026-04-24 09:00:00,1780.95,35.62,6.41,1738.92,,SETTLED
pay_35d23cd80c1a42,MID_RAZOR_991,ORD-2026-4905,UPI,NA,setl_BATCH_d4371198,2026-04-24 09:00:00,2726.95,54.54,9.82,2662.59,,SETTLED
pay_30d7750f23f140,MID_RAZOR_991,ORD-2026-4906,UPI,NA,setl_BATCH_d4371198,2026-04-24 09:00:00,3765.53,75.31,13.56,3676.66,,SETTLED
pay_d738d5aa30f947,MID_RAZOR_991,ORD-2026-4907,UPI,NA,setl_BATCH_d4371198,2026-04-24 09:00:00,1075.47,21.51,3.87,1050.09,,SETTLED
pay_b18cf35fa9c844,MID_RAZOR_991,ORD-2026-4908,UPI,NA,setl_BATCH_d4371198,2026-04-24 09:00:00,1672.8,33.46,6.02,1633.32,,SETTLED
pay_b1d6ff35928f49,MID_RAZOR_991,ORD-2026-4909,UPI,NA,setl_BATCH_d4371198,2026-04-24 09:00:00,2157.1,43.14,7.77,2106.19,,SETTLED
pay_df2d57e1bade4d,MID_RAZOR_991,ORD-2026-4910,UPI,NA,setl_BATCH_d4371198,2026-04-24 09:00:00,2614.86,52.3,9.41,2553.15,,SETTLED
pay_b565ba0bddda4b,MID_RAZOR_991,ORD-2026-4911,UPI,NA,setl_BATCH_d4371198,2026-04-24 09:00:00,1412.39,28.25,5.08,1379.06,,SETTLED
pay_65e8e3fc23b542,MID_RAZOR_991,ORD-2026-4912,UPI,NA,setl_BATCH_d4371198,2026-04-24 09:00:00,2279.03,45.58,8.2,2225.25,,SETTLED
pay_44208d44ca3242,MID_RAZOR_991,ORD-2026-4913,UPI,NA,setl_BATCH_d4371198,2026-04-24 09:00:00,1381.79,27.64,4.98,1349.17,,SETTLED
pay_2eac576b751649,MID_RAZOR_991,ORD-2026-4914,UPI,NA,setl_BATCH_d4371198,2026-04-24 09:00:00,4571.35,91.43,16.46,4463.46,,SETTLED
pay_cbb44e08f1594f,MID_RAZOR_991,ORD-2026-4915,UPI,NA,setl_BATCH_d4371198,2026-04-24 09:00:00,3077.23,61.54,11.08,3004.61,,SETTLED
pay_1db7889037b443,MID_RAZOR_991,ORD-2026-4916,UPI,NA,setl_BATCH_d4371198,2026-04-24 09:00:00,4411.52,88.23,15.88,4307.41,,SETTLED
pay_38af23158a3e43,MID_RAZOR_991,ORD-2026-4917,UPI,NA,setl_BATCH_d4371198,2026-04-24 09:00:00,1126.03,22.52,4.05,1099.46,,SETTLED
pay_3194eba978c344,MID_RAZOR_991,ORD-2026-4918,UPI,NA,setl_BATCH_d4371198,2026-04-24 09:00:00,4476.24,89.52,16.11,4370.61,,SETTLED
pay_696f7fc62d2b4c,MID_RAZOR_991,ORD-2026-4919,UPI,NA,setl_BATCH_d4371198,2026-04-24 09:00:00,3659.36,73.19,13.17,3573.0,,SETTLED
pay_a7df13e4d2964b,MID_RAZOR_991,ORD-2026-4920,UPI,NA,setl_BATCH_d4371198,2026-04-24 09:00:00,2511.12,50.22,9.04,2451.86,,SETTLED
pay_04cd8a3d031e4e,MID_RAZOR_991,ORD-2026-4921,UPI,NA,setl_BATCH_6561d70b,2026-04-25 09:00:00,3956.64,79.13,14.24,3863.27,,SETTLED
pay_8f355dc8d4844b,MID_RAZOR_991,ORD-2026-4922,UPI,NA,setl_BATCH_6561d70b,2026-04-25 09:00:00,1455.49,29.11,5.24,1421.14,,SETTLED
pay_8f7cf1608e0347,MID_RAZOR_991,ORD-2026-4923,UPI,NA,setl_BATCH_6561d70b,2026-04-25 09:00:00,3136.74,62.73,11.29,3062.72,,SETTLED
pay_cb707c31a3c847,MID_RAZOR_991,ORD-2026-4924,UPI,NA,setl_BATCH_6561d70b,2026-04-25 09:00:00,3303.5,66.07,11.89,3225.54,,SETTLED
pay_9addfccb0bf04b,MID_RAZOR_991,ORD-2026-4925,UPI,NA,setl_BATCH_6561d70b,2026-04-25 09:00:00,3566.97,71.34,12.84,3482.79,,SETTLED
pay_a8dbf2c31f834a,MID_RAZOR_991,ORD-2026-4926,UPI,NA,setl_BATCH_6561d70b,2026-04-25 09:00:00,3068.09,61.36,11.04,2995.69,,SETTLED
pay_7e28fc46f4d54e,MID_RAZOR_991,ORD-2026-4927,UPI,NA,setl_BATCH_6561d70b,2026-04-25 09:00:00,1633.3,32.67,5.88,1594.75,,SETTLED
pay_520a949dcdcd4c,MID_RAZOR_991,ORD-2026-4928,UPI,NA,setl_BATCH_6561d70b,2026-04-25 09:00:00,4329.62,86.59,15.59,4227.44,,SETTLED
pay_5d778caf652840,MID_RAZOR_991,ORD-2026-4929,UPI,NA,setl_BATCH_6561d70b,2026-04-25 09:00:00,2133.23,42.66,7.68,2082.89,,SETTLED
pay_54c4b293e4274b,MID_RAZOR_991,ORD-2026-4930,UPI,NA,setl_BATCH_6561d70b,2026-04-25 09:00:00,2217.12,44.34,7.98,2164.8,,SETTLED
pay_8a0a14bcae8f4d,MID_RAZOR_991,ORD-2026-4931,UPI,NA,setl_BATCH_6561d70b,2026-04-25 09:00:00,2193.6,43.87,7.9,2141.83,,SETTLED
pay_e0a3cbc3dea249,MID_RAZOR_991,ORD-2026-4932,UPI,NA,setl_BATCH_6561d70b,2026-04-25 09:00:00,2770.87,55.42,9.98,2705.47,,SETTLED
pay_53ca43024a5a43,MID_RAZOR_991,ORD-2026-4933,UPI,NA,setl_BATCH_6561d70b,2026-04-25 09:00:00,2054.84,41.1,7.4,2006.34,,SETTLED
pay_41bf632c1dbb40,MID_RAZOR_991,ORD-2026-4934,UPI,NA,setl_BATCH_6561d70b,2026-04-25 09:00:00,2717.6,54.35,9.78,2653.47,,SETTLED
pay_9be628b11dfe44,MID_RAZOR_991,ORD-2026-4935,UPI,NA,setl_BATCH_6561d70b,2026-04-25 09:00:00,3981.69,79.63,14.33,3887.73,,SETTLED
pay_fca1df8eb61d48,MID_RAZOR_991,ORD-2026-4936,UPI,NA,setl_BATCH_6561d70b,2026-04-25 09:00:00,2749.06,54.98,9.9,2684.18,,SETTLED
pay_e931560a095f4e,MID_RAZOR_991,ORD-2026-4937,UPI,NA,setl_BATCH_6561d70b,2026-04-25 09:00:00,3680.08,73.6,13.25,3593.23,,SETTLED
pay_512426abc89c47,MID_RAZOR_991,ORD-2026-4938,UPI,NA,setl_BATCH_6561d70b,2026-04-25 09:00:00,3647.48,72.95,13.13,3561.4,,SETTLED
pay_9600a6fc4e7041,MID_RAZOR_991,ORD-2026-4939,UPI,NA,setl_BATCH_6561d70b,2026-04-25 09:00:00,3487.32,69.75,12.55,3405.02,,SETTLED
pay_fd2ef23f5a0d48,MID_RAZOR_991,ORD-2026-4940,UPI,NA,setl_BATCH_6561d70b,2026-04-25 09:00:00,2619.06,52.38,9.43,2557.25,,SETTLED
pay_f2cfdb680b644a,MID_RAZOR_991,ORD-2026-4941,UPI,NA,setl_BATCH_99de531a,2026-04-26 09:00:00,1710.25,34.2,6.16,1669.89,,SETTLED
pay_9babc656c6ba45,MID_RAZOR_991,ORD-2026-4942,UPI,NA,setl_BATCH_99de531a,2026-04-26 09:00:00,2483.71,49.67,8.94,2425.1,,SETTLED
pay_af457c4250a942,MID_RAZOR_991,ORD-2026-4943,UPI,NA,setl_BATCH_99de531a,2026-04-26 09:00:00,4388.25,87.77,15.8,4284.68,,SETTLED
pay_bcf841300f664e,MID_RAZOR_991,ORD-2026-4944,UPI,NA,setl_BATCH_99de531a,2026-04-26 09:00:00,4056.12,81.12,14.6,3960.4,,SETTLED
pay_f0d90f73dbd044,MID_RAZOR_991,ORD-2026-4945,UPI,NA,setl_BATCH_99de531a,2026-04-26 09:00:00,2478.93,49.58,8.92,2420.43,,SETTLED
pay_4b30ad7d9bd246,MID_RAZOR_991,ORD-2026-4946,UPI,NA,setl_BATCH_99de531a,2026-04-26 09:00:00,3043.59,60.87,10.96,2971.76,,SETTLED
pay_a6f00d76fe1441,MID_RAZOR_991,ORD-2026-4947,UPI,NA,setl_BATCH_99de531a,2026-04-26 09:00:00,2200.59,44.01,7.92,2148.66,,SETTLED
pay_5a69605fa5fb43,MID_RAZOR_991,ORD-2026-4948,UPI,NA,setl_BATCH_99de531a,2026-04-26 09:00:00,4131.03,82.62,14.87,4033.54,,SETTLED
pay_1a641d655dff4c,MID_RAZOR_991,ORD-2026-4949,UPI,NA,setl_BATCH_99de531a,2026-04-26 09:00:00,1996.85,39.94,7.19,1949.72,,SETTLED
pay_4d3c9f5df40c41,MID_RAZOR_991,ORD-2026-4950,UPI,NA,setl_BATCH_99de531a,2026-04-26 09:00:00,2154.17,43.08,7.75,2103.34,,SETTLED
pay_87a995ae26c74f,MID_RAZOR_991,ORD-2026-4951,UPI,NA,setl_BATCH_99de531a,2026-04-26 09:00:00,4695.22,93.9,16.9,4584.42,,SETTLED
pay_ad913d627b5749,MID_RAZOR_991,ORD-2026-4952,UPI,NA,setl_BATCH_99de531a,2026-04-26 09:00:00,3878.72,77.57,13.96,3787.19,,SETTLED
pay_04a7fdedc64944,MID_RAZOR_991,ORD-2026-4953,UPI,NA,setl_BATCH_99de531a,2026-04-26 09:00:00,1833.51,36.67,6.6,1790.24,,SETTLED
pay_4bfbce62ce5e41,MID_RAZOR_991,ORD-2026-4954,UPI,NA,setl_BATCH_99de531a,2026-04-26 09:00:00,4047.56,80.95,14.57,3952.04,,SETTLED
pay_cef8638e2da248,MID_RAZOR_991,ORD-2026-4955,UPI,NA,setl_BATCH_99de531a,2026-04-26 09:00:00,1999.37,39.99,7.2,1952.18,,SETTLED
pay_ff07cb715dfc46,MID_RAZOR_991,ORD-2026-4956,UPI,NA,setl_BATCH_99de531a,2026-04-26 09:00:00,4509.72,90.19,16.23,4403.3,,SETTLED
pay_6247eb92cd2a4d,MID_RAZOR_991,ORD-2026-4957,UPI,NA,setl_BATCH_99de531a,2026-04-26 09:00:00,4695.12,93.9,16.9,4584.32,,SETTLED
pay_0d7358df4cc548,MID_RAZOR_991,ORD-2026-4958,UPI,NA,setl_BATCH_99de531a,2026-04-26 09:00:00,1413.03,28.26,5.09,1379.68,,SETTLED
pay_1743df235f6d40,MID_RAZOR_991,ORD-2026-4959,UPI,NA,setl_BATCH_99de531a,2026-04-26 09:00:00,1626.62,32.53,5.86,1588.23,,SETTLED
pay_65188b598c1e45,MID_RAZOR_991,ORD-2026-4960,UPI,NA,setl_BATCH_99de531a,2026-04-26 09:00:00,3791.37,75.83,13.65,3701.89,,SETTLED
pay_2e0b3f8493c94e,MID_RAZOR_991,ORD-2026-4961,UPI,NA,setl_BATCH_40b4c336,2026-04-27 09:00:00,3501.19,70.02,12.6,3418.57,,SETTLED
pay_e79962855af942,MID_RAZOR_991,ORD-2026-4962,UPI,NA,setl_BATCH_40b4c336,2026-04-27 09:00:00,2085.81,41.72,7.51,2036.58,,SETTLED
pay_17fef4cc1b8141,MID_RAZOR_991,ORD-2026-4963,UPI,NA,setl_BATCH_40b4c336,2026-04-27 09:00:00,3194.12,63.88,11.5,3118.74,,SETTLED
pay_f9ef59bc0ffa41,MID_RAZOR_991,ORD-2026-4964,UPI,NA,setl_BATCH_40b4c336,2026-04-27 09:00:00,2716.66,54.33,9.78,2652.55,,SETTLED
pay_5f58250dcf7349,MID_RAZOR_991,ORD-2026-4965,UPI,NA,setl_BATCH_40b4c336,2026-04-27 09:00:00,4139.17,82.78,14.9,4041.49,,SETTLED
pay_52d4899a976f41,MID_RAZOR_991,ORD-2026-4966,UPI,NA,setl_BATCH_40b4c336,2026-04-27 09:00:00,3153.6,63.07,11.35,3079.18,,SETTLED
pay_efd2ff93440144,MID_RAZOR_991,ORD-2026-4967,UPI,NA,setl_BATCH_40b4c336,2026-04-27 09:00:00,2881.56,57.63,10.37,2813.56,,SETTLED
pay_772e1e417fef49,MID_RAZOR_991,ORD-2026-4968,UPI,NA,setl_BATCH_40b4c336,2026-04-27 09:00:00,3433.67,68.67,12.36,3352.64,,SETTLED
pay_990d16e310274f,MID_RAZOR_991,ORD-2026-4969,UPI,NA,setl_BATCH_40b4c336,2026-04-27 09:00:00,1308.66,26.17,4.71,1277.78,,SETTLED
pay_8cac303319f247,MID_RAZOR_991,ORD-2026-4970,UPI,NA,setl_BATCH_40b4c336,2026-04-27 09:00:00,4441.78,88.84,15.99,4336.95,,SETTLED
pay_f8ff1ff7a1b246,MID_RAZOR_991,ORD-2026-4971,UPI,NA,setl_BATCH_40b4c336,2026-04-27 09:00:00,1406.02,28.12,5.06,1372.84,,SETTLED
pay_34447bfa3ade4e,MID_RAZOR_991,ORD-2026-4972,UPI,NA,setl_BATCH_40b4c336,2026-04-27 09:00:00,1786.94,35.74,6.43,1744.77,,SETTLED
pay_db8661eaf0e347,MID_RAZOR_991,ORD-2026-4973,UPI,NA,setl_BATCH_40b4c336,2026-04-27 09:00:00,1116.91,22.34,4.02,1090.55,,SETTLED
pay_3ca4d40352f541,MID_RAZOR_991,ORD-2026-4974,UPI,NA,setl_BATCH_40b4c336,2026-04-27 09:00:00,4225.61,84.51,15.21,4125.89,,SETTLED
pay_0a3614656c8841,MID_RAZOR_991,ORD-2026-4975,UPI,NA,setl_BATCH_40b4c336,2026-04-27 09:00:00,2518.16,50.36,9.06,2458.74,,SETTLED
pay_488d0eea31844a,MID_RAZOR_991,ORD-2026-4976,UPI,NA,setl_BATCH_40b4c336,2026-04-27 09:00:00,1664.18,33.28,5.99,1624.91,,SETTLED
pay_0290d7d2e82948,MID_RAZOR_991,ORD-2026-4977,UPI,NA,setl_BATCH_40b4c336,2026-04-27 09:00:00,2095.48,41.91,7.54,2046.03,,SETTLED
pay_4c1e8d70ef7249,MID_RAZOR_991,ORD-2026-4978,UPI,NA,setl_BATCH_40b4c336,2026-04-27 09:00:00,4835.7,96.71,17.41,4721.58,,SETTLED
pay_32fe691bdd144b,MID_RAZOR_991,ORD-2026-4979,UPI,NA,setl_BATCH_40b4c336,2026-04-27 09:00:00,4584.95,91.7,16.51,4476.74,,SETTLED
pay_67cf2a0d530649,MID_RAZOR_991,ORD-2026-4980,UPI,NA,setl_BATCH_40b4c336,2026-04-27 09:00:00,2100.39,42.01,7.56,2050.82,,SETTLED
pay_44d2a631b28f42,MID_RAZOR_991,ORD-2026-4981,UPI,NA,setl_BATCH_73e8631f,2026-04-28 09:00:00,4916.85,98.34,17.7,4800.81,,SETTLED
pay_8540e67bcbcb40,MID_RAZOR_991,ORD-2026-4982,UPI,NA,setl_BATCH_73e8631f,2026-04-28 09:00:00,4135.02,82.7,14.89,4037.43,,SETTLED
pay_e3ddba2e549a42,MID_RAZOR_991,ORD-2026-4983,UPI,NA,setl_BATCH_73e8631f,2026-04-28 09:00:00,2587.44,51.75,9.31,2526.38,,SETTLED
pay_2fcb00ede35145,MID_RAZOR_991,ORD-2026-4984,UPI,NA,setl_BATCH_73e8631f,2026-04-28 09:00:00,2111.88,42.24,7.6,2062.04,,SETTLED
pay_19a93634beda4f,MID_RAZOR_991,ORD-2026-4985,UPI,NA,setl_BATCH_73e8631f,2026-04-28 09:00:00,3312.61,66.25,11.92,3234.44,,SETTLED
pay_ecd9d0a690cc49,MID_RAZOR_991,ORD-2026-4986,UPI,NA,setl_BATCH_73e8631f,2026-04-28 09:00:00,4369.79,87.4,15.73,4266.66,,SETTLED
pay_1d47f0cda37148,MID_RAZOR_991,ORD-2026-4987,UPI,NA,setl_BATCH_73e8631f,2026-04-28 09:00:00,4002.61,80.05,14.41,3908.15,,SETTLED
pay_2c25c41572784a,MID_RAZOR_991,ORD-2026-4988,UPI,NA,setl_BATCH_73e8631f,2026-04-28 09:00:00,3391.39,67.83,12.21,3311.35,,SETTLED
pay_f912dac1faa14c,MID_RAZOR_991,ORD-2026-4989,UPI,NA,setl_BATCH_73e8631f,2026-04-28 09:00:00,3992.2,79.84,14.37,3897.99,,SETTLED
pay_4edd5ec46c0249,MID_RAZOR_991,ORD-2026-4990,UPI,NA,setl_BATCH_73e8631f,2026-04-28 09:00:00,1860.93,37.22,6.7,1817.01,,SETTLED
pay_af17cfbc24bf4c,MID_RAZOR_991,ORD-2026-4991,UPI,NA,setl_BATCH_73e8631f,2026-04-28 09:00:00,4385.92,87.72,15.79,4282.41,,SETTLED
pay_8aa7b4d76ec34d,MID_RAZOR_991,ORD-2026-4992,UPI,NA,setl_BATCH_73e8631f,2026-04-28 09:00:00,1439.35,28.79,5.18,1405.38,,SETTLED
pay_0096fad5ccaa49,MID_RAZOR_991,ORD-2026-4993,UPI,NA,setl_BATCH_73e8631f,2026-04-28 09:00:00,4644.17,92.88,16.72,4534.57,,SETTLED
pay_8b32d1273bfb40,MID_RAZOR_991,ORD-2026-4994,UPI,NA,setl_BATCH_73e8631f,2026-04-28 09:00:00,2840.66,56.81,10.23,2773.62,,SETTLED
pay_de37ccf16ac24f,MID_RAZOR_991,ORD-2026-4995,UPI,NA,setl_BATCH_73e8631f,2026-04-28 09:00:00,4958.3,99.17,17.85,4841.28,,SETTLED
pay_691014ba5c514a,MID_RAZOR_991,ORD-2026-4996,UPI,NA,setl_BATCH_73e8631f,2026-04-28 09:00:00,3727.71,74.55,13.42,3639.74,,SETTLED
pay_55504d95347841,MID_RAZOR_991,ORD-2026-4997,UPI,NA,setl_BATCH_73e8631f,2026-04-28 09:00:00,2314.55,46.29,8.33,2259.93,,SETTLED
pay_22c28af4e7d349,MID_RAZOR_991,ORD-2026-4998,UPI,NA,setl_BATCH_73e8631f,2026-04-28 09:00:00,1419.52,28.39,5.11,1386.02,,SETTLED
pay_b5e21b436f2640,MID_RAZOR_991,ORD-2026-4999,UPI,NA,setl_BATCH_73e8631f,2026-04-28 09:00:00,1679.23,33.58,6.04,1639.61,,SETTLED
pay_fb966b3d5aa649,MID_RAZOR_991,ORD-2026-5000,UPI,NA,setl_BATCH_73e8631f,2026-04-28 09:00:00,2605.41,52.11,9.38,2543.92,,SETTLED
pay_1cf17e5e2fbc4c,MID_RAZOR_991,ORD-2026-5001,UPI,NA,setl_BATCH_620c8390,2026-04-29 09:00:00,2088.43,41.77,7.52,2039.14,,SETTLED
pay_deb462349dae49,MID_RAZOR_991,ORD-2026-5002,UPI,NA,setl_BATCH_620c8390,2026-04-29 09:00:00,1778.75,35.58,6.4,1736.77,,SETTLED
pay_71a35c61631645,MID_RAZOR_991,ORD-2026-5003,UPI,NA,setl_BATCH_620c8390,2026-04-29 09:00:00,4888.25,97.77,17.6,4772.88,,SETTLED
pay_35fb76b8e2c647,MID_RAZOR_991,ORD-2026-5004,UPI,NA,setl_BATCH_620c8390,2026-04-29 09:00:00,4670.57,93.41,16.81,4560.35,,SETTLED
pay_d6f6dc1ec0ad48,MID_RAZOR_991,ORD-2026-5005,UPI,NA,setl_BATCH_620c8390,2026-04-29 09:00:00,3627.17,72.54,13.06,3541.57,,SETTLED
pay_d991c3530feb4f,MID_RAZOR_991,ORD-2026-5006,UPI,NA,setl_BATCH_620c8390,2026-04-29 09:00:00,2094.53,41.89,7.54,2045.1,,SETTLED
pay_41f59b61b2b841,MID_RAZOR_991,ORD-2026-5007,UPI,NA,setl_BATCH_620c8390,2026-04-29 09:00:00,1182.36,23.65,4.26,1154.45,,SETTLED
pay_57f90c21544346,MID_RAZOR_991,ORD-2026-5008,UPI,NA,setl_BATCH_620c8390,2026-04-29 09:00:00,2061.21,41.22,7.42,2012.57,,SETTLED
pay_d1fa47ac52eb49,MID_RAZOR_991,ORD-2026-5009,UPI,NA,setl_BATCH_620c8390,2026-04-29 09:00:00,4459.9,89.2,16.06,4354.64,,SETTLED
pay_e281aed0298f4e,MID_RAZOR_991,ORD-2026-5010,UPI,NA,setl_BATCH_620c8390,2026-04-29 09:00:00,1866.04,37.32,6.72,1822.0,,SETTLED
pay_3b81e023081d43,MID_RAZOR_991,ORD-2026-5011,UPI,NA,setl_BATCH_620c8390,2026-04-29 09:00:00,4634.84,92.7,16.69,4525.45,,SETTLED
pay_31bc2d80811c49,MID_RAZOR_991,ORD-2026-5012,UPI,NA,setl_BATCH_620c8390,2026-04-29 09:00:00,2601.83,52.04,9.37,2540.42,,SETTLED
pay_8c3d9382d9d740,MID_RAZOR_991,ORD-2026-5013,UPI,NA,setl_BATCH_620c8390,2026-04-29 09:00:00,3617.81,72.36,13.02,3532.43,,SETTLED
pay_1515acc282044d,MID_RAZOR_991,ORD-2026-5014,UPI,NA,setl_BATCH_620c8390,2026-04-29 09:00:00,1190.24,23.8,4.28,1162.16,,SETTLED
pay_51c178073eda4b,MID_RAZOR_991,ORD-2026-5015,UPI,NA,setl_BATCH_620c8390,2026-04-29 09:00:00,4595.83,91.92,16.55,4487.36,,SETTLED
pay_21bb109ae9c24f,MID_RAZOR_991,ORD-2026-5016,UPI,NA,setl_BATCH_620c8390,2026-04-29 09:00:00,1602.09,32.04,5.77,1564.28,,SETTLED
pay_f47bdf63108b4c,MID_RAZOR_991,ORD-2026-5017,UPI,NA,setl_BATCH_620c8390,2026-04-29 09:00:00,4703.32,94.07,16.93,4592.32,,SETTLED
pay_76fca62153444e,MID_RAZOR_991,ORD-2026-5018,UPI,NA,setl_BATCH_620c8390,2026-04-29 09:00:00,4997.01,99.94,17.99,4879.08,,SETTLED
pay_ac83554a6eb248,MID_RAZOR_991,ORD-2026-5019,UPI,NA,setl_BATCH_620c8390,2026-04-29 09:00:00,3408.89,68.18,12.27,3328.44,,SETTLED
pay_e67f6c0b6ef34d,MID_RAZOR_991,ORD-2026-5020,UPI,NA,setl_BATCH_620c8390,2026-04-29 09:00:00,1577.52,31.55,5.68,1540.29,,SETTLED
pay_da843b1212d74e,MID_RAZOR_991,ORD-2026-5021,UPI,NA,setl_BATCH_c0163609,2026-04-30 09:00:00,4581.27,91.63,16.49,4473.15,,SETTLED
pay_5699a55eec2948,MID_RAZOR_991,ORD-2026-5022,UPI,NA,setl_BATCH_c0163609,2026-04-30 09:00:00,3214.07,64.28,11.57,3138.22,,SETTLED
pay_b0185e032bb446,MID_RAZOR_991,ORD-2026-5023,UPI,NA,setl_BATCH_c0163609,2026-04-30 09:00:00,1838.12,36.76,6.62,1794.74,,SETTLED
pay_82b03f059f2e45,MID_RAZOR_991,ORD-2026-5024,UPI,NA,setl_BATCH_c0163609,2026-04-30 09:00:00,2701.87,54.04,9.73,2638.1,,SETTLED
pay_4026002ec99d40,MID_RAZOR_991,ORD-2026-5025,UPI,NA,setl_BATCH_c0163609,2026-04-30 09:00:00,4937.48,98.75,17.77,4820.96,,SETTLED
pay_68eddb8aa02a4c,MID_RAZOR_991,ORD-2026-5026,UPI,NA,setl_BATCH_c0163609,2026-04-30 09:00:00,4349.33,86.99,15.66,4246.68,,SETTLED
pay_3a9afd9951134a,MID_RAZOR_991,ORD-2026-5027,UPI,NA,setl_BATCH_c0163609,2026-04-30 09:00:00,4683.12,93.66,16.86,4572.6,,SETTLED
pay_921f8a11d3ff4a,MID_RAZOR_991,ORD-2026-5028,UPI,NA,setl_BATCH_c0163609,2026-04-30 09:00:00,1319.35,26.39,4.75,1288.21,,SETTLED
pay_ed9d553976e44a,MID_RAZOR_991,ORD-2026-5029,UPI,NA,setl_BATCH_c0163609,2026-04-30 09:00:00,4420.85,88.42,15.92,4316.51,,SETTLED
pay_cd024961e93c40,MID_RAZOR_991,ORD-2026-5030,UPI,NA,setl_BATCH_c0163609,2026-04-30 09:00:00,1464.02,29.28,5.27,1429.47,,SETTLED
pay_fa70be398de840,MID_RAZOR_991,ORD-2026-5031,UPI,NA,setl_BATCH_c0163609,2026-04-30 09:00:00,1391.04,27.82,5.01,1358.21,,SETTLED
pay_b94530ba551e48,MID_RAZOR_991,ORD-2026-5032,UPI,NA,setl_BATCH_c0163609,2026-04-30 09:00:00,4985.44,99.71,17.95,4867.78,,SETTLED
pay_a716b09daa7146,MID_RAZOR_991,ORD-2026-5033,UPI,NA,setl_BATCH_c0163609,2026-04-30 09:00:00,3676.03,73.52,13.23,3589.28,,SETTLED
pay_efdfb059bd294e,MID_RAZOR_991,ORD-2026-5034,UPI,NA,setl_BATCH_c0163609,2026-04-30 09:00:00,4882.6,97.65,17.58,4767.37,,SETTLED
pay_afc384d5880c40,MID_RAZOR_991,ORD-2026-5035,UPI,NA,setl_BATCH_c0163609,2026-04-30 09:00:00,4212.02,84.24,15.16,4112.62,,SETTLED
pay_84f12caaa5be4f,MID_RAZOR_991,ORD-2026-5036,UPI,NA,setl_BATCH_c0163609,2026-04-30 09:00:00,1368.06,27.36,4.92,1335.78,,SETTLED
pay_ee361252cedb41,MID_RAZOR_991,ORD-2026-5037,UPI,NA,setl_BATCH_c0163609,2026-04-30 09:00:00,2837.51,56.75,10.21,2770.55,,SETTLED
pay_423181af05474e,MID_RAZOR_991,ORD-2026-5038,UPI,NA,setl_BATCH_c0163609,2026-04-30 09:00:00,1546.87,30.94,5.57,1510.36,,SETTLED
pay_9174a8d44bd94f,MID_RAZOR_991,ORD-2026-5039,UPI,NA,setl_BATCH_c0163609,2026-04-30 09:00:00,1300.33,26.01,4.68,1269.64,,SETTLED
pay_1f43e383ad7849,MID_RAZOR_991,ORD-2026-5040,UPI,NA,setl_BATCH_c0163609,2026-04-30 09:00:00,2905.75,58.12,10.46,2837.17,,SETTLED
pay_f86dd2254db541,MID_RAZOR_991,ORD-2026-5041,UPI,NA,setl_BATCH_d6af5926,2026-05-01 09:00:00,2522.26,50.45,9.08,2462.73,,SETTLED
pay_5539116c576446,MID_RAZOR_991,ORD-2026-5042,UPI,NA,setl_BATCH_d6af5926,2026-05-01 09:00:00,3420.79,68.42,12.32,3340.05,,SETTLED
pay_16662d5f376a41,MID_RAZOR_991,ORD-2026-5043,UPI,NA,setl_BATCH_d6af5926,2026-05-01 09:00:00,4154.47,83.09,14.96,4056.42,,SETTLED
pay_9706d3405eaa4f,MID_RAZOR_991,ORD-2026-5044,UPI,NA,setl_BATCH_d6af5926,2026-05-01 09:00:00,4671.88,93.44,16.82,4561.62,,SETTLED
pay_4af1f0d9d43643,MID_RAZOR_991,ORD-2026-5045,UPI,NA,setl_BATCH_d6af5926,2026-05-01 09:00:00,3458.66,69.17,12.45,3377.04,,SETTLED
pay_cc6eea41ca654d,MID_RAZOR_991,ORD-2026-5046,UPI,NA,setl_BATCH_d6af5926,2026-05-01 09:00:00,4943.49,98.87,17.8,4826.82,,SETTLED
pay_4d9d0a10844c43,MID_RAZOR_991,ORD-2026-5047,UPI,NA,setl_BATCH_d6af5926,2026-05-01 09:00:00,4995.02,99.9,17.98,4877.14,,SETTLED
pay_8eaa8888c31f48,MID_RAZOR_991,ORD-2026-5048,UPI,NA,setl_BATCH_d6af5926,2026-05-01 09:00:00,3565.66,71.31,12.84,3481.51,,SETTLED
pay_0f76c3aa13184b,MID_RAZOR_991,ORD-2026-5049,UPI,NA,setl_BATCH_d6af5926,2026-05-01 09:00:00,2135.84,42.72,7.69,2085.43,,SETTLED
pay_a281ee4476db4d,MID_RAZOR_991,ORD-2026-5050,UPI,NA,setl_BATCH_d6af5926,2026-05-01 09:00:00,3839.95,76.8,13.82,3749.33,,SETTLED
pay_a71f755e77214f,MID_RAZOR_991,ORD-2026-5051,UPI,NA,setl_BATCH_d6af5926,2026-05-01 09:00:00,1871.18,37.42,6.74,1827.02,,SETTLED
pay_c3613d526b8444,MID_RAZOR_991,ORD-2026-5052,UPI,NA,setl_BATCH_d6af5926,2026-05-01 09:00:00,3387.25,67.75,12.2,3307.3,,SETTLED
pay_6f7f950fa2494e,MID_RAZOR_991,ORD-2026-5053,UPI,NA,setl_BATCH_d6af5926,2026-05-01 09:00:00,1742.18,34.84,6.27,1701.07,,SETTLED
pay_0b3b705b05dc48,MID_RAZOR_991,ORD-2026-5054,UPI,NA,setl_BATCH_d6af5926,2026-05-01 09:00:00,3191.47,63.83,11.49,3116.15,,SETTLED
pay_5d130ba4b16b44,MID_RAZOR_991,ORD-2026-5055,UPI,NA,setl_BATCH_d6af5926,2026-05-01 09:00:00,1668.88,33.38,6.01,1629.49,,SETTLED
pay_0dab3955154746,MID_RAZOR_991,ORD-2026-5056,UPI,NA,setl_BATCH_d6af5926,2026-05-01 09:00:00,4030.64,80.61,14.51,3935.52,,SETTLED
pay_8811082543114c,MID_RAZOR_991,ORD-2026-5057,UPI,NA,setl_BATCH_d6af5926,2026-05-01 09:00:00,2247.55,44.95,8.09,2194.51,,SETTLED
pay_dacccb5e3fb54b,MID_RAZOR_991,ORD-2026-5058,UPI,NA,setl_BATCH_d6af5926,2026-05-01 09:00:00,1555.72,31.11,5.6,1519.01,,SETTLED
pay_666c54a0474247,MID_RAZOR_991,ORD-2026-5059,UPI,NA,setl_BATCH_d6af5926,2026-05-01 09:00:00,2946.24,58.92,10.61,2876.71,,SETTLED
pay_a33920c0b8c04a,MID_RAZOR_991,ORD-2026-5060,UPI,NA,setl_BATCH_d6af5926,2026-05-01 09:00:00,2866.18,57.32,10.32,2798.54,,SETTLED
pay_960834edd5fc47,MID_RAZOR_991,ORD-2026-5061,UPI,NA,setl_BATCH_1dfc5a88,2026-05-02 09:00:00,3454.33,69.09,12.44,3372.8,,SETTLED
pay_cec381e4dac142,MID_RAZOR_991,ORD-2026-5062,UPI,NA,setl_BATCH_1dfc5a88,2026-05-02 09:00:00,4659.61,93.19,16.77,4549.65,,SETTLED
pay_3b3485972a8d44,MID_RAZOR_991,ORD-2026-5063,UPI,NA,setl_BATCH_1dfc5a88,2026-05-02 09:00:00,2561.71,51.23,9.22,2501.26,,SETTLED
pay_c6d2518f556e4b,MID_RAZOR_991,ORD-2026-5064,UPI,NA,setl_BATCH_1dfc5a88,2026-05-02 09:00:00,3280.85,65.62,11.81,3203.42,,SETTLED
pay_f38c22159cfc46,MID_RAZOR_991,ORD-2026-5065,UPI,NA,setl_BATCH_1dfc5a88,2026-05-02 09:00:00,1122.5,22.45,4.04,1096.01,,SETTLED
pay_4607c0f461b24f,MID_RAZOR_991,ORD-2026-5066,UPI,NA,setl_BATCH_1dfc5a88,2026-05-02 09:00:00,4961.64,99.23,17.86,4844.55,,SETTLED
pay_85f793895d6241,MID_RAZOR_991,ORD-2026-5067,UPI,NA,setl_BATCH_1dfc5a88,2026-05-02 09:00:00,2805.67,56.11,10.1,2739.46,,SETTLED
pay_8d9bfdfb359b41,MID_RAZOR_991,ORD-2026-5068,UPI,NA,setl_BATCH_1dfc5a88,2026-05-02 09:00:00,2462.48,49.25,8.87,2404.36,,SETTLED
pay_7a692bafa6694d,MID_RAZOR_991,ORD-2026-5069,UPI,NA,setl_BATCH_1dfc5a88,2026-05-02 09:00:00,4546.05,90.92,16.37,4438.76,,SETTLED
pay_19af1b268f8049,MID_RAZOR_991,ORD-2026-5070,UPI,NA,setl_BATCH_1dfc5a88,2026-05-02 09:00:00,3552.61,71.05,12.79,3468.77,,SETTLED
pay_6814fae7f67545,MID_RAZOR_991,ORD-2026-5071,UPI,NA,setl_BATCH_1dfc5a88,2026-05-02 09:00:00,1624.25,32.48,5.85,1585.92,,SETTLED
pay_9c540610641a47,MID_RAZOR_991,ORD-2026-5072,UPI,NA,setl_BATCH_1dfc5a88,2026-05-02 09:00:00,4041.69,80.83,14.55,3946.31,,SETTLED
pay_9ceed366a47940,MID_RAZOR_991,ORD-2026-5073,UPI,NA,setl_BATCH_1dfc5a88,2026-05-02 09:00:00,2467.83,49.36,8.88,2409.59,,SETTLED
pay_936054eb823b42,MID_RAZOR_991,ORD-2026-5074,UPI,NA,setl_BATCH_1dfc5a88,2026-05-02 09:00:00,4495.86,89.92,16.19,4389.75,,SETTLED
pay_15b854ff632141,MID_RAZOR_991,ORD-2026-5075,UPI,NA,setl_BATCH_1dfc5a88,2026-05-02 09:00:00,3653.35,73.07,13.15,3567.13,,SETTLED
pay_d43bfbdb37594f,MID_RAZOR_991,ORD-2026-5076,UPI,NA,setl_BATCH_1dfc5a88,2026-05-02 09:00:00,4436.09,88.72,15.97,4331.4,,SETTLED
pay_28f9923121a445,MID_RAZOR_991,ORD-2026-5077,UPI,NA,setl_BATCH_1dfc5a88,2026-05-02 09:00:00,4355.33,87.11,15.68,4252.54,,SETTLED
pay_62352097beb547,MID_RAZOR_991,ORD-2026-5078,UPI,NA,setl_BATCH_1dfc5a88,2026-05-02 09:00:00,3036.98,60.74,10.93,2965.31,,SETTLED
pay_6ca99290ec234d,MID_RAZOR_991,ORD-2026-5079,UPI,NA,setl_BATCH_1dfc5a88,2026-05-02 09:00:00,2042.71,40.85,7.35,1994.51,,SETTLED
pay_842848862c9c45,MID_RAZOR_991,ORD-2026-5080,UPI,NA,setl_BATCH_1dfc5a88,2026-05-02 09:00:00,4112.12,82.24,14.8,4015.08,,SETTLED
pay_d76d687642ef44,MID_RAZOR_991,ORD-2026-5081,UPI,NA,setl_BATCH_cc6f64fd,2026-05-03 09:00:00,4873.66,97.47,17.54,4758.65,,SETTLED
pay_11549f686d7e48,MID_RAZOR_991,ORD-2026-5082,UPI,NA,setl_BATCH_cc6f64fd,2026-05-03 09:00:00,3165.98,63.32,11.4,3091.26,,SETTLED
pay_4c52605bf9bb47,MID_RAZOR_991,ORD-2026-5083,UPI,NA,setl_BATCH_cc6f64fd,2026-05-03 09:00:00,2087.77,41.76,7.52,2038.49,,SETTLED
pay_35e3e23fac474d,MID_RAZOR_991,ORD-2026-5084,UPI,NA,setl_BATCH_cc6f64fd,2026-05-03 09:00:00,1542.3,30.85,5.55,1505.9,,SETTLED
pay_56a12f059c4043,MID_RAZOR_991,ORD-2026-5085,UPI,NA,setl_BATCH_cc6f64fd,2026-05-03 09:00:00,2886.85,57.74,10.39,2818.72,,SETTLED
pay_cc3c3033cbe348,MID_RAZOR_991,ORD-2026-5086,UPI,NA,setl_BATCH_cc6f64fd,2026-05-03 09:00:00,3006.01,60.12,10.82,2935.07,,SETTLED
pay_496e3de11d3e46,MID_RAZOR_991,ORD-2026-5087,UPI,NA,setl_BATCH_cc6f64fd,2026-05-03 09:00:00,2404.7,48.09,8.66,2347.95,,SETTLED
pay_f8bb048fe69240,MID_RAZOR_991,ORD-2026-5088,UPI,NA,setl_BATCH_cc6f64fd,2026-05-03 09:00:00,1917.47,38.35,6.9,1872.22,,SETTLED
pay_a6c94c8be08f47,MID_RAZOR_991,ORD-2026-5089,UPI,NA,setl_BATCH_cc6f64fd,2026-05-03 09:00:00,1699.96,34.0,6.12,1659.84,,SETTLED
pay_415d22d9c36347,MID_RAZOR_991,ORD-2026-5090,UPI,NA,setl_BATCH_cc6f64fd,2026-05-03 09:00:00,1052.68,21.05,3.79,1027.84,,SETTLED
pay_559769a7158b4d,MID_RAZOR_991,ORD-2026-5091,UPI,NA,setl_BATCH_cc6f64fd,2026-05-03 09:00:00,2306.97,46.14,8.31,2252.52,,SETTLED
pay_c01f2b4259b34c,MID_RAZOR_991,ORD-2026-5092,UPI,NA,setl_BATCH_cc6f64fd,2026-05-03 09:00:00,1770.42,35.41,6.37,1728.64,,SETTLED
pay_5f1af40c355f46,MID_RAZOR_991,ORD-2026-5093,UPI,NA,setl_BATCH_cc6f64fd,2026-05-03 09:00:00,1005.16,20.1,3.62,981.44,,SETTLED
pay_28b9e31f9ef740,MID_RAZOR_991,ORD-2026-5094,UPI,NA,setl_BATCH_cc6f64fd,2026-05-03 09:00:00,3905.16,78.1,14.06,3813.0,,SETTLED
pay_c9cc95ba84dc4c,MID_RAZOR_991,ORD-2026-5095,UPI,NA,setl_BATCH_cc6f64fd,2026-05-03 09:00:00,3421.36,68.43,12.32,3340.61,,SETTLED
pay_4284a40ed5934c,MID_RAZOR_991,ORD-2026-5096,UPI,NA,setl_BATCH_cc6f64fd,2026-05-03 09:00:00,2492.1,49.84,8.97,2433.29,,SETTLED
pay_14a9aded8b5440,MID_RAZOR_991,ORD-2026-5097,UPI,NA,setl_BATCH_cc6f64fd,2026-05-03 09:00:00,1461.84,29.24,5.26,1427.34,,SETTLED
pay_abf7d9aee96c4b,MID_RAZOR_991,ORD-2026-5098,UPI,NA,setl_BATCH_cc6f64fd,2026-05-03 09:00:00,3668.06,73.36,13.2,3581.5,,SETTLED
pay_6ff9fcff88bd46,MID_RAZOR_991,ORD-2026-5099,UPI,NA,setl_BATCH_cc6f64fd,2026-05-03 09:00:00,2274.74,45.49,8.19,2221.06,,SETTLED
pay_bd1a5b0abb354c,MID_RAZOR_991,ORD-2026-5100,UPI,NA,setl_BATCH_cc6f64fd,2026-05-03 09:00:00,1658.93,33.18,5.97,1619.78,,SETTLED
pay_3474a4b478d942,MID_RAZOR_991,ORD-2026-5101,UPI,NA,setl_BATCH_fec7e2c5,2026-05-04 09:00:00,4694.14,93.88,16.9,4583.36,,SETTLED
pay_5613d8e76b4b40,MID_RAZOR_991,ORD-2026-5102,UPI,NA,setl_BATCH_fec7e2c5,2026-05-04 09:00:00,2157.07,43.14,7.77,2106.16,,SETTLED
pay_6b96d741223740,MID_RAZOR_991,ORD-2026-5103,UPI,NA,setl_BATCH_fec7e2c5,2026-05-04 09:00:00,3226.1,64.52,11.61,3149.97,,SETTLED
pay_2080fbbc03b749,MID_RAZOR_991,ORD-2026-5104,UPI,NA,setl_BATCH_fec7e2c5,2026-05-04 09:00:00,4036.68,80.73,14.53,3941.42,,SETTLED
pay_1e56ba4fb3ba48,MID_RAZOR_991,ORD-2026-5105,UPI,NA,setl_BATCH_fec7e2c5,2026-05-04 09:00:00,1116.84,22.34,4.02,1090.48,,SETTLED
pay_441c4a201e4b42,MID_RAZOR_991,ORD-2026-5106,UPI,NA,setl_BATCH_fec7e2c5,2026-05-04 09:00:00,4405.95,88.12,15.86,4301.97,,SETTLED
pay_4de4bd1dd5244e,MID_RAZOR_991,ORD-2026-5107,UPI,NA,setl_BATCH_fec7e2c5,2026-05-04 09:00:00,1409.31,28.19,5.07,1376.05,,SETTLED
pay_983e9e7cd3284b,MID_RAZOR_991,ORD-2026-5108,UPI,NA,setl_BATCH_fec7e2c5,2026-05-04 09:00:00,4772.89,95.46,17.18,4660.25,,SETTLED
pay_8bd3f4a52e574c,MID_RAZOR_991,ORD-2026-5109,UPI,NA,setl_BATCH_fec7e2c5,2026-05-04 09:00:00,1308.81,26.18,4.71,1277.92,,SETTLED
pay_46cbdcc0e7af47,MID_RAZOR_991,ORD-2026-5110,UPI,NA,setl_BATCH_fec7e2c5,2026-05-04 09:00:00,4146.57,82.93,14.93,4048.71,,SETTLED
pay_83681d5c60184a,MID_RAZOR_991,ORD-2026-5111,UPI,NA,setl_BATCH_fec7e2c5,2026-05-04 09:00:00,4719.34,94.39,16.99,4607.96,,SETTLED
pay_99e8430955dd43,MID_RAZOR_991,ORD-2026-5112,UPI,NA,setl_BATCH_fec7e2c5,2026-05-04 09:00:00,2878.12,57.56,10.36,2810.2,,SETTLED
pay_f327647d7e264d,MID_RAZOR_991,ORD-2026-5113,UPI,NA,setl_BATCH_fec7e2c5,2026-05-04 09:00:00,2151.35,43.03,7.75,2100.57,,SETTLED
pay_dfa88881fe8a4a,MID_RAZOR_991,ORD-2026-5114,UPI,NA,setl_BATCH_fec7e2c5,2026-05-04 09:00:00,1145.65,22.91,4.12,1118.62,,SETTLED
pay_e9a93a14286041,MID_RAZOR_991,ORD-2026-5115,UPI,NA,setl_BATCH_fec7e2c5,2026-05-04 09:00:00,3039.76,60.8,10.94,2968.02,,SETTLED
pay_89d3e80e252842,MID_RAZOR_991,ORD-2026-5116,UPI,NA,setl_BATCH_fec7e2c5,2026-05-04 09:00:00,2542.1,50.84,9.15,2482.11,,SETTLED
pay_b95902b101084e,MID_RAZOR_991,ORD-2026-5117,UPI,NA,setl_BATCH_fec7e2c5,2026-05-04 09:00:00,4925.36,98.51,17.73,4809.12,,SETTLED
pay_1fe997db71d942,MID_RAZOR_991,ORD-2026-5118,UPI,NA,setl_BATCH_fec7e2c5,2026-05-04 09:00:00,4981.55,99.63,17.93,4863.99,,SETTLED
pay_d8c2a303552847,MID_RAZOR_991,ORD-2026-5119,UPI,NA,setl_BATCH_fec7e2c5,2026-05-04 09:00:00,3340.73,66.81,12.03,3261.89,,SETTLED
pay_9a34ed12aa6d46,MID_RAZOR_991,ORD-2026-5120,UPI,NA,setl_BATCH_fec7e2c5,2026-05-04 09:00:00,1583.64,31.67,5.7,1546.27,,SETTLED
pay_396a561929fc47,MID_RAZOR_991,ORD-2026-5121,UPI,NA,setl_BATCH_68d1e192,2026-05-05 09:00:00,3901.54,78.03,14.05,3809.46,,SETTLED
pay_889014c06c4f4a,MID_RAZOR_991,ORD-2026-5122,UPI,NA,setl_BATCH_68d1e192,2026-05-05 09:00:00,4724.65,94.49,17.01,4613.15,,SETTLED
pay_93e202fa74cf42,MID_RAZOR_991,ORD-2026-5123,UPI,NA,setl_BATCH_68d1e192,2026-05-05 09:00:00,2609.99,52.2,9.4,2548.39,,SETTLED
pay_7902212696f341,MID_RAZOR_991,ORD-2026-5124,UPI,NA,setl_BATCH_68d1e192,2026-05-05 09:00:00,4257.28,85.15,15.33,4156.8,,SETTLED
pay_e277f0ba210245,MID_RAZOR_991,ORD-2026-5125,UPI,NA,setl_BATCH_68d1e192,2026-05-05 09:00:00,4659.87,93.2,16.78,4549.89,,SETTLED
pay_ac48a58c716c44,MID_RAZOR_991,ORD-2026-5126,UPI,NA,setl_BATCH_68d1e192,2026-05-05 09:00:00,3288.66,65.77,11.84,3211.05,,SETTLED
pay_0638197b9f2f4e,MID_RAZOR_991,ORD-2026-5127,UPI,NA,setl_BATCH_68d1e192,2026-05-05 09:00:00,4038.24,80.76,14.54,3942.94,,SETTLED
pay_70264ad8fb7c4b,MID_RAZOR_991,ORD-2026-5128,UPI,NA,setl_BATCH_68d1e192,2026-05-05 09:00:00,4579.17,91.58,16.48,4471.11,,SETTLED
pay_3c60b58d53314c,MID_RAZOR_991,ORD-2026-5129,UPI,NA,setl_BATCH_68d1e192,2026-05-05 09:00:00,3410.97,68.22,12.28,3330.47,,SETTLED
pay_fd34c501b7f540,MID_RAZOR_991,ORD-2026-5130,UPI,NA,setl_BATCH_68d1e192,2026-05-05 09:00:00,3550.53,71.01,12.78,3466.74,,SETTLED
pay_6b8e0e682cad4f,MID_RAZOR_991,ORD-2026-5131,UPI,NA,setl_BATCH_68d1e192,2026-05-05 09:00:00,4575.45,91.51,16.47,4467.47,,SETTLED
pay_12d77c2244164c,MID_RAZOR_991,ORD-2026-5132,UPI,NA,setl_BATCH_68d1e192,2026-05-05 09:00:00,4204.01,84.08,15.13,4104.8,,SETTLED
pay_02289b838a9148,MID_RAZOR_991,ORD-2026-5133,UPI,NA,setl_BATCH_68d1e192,2026-05-05 09:00:00,2509.05,50.18,9.03,2449.84,,SETTLED
pay_2b11c1c322e643,MID_RAZOR_991,ORD-2026-5134,UPI,NA,setl_BATCH_68d1e192,2026-05-05 09:00:00,2326.24,46.52,8.37,2271.35,,SETTLED
pay_f3244d99313e41,MID_RAZOR_991,ORD-2026-5135,UPI,NA,setl_BATCH_68d1e192,2026-05-05 09:00:00,1934.11,38.68,6.96,1888.47,,SETTLED
pay_316965e48c8b4e,MID_RAZOR_991,ORD-2026-5136,UPI,NA,setl_BATCH_68d1e192,2026-05-05 09:00:00,2776.21,55.52,9.99,2710.7,,SETTLED
pay_25496a8a4c4449,MID_RAZOR_991,ORD-2026-5137,UPI,NA,setl_BATCH_68d1e192,2026-05-05 09:00:00,2596.29,51.93,9.35,2535.01,,SETTLED
pay_f748c9ed432847,MID_RAZOR_991,ORD-2026-5138,UPI,NA,setl_BATCH_68d1e192,2026-05-05 09:00:00,2657.5,53.15,9.57,2594.78,,SETTLED
pay_86b9d17b56cf48,MID_RAZOR_991,ORD-2026-5139,UPI,NA,setl_BATCH_68d1e192,2026-05-05 09:00:00,3655.53,73.11,13.16,3569.26,,SETTLED
pay_604db8d5651543,MID_RAZOR_991,ORD-2026-5140,UPI,NA,setl_BATCH_68d1e192,2026-05-05 09:00:00,3350.98,67.02,12.06,3271.9,,SETTLED
pay_295616e6b64746,MID_RAZOR_991,ORD-2026-5141,UPI,NA,setl_BATCH_70841d37,2026-05-06 09:00:00,1879.81,37.6,6.77,1835.44,,SETTLED
pay_1a6577e3bd0045,MID_RAZOR_991,ORD-2026-5142,UPI,NA,setl_BATCH_70841d37,2026-05-06 09:00:00,2121.41,42.43,7.64,2071.34,,SETTLED
pay_27871a1a05fa47,MID_RAZOR_991,ORD-2026-5143,UPI,NA,setl_BATCH_70841d37,2026-05-06 09:00:00,2593.87,51.88,9.34,2532.65,,SETTLED
pay_f02f61d945914f,MID_RAZOR_991,ORD-2026-5144,UPI,NA,setl_BATCH_70841d37,2026-05-06 09:00:00,3451.48,69.03,12.43,3370.02,,SETTLED
pay_5753d85c7da540,MID_RAZOR_991,ORD-2026-5145,UPI,NA,setl_BATCH_70841d37,2026-05-06 09:00:00,2077.41,41.55,7.48,2028.38,,SETTLED
pay_05e918a2ba0b45,MID_RAZOR_991,ORD-2026-5146,UPI,NA,setl_BATCH_70841d37,2026-05-06 09:00:00,4438.73,88.77,15.98,4333.98,,SETTLED
pay_73d09cb009d841,MID_RAZOR_991,ORD-2026-5147,UPI,NA,setl_BATCH_70841d37,2026-05-06 09:00:00,4210.83,84.22,15.16,4111.45,,SETTLED
pay_7680c27e4ec649,MID_RAZOR_991,ORD-2026-5148,UPI,NA,setl_BATCH_70841d37,2026-05-06 09:00:00,2127.94,42.56,7.66,2077.72,,SETTLED
pay_cde4914898ce4e,MID_RAZOR_991,ORD-2026-5149,UPI,NA,setl_BATCH_70841d37,2026-05-06 09:00:00,3975.79,79.52,14.31,3881.96,,SETTLED
pay_e06f08816b414c,MID_RAZOR_991,ORD-2026-5150,UPI,NA,setl_BATCH_70841d37,2026-05-06 09:00:00,1850.37,37.01,6.66,1806.7,,SETTLED
pay_e355831aba3240,MID_RAZOR_991,ORD-2026-5151,UPI,NA,setl_BATCH_70841d37,2026-05-06 09:00:00,4067.17,81.34,14.64,3971.19,,SETTLED
pay_9730363f213949,MID_RAZOR_991,ORD-2026-5152,UPI,NA,setl_BATCH_70841d37,2026-05-06 09:00:00,2817.48,56.35,10.14,2750.99,,SETTLED
pay_4058c981c32040,MID_RAZOR_991,ORD-2026-5153,UPI,NA,setl_BATCH_70841d37,2026-05-06 09:00:00,1442.44,28.85,5.19,1408.4,,SETTLED
pay_a8fd0268274f44,MID_RAZOR_991,ORD-2026-5154,UPI,NA,setl_BATCH_70841d37,2026-05-06 09:00:00,1986.4,39.73,7.15,1939.52,,SETTLED
pay_889400142d1c44,MID_RAZOR_991,ORD-2026-5155,UPI,NA,setl_BATCH_70841d37,2026-05-06 09:00:00,1432.05,28.64,5.16,1398.25,,SETTLED
pay_7f18da09aeee42,MID_RAZOR_991,ORD-2026-5156,UPI,NA,setl_BATCH_70841d37,2026-05-06 09:00:00,2261.3,45.23,8.14,2207.93,,SETTLED
pay_891bfca962924c,MID_RAZOR_991,ORD-2026-5157,UPI,NA,setl_BATCH_70841d37,2026-05-06 09:00:00,4712.67,94.25,16.96,4601.46,,SETTLED
pay_72552ff3f5f44e,MID_RAZOR_991,ORD-2026-5158,UPI,NA,setl_BATCH_70841d37,2026-05-06 09:00:00,4336.39,86.73,15.61,4234.05,,SETTLED
pay_110821e696c243,MID_RAZOR_991,ORD-2026-5159,UPI,NA,setl_BATCH_70841d37,2026-05-06 09:00:00,1648.61,32.97,5.93,1609.71,,SETTLED
pay_d59feedda42840,MID_RAZOR_991,ORD-2026-5160,UPI,NA,setl_BATCH_70841d37,2026-05-06 09:00:00,2808.71,56.17,10.11,2742.43,,SETTLED
pay_79cdbf9d5dc24d,MID_RAZOR_991,ORD-2026-5161,UPI,NA,setl_BATCH_c30f3f9a,2026-05-07 09:00:00,3628.64,72.57,13.06,3543.01,,SETTLED
pay_0ba472a5cd6b48,MID_RAZOR_991,ORD-2026-5162,UPI,NA,setl_BATCH_c30f3f9a,2026-05-07 09:00:00,3399.14,67.98,12.24,3318.92,,SETTLED
pay_d316aa44fce04d,MID_RAZOR_991,ORD-2026-5163,UPI,NA,setl_BATCH_c30f3f9a,2026-05-07 09:00:00,4723.67,94.47,17.0,4612.2,,SETTLED
pay_562fa701bf9043,MID_RAZOR_991,ORD-2026-5164,UPI,NA,setl_BATCH_c30f3f9a,2026-05-07 09:00:00,3560.14,71.2,12.82,3476.12,,SETTLED
pay_a3882fdddca044,MID_RAZOR_991,ORD-2026-5165,UPI,NA,setl_BATCH_c30f3f9a,2026-05-07 09:00:00,2547.5,50.95,9.17,2487.38,,SETTLED
pay_5bf7dca9362544,MID_RAZOR_991,ORD-2026-5166,UPI,NA,setl_BATCH_c30f3f9a,2026-05-07 09:00:00,1081.02,21.62,3.89,1055.51,,SETTLED
pay_e6f4e4f8a4df40,MID_RAZOR_991,ORD-2026-5167,UPI,NA,setl_BATCH_c30f3f9a,2026-05-07 09:00:00,2740.33,54.81,9.87,2675.65,,SETTLED
pay_d5880fe4414449,MID_RAZOR_991,ORD-2026-5168,UPI,NA,setl_BATCH_c30f3f9a,2026-05-07 09:00:00,3468.95,69.38,12.49,3387.08,,SETTLED
pay_4b85693f54bb4e,MID_RAZOR_991,ORD-2026-5169,UPI,NA,setl_BATCH_c30f3f9a,2026-05-07 09:00:00,1631.73,32.63,5.87,1593.23,,SETTLED
pay_2452826f45cf45,MID_RAZOR_991,ORD-2026-5170,UPI,NA,setl_BATCH_c30f3f9a,2026-05-07 09:00:00,4805.11,96.1,17.3,4691.71,,SETTLED
pay_ceb3ff69e8a14c,MID_RAZOR_991,ORD-2026-5171,UPI,NA,setl_BATCH_c30f3f9a,2026-05-07 09:00:00,1105.77,22.12,3.98,1079.67,,SETTLED
pay_9d8aba8aa1794a,MID_RAZOR_991,ORD-2026-5172,UPI,NA,setl_BATCH_c30f3f9a,2026-05-07 09:00:00,2856.04,57.12,10.28,2788.64,,SETTLED
pay_4a33b1b5714b4e,MID_RAZOR_991,ORD-2026-5173,UPI,NA,setl_BATCH_c30f3f9a,2026-05-07 09:00:00,2436.73,48.73,8.77,2379.23,,SETTLED
pay_277d52b196da48,MID_RAZOR_991,ORD-2026-5174,UPI,NA,setl_BATCH_c30f3f9a,2026-05-07 09:00:00,1704.37,34.09,6.14,1664.14,,SETTLED
pay_970d9c75017348,MID_RAZOR_991,ORD-2026-5175,UPI,NA,setl_BATCH_c30f3f9a,2026-05-07 09:00:00,3416.49,68.33,12.3,3335.86,,SETTLED
pay_450a45bdafba42,MID_RAZOR_991,ORD-2026-5176,UPI,NA,setl_BATCH_c30f3f9a,2026-05-07 09:00:00,2584.86,51.7,9.31,2523.85,,SETTLED
pay_981cef46859249,MID_RAZOR_991,ORD-2026-5177,UPI,NA,setl_BATCH_c30f3f9a,2026-05-07 09:00:00,4006.1,80.12,14.42,3911.56,,SETTLED
pay_f51bcfedb66943,MID_RAZOR_991,ORD-2026-5178,UPI,NA,setl_BATCH_c30f3f9a,2026-05-07 09:00:00,4356.01,87.12,15.68,4253.21,,SETTLED
pay_c1437d4a41cb46,MID_RAZOR_991,ORD-2026-5179,UPI,NA,setl_BATCH_c30f3f9a,2026-05-07 09:00:00,1180.63,23.61,4.25,1152.77,,SETTLED
pay_394b35586afd40,MID_RAZOR_991,ORD-2026-5180,UPI,NA,setl_BATCH_c30f3f9a,2026-05-07 09:00:00,1030.36,20.61,3.71,1006.04,,SETTLED
pay_b026acc8131244,MID_RAZOR_991,ORD-2026-5181,UPI,NA,setl_BATCH_fafbe0eb,2026-05-08 09:00:00,1380.88,27.62,4.97,1348.29,,SETTLED
pay_95c364cb2f924e,MID_RAZOR_991,ORD-2026-5182,UPI,NA,setl_BATCH_fafbe0eb,2026-05-08 09:00:00,3305.82,66.12,11.9,3227.8,,SETTLED
pay_d7639c3e417740,MID_RAZOR_991,ORD-2026-5183,UPI,NA,setl_BATCH_fafbe0eb,2026-05-08 09:00:00,2494.69,49.89,8.98,2435.82,,SETTLED
pay_38835214e5f64a,MID_RAZOR_991,ORD-2026-5184,UPI,NA,setl_BATCH_fafbe0eb,2026-05-08 09:00:00,3416.78,68.34,12.3,3336.14,,SETTLED
pay_264d84d73d284c,MID_RAZOR_991,ORD-2026-5185,UPI,NA,setl_BATCH_fafbe0eb,2026-05-08 09:00:00,1247.18,24.94,4.49,1217.75,,SETTLED
pay_80952dbe969c46,MID_RAZOR_991,ORD-2026-5186,UPI,NA,setl_BATCH_fafbe0eb,2026-05-08 09:00:00,1086.72,21.73,3.91,1061.08,,SETTLED
pay_f123959f5f6244,MID_RAZOR_991,ORD-2026-5187,UPI,NA,setl_BATCH_fafbe0eb,2026-05-08 09:00:00,1397.8,27.96,5.03,1364.81,,SETTLED
pay_0ed2b8915ec248,MID_RAZOR_991,ORD-2026-5188,UPI,NA,setl_BATCH_fafbe0eb,2026-05-08 09:00:00,4366.75,87.34,15.72,4263.69,,SETTLED
pay_a732339e8e7043,MID_RAZOR_991,ORD-2026-5189,UPI,NA,setl_BATCH_fafbe0eb,2026-05-08 09:00:00,3871.77,77.44,13.94,3780.39,,SETTLED
pay_a1cab9b790364b,MID_RAZOR_991,ORD-2026-5190,UPI,NA,setl_BATCH_fafbe0eb,2026-05-08 09:00:00,2968.92,59.38,10.69,2898.85,,SETTLED
pay_b02f247c769648,MID_RAZOR_991,ORD-2026-5191,UPI,NA,setl_BATCH_fafbe0eb,2026-05-08 09:00:00,2473.86,49.48,8.91,2415.47,,SETTLED
pay_d279b19a71984c,MID_RAZOR_991,ORD-2026-5192,UPI,NA,setl_BATCH_fafbe0eb,2026-05-08 09:00:00,3908.38,78.17,14.07,3816.14,,SETTLED
pay_918d31ac115743,MID_RAZOR_991,ORD-2026-5193,UPI,NA,setl_BATCH_fafbe0eb,2026-05-08 09:00:00,1001.88,20.04,3.61,978.23,,SETTLED
pay_b8d869c735b44f,MID_RAZOR_991,ORD-2026-5194,UPI,NA,setl_BATCH_fafbe0eb,2026-05-08 09:00:00,4215.21,84.3,15.17,4115.74,,SETTLED
pay_33a817e835a44f,MID_RAZOR_991,ORD-2026-5195,UPI,NA,setl_BATCH_fafbe0eb,2026-05-08 09:00:00,3971.6,79.43,14.3,3877.87,,SETTLED
pay_7680d0066f1240,MID_RAZOR_991,ORD-2026-5196,UPI,NA,setl_BATCH_fafbe0eb,2026-05-08 09:00:00,3603.56,72.07,12.97,3518.52,,SETTLED
pay_bde38f36c9cd44,MID_RAZOR_991,ORD-2026-5197,UPI,NA,setl_BATCH_fafbe0eb,2026-05-08 09:00:00,4664.2,93.28,16.79,4554.13,,SETTLED
pay_6de733952fb747,MID_RAZOR_991,ORD-2026-5198,UPI,NA,setl_BATCH_fafbe0eb,2026-05-08 09:00:00,2139.46,42.79,7.7,2088.97,,SETTLED
pay_5756f5a310594e,MID_RAZOR_991,ORD-2026-5199,UPI,NA,setl_BATCH_fafbe0eb,2026-05-08 09:00:00,2764.37,55.29,9.95,2699.13,,SETTLED
pay_9de0053406534a,MID_RAZOR_991,ORD-2026-5200,UPI,NA,setl_BATCH_fafbe0eb,2026-05-08 09:00:00,2775.75,55.52,9.99,2710.24,,SETTLED
pay_0ded34af0a4e4b,MID_RAZOR_991,ORD-2026-5201,UPI,NA,setl_BATCH_a252b535,2026-05-09 09:00:00,4779.92,95.6,17.21,4667.11,,SETTLED
pay_d2c6b81aff824c,MID_RAZOR_991,ORD-2026-5202,UPI,NA,setl_BATCH_a252b535,2026-05-09 09:00:00,3710.72,74.21,13.36,3623.15,,SETTLED
pay_8172205e72644d,MID_RAZOR_991,ORD-2026-5203,UPI,NA,setl_BATCH_a252b535,2026-05-09 09:00:00,3680.32,73.61,13.25,3593.46,,SETTLED
pay_ffd0dd83ce2342,MID_RAZOR_991,ORD-2026-5204,UPI,NA,setl_BATCH_a252b535,2026-05-09 09:00:00,4876.79,97.54,17.56,4761.69,,SETTLED
pay_5e8962c43e9941,MID_RAZOR_991,ORD-2026-5205,UPI,NA,setl_BATCH_a252b535,2026-05-09 09:00:00,1233.65,24.67,4.44,1204.54,,SETTLED
pay_50eced49c0ce40,MID_RAZOR_991,ORD-2026-5206,UPI,NA,setl_BATCH_a252b535,2026-05-09 09:00:00,2883.73,57.67,10.38,2815.68,,SETTLED
pay_d0ab733d38c346,MID_RAZOR_991,ORD-2026-5207,UPI,NA,setl_BATCH_a252b535,2026-05-09 09:00:00,1500.09,30.0,5.4,1464.69,,SETTLED
pay_a9f69fa8d65a43,MID_RAZOR_991,ORD-2026-5208,UPI,NA,setl_BATCH_a252b535,2026-05-09 09:00:00,1346.16,26.92,4.85,1314.39,,SETTLED
pay_9f40cd22dc2e4a,MID_RAZOR_991,ORD-2026-5209,UPI,NA,setl_BATCH_a252b535,2026-05-09 09:00:00,3189.76,63.8,11.48,3114.48,,SETTLED
pay_454860d438b245,MID_RAZOR_991,ORD-2026-5210,UPI,NA,setl_BATCH_a252b535,2026-05-09 09:00:00,1296.72,25.93,4.67,1266.12,,SETTLED
pay_092fb7af974d4a,MID_RAZOR_991,ORD-2026-5211,UPI,NA,setl_BATCH_a252b535,2026-05-09 09:00:00,1528.18,30.56,5.5,1492.12,,SETTLED
pay_e6ac1092f56d45,MID_RAZOR_991,ORD-2026-5212,UPI,NA,setl_BATCH_a252b535,2026-05-09 09:00:00,1455.51,29.11,5.24,1421.16,,SETTLED
pay_ac90a64898694a,MID_RAZOR_991,ORD-2026-5213,UPI,NA,setl_BATCH_a252b535,2026-05-09 09:00:00,3188.38,63.77,11.48,3113.13,,SETTLED
pay_c520809b5a4d43,MID_RAZOR_991,ORD-2026-5214,UPI,NA,setl_BATCH_a252b535,2026-05-09 09:00:00,2545.53,50.91,9.16,2485.46,,SETTLED
pay_63febd4914db40,MID_RAZOR_991,ORD-2026-5215,UPI,NA,setl_BATCH_a252b535,2026-05-09 09:00:00,2710.31,54.21,9.76,2646.34,,SETTLED
pay_9a7441b9e0ab4e,MID_RAZOR_991,ORD-2026-5216,UPI,NA,setl_BATCH_a252b535,2026-05-09 09:00:00,1541.93,30.84,5.55,1505.54,,SETTLED
pay_b1e05211ea0a43,MID_RAZOR_991,ORD-2026-5217,UPI,NA,setl_BATCH_a252b535,2026-05-09 09:00:00,2945.18,58.9,10.6,2875.68,,SETTLED
pay_17dfceb0e2a441,MID_RAZOR_991,ORD-2026-5218,UPI,NA,setl_BATCH_a252b535,2026-05-09 09:00:00,3343.09,66.86,12.03,3264.2,,SETTLED
pay_c84db8fe891144,MID_RAZOR_991,ORD-2026-5219,UPI,NA,setl_BATCH_a252b535,2026-05-09 09:00:00,2514.2,50.28,9.05,2454.87,,SETTLED
pay_dd29dbb088374c,MID_RAZOR_991,ORD-2026-5220,UPI,NA,setl_BATCH_a252b535,2026-05-09 09:00:00,2137.94,42.76,7.7,2087.48,,SETTLED
pay_b268ce947d424b,MID_RAZOR_991,ORD-2026-5221,UPI,NA,setl_BATCH_f85f224b,2026-05-10 09:00:00,1882.68,37.65,6.78,1838.25,,SETTLED
pay_f23a10c779e947,MID_RAZOR_991,ORD-2026-5222,UPI,NA,setl_BATCH_f85f224b,2026-05-10 09:00:00,1332.51,26.65,4.8,1301.06,,SETTLED
pay_7e0f3d87c22045,MID_RAZOR_991,ORD-2026-5223,UPI,NA,setl_BATCH_f85f224b,2026-05-10 09:00:00,2246.28,44.93,8.09,2193.26,,SETTLED
pay_95d61d3f9e8a4f,MID_RAZOR_991,ORD-2026-5224,UPI,NA,setl_BATCH_f85f224b,2026-05-10 09:00:00,1115.67,22.31,4.02,1089.34,,SETTLED
pay_88afbe93c94940,MID_RAZOR_991,ORD-2026-5225,UPI,NA,setl_BATCH_f85f224b,2026-05-10 09:00:00,4320.71,86.41,15.55,4218.75,,SETTLED
pay_c701782bacc845,MID_RAZOR_991,ORD-2026-5226,UPI,NA,setl_BATCH_f85f224b,2026-05-10 09:00:00,4009.37,80.19,14.43,3914.75,,SETTLED
pay_a4c7269fd8c34c,MID_RAZOR_991,ORD-2026-5227,UPI,NA,setl_BATCH_f85f224b,2026-05-10 09:00:00,3812.16,76.24,13.72,3722.2,,SETTLED
pay_2efb9a0da5f542,MID_RAZOR_991,ORD-2026-5228,UPI,NA,setl_BATCH_f85f224b,2026-05-10 09:00:00,1572.8,31.46,5.66,1535.68,,SETTLED
pay_eedffbaaded246,MID_RAZOR_991,ORD-2026-5229,UPI,NA,setl_BATCH_f85f224b,2026-05-10 09:00:00,3397.75,67.95,12.23,3317.57,,SETTLED
pay_7ea2d58d12884b,MID_RAZOR_991,ORD-2026-5230,UPI,NA,setl_BATCH_f85f224b,2026-05-10 09:00:00,2519.96,50.4,9.07,2460.49,,SETTLED
pay_2aa827e62ec44a,MID_RAZOR_991,ORD-2026-5231,UPI,NA,setl_BATCH_f85f224b,2026-05-10 09:00:00,4883.6,97.67,17.58,4768.35,,SETTLED
pay_10cf9e0d34034d,MID_RAZOR_991,ORD-2026-5232,UPI,NA,setl_BATCH_f85f224b,2026-05-10 09:00:00,2031.42,40.63,7.31,1983.48,,SETTLED
pay_2dad7b7013d147,MID_RAZOR_991,ORD-2026-5233,UPI,NA,setl_BATCH_f85f224b,2026-05-10 09:00:00,3214.98,64.3,11.57,3139.11,,SETTLED
pay_45ef5015ea3249,MID_RAZOR_991,ORD-2026-5234,UPI,NA,setl_BATCH_f85f224b,2026-05-10 09:00:00,2369.99,47.4,8.53,2314.06,,SETTLED
pay_18736370d2764a,MID_RAZOR_991,ORD-2026-5235,UPI,NA,setl_BATCH_f85f224b,2026-05-10 09:00:00,4582.07,91.64,16.5,4473.93,,SETTLED
pay_04e18deb4b2341,MID_RAZOR_991,ORD-2026-5236,UPI,NA,setl_BATCH_f85f224b,2026-05-10 09:00:00,1164.98,23.3,4.19,1137.49,,SETTLED
pay_6c5ffcc3401c4b,MID_RAZOR_991,ORD-2026-5237,UPI,NA,setl_BATCH_f85f224b,2026-05-10 09:00:00,3669.2,73.38,13.21,3582.61,,SETTLED
pay_91aecdb857604a,MID_RAZOR_991,ORD-2026-5238,UPI,NA,setl_BATCH_f85f224b,2026-05-10 09:00:00,4215.31,84.31,15.18,4115.82,,SETTLED
pay_89b3c945a71a45,MID_RAZOR_991,ORD-2026-5239,UPI,NA,setl_BATCH_f85f224b,2026-05-10 09:00:00,2711.88,54.24,9.76,2647.88,,SETTLED
pay_a454586df34c4f,MID_RAZOR_991,ORD-2026-5240,UPI,NA,setl_BATCH_f85f224b,2026-05-10 09:00:00,2724.33,54.49,9.81,2660.03,,SETTLED
pay_8981c2d716af46,MID_RAZOR_991,ORD-2026-5241,UPI,NA,setl_BATCH_6e3a3b44,2026-05-11 09:00:00,4221.93,84.44,15.2,4122.29,,SETTLED
pay_06eccedd6eae4f,MID_RAZOR_991,ORD-2026-5242,UPI,NA,setl_BATCH_6e3a3b44,2026-05-11 09:00:00,4973.69,99.47,17.9,4856.32,,SETTLED
pay_0c56aba4f9c445,MID_RAZOR_991,ORD-2026-5243,UPI,NA,setl_BATCH_6e3a3b44,2026-05-11 09:00:00,1882.43,37.65,6.78,1838.0,,SETTLED
pay_4c740373e5d243,MID_RAZOR_991,ORD-2026-5244,UPI,NA,setl_BATCH_6e3a3b44,2026-05-11 09:00:00,4800.73,96.01,17.28,4687.44,,SETTLED
pay_1ff4f7326d6743,MID_RAZOR_991,ORD-2026-5245,UPI,NA,setl_BATCH_6e3a3b44,2026-05-11 09:00:00,2569.01,51.38,9.25,2508.38,,SETTLED
pay_171b8bcbf05045,MID_RAZOR_991,ORD-2026-5246,UPI,NA,setl_BATCH_6e3a3b44,2026-05-11 09:00:00,2877.05,57.54,10.36,2809.15,,SETTLED
pay_fa3c3702d35046,MID_RAZOR_991,ORD-2026-5247,UPI,NA,setl_BATCH_6e3a3b44,2026-05-11 09:00:00,3115.74,62.31,11.22,3042.21,,SETTLED
pay_fd2da6d9950f48,MID_RAZOR_991,ORD-2026-5248,UPI,NA,setl_BATCH_6e3a3b44,2026-05-11 09:00:00,3354.72,67.09,12.08,3275.55,,SETTLED
pay_147df930bf5a49,MID_RAZOR_991,ORD-2026-5249,UPI,NA,setl_BATCH_6e3a3b44,2026-05-11 09:00:00,2114.73,42.29,7.61,2064.83,,SETTLED
pay_0f4e6481a00746,MID_RAZOR_991,ORD-2026-5250,UPI,NA,setl_BATCH_6e3a3b44,2026-05-11 09:00:00,2470.43,49.41,8.89,2412.13,,SETTLED
pay_033c6fbc0d7c4b,MID_RAZOR_991,ORD-2026-5251,UPI,NA,setl_BATCH_6e3a3b44,2026-05-11 09:00:00,2227.31,44.55,8.02,2174.74,,SETTLED
pay_c8309c07968c44,MID_RAZOR_991,ORD-2026-5252,UPI,NA,setl_BATCH_6e3a3b44,2026-05-11 09:00:00,1023.25,20.46,3.68,999.11,,SETTLED
pay_39fdfc2230484a,MID_RAZOR_991,ORD-2026-5253,UPI,NA,setl_BATCH_6e3a3b44,2026-05-11 09:00:00,1518.46,30.37,5.47,1482.62,,SETTLED
pay_90e19889dfec4c,MID_RAZOR_991,ORD-2026-5254,UPI,NA,setl_BATCH_6e3a3b44,2026-05-11 09:00:00,2532.31,50.65,9.12,2472.54,,SETTLED
pay_ea70c684e6a340,MID_RAZOR_991,ORD-2026-5255,UPI,NA,setl_BATCH_6e3a3b44,2026-05-11 09:00:00,1571.98,31.44,5.66,1534.88,,SETTLED
pay_9f18c5a1287948,MID_RAZOR_991,ORD-2026-5256,UPI,NA,setl_BATCH_6e3a3b44,2026-05-11 09:00:00,4063.66,81.27,14.63,3967.76,,SETTLED
pay_58ffac62fc0140,MID_RAZOR_991,ORD-2026-5257,UPI,NA,setl_BATCH_6e3a3b44,2026-05-11 09:00:00,3843.85,76.88,13.84,3753.13,,SETTLED
pay_6044f15ea61943,MID_RAZOR_991,ORD-2026-5258,UPI,NA,setl_BATCH_6e3a3b44,2026-05-11 09:00:00,4778.63,95.57,17.2,4665.86,,SETTLED
pay_a565612afa584f,MID_RAZOR_991,ORD-2026-5259,UPI,NA,setl_BATCH_6e3a3b44,2026-05-11 09:00:00,1087.14,21.74,3.91,1061.49,,SETTLED
pay_c2db6c88f9fd4f,MID_RAZOR_991,ORD-2026-5260,UPI,NA,setl_BATCH_6e3a3b44,2026-05-11 09:00:00,4110.5,82.21,14.8,4013.49,,SETTLED
pay_52763b8d83b545,MID_RAZOR_991,ORD-2026-5261,UPI,NA,setl_BATCH_35efd879,2026-05-12 09:00:00,4465.89,89.32,16.08,4360.49,,SETTLED
pay_96af0c78ffcf4f,MID_RAZOR_991,ORD-2026-5262,UPI,NA,setl_BATCH_35efd879,2026-05-12 09:00:00,3302.11,66.04,11.89,3224.18,,SETTLED
pay_f6bd68d7b0cc4d,MID_RAZOR_991,ORD-2026-5263,UPI,NA,setl_BATCH_35efd879,2026-05-12 09:00:00,4474.71,89.49,16.11,4369.11,,SETTLED
pay_1455eea3adc74b,MID_RAZOR_991,ORD-2026-5264,UPI,NA,setl_BATCH_35efd879,2026-05-12 09:00:00,1744.19,34.88,6.28,1703.03,,SETTLED
pay_541672d7f8d744,MID_RAZOR_991,ORD-2026-5265,UPI,NA,setl_BATCH_35efd879,2026-05-12 09:00:00,4571.92,91.44,16.46,4464.02,,SETTLED
pay_5ff827aecb0f46,MID_RAZOR_991,ORD-2026-5266,UPI,NA,setl_BATCH_35efd879,2026-05-12 09:00:00,4935.86,98.72,17.77,4819.37,,SETTLED
pay_43671a0ab1804e,MID_RAZOR_991,ORD-2026-5267,UPI,NA,setl_BATCH_35efd879,2026-05-12 09:00:00,4642.83,92.86,16.71,4533.26,,SETTLED
pay_01ea850f68d04b,MID_RAZOR_991,ORD-2026-5268,UPI,NA,setl_BATCH_35efd879,2026-05-12 09:00:00,3268.95,65.38,11.77,3191.8,,SETTLED
pay_46229305a59e40,MID_RAZOR_991,ORD-2026-5269,UPI,NA,setl_BATCH_35efd879,2026-05-12 09:00:00,1464.87,29.3,5.27,1430.3,,SETTLED
pay_cbfd0327634544,MID_RAZOR_991,ORD-2026-5270,UPI,NA,setl_BATCH_35efd879,2026-05-12 09:00:00,3792.46,75.85,13.65,3702.96,,SETTLED
pay_e07d83e813c04c,MID_RAZOR_991,ORD-2026-5271,UPI,NA,setl_BATCH_35efd879,2026-05-12 09:00:00,1096.91,21.94,3.95,1071.02,,SETTLED
pay_348b51a776294c,MID_RAZOR_991,ORD-2026-5272,UPI,NA,setl_BATCH_35efd879,2026-05-12 09:00:00,3443.86,68.88,12.4,3362.58,,SETTLED
pay_e7591e2afa1244,MID_RAZOR_991,ORD-2026-5273,UPI,NA,setl_BATCH_35efd879,2026-05-12 09:00:00,2170.42,43.41,7.81,2119.2,,SETTLED
pay_f4c2558b445344,MID_RAZOR_991,ORD-2026-5274,UPI,NA,setl_BATCH_35efd879,2026-05-12 09:00:00,1772.27,35.45,6.38,1730.44,,SETTLED
pay_5ac2c55bab9b44,MID_RAZOR_991,ORD-2026-5275,UPI,NA,setl_BATCH_35efd879,2026-05-12 09:00:00,1224.4,24.49,4.41,1195.5,,SETTLED
pay_13f5f463bd9349,MID_RAZOR_991,ORD-2026-5276,UPI,NA,setl_BATCH_35efd879,2026-05-12 09:00:00,1256.13,25.12,4.52,1226.49,,SETTLED
pay_cd52fa4367b94f,MID_RAZOR_991,ORD-2026-5277,UPI,NA,setl_BATCH_35efd879,2026-05-12 09:00:00,2600.8,52.02,9.36,2539.42,,SETTLED
pay_9bc24164d0de4c,MID_RAZOR_991,ORD-2026-5278,UPI,NA,setl_BATCH_35efd879,2026-05-12 09:00:00,2581.7,51.63,9.29,2520.78,,SETTLED
pay_9e5d4928927c4b,MID_RAZOR_991,ORD-2026-5279,UPI,NA,setl_BATCH_35efd879,2026-05-12 09:00:00,1878.84,37.58,6.76,1834.5,,SETTLED
pay_e57f8e4ac6ed45,MID_RAZOR_991,ORD-2026-5280,UPI,NA,setl_BATCH_35efd879,2026-05-12 09:00:00,2705.35,54.11,9.74,2641.5,,SETTLED
pay_dde15cefa1bb4a,MID_RAZOR_991,ORD-2026-5281,UPI,NA,setl_BATCH_19a28357,2026-05-13 09:00:00,4953.76,99.08,17.83,4836.85,,SETTLED
pay_8e9c39ca75d247,MID_RAZOR_991,ORD-2026-5282,UPI,NA,setl_BATCH_19a28357,2026-05-13 09:00:00,4286.82,85.74,15.43,4185.65,,SETTLED
pay_c6e4dd6ba66a4f,MID_RAZOR_991,ORD-2026-5283,UPI,NA,setl_BATCH_19a28357,2026-05-13 09:00:00,3703.56,74.07,13.33,3616.16,,SETTLED
pay_a60718732fc749,MID_RAZOR_991,ORD-2026-5284,UPI,NA,setl_BATCH_19a28357,2026-05-13 09:00:00,4672.42,93.45,16.82,4562.15,,SETTLED
pay_39713aa4531d40,MID_RAZOR_991,ORD-2026-5285,UPI,NA,setl_BATCH_19a28357,2026-05-13 09:00:00,4268.43,85.37,15.37,4167.69,,SETTLED
pay_c5525529dc2842,MID_RAZOR_991,ORD-2026-5286,UPI,NA,setl_BATCH_19a28357,2026-05-13 09:00:00,1818.37,36.37,6.55,1775.45,,SETTLED
pay_308c757230cc49,MID_RAZOR_991,ORD-2026-5287,UPI,NA,setl_BATCH_19a28357,2026-05-13 09:00:00,4396.46,87.93,15.83,4292.7,,SETTLED
pay_c196215ae30b4d,MID_RAZOR_991,ORD-2026-5288,UPI,NA,setl_BATCH_19a28357,2026-05-13 09:00:00,4787.99,95.76,17.24,4674.99,,SETTLED
pay_c687ff39896c40,MID_RAZOR_991,ORD-2026-5289,UPI,NA,setl_BATCH_19a28357,2026-05-13 09:00:00,4754.02,95.08,17.11,4641.83,,SETTLED
pay_de8bc58bd5e841,MID_RAZOR_991,ORD-2026-5290,UPI,NA,setl_BATCH_19a28357,2026-05-13 09:00:00,2621.89,52.44,9.44,2560.01,,SETTLED
pay_0fb8ed3ba00c43,MID_RAZOR_991,ORD-2026-5291,UPI,NA,setl_BATCH_19a28357,2026-05-13 09:00:00,1827.38,36.55,6.58,1784.25,,SETTLED
pay_3c1cf078b52240,MID_RAZOR_991,ORD-2026-5292,UPI,NA,setl_BATCH_19a28357,2026-05-13 09:00:00,3560.46,71.21,12.82,3476.43,,SETTLED
pay_bbd29f13df4c49,MID_RAZOR_991,ORD-2026-5293,UPI,NA,setl_BATCH_19a28357,2026-05-13 09:00:00,4669.42,93.39,16.81,4559.22,,SETTLED
pay_8ddd6a115c2146,MID_RAZOR_991,ORD-2026-5294,UPI,NA,setl_BATCH_19a28357,2026-05-13 09:00:00,1532.32,30.65,5.52,1496.15,,SETTLED
pay_69d676df322a4f,MID_RAZOR_991,ORD-2026-5295,UPI,NA,setl_BATCH_19a28357,2026-05-13 09:00:00,2119.73,42.39,7.63,2069.71,,SETTLED
pay_d0398e7c032e46,MID_RAZOR_991,ORD-2026-5296,UPI,NA,setl_BATCH_19a28357,2026-05-13 09:00:00,4468.35,89.37,16.09,4362.89,,SETTLED
pay_5954f78ba4b04b,MID_RAZOR_991,ORD-2026-5297,UPI,NA,setl_BATCH_19a28357,2026-05-13 09:00:00,3486.53,69.73,12.55,3404.25,,SETTLED
pay_bb7d8ba163ef4d,MID_RAZOR_991,ORD-2026-5298,UPI,NA,setl_BATCH_19a28357,2026-05-13 09:00:00,4722.11,94.44,17.0,4610.67,,SETTLED
pay_d0b4606e86534d,MID_RAZOR_991,ORD-2026-5299,UPI,NA,setl_BATCH_19a28357,2026-05-13 09:00:00,4299.48,85.99,15.48,4198.01,,SETTLED
pay_8a6054afe96c46,MID_RAZOR_991,ORD-2026-5300,UPI,NA,setl_BATCH_19a28357,2026-05-13 09:00:00,1433.12,28.66,5.16,1399.3,,SETTLED
pay_b3f19f999ebc4e,MID_RAZOR_991,ORD-2026-5301,UPI,NA,setl_BATCH_2e8a891d,2026-05-14 09:00:00,1438.9,28.78,5.18,1404.94,,SETTLED
pay_2b302139d6484e,MID_RAZOR_991,ORD-2026-5302,UPI,NA,setl_BATCH_2e8a891d,2026-05-14 09:00:00,3861.58,77.23,13.9,3770.45,,SETTLED
pay_578dbef9c96d41,MID_RAZOR_991,ORD-2026-5303,UPI,NA,setl_BATCH_2e8a891d,2026-05-14 09:00:00,4511.1,90.22,16.24,4404.64,,SETTLED
pay_86c2f5f27c2247,MID_RAZOR_991,ORD-2026-5304,UPI,NA,setl_BATCH_2e8a891d,2026-05-14 09:00:00,3934.99,78.7,14.17,3842.12,,SETTLED
pay_bb7f89ee798141,MID_RAZOR_991,ORD-2026-5305,UPI,NA,setl_BATCH_2e8a891d,2026-05-14 09:00:00,2021.12,40.42,7.28,1973.42,,SETTLED
pay_48a57a2e79d541,MID_RAZOR_991,ORD-2026-5306,UPI,NA,setl_BATCH_2e8a891d,2026-05-14 09:00:00,2127.38,42.55,7.66,2077.17,,SETTLED
pay_b3d42685ee354c,MID_RAZOR_991,ORD-2026-5307,UPI,NA,setl_BATCH_2e8a891d,2026-05-14 09:00:00,1255.5,25.11,4.52,1225.87,,SETTLED
pay_35921a60a1de4a,MID_RAZOR_991,ORD-2026-5308,UPI,NA,setl_BATCH_2e8a891d,2026-05-14 09:00:00,4574.5,91.49,16.47,4466.54,,SETTLED
pay_18ee88fc84e54f,MID_RAZOR_991,ORD-2026-5309,UPI,NA,setl_BATCH_2e8a891d,2026-05-14 09:00:00,3748.41,74.97,13.49,3659.95,,SETTLED
pay_4a962ddd1e4041,MID_RAZOR_991,ORD-2026-5310,UPI,NA,setl_BATCH_2e8a891d,2026-05-14 09:00:00,3089.76,61.8,11.12,3016.84,,SETTLED
pay_3d27aa5f1a0a4f,MID_RAZOR_991,ORD-2026-5311,UPI,NA,setl_BATCH_2e8a891d,2026-05-14 09:00:00,3060.21,61.2,11.02,2987.99,,SETTLED
pay_78c0423a90b046,MID_RAZOR_991,ORD-2026-5312,UPI,NA,setl_BATCH_2e8a891d,2026-05-14 09:00:00,2241.18,44.82,8.07,2188.29,,SETTLED
pay_2035db8c44e849,MID_RAZOR_991,ORD-2026-5313,UPI,NA,setl_BATCH_2e8a891d,2026-05-14 09:00:00,3022.74,60.45,10.88,2951.41,,SETTLED
pay_ac1113607d4745,MID_RAZOR_991,ORD-2026-5314,UPI,NA,setl_BATCH_2e8a891d,2026-05-14 09:00:00,3497.86,69.96,12.59,3415.31,,SETTLED
pay_e4ba22c3507e40,MID_RAZOR_991,ORD-2026-5315,UPI,NA,setl_BATCH_2e8a891d,2026-05-14 09:00:00,4688.7,93.77,16.88,4578.05,,SETTLED
pay_1c2f88302a014a,MID_RAZOR_991,ORD-2026-5316,UPI,NA,setl_BATCH_2e8a891d,2026-05-14 09:00:00,2525.73,50.51,9.09,2466.13,,SETTLED
pay_056c8ffd04394b,MID_RAZOR_991,ORD-2026-5317,UPI,NA,setl_BATCH_2e8a891d,2026-05-14 09:00:00,2948.23,58.96,10.61,2878.66,,SETTLED
pay_2867658325224d,MID_RAZOR_991,ORD-2026-5318,UPI,NA,setl_BATCH_2e8a891d,2026-05-14 09:00:00,2049.06,40.98,7.38,2000.7,,SETTLED
pay_acec1e77c77244,MID_RAZOR_991,ORD-2026-5319,UPI,NA,setl_BATCH_2e8a891d,2026-05-14 09:00:00,1148.81,22.98,4.14,1121.69,,SETTLED
pay_5281901148c54d,MID_RAZOR_991,ORD-2026-5320,UPI,NA,setl_BATCH_2e8a891d,2026-05-14 09:00:00,1410.83,28.22,5.08,1377.53,,SETTLED
pay_29b52f79e4dc40,MID_RAZOR_991,ORD-2026-5321,UPI,NA,setl_BATCH_e9304790,2026-05-15 09:00:00,3583.35,71.67,12.9,3498.78,,SETTLED
pay_13b6b328769f45,MID_RAZOR_991,ORD-2026-5322,UPI,NA,setl_BATCH_e9304790,2026-05-15 09:00:00,3806.91,76.14,13.71,3717.06,,SETTLED
pay_bbe884c1004a44,MID_RAZOR_991,ORD-2026-5323,UPI,NA,setl_BATCH_e9304790,2026-05-15 09:00:00,1426.81,28.54,5.14,1393.13,,SETTLED
pay_dda469072cff47,MID_RAZOR_991,ORD-2026-5324,UPI,NA,setl_BATCH_e9304790,2026-05-15 09:00:00,2697.17,53.94,9.71,2633.52,,SETTLED
pay_8a9a050f7d764b,MID_RAZOR_991,ORD-2026-5325,UPI,NA,setl_BATCH_e9304790,2026-05-15 09:00:00,1451.29,29.03,5.23,1417.03,,SETTLED
pay_8e57a83aad214f,MID_RAZOR_991,ORD-2026-5326,UPI,NA,setl_BATCH_e9304790,2026-05-15 09:00:00,2754.16,55.08,9.91,2689.17,,SETTLED
pay_5acfde6cb3a249,MID_RAZOR_991,ORD-2026-5327,UPI,NA,setl_BATCH_e9304790,2026-05-15 09:00:00,3655.98,73.12,13.16,3569.7,,SETTLED
pay_67848c39f93743,MID_RAZOR_991,ORD-2026-5328,UPI,NA,setl_BATCH_e9304790,2026-05-15 09:00:00,1262.69,25.25,4.54,1232.9,,SETTLED
pay_e8ec39bd74bd43,MID_RAZOR_991,ORD-2026-5329,UPI,NA,setl_BATCH_e9304790,2026-05-15 09:00:00,2283.39,45.67,8.22,2229.5,,SETTLED
pay_a59031c3e24b40,MID_RAZOR_991,ORD-2026-5330,UPI,NA,setl_BATCH_e9304790,2026-05-15 09:00:00,4878.59,97.57,17.56,4763.46,,SETTLED
pay_cce5fc1378414a,MID_RAZOR_991,ORD-2026-5331,UPI,NA,setl_BATCH_e9304790,2026-05-15 09:00:00,2499.7,49.99,9.0,2440.71,,SETTLED
pay_cc58415387324b,MID_RAZOR_991,ORD-2026-5332,UPI,NA,setl_BATCH_e9304790,2026-05-15 09:00:00,3574.5,71.49,12.87,3490.14,,SETTLED
pay_4c4b85600f7f4d,MID_RAZOR_991,ORD-2026-5333,UPI,NA,setl_BATCH_e9304790,2026-05-15 09:00:00,2391.11,47.82,8.61,2334.68,,SETTLED
pay_fc12b6d1fed640,MID_RAZOR_991,ORD-2026-5334,UPI,NA,setl_BATCH_e9304790,2026-05-15 09:00:00,3822.36,76.45,13.76,3732.15,,SETTLED
pay_e93f3ddb317d46,MID_RAZOR_991,ORD-2026-5335,UPI,NA,setl_BATCH_e9304790,2026-05-15 09:00:00,1987.65,39.75,7.15,1940.75,,SETTLED
pay_3fa4f768421141,MID_RAZOR_991,ORD-2026-5336,UPI,NA,setl_BATCH_e9304790,2026-05-15 09:00:00,3314.01,66.28,11.93,3235.8,,SETTLED
pay_616360b9d5aa45,MID_RAZOR_991,ORD-2026-5337,UPI,NA,setl_BATCH_e9304790,2026-05-15 09:00:00,2129.15,42.58,7.66,2078.91,,SETTLED
pay_68268b42b36248,MID_RAZOR_991,ORD-2026-5338,UPI,NA,setl_BATCH_e9304790,2026-05-15 09:00:00,3637.83,72.76,13.1,3551.97,,SETTLED
pay_91e74c6c907848,MID_RAZOR_991,ORD-2026-5339,UPI,NA,setl_BATCH_e9304790,2026-05-15 09:00:00,4621.69,92.43,16.64,4512.62,,SETTLED
pay_2f76e7bd25d140,MID_RAZOR_991,ORD-2026-5340,UPI,NA,setl_BATCH_e9304790,2026-05-15 09:00:00,3238.23,64.76,11.66,3161.81,,SETTLED
pay_46a15f119e914a,MID_RAZOR_991,ORD-2026-5341,UPI,NA,setl_BATCH_f1250295,2026-05-16 09:00:00,3157.7,63.15,11.37,3083.18,,SETTLED
pay_ef4d0777bc6b4a,MID_RAZOR_991,ORD-2026-5342,UPI,NA,setl_BATCH_f1250295,2026-05-16 09:00:00,2711.03,54.22,9.76,2647.05,,SETTLED
pay_1023572ac08249,MID_RAZOR_991,ORD-2026-5343,UPI,NA,setl_BATCH_f1250295,2026-05-16 09:00:00,4476.03,89.52,16.11,4370.4,,SETTLED
pay_4c858346f51143,MID_RAZOR_991,ORD-2026-5344,UPI,NA,setl_BATCH_f1250295,2026-05-16 09:00:00,1025.84,20.52,3.69,1001.63,,SETTLED
pay_4920083fb89444,MID_RAZOR_991,ORD-2026-5345,UPI,NA,setl_BATCH_f1250295,2026-05-16 09:00:00,1818.03,36.36,6.54,1775.13,,SETTLED
pay_3b118ec81fca4c,MID_RAZOR_991,ORD-2026-5346,UPI,NA,setl_BATCH_f1250295,2026-05-16 09:00:00,2915.96,58.32,10.5,2847.14,,SETTLED
pay_ca2e36f7df7440,MID_RAZOR_991,ORD-2026-5347,UPI,NA,setl_BATCH_f1250295,2026-05-16 09:00:00,3370.11,67.4,12.13,3290.58,,SETTLED
pay_810e48b435794b,MID_RAZOR_991,ORD-2026-5348,UPI,NA,setl_BATCH_f1250295,2026-05-16 09:00:00,2266.62,45.33,8.16,2213.13,,SETTLED
pay_bd5426582d0548,MID_RAZOR_991,ORD-2026-5349,UPI,NA,setl_BATCH_f1250295,2026-05-16 09:00:00,3840.48,76.81,13.83,3749.84,,SETTLED
pay_5f7200284f3a45,MID_RAZOR_991,ORD-2026-5350,UPI,NA,setl_BATCH_f1250295,2026-05-16 09:00:00,1503.13,30.06,5.41,1467.66,,SETTLED
pay_08f947054b9046,MID_RAZOR_991,ORD-2026-5351,UPI,NA,setl_BATCH_f1250295,2026-05-16 09:00:00,4773.55,95.47,17.18,4660.9,,SETTLED
pay_4d839a85d6a848,MID_RAZOR_991,ORD-2026-5352,UPI,NA,setl_BATCH_f1250295,2026-05-16 09:00:00,4873.12,97.46,17.54,4758.12,,SETTLED
pay_428481771c1a4c,MID_RAZOR_991,ORD-2026-5353,UPI,NA,setl_BATCH_f1250295,2026-05-16 09:00:00,2868.46,57.37,10.33,2800.76,,SETTLED
pay_235957355c0740,MID_RAZOR_991,ORD-2026-5354,UPI,NA,setl_BATCH_f1250295,2026-05-16 09:00:00,3140.68,62.81,11.31,3066.56,,SETTLED
pay_cefcc1918efa40,MID_RAZOR_991,ORD-2026-5355,UPI,NA,setl_BATCH_f1250295,2026-05-16 09:00:00,4544.0,90.88,16.36,4436.76,,SETTLED
pay_e1bdfd8de5aa4a,MID_RAZOR_991,ORD-2026-5356,UPI,NA,setl_BATCH_f1250295,2026-05-16 09:00:00,2826.72,56.53,10.18,2760.01,,SETTLED
pay_677c344c484747,MID_RAZOR_991,ORD-2026-5357,UPI,NA,setl_BATCH_f1250295,2026-05-16 09:00:00,4460.12,89.2,16.06,4354.86,,SETTLED
pay_91c5b8fd63d548,MID_RAZOR_991,ORD-2026-5358,UPI,NA,setl_BATCH_f1250295,2026-05-16 09:00:00,4173.43,83.47,15.02,4074.94,,SETTLED
pay_88730b383b6e45,MID_RAZOR_991,ORD-2026-5359,UPI,NA,setl_BATCH_f1250295,2026-05-16 09:00:00,4679.42,93.59,16.85,4568.98,,SETTLED
pay_37738cf33bd64d,MID_RAZOR_991,ORD-2026-5360,UPI,NA,setl_BATCH_f1250295,2026-05-16 09:00:00,4515.28,90.31,16.26,4408.71,,SETTLED
pay_7f340ee3da8b4e,MID_RAZOR_991,ORD-2026-5361,UPI,NA,setl_BATCH_dea370f8,2026-05-17 09:00:00,2276.16,45.52,8.19,2222.45,,SETTLED
pay_dde3fc8f4c924d,MID_RAZOR_991,ORD-2026-5362,UPI,NA,setl_BATCH_dea370f8,2026-05-17 09:00:00,3015.82,60.32,10.86,2944.64,,SETTLED
pay_3183e234627a42,MID_RAZOR_991,ORD-2026-5363,UPI,NA,setl_BATCH_dea370f8,2026-05-17 09:00:00,1004.39,20.09,3.62,980.68,,SETTLED
pay_8ecf3e9fad084f,MID_RAZOR_991,ORD-2026-5364,UPI,NA,setl_BATCH_dea370f8,2026-05-17 09:00:00,2770.34,55.41,9.97,2704.96,,SETTLED
pay_21d4cd28bedc46,MID_RAZOR_991,ORD-2026-5365,UPI,NA,setl_BATCH_dea370f8,2026-05-17 09:00:00,1292.73,25.85,4.65,1262.23,,SETTLED
pay_1af898db31b148,MID_RAZOR_991,ORD-2026-5366,UPI,NA,setl_BATCH_dea370f8,2026-05-17 09:00:00,4430.2,88.6,15.95,4325.65,,SETTLED
pay_c7d0b6eb0ceb45,MID_RAZOR_991,ORD-2026-5367,UPI,NA,setl_BATCH_dea370f8,2026-05-17 09:00:00,2180.81,43.62,7.85,2129.34,,SETTLED
pay_edd0479ab0c04b,MID_RAZOR_991,ORD-2026-5368,UPI,NA,setl_BATCH_dea370f8,2026-05-17 09:00:00,1866.43,37.33,6.72,1822.38,,SETTLED
pay_219c0053358d43,MID_RAZOR_991,ORD-2026-5369,UPI,NA,setl_BATCH_dea370f8,2026-05-17 09:00:00,3955.44,79.11,14.24,3862.09,,SETTLED
pay_2fecd7e338a441,MID_RAZOR_991,ORD-2026-5370,UPI,NA,setl_BATCH_dea370f8,2026-05-17 09:00:00,3648.86,72.98,13.14,3562.74,,SETTLED
pay_44a879e6304d44,MID_RAZOR_991,ORD-2026-5371,UPI,NA,setl_BATCH_dea370f8,2026-05-17 09:00:00,4029.57,80.59,14.51,3934.47,,SETTLED
pay_82aa4000aaba4c,MID_RAZOR_991,ORD-2026-5372,UPI,NA,setl_BATCH_dea370f8,2026-05-17 09:00:00,3711.42,74.23,13.36,3623.83,,SETTLED
pay_4fe8b9f2f4364e,MID_RAZOR_991,ORD-2026-5373,UPI,NA,setl_BATCH_dea370f8,2026-05-17 09:00:00,2504.79,50.1,9.02,2445.67,,SETTLED
pay_27a80c4f0aff49,MID_RAZOR_991,ORD-2026-5374,UPI,NA,setl_BATCH_dea370f8,2026-05-17 09:00:00,4087.52,81.75,14.71,3991.06,,SETTLED
pay_88d42417eb274c,MID_RAZOR_991,ORD-2026-5375,UPI,NA,setl_BATCH_dea370f8,2026-05-17 09:00:00,2626.88,52.54,9.46,2564.88,,SETTLED
pay_2cb03633b6664a,MID_RAZOR_991,ORD-2026-5376,UPI,NA,setl_BATCH_dea370f8,2026-05-17 09:00:00,3437.6,68.75,12.38,3356.47,,SETTLED
pay_61084861da8e44,MID_RAZOR_991,ORD-2026-5377,UPI,NA,setl_BATCH_dea370f8,2026-05-17 09:00:00,4418.78,88.38,15.91,4314.49,,SETTLED
pay_679b8dddb0d34b,MID_RAZOR_991,ORD-2026-5378,UPI,NA,setl_BATCH_dea370f8,2026-05-17 09:00:00,4115.91,82.32,14.82,4018.77,,SETTLED
pay_34a15c637f0245,MID_RAZOR_991,ORD-2026-5379,UPI,NA,setl_BATCH_dea370f8,2026-05-17 09:00:00,3459.97,69.2,12.46,3378.31,,SETTLED
pay_acb2c2204ef544,MID_RAZOR_991,ORD-2026-5380,UPI,NA,setl_BATCH_dea370f8,2026-05-17 09:00:00,1645.91,32.92,5.93,1607.06,,SETTLED
pay_434ecc4c82d943,MID_RAZOR_991,ORD-2026-5381,UPI,NA,setl_BATCH_9622f301,2026-05-18 09:00:00,2519.45,50.39,9.07,2459.99,,SETTLED
pay_10aecd103d8d40,MID_RAZOR_991,ORD-2026-5382,UPI,NA,setl_BATCH_9622f301,2026-05-18 09:00:00,4121.33,82.43,14.84,4024.06,,SETTLED
pay_21da4fcbf45d4a,MID_RAZOR_991,ORD-2026-5383,UPI,NA,setl_BATCH_9622f301,2026-05-18 09:00:00,1729.2,34.58,6.22,1688.4,,SETTLED
pay_ead2bb931fe241,MID_RAZOR_991,ORD-2026-5384,UPI,NA,setl_BATCH_9622f301,2026-05-18 09:00:00,1303.76,26.08,4.69,1272.99,,SETTLED
pay_4e603b1a076a4e,MID_RAZOR_991,ORD-2026-5385,UPI,NA,setl_BATCH_9622f301,2026-05-18 09:00:00,4936.3,98.73,17.77,4819.8,,SETTLED
pay_2149c8652f8c4f,MID_RAZOR_991,ORD-2026-5386,UPI,NA,setl_BATCH_9622f301,2026-05-18 09:00:00,1085.0,21.7,3.91,1059.39,,SETTLED
pay_e8ee3d41862744,MID_RAZOR_991,ORD-2026-5387,UPI,NA,setl_BATCH_9622f301,2026-05-18 09:00:00,3687.05,73.74,13.27,3600.04,,SETTLED
pay_0b901f902c9f41,MID_RAZOR_991,ORD-2026-5388,UPI,NA,setl_BATCH_9622f301,2026-05-18 09:00:00,4049.05,80.98,14.58,3953.49,,SETTLED
pay_34e837cb9c2048,MID_RAZOR_991,ORD-2026-5389,UPI,NA,setl_BATCH_9622f301,2026-05-18 09:00:00,4154.36,83.09,14.96,4056.31,,SETTLED
pay_191c49a46c884b,MID_RAZOR_991,ORD-2026-5390,UPI,NA,setl_BATCH_9622f301,2026-05-18 09:00:00,4631.49,92.63,16.67,4522.19,,SETTLED
pay_13d40754966641,MID_RAZOR_991,ORD-2026-5391,UPI,NA,setl_BATCH_9622f301,2026-05-18 09:00:00,3980.89,79.62,14.33,3886.94,,SETTLED
pay_1fb336fbb0ee40,MID_RAZOR_991,ORD-2026-5392,UPI,NA,setl_BATCH_9622f301,2026-05-18 09:00:00,1276.97,25.54,4.6,1246.83,,SETTLED
pay_7b2f338947394c,MID_RAZOR_991,ORD-2026-5393,UPI,NA,setl_BATCH_9622f301,2026-05-18 09:00:00,1035.65,20.71,3.73,1011.21,,SETTLED
pay_ba6cadc6f2b947,MID_RAZOR_991,ORD-2026-5394,UPI,NA,setl_BATCH_9622f301,2026-05-18 09:00:00,1538.2,30.76,5.54,1501.9,,SETTLED
pay_3f4962923df640,MID_RAZOR_991,ORD-2026-5395,UPI,NA,setl_BATCH_9622f301,2026-05-18 09:00:00,3287.28,65.75,11.83,3209.7,,SETTLED
pay_1bb839a77e4742,MID_RAZOR_991,ORD-2026-5396,UPI,NA,setl_BATCH_9622f301,2026-05-18 09:00:00,2046.62,40.93,7.37,1998.32,,SETTLED
pay_58f97cafeaa14d,MID_RAZOR_991,ORD-2026-5397,UPI,NA,setl_BATCH_9622f301,2026-05-18 09:00:00,3391.49,67.83,12.21,3311.45,,SETTLED
pay_bcd481bd390f4e,MID_RAZOR_991,ORD-2026-5398,UPI,NA,setl_BATCH_9622f301,2026-05-18 09:00:00,2274.58,45.49,8.19,2220.9,,SETTLED
pay_2ab7551e16f844,MID_RAZOR_991,ORD-2026-5399,UPI,NA,setl_BATCH_9622f301,2026-05-18 09:00:00,3854.92,77.1,13.88,3763.94,,SETTLED
pay_2a66cd24760a4a,MID_RAZOR_991,ORD-2026-5400,UPI,NA,setl_BATCH_9622f301,2026-05-18 09:00:00,4577.72,91.55,16.48,4469.69,,SETTLED
pay_d4994e5ebb884c,MID_RAZOR_991,ORD-2026-5401,UPI,NA,setl_BATCH_3b2e94cf,2026-05-19 09:00:00,3281.82,65.64,11.82,3204.36,,SETTLED
pay_95d688bb15d040,MID_RAZOR_991,ORD-2026-5402,UPI,NA,setl_BATCH_3b2e94cf,2026-05-19 09:00:00,1365.16,27.3,4.91,1332.95,,SETTLED
pay_66d23bab0ecb4d,MID_RAZOR_991,ORD-2026-5403,UPI,NA,setl_BATCH_3b2e94cf,2026-05-19 09:00:00,1969.86,39.4,7.09,1923.37,,SETTLED
pay_ae1eb0bf46ce43,MID_RAZOR_991,ORD-2026-5404,UPI,NA,setl_BATCH_3b2e94cf,2026-05-19 09:00:00,4939.8,98.8,17.78,4823.22,,SETTLED
pay_416936e5656f43,MID_RAZOR_991,ORD-2026-5405,UPI,NA,setl_BATCH_3b2e94cf,2026-05-19 09:00:00,3715.11,74.3,13.37,3627.44,,SETTLED
pay_4b25ed13dcfc45,MID_RAZOR_991,ORD-2026-5406,UPI,NA,setl_BATCH_3b2e94cf,2026-05-19 09:00:00,1091.78,21.84,3.93,1066.01,,SETTLED
pay_ff9d5871070a48,MID_RAZOR_991,ORD-2026-5407,UPI,NA,setl_BATCH_3b2e94cf,2026-05-19 09:00:00,4769.65,95.39,17.17,4657.09,,SETTLED
pay_72a94a358ff344,MID_RAZOR_991,ORD-2026-5408,UPI,NA,setl_BATCH_3b2e94cf,2026-05-19 09:00:00,1554.84,31.1,5.6,1518.14,,SETTLED
pay_b81502ac9eb44c,MID_RAZOR_991,ORD-2026-5409,UPI,NA,setl_BATCH_3b2e94cf,2026-05-19 09:00:00,2459.47,49.19,8.85,2401.43,,SETTLED
pay_3bee4b53619846,MID_RAZOR_991,ORD-2026-5410,UPI,NA,setl_BATCH_3b2e94cf,2026-05-19 09:00:00,2241.51,44.83,8.07,2188.61,,SETTLED
pay_e94f7ab58d4240,MID_RAZOR_991,ORD-2026-5411,UPI,NA,setl_BATCH_3b2e94cf,2026-05-19 09:00:00,2055.48,41.11,7.4,2006.97,,SETTLED
pay_88b7cd190fd746,MID_RAZOR_991,ORD-2026-5412,UPI,NA,setl_BATCH_3b2e94cf,2026-05-19 09:00:00,2992.24,59.84,10.77,2921.63,,SETTLED
pay_efffc1f1384d4e,MID_RAZOR_991,ORD-2026-5413,UPI,NA,setl_BATCH_3b2e94cf,2026-05-19 09:00:00,1010.45,20.21,3.64,986.6,,SETTLED
pay_3d72aaeab4294b,MID_RAZOR_991,ORD-2026-5414,UPI,NA,setl_BATCH_3b2e94cf,2026-05-19 09:00:00,4522.32,90.45,16.28,4415.59,,SETTLED
pay_11680379425a47,MID_RAZOR_991,ORD-2026-5415,UPI,NA,setl_BATCH_3b2e94cf,2026-05-19 09:00:00,3184.42,63.69,11.46,3109.27,,SETTLED
pay_5e2740e6ca474d,MID_RAZOR_991,ORD-2026-5416,UPI,NA,setl_BATCH_3b2e94cf,2026-05-19 09:00:00,2216.78,44.34,7.98,2164.46,,SETTLED
pay_9804c835ee2645,MID_RAZOR_991,ORD-2026-5417,UPI,NA,setl_BATCH_3b2e94cf,2026-05-19 09:00:00,2278.52,45.57,8.2,2224.75,,SETTLED
pay_f0c1c595377347,MID_RAZOR_991,ORD-2026-5418,UPI,NA,setl_BATCH_3b2e94cf,2026-05-19 09:00:00,4062.76,81.26,14.63,3966.87,,SETTLED
pay_200968ee881d44,MID_RAZOR_991,ORD-2026-5419,UPI,NA,setl_BATCH_3b2e94cf,2026-05-19 09:00:00,4295.61,85.91,15.46,4194.24,,SETTLED
pay_e44f602a730446,MID_RAZOR_991,ORD-2026-5420,UPI,NA,setl_BATCH_3b2e94cf,2026-05-19 09:00:00,2602.58,52.05,9.37,2541.16,,SETTLED
pay_fbd397dc16e44b,MID_RAZOR_991,ORD-2026-5421,UPI,NA,setl_BATCH_2e1f0bcd,2026-05-20 09:00:00,4516.43,90.33,16.26,4409.84,,SETTLED
pay_ac1432f31a0e4a,MID_RAZOR_991,ORD-2026-5422,UPI,NA,setl_BATCH_2e1f0bcd,2026-05-20 09:00:00,2281.07,45.62,8.21,2227.24,,SETTLED
pay_f4c9177d50b848,MID_RAZOR_991,ORD-2026-5423,UPI,NA,setl_BATCH_2e1f0bcd,2026-05-20 09:00:00,4638.3,92.77,16.7,4528.83,,SETTLED
pay_cd2d11f642fa40,MID_RAZOR_991,ORD-2026-5424,UPI,NA,setl_BATCH_2e1f0bcd,2026-05-20 09:00:00,3851.07,77.02,13.86,3760.19,,SETTLED
pay_10ecb664f61348,MID_RAZOR_991,ORD-2026-5425,UPI,NA,setl_BATCH_2e1f0bcd,2026-05-20 09:00:00,1357.64,27.15,4.89,1325.6,,SETTLED
pay_94614315d13e4f,MID_RAZOR_991,ORD-2026-5426,UPI,NA,setl_BATCH_2e1f0bcd,2026-05-20 09:00:00,3889.53,77.79,14.0,3797.74,,SETTLED
pay_26f3d9e4e4a544,MID_RAZOR_991,ORD-2026-5427,UPI,NA,setl_BATCH_2e1f0bcd,2026-05-20 09:00:00,4283.02,85.66,15.42,4181.94,,SETTLED
pay_427868dba6ab40,MID_RAZOR_991,ORD-2026-5428,UPI,NA,setl_BATCH_2e1f0bcd,2026-05-20 09:00:00,3212.18,64.24,11.56,3136.38,,SETTLED
pay_59ffa66696c04b,MID_RAZOR_991,ORD-2026-5429,UPI,NA,setl_BATCH_2e1f0bcd,2026-05-20 09:00:00,3908.47,78.17,14.07,3816.23,,SETTLED
pay_335da9d207e24a,MID_RAZOR_991,ORD-2026-5430,UPI,NA,setl_BATCH_2e1f0bcd,2026-05-20 09:00:00,4868.71,97.37,17.53,4753.81,,SETTLED
pay_99cee6c4577141,MID_RAZOR_991,ORD-2026-5431,UPI,NA,setl_BATCH_2e1f0bcd,2026-05-20 09:00:00,3574.79,71.5,12.87,3490.42,,SETTLED
pay_baf11423eb2743,MID_RAZOR_991,ORD-2026-5432,UPI,NA,setl_BATCH_2e1f0bcd,2026-05-20 09:00:00,3796.08,75.92,13.67,3706.49,,SETTLED
pay_588875c68b6341,MID_RAZOR_991,ORD-2026-5433,UPI,NA,setl_BATCH_2e1f0bcd,2026-05-20 09:00:00,2340.41,46.81,8.43,2285.17,,SETTLED
pay_0d9f1ac0d05947,MID_RAZOR_991,ORD-2026-5434,UPI,NA,setl_BATCH_2e1f0bcd,2026-05-20 09:00:00,3731.77,74.64,13.44,3643.69,,SETTLED
pay_2cc487b62c024d,MID_RAZOR_991,ORD-2026-5435,UPI,NA,setl_BATCH_2e1f0bcd,2026-05-20 09:00:00,4693.85,93.88,16.9,4583.07,,SETTLED
pay_bf14647055c94f,MID_RAZOR_991,ORD-2026-5436,UPI,NA,setl_BATCH_2e1f0bcd,2026-05-20 09:00:00,2773.93,55.48,9.99,2708.46,,SETTLED
pay_87f8cf93915043,MID_RAZOR_991,ORD-2026-5437,UPI,NA,setl_BATCH_2e1f0bcd,2026-05-20 09:00:00,1969.77,39.4,7.09,1923.28,,SETTLED
pay_9d546b85018e48,MID_RAZOR_991,ORD-2026-5438,UPI,NA,setl_BATCH_2e1f0bcd,2026-05-20 09:00:00,1681.57,33.63,6.05,1641.89,,SETTLED
pay_2b3e7085e8d14a,MID_RAZOR_991,ORD-2026-5439,UPI,NA,setl_BATCH_2e1f0bcd,2026-05-20 09:00:00,4155.48,83.11,14.96,4057.41,,SETTLED
pay_828985fe36314f,MID_RAZOR_991,ORD-2026-5440,UPI,NA,setl_BATCH_2e1f0bcd,2026-05-20 09:00:00,4940.18,98.8,17.78,4823.6,,SETTLED
pay_ff8325d1694e4b,MID_RAZOR_991,ORD-2026-5441,UPI,NA,setl_BATCH_fd0a3a75,2026-05-21 09:00:00,2395.16,47.9,8.62,2338.64,,SETTLED
pay_f33d326135ad4d,MID_RAZOR_991,ORD-2026-5442,UPI,NA,setl_BATCH_fd0a3a75,2026-05-21 09:00:00,4576.52,91.53,16.48,4468.51,,SETTLED
pay_51898cd606d34e,MID_RAZOR_991,ORD-2026-5443,UPI,NA,setl_BATCH_fd0a3a75,2026-05-21 09:00:00,4387.22,87.74,15.79,4283.69,,SETTLED
pay_e7fd855bccb641,MID_RAZOR_991,ORD-2026-5444,UPI,NA,setl_BATCH_fd0a3a75,2026-05-21 09:00:00,1881.15,37.62,6.77,1836.76,,SETTLED
pay_bb77796436bf4f,MID_RAZOR_991,ORD-2026-5445,UPI,NA,setl_BATCH_fd0a3a75,2026-05-21 09:00:00,4917.91,98.36,17.7,4801.85,,SETTLED
pay_d9d2a845660a4e,MID_RAZOR_991,ORD-2026-5446,UPI,NA,setl_BATCH_fd0a3a75,2026-05-21 09:00:00,3697.37,73.95,13.31,3610.11,,SETTLED
pay_f06af2a9e4d244,MID_RAZOR_991,ORD-2026-5447,UPI,NA,setl_BATCH_fd0a3a75,2026-05-21 09:00:00,4448.07,88.96,16.01,4343.1,,SETTLED
pay_128179c2121349,MID_RAZOR_991,ORD-2026-5448,UPI,NA,setl_BATCH_fd0a3a75,2026-05-21 09:00:00,4719.47,94.39,16.99,4608.09,,SETTLED
pay_b1f3f06d104b4b,MID_RAZOR_991,ORD-2026-5449,UPI,NA,setl_BATCH_fd0a3a75,2026-05-21 09:00:00,3015.35,60.31,10.86,2944.18,,SETTLED
pay_9b8c92ba2ba14b,MID_RAZOR_991,ORD-2026-5450,UPI,NA,setl_BATCH_fd0a3a75,2026-05-21 09:00:00,3230.8,64.62,11.63,3154.55,,SETTLED
pay_466343d8a57442,MID_RAZOR_991,ORD-2026-5451,UPI,NA,setl_BATCH_fd0a3a75,2026-05-21 09:00:00,2233.7,44.67,8.04,2180.99,,SETTLED
pay_77e419e1bbc749,MID_RAZOR_991,ORD-2026-5452,UPI,NA,setl_BATCH_fd0a3a75,2026-05-21 09:00:00,1931.12,38.62,6.95,1885.55,,SETTLED
pay_a9029a78f9ee4f,MID_RAZOR_991,ORD-2026-5453,UPI,NA,setl_BATCH_fd0a3a75,2026-05-21 09:00:00,4454.06,89.08,16.03,4348.95,,SETTLED
pay_aa5ff82bfafc49,MID_RAZOR_991,ORD-2026-5454,UPI,NA,setl_BATCH_fd0a3a75,2026-05-21 09:00:00,1415.38,28.31,5.1,1381.97,,SETTLED
pay_8300173dfb784b,MID_RAZOR_991,ORD-2026-5455,UPI,NA,setl_BATCH_fd0a3a75,2026-05-21 09:00:00,2915.74,58.31,10.5,2846.93,,SETTLED
pay_e542629ccb2346,MID_RAZOR_991,ORD-2026-5456,UPI,NA,setl_BATCH_fd0a3a75,2026-05-21 09:00:00,2980.96,59.62,10.73,2910.61,,SETTLED
pay_e2de9dd5249b49,MID_RAZOR_991,ORD-2026-5457,UPI,NA,setl_BATCH_fd0a3a75,2026-05-21 09:00:00,3632.81,72.66,13.08,3547.07,,SETTLED
pay_03b88f1d2d9d4f,MID_RAZOR_991,ORD-2026-5458,UPI,NA,setl_BATCH_fd0a3a75,2026-05-21 09:00:00,2636.67,52.73,9.49,2574.45,,SETTLED
pay_5b5cb2e65d2840,MID_RAZOR_991,ORD-2026-5459,UPI,NA,setl_BATCH_fd0a3a75,2026-05-21 09:00:00,3178.99,63.58,11.44,3103.97,,SETTLED
pay_561f5f70b58441,MID_RAZOR_991,ORD-2026-5460,UPI,NA,setl_BATCH_fd0a3a75,2026-05-21 09:00:00,1351.13,27.02,4.86,1319.25,,SETTLED
pay_abed9608d86440,MID_RAZOR_991,ORD-2026-5461,UPI,NA,setl_BATCH_a431a9cc,2026-05-22 09:00:00,2839.56,56.79,10.22,2772.55,,SETTLED
pay_1c91a312e49742,MID_RAZOR_991,ORD-2026-5462,UPI,NA,setl_BATCH_a431a9cc,2026-05-22 09:00:00,3368.5,67.37,12.13,3289.0,,SETTLED
pay_50e2402de6e44e,MID_RAZOR_991,ORD-2026-5463,UPI,NA,setl_BATCH_a431a9cc,2026-05-22 09:00:00,2729.02,54.58,9.82,2664.62,,SETTLED
pay_6545db1c727845,MID_RAZOR_991,ORD-2026-5464,UPI,NA,setl_BATCH_a431a9cc,2026-05-22 09:00:00,4323.21,86.46,15.56,4221.19,,SETTLED
pay_338b5ed9886447,MID_RAZOR_991,ORD-2026-5465,UPI,NA,setl_BATCH_a431a9cc,2026-05-22 09:00:00,3279.5,65.59,11.81,3202.1,,SETTLED
pay_819f0d1d50ec46,MID_RAZOR_991,ORD-2026-5466,UPI,NA,setl_BATCH_a431a9cc,2026-05-22 09:00:00,3574.33,71.49,12.87,3489.97,,SETTLED
pay_cb7b8af6f8af49,MID_RAZOR_991,ORD-2026-5467,UPI,NA,setl_BATCH_a431a9cc,2026-05-22 09:00:00,4958.04,99.16,17.85,4841.03,,SETTLED
pay_73685109795940,MID_RAZOR_991,ORD-2026-5468,UPI,NA,setl_BATCH_a431a9cc,2026-05-22 09:00:00,1749.05,34.98,6.3,1707.77,,SETTLED
pay_7ec5bb56f32948,MID_RAZOR_991,ORD-2026-5469,UPI,NA,setl_BATCH_a431a9cc,2026-05-22 09:00:00,1002.7,20.05,3.61,979.04,,SETTLED
pay_a4737da1a00942,MID_RAZOR_991,ORD-2026-5470,UPI,NA,setl_BATCH_a431a9cc,2026-05-22 09:00:00,3334.93,66.7,12.01,3256.22,,SETTLED
pay_0a6cde0400b14a,MID_RAZOR_991,ORD-2026-5471,UPI,NA,setl_BATCH_a431a9cc,2026-05-22 09:00:00,3141.84,62.84,11.31,3067.69,,SETTLED
pay_c5a61d391a804a,MID_RAZOR_991,ORD-2026-5472,UPI,NA,setl_BATCH_a431a9cc,2026-05-22 09:00:00,2365.59,47.31,8.52,2309.76,,SETTLED
pay_bc942030856d4d,MID_RAZOR_991,ORD-2026-5473,UPI,NA,setl_BATCH_a431a9cc,2026-05-22 09:00:00,2859.41,57.19,10.29,2791.93,,SETTLED
pay_7ee68594f4f045,MID_RAZOR_991,ORD-2026-5474,UPI,NA,setl_BATCH_a431a9cc,2026-05-22 09:00:00,4898.13,97.96,17.63,4782.54,,SETTLED
pay_da5b2b00770b4b,MID_RAZOR_991,ORD-2026-5475,UPI,NA,setl_BATCH_a431a9cc,2026-05-22 09:00:00,2185.54,43.71,7.87,2133.96,,SETTLED
pay_7c42d54b8d6d4f,MID_RAZOR_991,ORD-2026-5476,UPI,NA,setl_BATCH_a431a9cc,2026-05-22 09:00:00,4648.54,92.97,16.73,4538.84,,SETTLED
pay_d8de17a1b2a348,MID_RAZOR_991,ORD-2026-5477,UPI,NA,setl_BATCH_a431a9cc,2026-05-22 09:00:00,3128.8,62.58,11.26,3054.96,,SETTLED
pay_139372f2e93a47,MID_RAZOR_991,ORD-2026-5478,UPI,NA,setl_BATCH_a431a9cc,2026-05-22 09:00:00,4697.11,93.94,16.91,4586.26,,SETTLED
pay_884c11863f6c46,MID_RAZOR_991,ORD-2026-5479,UPI,NA,setl_BATCH_a431a9cc,2026-05-22 09:00:00,4092.83,81.86,14.73,3996.24,,SETTLED
pay_74b1f27a855c40,MID_RAZOR_991,ORD-2026-5480,UPI,NA,setl_BATCH_a431a9cc,2026-05-22 09:00:00,2318.65,46.37,8.35,2263.93,,SETTLED
pay_463acec1236c4e,MID_RAZOR_991,ORD-2026-5481,UPI,NA,setl_BATCH_9e282f0b,2026-05-23 09:00:00,4813.59,96.27,17.33,4699.99,,SETTLED
pay_2539a8dd019a45,MID_RAZOR_991,ORD-2026-5482,UPI,NA,setl_BATCH_9e282f0b,2026-05-23 09:00:00,4829.06,96.58,17.38,4715.1,,SETTLED
pay_6d08f0e194a242,MID_RAZOR_991,ORD-2026-5483,UPI,NA,setl_BATCH_9e282f0b,2026-05-23 09:00:00,2403.68,48.07,8.65,2346.96,,SETTLED
pay_fac5f5968f8a4b,MID_RAZOR_991,ORD-2026-5484,UPI,NA,setl_BATCH_9e282f0b,2026-05-23 09:00:00,3131.51,62.63,11.27,3057.61,,SETTLED
pay_0ae961d8a42c44,MID_RAZOR_991,ORD-2026-5485,UPI,NA,setl_BATCH_9e282f0b,2026-05-23 09:00:00,1456.6,29.13,5.24,1422.23,,SETTLED
pay_8db02c6d0eb24f,MID_RAZOR_991,ORD-2026-5486,UPI,NA,setl_BATCH_9e282f0b,2026-05-23 09:00:00,2714.12,54.28,9.77,2650.07,,SETTLED
pay_6b7696b0a69d4f,MID_RAZOR_991,ORD-2026-5487,UPI,NA,setl_BATCH_9e282f0b,2026-05-23 09:00:00,2444.24,48.88,8.8,2386.56,,SETTLED
pay_df76884da7f944,MID_RAZOR_991,ORD-2026-5488,UPI,NA,setl_BATCH_9e282f0b,2026-05-23 09:00:00,3873.6,77.47,13.94,3782.19,,SETTLED
pay_b05225e1e9f747,MID_RAZOR_991,ORD-2026-5489,UPI,NA,setl_BATCH_9e282f0b,2026-05-23 09:00:00,2079.08,41.58,7.48,2030.02,,SETTLED
pay_12398b9e3d3040,MID_RAZOR_991,ORD-2026-5490,UPI,NA,setl_BATCH_9e282f0b,2026-05-23 09:00:00,4791.58,95.83,17.25,4678.5,,SETTLED
pay_339f65cbfbaf4c,MID_RAZOR_991,ORD-2026-5491,UPI,NA,setl_BATCH_9e282f0b,2026-05-23 09:00:00,3557.81,71.16,12.81,3473.84,,SETTLED
pay_65f54d2dd2ef44,MID_RAZOR_991,ORD-2026-5492,UPI,NA,setl_BATCH_9e282f0b,2026-05-23 09:00:00,1931.66,38.63,6.95,1886.08,,SETTLED
pay_34ac5df2d4f844,MID_RAZOR_991,ORD-2026-5493,UPI,NA,setl_BATCH_9e282f0b,2026-05-23 09:00:00,3358.6,67.17,12.09,3279.34,,SETTLED
pay_3b998db1e79c41,MID_RAZOR_991,ORD-2026-5494,UPI,NA,setl_BATCH_9e282f0b,2026-05-23 09:00:00,1406.7,28.13,5.06,1373.51,,SETTLED
pay_c4a47708890347,MID_RAZOR_991,ORD-2026-5495,UPI,NA,setl_BATCH_9e282f0b,2026-05-23 09:00:00,3534.48,70.69,12.72,3451.07,,SETTLED
pay_8e2b7fdd05684e,MID_RAZOR_991,ORD-2026-5496,UPI,NA,setl_BATCH_9e282f0b,2026-05-23 09:00:00,3028.7,60.57,10.9,2957.23,,SETTLED
pay_c202ff62db8545,MID_RAZOR_991,ORD-2026-5497,UPI,NA,setl_BATCH_9e282f0b,2026-05-23 09:00:00,2100.95,42.02,7.56,2051.37,,SETTLED
pay_1be99c71e1f441,MID_RAZOR_991,ORD-2026-5498,UPI,NA,setl_BATCH_9e282f0b,2026-05-23 09:00:00,3646.27,72.93,13.13,3560.21,,SETTLED
pay_d4cdd81ec5f842,MID_RAZOR_991,ORD-2026-5499,UPI,NA,setl_BATCH_9e282f0b,2026-05-23 09:00:00,4981.85,99.64,17.94,4864.27,,SETTLED
pay_97a171bdbcfc41,MID_RAZOR_991,ORD-2026-5500,UPI,NA,setl_BATCH_9e282f0b,2026-05-23 09:00:00,4403.93,88.08,15.85,4300.0,,SETTLED
pay_19d27e83c51849,MID_RAZOR_991,ORD-2026-5501,CREDIT_CARD,Mastercard,setl_17288555fd,2026-04-10 12:01:00,4500.0,90.0,16.2,4393.8,CB_REQ_01,DISPUTED
pay_d751ed31cc3e4c,MID_RAZOR_991,ORD-2026-5502,CREDIT_CARD,Mastercard,setl_892ed5e194,2026-04-10 12:02:00,4500.0,90.0,16.2,4393.8,CB_REQ_01,DISPUTED
pay_b29f85833acf44,MID_RAZOR_991,ORD-2026-5503,CREDIT_CARD,Mastercard,setl_9d9e20a86b,2026-04-10 12:03:00,4500.0,90.0,16.2,4393.8,CB_REQ_01,DISPUTED
pay_492d2480091940,MID_RAZOR_991,ORD-2026-5504,CREDIT_CARD,Mastercard,setl_7f8c582da7,2026-04-10 12:04:00,4500.0,90.0,16.2,4393.8,CB_REQ_01,DISPUTED
pay_e35cc21f390746,MID_RAZOR_991,ORD-2026-5505,CREDIT_CARD,Mastercard,setl_3f0b9b13fa,2026-04-10 12:05:00,4500.0,90.0,16.2,4393.8,CB_REQ_01,DISPUTED
pay_8d1d8e2ccd6a40,MID_RAZOR_991,ORD-2026-5506,CREDIT_CARD,Mastercard,setl_54287df761,2026-04-10 12:06:00,4500.0,90.0,16.2,4393.8,CB_REQ_01,DISPUTED
pay_deb2204dc38e4c,MID_RAZOR_991,ORD-2026-5507,CREDIT_CARD,Mastercard,setl_421bcb2c96,2026-04-10 12:07:00,4500.0,90.0,16.2,4393.8,CB_REQ_01,DISPUTED
pay_124b26373d2749,MID_RAZOR_991,ORD-2026-5508,CREDIT_CARD,Mastercard,setl_6b1e154e90,2026-04-10 12:08:00,4500.0,90.0,16.2,4393.8,CB_REQ_01,DISPUTED
pay_c0ea6058803542,MID_RAZOR_991,ORD-2026-5509,CREDIT_CARD,Mastercard,setl_41a36bd6ac,2026-04-10 12:09:00,4500.0,90.0,16.2,4393.8,CB_REQ_01,DISPUTED
pay_0ea0f4c2974149,MID_RAZOR_991,ORD-2026-5510,CREDIT_CARD,Mastercard,setl_4ab0572337,2026-04-10 12:10:00,4500.0,90.0,16.2,4393.8,CB_REQ_01,DISPUTED
pay_d6a6f9c62bb64e,MID_RAZOR_991,ORD-2026-5511,CREDIT_CARD,Mastercard,setl_ed905ef193,2026-04-10 12:11:00,4500.0,90.0,16.2,4393.8,CB_REQ_01,DISPUTED
pay_71384a5085ff42,MID_RAZOR_991,ORD-2026-5512,CREDIT_CARD,Mastercard,setl_50ce477bc6,2026-04-10 12:12:00,4500.0,90.0,16.2,4393.8,CB_REQ_01,DISPUTED
pay_8923d95aa2db47,MID_RAZOR_991,ORD-2026-5513,CREDIT_CARD,Mastercard,setl_bf60b9f8be,2026-04-10 12:13:00,4500.0,90.0,16.2,4393.8,CB_REQ_01,DISPUTED
pay_b193782781ed44,MID_RAZOR_991,ORD-2026-5514,CREDIT_CARD,Mastercard,setl_273b701ddb,2026-04-10 12:14:00,4500.0,90.0,16.2,4393.8,CB_REQ_01,DISPUTED
pay_6bf05e7c217640,MID_RAZOR_991,ORD-2026-5515,CREDIT_CARD,Mastercard,setl_d3153c987d,2026-04-10 12:15:00,4500.0,90.0,16.2,4393.8,CB_REQ_01,DISPUTED
pay_c69f92b90bf84b,MID_RAZOR_991,ORD-2026-5516,CREDIT_CARD,Mastercard,setl_7f575b9ab8,2026-04-10 12:16:00,4500.0,90.0,16.2,4393.8,CB_REQ_01,DISPUTED
pay_7104debf2aaf4d,MID_RAZOR_991,ORD-2026-5517,CREDIT_CARD,Mastercard,setl_78c4922483,2026-04-10 12:17:00,4500.0,90.0,16.2,4393.8,CB_REQ_01,DISPUTED
pay_bc75fd4c8fc54a,MID_RAZOR_991,ORD-2026-5518,CREDIT_CARD,Mastercard,setl_7847540932,2026-04-10 12:18:00,4500.0,90.0,16.2,4393.8,CB_REQ_01,DISPUTED
pay_f6f5b7a3767a48,MID_RAZOR_991,ORD-2026-5519,CREDIT_CARD,Mastercard,setl_25364f679d,2026-04-10 12:19:00,4500.0,90.0,16.2,4393.8,CB_REQ_01,DISPUTED
pay_5cc104e11da14a,MID_RAZOR_991,ORD-2026-5520,CREDIT_CARD,Mastercard,setl_a68b241b21,2026-04-10 12:20:00,4500.0,90.0,16.2,4393.8,CB_REQ_01,DISPUTED
pay_fbc54a166bb042,MID_RAZOR_991,ORD-2026-5521,CREDIT_CARD,Mastercard,setl_98fe2cc622,2026-04-10 12:21:00,4500.0,90.0,16.2,4393.8,CB_REQ_01,DISPUTED
pay_d222f16f2e8c42,MID_RAZOR_991,ORD-2026-5522,CREDIT_CARD,Mastercard,setl_232047d2f0,2026-04-10 12:22:00,4500.0,90.0,16.2,4393.8,CB_REQ_01,DISPUTED
pay_cfe3ab7a38b747,MID_RAZOR_991,ORD-2026-5523,CREDIT_CARD,Mastercard,setl_22b4d61dce,2026-04-10 12:23:00,4500.0,90.0,16.2,4393.8,CB_REQ_01,DISPUTED
pay_b3ac8907813b43,MID_RAZOR_991,ORD-2026-5524,CREDIT_CARD,Mastercard,setl_be1f624f7f,2026-04-10 12:24:00,4500.0,90.0,16.2,4393.8,CB_REQ_01,DISPUTED
pay_f51b2d89012647,MID_RAZOR_991,ORD-2026-5525,CREDIT_CARD,Mastercard,setl_d484e9c821,2026-04-10 12:25:00,4500.0,90.0,16.2,4393.8,CB_REQ_01,DISPUTED
pay_43dcfdbe0bca42,MID_RAZOR_991,ORD-2026-5526,CREDIT_CARD,Mastercard,setl_b3235e6f39,2026-04-10 12:26:00,4500.0,90.0,16.2,4393.8,CB_REQ_01,DISPUTED
pay_72cdba24144240,MID_RAZOR_991,ORD-2026-5527,CREDIT_CARD,Mastercard,setl_256dcc6554,2026-04-10 12:27:00,4500.0,90.0,16.2,4393.8,CB_REQ_01,DISPUTED
pay_e59103768deb44,MID_RAZOR_991,ORD-2026-5528,CREDIT_CARD,Mastercard,setl_b2e37709a0,2026-04-10 12:28:00,4500.0,90.0,16.2,4393.8,CB_REQ_01,DISPUTED
pay_7531c205c0e549,MID_RAZOR_991,ORD-2026-5529,CREDIT_CARD,Mastercard,setl_bb6db3043b,2026-04-10 12:29:00,4500.0,90.0,16.2,4393.8,CB_REQ_01,DISPUTED
pay_2db1d3db029247,MID_RAZOR_991,ORD-2026-5530,CREDIT_CARD,Mastercard,setl_8af7dc9bca,2026-04-10 12:30:00,4500.0,90.0,16.2,4393.8,CB_REQ_01,DISPUTED
pay_ca7dd80822e045,MID_RAZOR_991,ORD-2026-5531,CREDIT_CARD,Mastercard,setl_73c21f3953,2026-04-10 12:31:00,4500.0,90.0,16.2,4393.8,CB_REQ_01,DISPUTED
pay_a3bbf8d9144940,MID_RAZOR_991,ORD-2026-5532,CREDIT_CARD,Mastercard,setl_1c5bd8705c,2026-04-10 12:32:00,4500.0,90.0,16.2,4393.8,CB_REQ_01,DISPUTED
pay_bf9371c4e34342,MID_RAZOR_991,ORD-2026-5533,CREDIT_CARD,Mastercard,setl_2a83b1f554,2026-04-10 12:33:00,4500.0,90.0,16.2,4393.8,CB_REQ_01,DISPUTED
pay_bfdaf8e5e66040,MID_RAZOR_991,ORD-2026-5534,CREDIT_CARD,Mastercard,setl_655836ff3f,2026-04-10 12:34:00,4500.0,90.0,16.2,4393.8,CB_REQ_01,DISPUTED
pay_12b16d9886524f,MID_RAZOR_991,ORD-2026-5535,CREDIT_CARD,Mastercard,setl_32fa98b2e4,2026-04-10 12:35:00,4500.0,90.0,16.2,4393.8,CB_REQ_01,DISPUTED
pay_3bab87d169b741,MID_RAZOR_991,ORD-2026-5536,CREDIT_CARD,Mastercard,setl_df8618210a,2026-04-10 12:36:00,4500.0,90.0,16.2,4393.8,CB_REQ_01,DISPUTED
pay_420e266743af44,MID_RAZOR_991,ORD-2026-5537,CREDIT_CARD,Mastercard,setl_5353d15cbe,2026-04-10 12:37:00,4500.0,90.0,16.2,4393.8,CB_REQ_01,DISPUTED
pay_87c941f30b1841,MID_RAZOR_991,ORD-2026-5538,CREDIT_CARD,Mastercard,setl_26a4c87b8a,2026-04-10 12:38:00,4500.0,90.0,16.2,4393.8,CB_REQ_01,DISPUTED
pay_3640cc895e7848,MID_RAZOR_991,ORD-2026-5539,CREDIT_CARD,Mastercard,setl_f7c0c8de48,2026-04-10 12:39:00,4500.0,90.0,16.2,4393.8,CB_REQ_01,DISPUTED
pay_9ecf967b095a43,MID_RAZOR_991,ORD-2026-5540,CREDIT_CARD,Mastercard,setl_76fdb314ee,2026-04-10 12:40:00,4500.0,90.0,16.2,4393.8,CB_REQ_01,DISPUTED
pay_a74fe39f211543,MID_RAZOR_991,ORD-2026-5541,CREDIT_CARD,Mastercard,setl_8361543361,2026-04-10 12:41:00,4500.0,90.0,16.2,4393.8,CB_REQ_01,DISPUTED
pay_196ec267908048,MID_RAZOR_991,ORD-2026-5542,CREDIT_CARD,Mastercard,setl_c07c20d5f7,2026-04-10 12:42:00,4500.0,90.0,16.2,4393.8,CB_REQ_01,DISPUTED
pay_95782bbad47a49,MID_RAZOR_991,ORD-2026-5543,CREDIT_CARD,Mastercard,setl_9f14da35f3,2026-04-10 12:43:00,4500.0,90.0,16.2,4393.8,CB_REQ_01,DISPUTED
pay_d427c1b8ca6e4d,MID_RAZOR_991,ORD-2026-5544,CREDIT_CARD,Mastercard,setl_dc0eac9825,2026-04-10 12:44:00,4500.0,90.0,16.2,4393.8,CB_REQ_01,DISPUTED
pay_748fec1541da4f,MID_RAZOR_991,ORD-2026-5545,CREDIT_CARD,Mastercard,setl_ec5b6358fa,2026-04-10 12:45:00,4500.0,90.0,16.2,4393.8,CB_REQ_01,DISPUTED
pay_7d67919b971143,MID_RAZOR_991,ORD-2026-5546,CREDIT_CARD,Mastercard,setl_baa667198b,2026-04-10 12:46:00,4500.0,90.0,16.2,4393.8,CB_REQ_01,DISPUTED
pay_aebb2993f67946,MID_RAZOR_991,ORD-2026-5547,CREDIT_CARD,Mastercard,setl_b14a83c676,2026-04-10 12:47:00,4500.0,90.0,16.2,4393.8,CB_REQ_01,DISPUTED
pay_a6d2e5797a1a46,MID_RAZOR_991,ORD-2026-5548,CREDIT_CARD,Mastercard,setl_bd1dc1e567,2026-04-10 12:48:00,4500.0,90.0,16.2,4393.8,CB_REQ_01,DISPUTED
pay_027c3014c9d943,MID_RAZOR_991,ORD-2026-5549,CREDIT_CARD,Mastercard,setl_e1298c8645,2026-04-10 12:49:00,4500.0,90.0,16.2,4393.8,CB_REQ_01,DISPUTED
pay_f38ba020f5e943,MID_RAZOR_991,ORD-2026-5550,CREDIT_CARD,Mastercard,setl_d811444b51,2026-04-10 12:50:00,4500.0,90.0,16.2,4393.8,CB_REQ_01,DISPUTED
pay_b8b4301d7ff248,MID_RAZOR_991,ORD-2026-5551,CREDIT_CARD,Mastercard,setl_f6d4bbf107,2026-04-10 12:51:00,4500.0,90.0,16.2,4393.8,CB_REQ_01,DISPUTED
pay_dbcf6a6a702e4d,MID_RAZOR_991,ORD-2026-5552,CREDIT_CARD,Mastercard,setl_997cfacd00,2026-04-10 12:52:00,4500.0,90.0,16.2,4393.8,CB_REQ_01,DISPUTED
pay_c907d301e0fb4b,MID_RAZOR_991,ORD-2026-5553,CREDIT_CARD,Mastercard,setl_90dbac945e,2026-04-10 12:53:00,4500.0,90.0,16.2,4393.8,CB_REQ_01,DISPUTED
pay_a021a881e1a04a,MID_RAZOR_991,ORD-2026-5554,CREDIT_CARD,Mastercard,setl_fba0c6c6a7,2026-04-10 12:54:00,4500.0,90.0,16.2,4393.8,CB_REQ_01,DISPUTED
pay_b72d6fbcf98243,MID_RAZOR_991,ORD-2026-5555,CREDIT_CARD,Mastercard,setl_70eb5afadb,2026-04-10 12:55:00,4500.0,90.0,16.2,4393.8,CB_REQ_01,DISPUTED
pay_67996e0d114647,MID_RAZOR_991,ORD-2026-5556,CREDIT_CARD,Mastercard,setl_9b3085b18c,2026-04-10 12:56:00,4500.0,90.0,16.2,4393.8,CB_REQ_01,DISPUTED
pay_3b600b3d494d4a,MID_RAZOR_991,ORD-2026-5557,CREDIT_CARD,Mastercard,setl_4b36fdeea4,2026-04-10 12:57:00,4500.0,90.0,16.2,4393.8,CB_REQ_01,DISPUTED
pay_2591d8f8f7a64c,MID_RAZOR_991,ORD-2026-5558,CREDIT_CARD,Mastercard,setl_c63d6cb2ef,2026-04-10 12:58:00,4500.0,90.0,16.2,4393.8,CB_REQ_01,DISPUTED
pay_dd4a0d928c9b4b,MID_RAZOR_991,ORD-2026-5559,CREDIT_CARD,Mastercard,setl_d9bf95c38f,2026-04-10 12:59:00,4500.0,90.0,16.2,4393.8,CB_REQ_01,DISPUTED
pay_999c5df311b54a,MID_RAZOR_991,ORD-2026-5560,CREDIT_CARD,Mastercard,setl_4d5c0bfd2d,2026-04-10 13:00:00,4500.0,90.0,16.2,4393.8,CB_REQ_01,DISPUTED
pay_948bb8219a3244,MID_RAZOR_991,ORD-2026-5561,CREDIT_CARD,Mastercard,setl_40cedb7043,2026-04-10 13:01:00,4500.0,90.0,16.2,4393.8,CB_REQ_01,DISPUTED
pay_918044b5324241,MID_RAZOR_991,ORD-2026-5562,CREDIT_CARD,Mastercard,setl_38a489f56e,2026-04-10 13:02:00,4500.0,90.0,16.2,4393.8,CB_REQ_01,DISPUTED
pay_0b8d38e222c847,MID_RAZOR_991,ORD-2026-5563,CREDIT_CARD,Mastercard,setl_d8f151c8e1,2026-04-10 13:03:00,4500.0,90.0,16.2,4393.8,CB_REQ_01,DISPUTED
pay_14dd02adcdf54a,MID_RAZOR_991,ORD-2026-5564,CREDIT_CARD,Mastercard,setl_53c9917127,2026-04-10 13:04:00,4500.0,90.0,16.2,4393.8,CB_REQ_01,DISPUTED
pay_1b5f3b54aa8041,MID_RAZOR_991,ORD-2026-5565,CREDIT_CARD,Mastercard,setl_6ad0ed34b5,2026-04-10 13:05:00,4500.0,90.0,16.2,4393.8,CB_REQ_01,DISPUTED
pay_39e00d278c2740,MID_RAZOR_991,ORD-2026-5566,CREDIT_CARD,Mastercard,setl_5c5f1701e7,2026-04-10 13:06:00,4500.0,90.0,16.2,4393.8,CB_REQ_01,DISPUTED
pay_b212190564184b,MID_RAZOR_991,ORD-2026-5567,CREDIT_CARD,Mastercard,setl_b2f97f50b6,2026-04-10 13:07:00,4500.0,90.0,16.2,4393.8,CB_REQ_01,DISPUTED
pay_f37270899f6e46,MID_RAZOR_991,ORD-2026-5568,CREDIT_CARD,Mastercard,setl_dcdeb786db,2026-04-10 13:08:00,4500.0,90.0,16.2,4393.8,CB_REQ_01,DISPUTED
pay_1e0db90d879149,MID_RAZOR_991,ORD-2026-5569,CREDIT_CARD,Mastercard,setl_af1e949a08,2026-04-10 13:09:00,4500.0,90.0,16.2,4393.8,CB_REQ_01,DISPUTED
pay_d6301d3da73145,MID_RAZOR_991,ORD-2026-5570,CREDIT_CARD,Mastercard,setl_1de62fdff0,2026-04-10 13:10:00,4500.0,90.0,16.2,4393.8,CB_REQ_01,DISPUTED
pay_57bdc09a7be046,MID_RAZOR_991,ORD-2026-5571,CREDIT_CARD,Mastercard,setl_18624ae548,2026-04-10 13:11:00,4500.0,90.0,16.2,4393.8,CB_REQ_01,DISPUTED
pay_eed5dbd673094d,MID_RAZOR_991,ORD-2026-5572,CREDIT_CARD,Mastercard,setl_dc8bf9d105,2026-04-10 13:12:00,4500.0,90.0,16.2,4393.8,CB_REQ_01,DISPUTED
pay_ce2919743a5d41,MID_RAZOR_991,ORD-2026-5573,CREDIT_CARD,Mastercard,setl_eac799604e,2026-04-10 13:13:00,4500.0,90.0,16.2,4393.8,CB_REQ_01,DISPUTED
pay_a039fdb1fdd042,MID_RAZOR_991,ORD-2026-5574,CREDIT_CARD,Mastercard,setl_36bdaa3715,2026-04-10 13:14:00,4500.0,90.0,16.2,4393.8,CB_REQ_01,DISPUTED
pay_5bb3e3c79ba340,MID_RAZOR_991,ORD-2026-5575,CREDIT_CARD,Mastercard,setl_4af0f42ec2,2026-04-10 13:15:00,4500.0,90.0,16.2,4393.8,CB_REQ_01,DISPUTED
pay_f2467364d88647,MID_RAZOR_991,ORD-2026-5576,CREDIT_CARD,Mastercard,setl_c7e0f4c7fd,2026-04-10 13:16:00,4500.0,90.0,16.2,4393.8,CB_REQ_01,DISPUTED
pay_fc8c9dc739074a,MID_RAZOR_991,ORD-2026-5577,CREDIT_CARD,Mastercard,setl_ef581eff3d,2026-04-10 13:17:00,4500.0,90.0,16.2,4393.8,CB_REQ_01,DISPUTED
pay_c17125d6209c4c,MID_RAZOR_991,ORD-2026-5578,CREDIT_CARD,Mastercard,setl_833406fa80,2026-04-10 13:18:00,4500.0,90.0,16.2,4393.8,CB_REQ_01,DISPUTED
pay_d9f2c4ecf3f046,MID_RAZOR_991,ORD-2026-5579,CREDIT_CARD,Mastercard,setl_75b858609d,2026-04-10 13:19:00,4500.0,90.0,16.2,4393.8,CB_REQ_01,DISPUTED
pay_f5182917e64241,MID_RAZOR_991,ORD-2026-5580,CREDIT_CARD,Mastercard,setl_05069ed497,2026-04-10 13:20:00,4500.0,90.0,16.2,4393.8,CB_REQ_01,DISPUTED
pay_09c3573d344441,MID_RAZOR_991,ORD-2026-5581,CREDIT_CARD,Mastercard,setl_3e180139d6,2026-04-10 13:21:00,4500.0,90.0,16.2,4393.8,CB_REQ_01,DISPUTED
pay_f8fb656032e544,MID_RAZOR_991,ORD-2026-5582,CREDIT_CARD,Mastercard,setl_79d2b10061,2026-04-10 13:22:00,4500.0,90.0,16.2,4393.8,CB_REQ_01,DISPUTED
pay_74d2199407b74a,MID_RAZOR_991,ORD-2026-5583,CREDIT_CARD,Mastercard,setl_213fbdc775,2026-04-10 13:23:00,4500.0,90.0,16.2,4393.8,CB_REQ_01,DISPUTED
pay_42f1a99ddaed4a,MID_RAZOR_991,ORD-2026-5584,CREDIT_CARD,Mastercard,setl_4615971f79,2026-04-10 13:24:00,4500.0,90.0,16.2,4393.8,CB_REQ_01,DISPUTED
pay_740db7dbe4074c,MID_RAZOR_991,ORD-2026-5585,CREDIT_CARD,Mastercard,setl_0f73cb7a94,2026-04-10 13:25:00,4500.0,90.0,16.2,4393.8,CB_REQ_01,DISPUTED
pay_43d2410872f64c,MID_RAZOR_991,ORD-2026-5586,CREDIT_CARD,Mastercard,setl_ac428d35be,2026-04-10 13:26:00,4500.0,90.0,16.2,4393.8,CB_REQ_01,DISPUTED
pay_b3fd7cf304dc48,MID_RAZOR_991,ORD-2026-5587,CREDIT_CARD,Mastercard,setl_de6c504705,2026-04-10 13:27:00,4500.0,90.0,16.2,4393.8,CB_REQ_01,DISPUTED
pay_cefe9031f8da4c,MID_RAZOR_991,ORD-2026-5588,CREDIT_CARD,Mastercard,setl_8a2edf6dbf,2026-04-10 13:28:00,4500.0,90.0,16.2,4393.8,CB_REQ_01,DISPUTED
pay_710728abc91b4a,MID_RAZOR_991,ORD-2026-5589,CREDIT_CARD,Mastercard,setl_f0bfd8e67e,2026-04-10 13:29:00,4500.0,90.0,16.2,4393.8,CB_REQ_01,DISPUTED
pay_b3187bf9b2ce4a,MID_RAZOR_991,ORD-2026-5590,CREDIT_CARD,Mastercard,setl_f23a8fc318,2026-04-10 13:30:00,4500.0,90.0,16.2,4393.8,CB_REQ_01,DISPUTED
pay_654b48e9432948,MID_RAZOR_991,ORD-2026-5591,CREDIT_CARD,Mastercard,setl_0caeb460f7,2026-04-10 13:31:00,4500.0,90.0,16.2,4393.8,CB_REQ_01,DISPUTED
pay_db1785a3c70a4a,MID_RAZOR_991,ORD-2026-5592,CREDIT_CARD,Mastercard,setl_b667f99421,2026-04-10 13:32:00,4500.0,90.0,16.2,4393.8,CB_REQ_01,DISPUTED
pay_a80d53b3657649,MID_RAZOR_991,ORD-2026-5593,CREDIT_CARD,Mastercard,setl_bad3056748,2026-04-10 13:33:00,4500.0,90.0,16.2,4393.8,CB_REQ_01,DISPUTED
pay_6d2c86ca404348,MID_RAZOR_991,ORD-2026-5594,CREDIT_CARD,Mastercard,setl_490d4d4011,2026-04-10 13:34:00,4500.0,90.0,16.2,4393.8,CB_REQ_01,DISPUTED
pay_93288473f7a640,MID_RAZOR_991,ORD-2026-5595,CREDIT_CARD,Mastercard,setl_9c01432c55,2026-04-10 13:35:00,4500.0,90.0,16.2,4393.8,CB_REQ_01,DISPUTED
pay_622a4a15cdac4d,MID_RAZOR_991,ORD-2026-5596,CREDIT_CARD,Mastercard,setl_3a55a902cb,2026-04-10 13:36:00,4500.0,90.0,16.2,4393.8,CB_REQ_01,DISPUTED
pay_4345e405b2a943,MID_RAZOR_991,ORD-2026-5597,CREDIT_CARD,Mastercard,setl_51e6c4972f,2026-04-10 13:37:00,4500.0,90.0,16.2,4393.8,CB_REQ_01,DISPUTED
pay_0e93fdb9b1ab4b,MID_RAZOR_991,ORD-2026-5598,CREDIT_CARD,Mastercard,setl_5e95c207bf,2026-04-10 13:38:00,4500.0,90.0,16.2,4393.8,CB_REQ_01,DISPUTED
pay_3708dd6eb4da48,MID_RAZOR_991,ORD-2026-5599,CREDIT_CARD,Mastercard,setl_5e7c5251d2,2026-04-10 13:39:00,4500.0,90.0,16.2,4393.8,CB_REQ_01,DISPUTED
pay_61a6b983398940,MID_RAZOR_991,ORD-2026-5600,CREDIT_CARD,Mastercard,setl_1bc07bc3a8,2026-04-10 13:40:00,4500.0,90.0,16.2,4393.8,CB_REQ_01,DISPUTED
pay_ff6b49769a2c49,MID_RAZOR_991,ORD-2026-5601,CREDIT_CARD,Mastercard,setl_4defd05c7b,2026-04-10 13:41:00,4500.0,90.0,16.2,4393.8,CB_REQ_01,DISPUTED
pay_e22919339dc44b,MID_RAZOR_991,ORD-2026-5602,CREDIT_CARD,Mastercard,setl_a1bcf7666c,2026-04-10 13:42:00,4500.0,90.0,16.2,4393.8,CB_REQ_01,DISPUTED
pay_4453e97f8d0e4f,MID_RAZOR_991,ORD-2026-5603,CREDIT_CARD,Mastercard,setl_79e40511af,2026-04-10 13:43:00,4500.0,90.0,16.2,4393.8,CB_REQ_01,DISPUTED
pay_2dd9e688fbea4a,MID_RAZOR_991,ORD-2026-5604,CREDIT_CARD,Mastercard,setl_93bf56543a,2026-04-10 13:44:00,4500.0,90.0,16.2,4393.8,CB_REQ_01,DISPUTED
pay_ae9f7d11c4ec45,MID_RAZOR_991,ORD-2026-5605,CREDIT_CARD,Mastercard,setl_81b4467045,2026-04-10 13:45:00,4500.0,90.0,16.2,4393.8,CB_REQ_01,DISPUTED
pay_e2406f0b44f24d,MID_RAZOR_991,ORD-2026-5606,CREDIT_CARD,Mastercard,setl_ecf82df5c5,2026-04-10 13:46:00,4500.0,90.0,16.2,4393.8,CB_REQ_01,DISPUTED
pay_d97d1ca9cc0b4d,MID_RAZOR_991,ORD-2026-5607,CREDIT_CARD,Mastercard,setl_2273d17159,2026-04-10 13:47:00,4500.0,90.0,16.2,4393.8,CB_REQ_01,DISPUTED
pay_ca7836c5e41e48,MID_RAZOR_991,ORD-2026-5608,CREDIT_CARD,Mastercard,setl_323dbe6ad2,2026-04-10 13:48:00,4500.0,90.0,16.2,4393.8,CB_REQ_01,DISPUTED
pay_4ffc2ffbb78045,MID_RAZOR_991,ORD-2026-5609,CREDIT_CARD,Mastercard,setl_4c97eccd21,2026-04-10 13:49:00,4500.0,90.0,16.2,4393.8,CB_REQ_01,DISPUTED
pay_f467feb9a64543,MID_RAZOR_991,ORD-2026-5610,CREDIT_CARD,Mastercard,setl_32b9acce7f,2026-04-10 13:50:00,4500.0,90.0,16.2,4393.8,CB_REQ_01,DISPUTED
pay_bfd0029dc34e41,MID_RAZOR_991,ORD-2026-5611,CREDIT_CARD,Mastercard,setl_c7050444c6,2026-04-10 13:51:00,4500.0,90.0,16.2,4393.8,CB_REQ_01,DISPUTED
pay_a61f712168f74e,MID_RAZOR_991,ORD-2026-5612,CREDIT_CARD,Mastercard,setl_eb822b980f,2026-04-10 13:52:00,4500.0,90.0,16.2,4393.8,CB_REQ_01,DISPUTED
pay_937819a9aeee4f,MID_RAZOR_991,ORD-2026-5613,CREDIT_CARD,Mastercard,setl_68a2dc302f,2026-04-10 13:53:00,4500.0,90.0,16.2,4393.8,CB_REQ_01,DISPUTED
pay_1915cef9c6ff49,MID_RAZOR_991,ORD-2026-5614,CREDIT_CARD,Mastercard,setl_25f2f02563,2026-04-10 13:54:00,4500.0,90.0,16.2,4393.8,CB_REQ_01,DISPUTED
pay_2ecd1140ca264a,MID_RAZOR_991,ORD-2026-5615,CREDIT_CARD,Mastercard,setl_ce39b09c50,2026-04-10 13:55:00,4500.0,90.0,16.2,4393.8,CB_REQ_01,DISPUTED
pay_fdbc33d13dc249,MID_RAZOR_991,ORD-2026-5616,CREDIT_CARD,Mastercard,setl_217aceb82a,2026-04-10 13:56:00,4500.0,90.0,16.2,4393.8,CB_REQ_01,DISPUTED
pay_7ea43d7f269946,MID_RAZOR_991,ORD-2026-5617,CREDIT_CARD,Mastercard,setl_58bcf5b03f,2026-04-10 13:57:00,4500.0,90.0,16.2,4393.8,CB_REQ_01,DISPUTED
pay_8b0991eb538447,MID_RAZOR_991,ORD-2026-5618,CREDIT_CARD,Mastercard,setl_4d950250b8,2026-04-10 13:58:00,4500.0,90.0,16.2,4393.8,CB_REQ_01,DISPUTED
pay_e87ef140e85540,MID_RAZOR_991,ORD-2026-5619,CREDIT_CARD,Mastercard,setl_9ee056e8e0,2026-04-10 13:59:00,4500.0,90.0,16.2,4393.8,CB_REQ_01,DISPUTED
pay_2af4f588359944,MID_RAZOR_991,ORD-2026-5620,CREDIT_CARD,Mastercard,setl_0ce7cb9da5,2026-04-10 14:00:00,4500.0,90.0,16.2,4393.8,CB_REQ_01,DISPUTED
pay_f86e0c1ea1954b,MID_RAZOR_991,ORD-2026-5621,CREDIT_CARD,Mastercard,setl_973ef53ef8,2026-04-10 14:01:00,4500.0,90.0,16.2,4393.8,CB_REQ_01,DISPUTED
pay_46f0cf2dc8f043,MID_RAZOR_991,ORD-2026-5622,CREDIT_CARD,Mastercard,setl_2ad5c234a4,2026-04-10 14:02:00,4500.0,90.0,16.2,4393.8,CB_REQ_01,DISPUTED
pay_d6aab2f060d04a,MID_RAZOR_991,ORD-2026-5623,CREDIT_CARD,Mastercard,setl_b10baba859,2026-04-10 14:03:00,4500.0,90.0,16.2,4393.8,CB_REQ_01,DISPUTED
pay_d637b79bc90241,MID_RAZOR_991,ORD-2026-5624,CREDIT_CARD,Mastercard,setl_f2134e167b,2026-04-10 14:04:00,4500.0,90.0,16.2,4393.8,CB_REQ_01,DISPUTED
pay_c78b98ba63c84d,MID_RAZOR_991,ORD-2026-5625,CREDIT_CARD,Mastercard,setl_eae73f92fc,2026-04-10 14:05:00,4500.0,90.0,16.2,4393.8,CB_REQ_01,DISPUTED
pay_e7d36636ddaa4d,MID_RAZOR_991,ORD-2026-5626,CREDIT_CARD,Mastercard,setl_1bfea760b7,2026-04-10 14:06:00,4500.0,90.0,16.2,4393.8,CB_REQ_01,DISPUTED
pay_478e419625df4a,MID_RAZOR_991,ORD-2026-5627,CREDIT_CARD,Mastercard,setl_19b7098665,2026-04-10 14:07:00,4500.0,90.0,16.2,4393.8,CB_REQ_01,DISPUTED
pay_3d292758b2fe4f,MID_RAZOR_991,ORD-2026-5628,CREDIT_CARD,Mastercard,setl_128729fc18,2026-04-10 14:08:00,4500.0,90.0,16.2,4393.8,CB_REQ_01,DISPUTED
pay_bb26ac8fd98c4a,MID_RAZOR_991,ORD-2026-5629,CREDIT_CARD,Mastercard,setl_3e0b1775cb,2026-04-10 14:09:00,4500.0,90.0,16.2,4393.8,CB_REQ_01,DISPUTED
pay_e922156fc79740,MID_RAZOR_991,ORD-2026-5630,CREDIT_CARD,Mastercard,setl_b3727996b8,2026-04-10 14:10:00,4500.0,90.0,16.2,4393.8,CB_REQ_01,DISPUTED
pay_c36526f6ff0c48,MID_RAZOR_991,ORD-2026-5631,CREDIT_CARD,Mastercard,setl_97a7cad3c5,2026-04-10 14:11:00,4500.0,90.0,16.2,4393.8,CB_REQ_01,DISPUTED
pay_566180f06b1245,MID_RAZOR_991,ORD-2026-5632,CREDIT_CARD,Mastercard,setl_ff9bdabbd9,2026-04-10 14:12:00,4500.0,90.0,16.2,4393.8,CB_REQ_01,DISPUTED
pay_ced3ec97123c4a,MID_RAZOR_991,ORD-2026-5633,CREDIT_CARD,Mastercard,setl_9c673490eb,2026-04-10 14:13:00,4500.0,90.0,16.2,4393.8,CB_REQ_01,DISPUTED
pay_6bf21740c58543,MID_RAZOR_991,ORD-2026-5634,CREDIT_CARD,Mastercard,setl_28e7a00338,2026-04-10 14:14:00,4500.0,90.0,16.2,4393.8,CB_REQ_01,DISPUTED
pay_5a938316d34b40,MID_RAZOR_991,ORD-2026-5635,CREDIT_CARD,Mastercard,setl_72fd10eaf9,2026-04-10 14:15:00,4500.0,90.0,16.2,4393.8,CB_REQ_01,DISPUTED
pay_472a64dcfe6a45,MID_RAZOR_991,ORD-2026-5636,CREDIT_CARD,Mastercard,setl_039cc3d2a7,2026-04-10 14:16:00,4500.0,90.0,16.2,4393.8,CB_REQ_01,DISPUTED
pay_b2d2743a04b340,MID_RAZOR_991,ORD-2026-5637,CREDIT_CARD,Mastercard,setl_15009ec722,2026-04-10 14:17:00,4500.0,90.0,16.2,4393.8,CB_REQ_01,DISPUTED
pay_95c15558e28941,MID_RAZOR_991,ORD-2026-5638,CREDIT_CARD,Mastercard,setl_f9d11cc06a,2026-04-10 14:18:00,4500.0,90.0,16.2,4393.8,CB_REQ_01,DISPUTED
pay_2a5d28ff853844,MID_RAZOR_991,ORD-2026-5639,CREDIT_CARD,Mastercard,setl_8b2462d514,2026-04-10 14:19:00,4500.0,90.0,16.2,4393.8,CB_REQ_01,DISPUTED
pay_65be92c5317949,MID_RAZOR_991,ORD-2026-5640,CREDIT_CARD,Mastercard,setl_461a86a8aa,2026-04-10 14:20:00,4500.0,90.0,16.2,4393.8,CB_REQ_01,DISPUTED
pay_ad7af3360c5a4f,MID_RAZOR_991,ORD-2026-5641,CREDIT_CARD,Mastercard,setl_d4dde45f47,2026-04-10 14:21:00,4500.0,90.0,16.2,4393.8,CB_REQ_01,DISPUTED
pay_964590fc9dc747,MID_RAZOR_991,ORD-2026-5642,CREDIT_CARD,Mastercard,setl_2821de7a73,2026-04-10 14:22:00,4500.0,90.0,16.2,4393.8,CB_REQ_01,DISPUTED
pay_1c1c4194877048,MID_RAZOR_991,ORD-2026-5643,CREDIT_CARD,Mastercard,setl_7b8d9b9c96,2026-04-10 14:23:00,4500.0,90.0,16.2,4393.8,CB_REQ_01,DISPUTED
pay_93b4c6e811c14e,MID_RAZOR_991,ORD-2026-5644,CREDIT_CARD,Mastercard,setl_6abb579289,2026-04-10 14:24:00,4500.0,90.0,16.2,4393.8,CB_REQ_01,DISPUTED
pay_9d754a546add46,MID_RAZOR_991,ORD-2026-5645,CREDIT_CARD,Mastercard,setl_3047b414a1,2026-04-10 14:25:00,4500.0,90.0,16.2,4393.8,CB_REQ_01,DISPUTED
pay_bf0127499b1243,MID_RAZOR_991,ORD-2026-5646,CREDIT_CARD,Mastercard,setl_d74cfab0aa,2026-04-10 14:26:00,4500.0,90.0,16.2,4393.8,CB_REQ_01,DISPUTED
pay_00ed2385009840,MID_RAZOR_991,ORD-2026-5647,CREDIT_CARD,Mastercard,setl_1c6edea2dd,2026-04-10 14:27:00,4500.0,90.0,16.2,4393.8,CB_REQ_01,DISPUTED
pay_b1f5cb32629a4c,MID_RAZOR_991,ORD-2026-5648,CREDIT_CARD,Mastercard,setl_c5471c5251,2026-04-10 14:28:00,4500.0,90.0,16.2,4393.8,CB_REQ_01,DISPUTED
pay_1ed60830908346,MID_RAZOR_991,ORD-2026-5649,CREDIT_CARD,Mastercard,setl_515f0c6920,2026-04-10 14:29:00,4500.0,90.0,16.2,4393.8,CB_REQ_01,DISPUTED
pay_1b771e5abbfa4b,MID_RAZOR_991,ORD-2026-5650,CREDIT_CARD,Mastercard,setl_19700a5876,2026-04-10 14:30:00,4500.0,90.0,16.2,4393.8,CB_REQ_01,DISPUTED
pay_03e5d0b1f3924a,MID_RAZOR_991,ORD-2026-5651,CREDIT_CARD,Mastercard,setl_4d086deb21,2026-04-10 14:31:00,4500.0,90.0,16.2,4393.8,CB_REQ_01,DISPUTED
pay_ac71655e8e9c4a,MID_RAZOR_991,ORD-2026-5652,CREDIT_CARD,Mastercard,setl_969c1edd94,2026-04-10 14:32:00,4500.0,90.0,16.2,4393.8,CB_REQ_01,DISPUTED
pay_ca3b5af3ce954c,MID_RAZOR_991,ORD-2026-5653,CREDIT_CARD,Mastercard,setl_b4bd098faa,2026-04-10 14:33:00,4500.0,90.0,16.2,4393.8,CB_REQ_01,DISPUTED
pay_2958268de67b43,MID_RAZOR_991,ORD-2026-5654,CREDIT_CARD,Mastercard,setl_1f9cd4b026,2026-04-10 14:34:00,4500.0,90.0,16.2,4393.8,CB_REQ_01,DISPUTED
pay_d19420be893d48,MID_RAZOR_991,ORD-2026-5655,CREDIT_CARD,Mastercard,setl_0f7018a94b,2026-04-10 14:35:00,4500.0,90.0,16.2,4393.8,CB_REQ_01,DISPUTED
pay_4df38ded36aa44,MID_RAZOR_991,ORD-2026-5656,CREDIT_CARD,Mastercard,setl_1cd857a115,2026-04-10 14:36:00,4500.0,90.0,16.2,4393.8,CB_REQ_01,DISPUTED
pay_8910483e979b44,MID_RAZOR_991,ORD-2026-5657,CREDIT_CARD,Mastercard,setl_e265f182c8,2026-04-10 14:37:00,4500.0,90.0,16.2,4393.8,CB_REQ_01,DISPUTED
pay_29dd1f06b7c24c,MID_RAZOR_991,ORD-2026-5658,CREDIT_CARD,Mastercard,setl_d8672e71f8,2026-04-10 14:38:00,4500.0,90.0,16.2,4393.8,CB_REQ_01,DISPUTED
pay_dd32a865f2dc47,MID_RAZOR_991,ORD-2026-5659,CREDIT_CARD,Mastercard,setl_9f75db73cd,2026-04-10 14:39:00,4500.0,90.0,16.2,4393.8,CB_REQ_01,DISPUTED
pay_67920824536c40,MID_RAZOR_991,ORD-2026-5660,CREDIT_CARD,Mastercard,setl_69747bd957,2026-04-10 14:40:00,4500.0,90.0,16.2,4393.8,CB_REQ_01,DISPUTED
pay_a03158e13a284a,MID_RAZOR_991,ORD-2026-5661,CREDIT_CARD,Mastercard,setl_b24bf1c1d9,2026-04-10 14:41:00,4500.0,90.0,16.2,4393.8,CB_REQ_01,DISPUTED
pay_7edbc343047e49,MID_RAZOR_991,ORD-2026-5662,CREDIT_CARD,Mastercard,setl_13e65aebe0,2026-04-10 14:42:00,4500.0,90.0,16.2,4393.8,CB_REQ_01,DISPUTED
pay_30cd63df7a9441,MID_RAZOR_991,ORD-2026-5663,CREDIT_CARD,Mastercard,setl_66a5efe201,2026-04-10 14:43:00,4500.0,90.0,16.2,4393.8,CB_REQ_01,DISPUTED
pay_92ef9faac9bd44,MID_RAZOR_991,ORD-2026-5664,CREDIT_CARD,Mastercard,setl_b87d73b9fc,2026-04-10 14:44:00,4500.0,90.0,16.2,4393.8,CB_REQ_01,DISPUTED
pay_e2f95e668b2b4d,MID_RAZOR_991,ORD-2026-5665,CREDIT_CARD,Mastercard,setl_281bca54bf,2026-04-10 14:45:00,4500.0,90.0,16.2,4393.8,CB_REQ_01,DISPUTED
pay_fadbcc33d2ac4b,MID_RAZOR_991,ORD-2026-5666,CREDIT_CARD,Mastercard,setl_a5ae559105,2026-04-10 14:46:00,4500.0,90.0,16.2,4393.8,CB_REQ_01,DISPUTED
pay_dda11e30b1f940,MID_RAZOR_991,ORD-2026-5667,CREDIT_CARD,Mastercard,setl_a7b820f12a,2026-04-10 14:47:00,4500.0,90.0,16.2,4393.8,CB_REQ_01,DISPUTED
pay_337757628ef646,MID_RAZOR_991,ORD-2026-5668,CREDIT_CARD,Mastercard,setl_b1eec7e75a,2026-04-10 14:48:00,4500.0,90.0,16.2,4393.8,CB_REQ_01,DISPUTED
pay_fccfd4e7001e43,MID_RAZOR_991,ORD-2026-5669,CREDIT_CARD,Mastercard,setl_97313a58d9,2026-04-10 14:49:00,4500.0,90.0,16.2,4393.8,CB_REQ_01,DISPUTED
pay_0ac35e58fd5f4e,MID_RAZOR_991,ORD-2026-5670,CREDIT_CARD,Mastercard,setl_fb3dbf7ba7,2026-04-10 14:50:00,4500.0,90.0,16.2,4393.8,CB_REQ_01,DISPUTED
pay_d49c47341be343,MID_RAZOR_991,ORD-2026-5671,CREDIT_CARD,Mastercard,setl_0105312581,2026-04-10 14:51:00,4500.0,90.0,16.2,4393.8,CB_REQ_01,DISPUTED
pay_2027db320a6046,MID_RAZOR_991,ORD-2026-5672,CREDIT_CARD,Mastercard,setl_09d0049128,2026-04-10 14:52:00,4500.0,90.0,16.2,4393.8,CB_REQ_01,DISPUTED
pay_465f8e11295e43,MID_RAZOR_991,ORD-2026-5673,CREDIT_CARD,Mastercard,setl_567d161a9d,2026-04-10 14:53:00,4500.0,90.0,16.2,4393.8,CB_REQ_01,DISPUTED
pay_1bfd5d1e8e804f,MID_RAZOR_991,ORD-2026-5674,CREDIT_CARD,Mastercard,setl_8c14bd4f03,2026-04-10 14:54:00,4500.0,90.0,16.2,4393.8,CB_REQ_01,DISPUTED
pay_3e385699296a44,MID_RAZOR_991,ORD-2026-5675,CREDIT_CARD,Mastercard,setl_99de77c3f5,2026-04-10 14:55:00,4500.0,90.0,16.2,4393.8,CB_REQ_01,DISPUTED
pay_64c77a8302e44e,MID_RAZOR_991,ORD-2026-5676,CREDIT_CARD,Mastercard,setl_6643a25f7b,2026-04-10 14:56:00,4500.0,90.0,16.2,4393.8,CB_REQ_01,DISPUTED
pay_a7c2e27ce04c44,MID_RAZOR_991,ORD-2026-5677,CREDIT_CARD,Mastercard,setl_15f98ca0b8,2026-04-10 14:57:00,4500.0,90.0,16.2,4393.8,CB_REQ_01,DISPUTED
pay_54afb3e560dc40,MID_RAZOR_991,ORD-2026-5678,CREDIT_CARD,Mastercard,setl_0265a225d4,2026-04-10 14:58:00,4500.0,90.0,16.2,4393.8,CB_REQ_01,DISPUTED
pay_9189195b88d74d,MID_RAZOR_991,ORD-2026-5679,CREDIT_CARD,Mastercard,setl_add86b40ca,2026-04-10 14:59:00,4500.0,90.0,16.2,4393.8,CB_REQ_01,DISPUTED
pay_a2f22110874546,MID_RAZOR_991,ORD-2026-5680,CREDIT_CARD,Mastercard,setl_db7403b7f3,2026-04-10 15:00:00,4500.0,90.0,16.2,4393.8,CB_REQ_01,DISPUTED
pay_b352326005af44,MID_RAZOR_991,ORD-2026-5681,CREDIT_CARD,Mastercard,setl_81c13d9b3e,2026-04-10 15:01:00,4500.0,90.0,16.2,4393.8,CB_REQ_01,DISPUTED
pay_2dfb1a0f31bb49,MID_RAZOR_991,ORD-2026-5682,CREDIT_CARD,Mastercard,setl_41993c7ffc,2026-04-10 15:02:00,4500.0,90.0,16.2,4393.8,CB_REQ_01,DISPUTED
pay_cc4baaceae4b48,MID_RAZOR_991,ORD-2026-5683,CREDIT_CARD,Mastercard,setl_04f4f8d798,2026-04-10 15:03:00,4500.0,90.0,16.2,4393.8,CB_REQ_01,DISPUTED
pay_a48797c6bdac4b,MID_RAZOR_991,ORD-2026-5684,CREDIT_CARD,Mastercard,setl_523986e840,2026-04-10 15:04:00,4500.0,90.0,16.2,4393.8,CB_REQ_01,DISPUTED
pay_473e155575844b,MID_RAZOR_991,ORD-2026-5685,CREDIT_CARD,Mastercard,setl_7e6acbb744,2026-04-10 15:05:00,4500.0,90.0,16.2,4393.8,CB_REQ_01,DISPUTED
pay_6f289d88e95446,MID_RAZOR_991,ORD-2026-5686,CREDIT_CARD,Mastercard,setl_db80c5f22c,2026-04-10 15:06:00,4500.0,90.0,16.2,4393.8,CB_REQ_01,DISPUTED
pay_2185835be17b47,MID_RAZOR_991,ORD-2026-5687,CREDIT_CARD,Mastercard,setl_3d412a876c,2026-04-10 15:07:00,4500.0,90.0,16.2,4393.8,CB_REQ_01,DISPUTED
pay_5479994c098c45,MID_RAZOR_991,ORD-2026-5688,CREDIT_CARD,Mastercard,setl_fd9bb2e672,2026-04-10 15:08:00,4500.0,90.0,16.2,4393.8,CB_REQ_01,DISPUTED
pay_40ae7b29ae314c,MID_RAZOR_991,ORD-2026-5689,CREDIT_CARD,Mastercard,setl_7bde7dd163,2026-04-10 15:09:00,4500.0,90.0,16.2,4393.8,CB_REQ_01,DISPUTED
pay_291ff058411340,MID_RAZOR_991,ORD-2026-5690,CREDIT_CARD,Mastercard,setl_c024b3a6d6,2026-04-10 15:10:00,4500.0,90.0,16.2,4393.8,CB_REQ_01,DISPUTED
pay_800cde35d28f47,MID_RAZOR_991,ORD-2026-5691,CREDIT_CARD,Mastercard,setl_699dfa654f,2026-04-10 15:11:00,4500.0,90.0,16.2,4393.8,CB_REQ_01,DISPUTED
pay_fab3206406a548,MID_RAZOR_991,ORD-2026-5692,CREDIT_CARD,Mastercard,setl_e61c86ec18,2026-04-10 15:12:00,4500.0,90.0,16.2,4393.8,CB_REQ_01,DISPUTED
pay_906dde400e8f4a,MID_RAZOR_991,ORD-2026-5693,CREDIT_CARD,Mastercard,setl_c12c23c4bd,2026-04-10 15:13:00,4500.0,90.0,16.2,4393.8,CB_REQ_01,DISPUTED
pay_79c6f9808b174f,MID_RAZOR_991,ORD-2026-5694,CREDIT_CARD,Mastercard,setl_e31b7a72e4,2026-04-10 15:14:00,4500.0,90.0,16.2,4393.8,CB_REQ_01,DISPUTED
pay_2257d6a14d6b45,MID_RAZOR_991,ORD-2026-5695,CREDIT_CARD,Mastercard,setl_710575b8fe,2026-04-10 15:15:00,4500.0,90.0,16.2,4393.8,CB_REQ_01,DISPUTED
pay_2bb3fb64e96b4b,MID_RAZOR_991,ORD-2026-5696,CREDIT_CARD,Mastercard,setl_3602797f5b,2026-04-10 15:16:00,4500.0,90.0,16.2,4393.8,CB_REQ_01,DISPUTED
pay_c0f2ad8675e64f,MID_RAZOR_991,ORD-2026-5697,CREDIT_CARD,Mastercard,setl_8fa9f8d9f8,2026-04-10 15:17:00,4500.0,90.0,16.2,4393.8,CB_REQ_01,DISPUTED
pay_4d15e59a44744b,MID_RAZOR_991,ORD-2026-5698,CREDIT_CARD,Mastercard,setl_6ba7883850,2026-04-10 15:18:00,4500.0,90.0,16.2,4393.8,CB_REQ_01,DISPUTED
pay_5cb2823f517d4a,MID_RAZOR_991,ORD-2026-5699,CREDIT_CARD,Mastercard,setl_50e6d3834b,2026-04-10 15:19:00,4500.0,90.0,16.2,4393.8,CB_REQ_01,DISPUTED
pay_70676d3ab6eb46,MID_RAZOR_991,ORD-2026-5700,CREDIT_CARD,Mastercard,setl_ad4dcea59b,2026-04-10 15:20:00,4500.0,90.0,16.2,4393.8,CB_REQ_01,DISPUTED
pay_ef00cede57e641,MID_RAZOR_991,ORD-2026-5701,CREDIT_CARD,Mastercard,setl_96c2a12012,2026-04-10 15:21:00,4500.0,90.0,16.2,4393.8,CB_REQ_01,DISPUTED
pay_2bc67b48c72e4b,MID_RAZOR_991,ORD-2026-5702,CREDIT_CARD,Mastercard,setl_b61518e981,2026-04-10 15:22:00,4500.0,90.0,16.2,4393.8,CB_REQ_01,DISPUTED
pay_9a9e250e8dad42,MID_RAZOR_991,ORD-2026-5703,CREDIT_CARD,Mastercard,setl_f70bfa5784,2026-04-10 15:23:00,4500.0,90.0,16.2,4393.8,CB_REQ_01,DISPUTED
pay_0ecca17cda4648,MID_RAZOR_991,ORD-2026-5704,CREDIT_CARD,Mastercard,setl_569db53a8d,2026-04-10 15:24:00,4500.0,90.0,16.2,4393.8,CB_REQ_01,DISPUTED
pay_a62e7e523a8d4b,MID_RAZOR_991,ORD-2026-5705,CREDIT_CARD,Mastercard,setl_14c6848e5c,2026-04-10 15:25:00,4500.0,90.0,16.2,4393.8,CB_REQ_01,DISPUTED
pay_309c7d58b52f44,MID_RAZOR_991,ORD-2026-5706,CREDIT_CARD,Mastercard,setl_2987b949d2,2026-04-10 15:26:00,4500.0,90.0,16.2,4393.8,CB_REQ_01,DISPUTED
pay_1d6c9fc8950649,MID_RAZOR_991,ORD-2026-5707,CREDIT_CARD,Mastercard,setl_b36cd0588f,2026-04-10 15:27:00,4500.0,90.0,16.2,4393.8,CB_REQ_01,DISPUTED
pay_a3148766c43e40,MID_RAZOR_991,ORD-2026-5708,CREDIT_CARD,Mastercard,setl_c8180ef4c5,2026-04-10 15:28:00,4500.0,90.0,16.2,4393.8,CB_REQ_01,DISPUTED
pay_3817ace24eb942,MID_RAZOR_991,ORD-2026-5709,CREDIT_CARD,Mastercard,setl_d4b4bca5a6,2026-04-10 15:29:00,4500.0,90.0,16.2,4393.8,CB_REQ_01,DISPUTED
pay_aa47b11de36f48,MID_RAZOR_991,ORD-2026-5710,CREDIT_CARD,Mastercard,setl_4a43252621,2026-04-10 15:30:00,4500.0,90.0,16.2,4393.8,CB_REQ_01,DISPUTED
pay_50b0eb36030c43,MID_RAZOR_991,ORD-2026-5711,CREDIT_CARD,Mastercard,setl_adbfb7111d,2026-04-10 15:31:00,4500.0,90.0,16.2,4393.8,CB_REQ_01,DISPUTED
pay_bbe35e7f3ab845,MID_RAZOR_991,ORD-2026-5712,CREDIT_CARD,Mastercard,setl_233fd3ce3e,2026-04-10 15:32:00,4500.0,90.0,16.2,4393.8,CB_REQ_01,DISPUTED
pay_96f7dc9320c24d,MID_RAZOR_991,ORD-2026-5713,CREDIT_CARD,Mastercard,setl_84368baea6,2026-04-10 15:33:00,4500.0,90.0,16.2,4393.8,CB_REQ_01,DISPUTED
pay_1c702222de4e48,MID_RAZOR_991,ORD-2026-5714,CREDIT_CARD,Mastercard,setl_a21806d4bc,2026-04-10 15:34:00,4500.0,90.0,16.2,4393.8,CB_REQ_01,DISPUTED
pay_a9b1c6ff276f4c,MID_RAZOR_991,ORD-2026-5715,CREDIT_CARD,Mastercard,setl_e2a460a51d,2026-04-10 15:35:00,4500.0,90.0,16.2,4393.8,CB_REQ_01,DISPUTED
pay_b0c4aa76caf348,MID_RAZOR_991,ORD-2026-5716,CREDIT_CARD,Mastercard,setl_d6814437f1,2026-04-10 15:36:00,4500.0,90.0,16.2,4393.8,CB_REQ_01,DISPUTED
pay_79ffff5e72cc45,MID_RAZOR_991,ORD-2026-5717,CREDIT_CARD,Mastercard,setl_e697cf605c,2026-04-10 15:37:00,4500.0,90.0,16.2,4393.8,CB_REQ_01,DISPUTED
pay_3114f957f6db47,MID_RAZOR_991,ORD-2026-5718,CREDIT_CARD,Mastercard,setl_5dbffaa9dd,2026-04-10 15:38:00,4500.0,90.0,16.2,4393.8,CB_REQ_01,DISPUTED
pay_4762c876685245,MID_RAZOR_991,ORD-2026-5719,CREDIT_CARD,Mastercard,setl_884bb00d43,2026-04-10 15:39:00,4500.0,90.0,16.2,4393.8,CB_REQ_01,DISPUTED
pay_c308238aa94742,MID_RAZOR_991,ORD-2026-5720,CREDIT_CARD,Mastercard,setl_bb2c4e8d59,2026-04-10 15:40:00,4500.0,90.0,16.2,4393.8,CB_REQ_01,DISPUTED
pay_c74df549edae45,MID_RAZOR_991,ORD-2026-5721,CREDIT_CARD,Mastercard,setl_30fb74a029,2026-04-10 15:41:00,4500.0,90.0,16.2,4393.8,CB_REQ_01,DISPUTED
pay_693cf972f33742,MID_RAZOR_991,ORD-2026-5722,CREDIT_CARD,Mastercard,setl_f2ed07900f,2026-04-10 15:42:00,4500.0,90.0,16.2,4393.8,CB_REQ_01,DISPUTED
pay_ebcbca7d5a0442,MID_RAZOR_991,ORD-2026-5723,CREDIT_CARD,Mastercard,setl_61db16815e,2026-04-10 15:43:00,4500.0,90.0,16.2,4393.8,CB_REQ_01,DISPUTED
pay_2af628c6f05f4f,MID_RAZOR_991,ORD-2026-5724,CREDIT_CARD,Mastercard,setl_ce37e38273,2026-04-10 15:44:00,4500.0,90.0,16.2,4393.8,CB_REQ_01,DISPUTED
pay_b22abd8f4f784b,MID_RAZOR_991,ORD-2026-5725,CREDIT_CARD,Mastercard,setl_908cf8de27,2026-04-10 15:45:00,4500.0,90.0,16.2,4393.8,CB_REQ_01,DISPUTED
pay_57456888e31c43,MID_RAZOR_991,ORD-2026-5726,CREDIT_CARD,Mastercard,setl_a6d0695d81,2026-04-10 15:46:00,4500.0,90.0,16.2,4393.8,CB_REQ_01,DISPUTED
pay_68622c18071949,MID_RAZOR_991,ORD-2026-5727,CREDIT_CARD,Mastercard,setl_fd8d9321f8,2026-04-10 15:47:00,4500.0,90.0,16.2,4393.8,CB_REQ_01,DISPUTED
pay_2c61c584fa304f,MID_RAZOR_991,ORD-2026-5728,CREDIT_CARD,Mastercard,setl_515c9a2b45,2026-04-10 15:48:00,4500.0,90.0,16.2,4393.8,CB_REQ_01,DISPUTED
pay_2633db019b074e,MID_RAZOR_991,ORD-2026-5729,CREDIT_CARD,Mastercard,setl_f9fd835e2d,2026-04-10 15:49:00,4500.0,90.0,16.2,4393.8,CB_REQ_01,DISPUTED
pay_03290a1a299440,MID_RAZOR_991,ORD-2026-5730,CREDIT_CARD,Mastercard,setl_ee7d8084e7,2026-04-10 15:50:00,4500.0,90.0,16.2,4393.8,CB_REQ_01,DISPUTED
pay_6eff0327895b46,MID_RAZOR_991,ORD-2026-5731,CREDIT_CARD,Mastercard,setl_a1a6827c35,2026-04-10 15:51:00,4500.0,90.0,16.2,4393.8,CB_REQ_01,DISPUTED
pay_d21e8ee2c23342,MID_RAZOR_991,ORD-2026-5732,CREDIT_CARD,Mastercard,setl_c2e12bad17,2026-04-10 15:52:00,4500.0,90.0,16.2,4393.8,CB_REQ_01,DISPUTED
pay_ecc2333941f84c,MID_RAZOR_991,ORD-2026-5733,CREDIT_CARD,Mastercard,setl_e983bc7b1d,2026-04-10 15:53:00,4500.0,90.0,16.2,4393.8,CB_REQ_01,DISPUTED
pay_826921f3031c4f,MID_RAZOR_991,ORD-2026-5734,CREDIT_CARD,Mastercard,setl_4eaffa3111,2026-04-10 15:54:00,4500.0,90.0,16.2,4393.8,CB_REQ_01,DISPUTED
pay_5b5ab7f66c7947,MID_RAZOR_991,ORD-2026-5735,CREDIT_CARD,Mastercard,setl_fb27a5a571,2026-04-10 15:55:00,4500.0,90.0,16.2,4393.8,CB_REQ_01,DISPUTED
pay_182327d46f0e46,MID_RAZOR_991,ORD-2026-5736,CREDIT_CARD,Mastercard,setl_6532c0864a,2026-04-10 15:56:00,4500.0,90.0,16.2,4393.8,CB_REQ_01,DISPUTED
pay_d2c9a2058bb74f,MID_RAZOR_991,ORD-2026-5737,CREDIT_CARD,Mastercard,setl_80aae25c4f,2026-04-10 15:57:00,4500.0,90.0,16.2,4393.8,CB_REQ_01,DISPUTED
pay_a400fa1d3d7c4e,MID_RAZOR_991,ORD-2026-5738,CREDIT_CARD,Mastercard,setl_58486760fc,2026-04-10 15:58:00,4500.0,90.0,16.2,4393.8,CB_REQ_01,DISPUTED
pay_eec25e6be7574b,MID_RAZOR_991,ORD-2026-5739,CREDIT_CARD,Mastercard,setl_f149c9eef1,2026-04-10 15:59:00,4500.0,90.0,16.2,4393.8,CB_REQ_01,DISPUTED
pay_f6cf9dd90cf644,MID_RAZOR_991,ORD-2026-5740,CREDIT_CARD,Mastercard,setl_7fd57c9df3,2026-04-10 16:00:00,4500.0,90.0,16.2,4393.8,CB_REQ_01,DISPUTED
pay_f8c19ccd325e4b,MID_RAZOR_991,ORD-2026-5741,CREDIT_CARD,Mastercard,setl_545e00de15,2026-04-10 16:01:00,4500.0,90.0,16.2,4393.8,CB_REQ_01,DISPUTED
pay_efc666bc97434d,MID_RAZOR_991,ORD-2026-5742,CREDIT_CARD,Mastercard,setl_0dd88a6a61,2026-04-10 16:02:00,4500.0,90.0,16.2,4393.8,CB_REQ_01,DISPUTED
pay_be453df0d46d41,MID_RAZOR_991,ORD-2026-5743,CREDIT_CARD,Mastercard,setl_19da1e72b9,2026-04-10 16:03:00,4500.0,90.0,16.2,4393.8,CB_REQ_01,DISPUTED
pay_f2c8c6e41c5b44,MID_RAZOR_991,ORD-2026-5744,CREDIT_CARD,Mastercard,setl_344c697e7c,2026-04-10 16:04:00,4500.0,90.0,16.2,4393.8,CB_REQ_01,DISPUTED
pay_2d7aff8b842b48,MID_RAZOR_991,ORD-2026-5745,CREDIT_CARD,Mastercard,setl_9083bb7499,2026-04-10 16:05:00,4500.0,90.0,16.2,4393.8,CB_REQ_01,DISPUTED
pay_adae87ce7c4841,MID_RAZOR_991,ORD-2026-5746,CREDIT_CARD,Mastercard,setl_ae1d11255e,2026-04-10 16:06:00,4500.0,90.0,16.2,4393.8,CB_REQ_01,DISPUTED
pay_34d4268e7c2d4b,MID_RAZOR_991,ORD-2026-5747,CREDIT_CARD,Mastercard,setl_c76180f3b3,2026-04-10 16:07:00,4500.0,90.0,16.2,4393.8,CB_REQ_01,DISPUTED
pay_bb84af781c3c43,MID_RAZOR_991,ORD-2026-5748,CREDIT_CARD,Mastercard,setl_b6389b39e6,2026-04-10 16:08:00,4500.0,90.0,16.2,4393.8,CB_REQ_01,DISPUTED
pay_f6b82c6ce88740,MID_RAZOR_991,ORD-2026-5749,CREDIT_CARD,Mastercard,setl_9957215eee,2026-04-10 16:09:00,4500.0,90.0,16.2,4393.8,CB_REQ_01,DISPUTED
pay_c4adcc061ffb4c,MID_RAZOR_991,ORD-2026-5750,CREDIT_CARD,Mastercard,setl_877ddeab46,2026-04-10 16:10:00,4500.0,90.0,16.2,4393.8,CB_REQ_01,DISPUTED
